OpenROAD 41a51eaf4ca2171c92ff38afb91eb37bbd3f36da 
This program is licensed under the BSD-3 license. See the LICENSE file for details.
Components of this program may be licensed under more restrictive licenses which must be honored.
[INFO]: Reading ODB at '/openlane/designs/Tensor/runs/PrePre-final_run/tmp/cts/83-chip_top.resized.odb'…
define_corners Slowest Typical Fastest
read_liberty -corner Slowest /home/n0b0dy/.ciel/sky130A/libs.ref/sky130_fd_sc_hd/lib/sky130_fd_sc_hd__ss_100C_1v60.lib
read_liberty -corner Slowest /home/n0b0dy/.ciel/sky130A/libs.ref/sky130_sram_macros/lib/sky130_sram_1kbyte_1rw1r_8x1024_8_TT_1p8V_25C.lib
read_liberty -corner Typical /home/n0b0dy/.ciel/sky130A/libs.ref/sky130_fd_sc_hd/lib/sky130_fd_sc_hd__tt_025C_1v80.lib
read_liberty -corner Typical /home/n0b0dy/.ciel/sky130A/libs.ref/sky130_sram_macros/lib/sky130_sram_1kbyte_1rw1r_8x1024_8_TT_1p8V_25C.lib
[WARNING STA-0053] /home/n0b0dy/.ciel/sky130A/libs.ref/sky130_sram_macros/lib/sky130_sram_1kbyte_1rw1r_8x1024_8_TT_1p8V_25C.lib line 1, library sky130_sram_1kbyte_1rw1r_8x1024_8_TT_1p8V_25C_lib already exists.
read_liberty -corner Fastest /home/n0b0dy/.ciel/sky130A/libs.ref/sky130_fd_sc_hd/lib/sky130_fd_sc_hd__ff_n40C_1v95.lib
read_liberty -corner Fastest /home/n0b0dy/.ciel/sky130A/libs.ref/sky130_sram_macros/lib/sky130_sram_1kbyte_1rw1r_8x1024_8_TT_1p8V_25C.lib
[WARNING STA-0053] /home/n0b0dy/.ciel/sky130A/libs.ref/sky130_sram_macros/lib/sky130_sram_1kbyte_1rw1r_8x1024_8_TT_1p8V_25C.lib line 1, library sky130_sram_1kbyte_1rw1r_8x1024_8_TT_1p8V_25C_lib already exists.
Using 1e-12 for capacitance...
Using 1e+03 for resistance...
Using 1e-09 for time...
Using 1e+00 for voltage...
Using 1e-03 for current...
Using 1e-09 for power...
Using 1e-06 for distance...
Reading design constraints file at '/openlane/designs/Tensor/runs/PrePre-final_run/tmp/cts/83-chip_top.resized.sdc'…
[INFO]: Setting signal min routing layer to: met1 and clock min routing layer to met3. 
[INFO]: Setting signal max routing layer to: met5 and clock max routing layer to met5. 
-congestion_iterations 50 -verbose -congestion_report_file /openlane/designs/Tensor/runs/PrePre-final_run/tmp/routing/resizer-routing-design-congestion.rpt
[INFO GRT-0020] Min routing layer: met1
[INFO GRT-0021] Max routing layer: met5
[INFO GRT-0022] Global adjustment: 30%
[INFO GRT-0023] Grid origin: (0, 0)
[INFO GRT-0043] No OR_DEFAULT vias defined.
[INFO GRT-0088] Layer li1     Track-Pitch = 0.4600  line-2-Via Pitch: 0.3400
[INFO GRT-0088] Layer met1    Track-Pitch = 0.3400  line-2-Via Pitch: 0.3400
[INFO GRT-0088] Layer met2    Track-Pitch = 0.4600  line-2-Via Pitch: 0.3500
[INFO GRT-0088] Layer met3    Track-Pitch = 0.6800  line-2-Via Pitch: 0.6150
[INFO GRT-0088] Layer met4    Track-Pitch = 0.9200  line-2-Via Pitch: 1.0400
[INFO GRT-0088] Layer met5    Track-Pitch = 3.4000  line-2-Via Pitch: 3.1100
[INFO GRT-0019] Found 298 clock nets.
[INFO GRT-0001] Minimum degree: 2
[INFO GRT-0002] Maximum degree: 20
[INFO GRT-0003] Macros: 3
[INFO GRT-0004] Blockages: 34782

[INFO GRT-0053] Routing resources analysis:
          Routing      Original      Derated      Resource
Layer     Direction    Resources     Resources    Reduction (%)
---------------------------------------------------------------
li1        Vertical            0             0          0.00%
met1       Horizontal     522000        144752          72.27%
met2       Vertical       391500        140303          64.16%
met3       Horizontal     261000         98091          62.42%
met4       Vertical       156600         50649          67.66%
met5       Horizontal      52200         22190          57.49%
---------------------------------------------------------------

[INFO GRT-0101] Running extra iterations to remove overflow.
[INFO GRT-0197] Via related to pin nodes: 122375
[INFO GRT-0198] Via related Steiner nodes: 3790
[INFO GRT-0199] Via filling finished.
[INFO GRT-0111] Final number of vias: 139961
[INFO GRT-0112] Final usage 3D: 597254

[INFO GRT-0096] Final congestion report:
Layer         Resource        Demand        Usage (%)    Max H / Max V / Total Overflow
---------------------------------------------------------------------------------------
li1                  0             0            0.00%             0 /  0 /  0
met1            144752         69531           48.03%             0 /  0 /  0
met2            140303         65849           46.93%             0 /  0 /  0
met3             98091         26267           26.78%             0 /  0 /  0
met4             50649         14498           28.62%             0 /  0 /  0
met5             22190          1226            5.53%             0 /  0 /  0
---------------------------------------------------------------------------------------
Total           455985        177371           38.90%             0 /  0 /  0

[INFO GRT-0018] Total wirelength: 1701215 um
[INFO GRT-0014] Routed nets: 29977
[INFO]: Setting RC values...
[INFO RSZ-0058] Using max wire length 4508um.
[INFO GRT-0009] rerouting 3 nets.
[INFO GRT-0009] rerouting 7 nets.
[INFO GRT-0001] Minimum degree: 3
[INFO GRT-0002] Maximum degree: 3
[INFO GRT-0009] rerouting 3 nets.
[INFO GRT-0009] rerouting 7 nets.
[INFO GRT-0001] Minimum degree: 2
[INFO GRT-0002] Maximum degree: 2
[INFO GRT-0009] rerouting 3 nets.
[INFO GRT-0009] rerouting 4 nets.
[INFO GRT-0009] rerouting 5 nets.
[INFO GRT-0009] rerouting 8 nets.
[INFO GRT-0009] rerouting 9 nets.
[INFO GRT-0009] rerouting 12 nets.
[INFO GRT-0001] Minimum degree: 2
[INFO GRT-0002] Maximum degree: 5
[INFO GRT-0009] rerouting 1 nets.
[INFO GRT-0009] rerouting 2 nets.
[INFO GRT-0009] rerouting 8 nets.
[INFO GRT-0001] Minimum degree: 3
[INFO GRT-0002] Maximum degree: 5
[INFO GRT-0009] rerouting 1 nets.
[INFO GRT-0009] rerouting 4 nets.
[INFO GRT-0009] rerouting 5 nets.
[INFO GRT-0009] rerouting 7 nets.
[INFO GRT-0001] Minimum degree: 2
[INFO GRT-0002] Maximum degree: 2
[INFO GRT-0009] rerouting 1 nets.
[INFO GRT-0009] rerouting 5 nets.
[INFO GRT-0009] rerouting 6 nets.
[INFO GRT-0009] rerouting 10 nets.
[INFO GRT-0009] rerouting 11 nets.
[INFO GRT-0009] rerouting 13 nets.
[INFO GRT-0009] rerouting 16 nets.
[INFO GRT-0009] rerouting 17 nets.
[INFO GRT-0009] rerouting 20 nets.
[INFO GRT-0009] rerouting 21 nets.
[INFO GRT-0009] rerouting 25 nets.
[INFO GRT-0009] rerouting 26 nets.
[INFO GRT-0009] rerouting 29 nets.
[INFO GRT-0001] Minimum degree: 4
[INFO GRT-0002] Maximum degree: 4
[INFO GRT-0009] rerouting 1 nets.
[INFO GRT-0009] rerouting 6 nets.
[INFO GRT-0009] rerouting 7 nets.
[INFO GRT-0009] rerouting 8 nets.
[INFO GRT-0009] rerouting 9 nets.
[INFO GRT-0009] rerouting 10 nets.
[INFO GRT-0009] rerouting 13 nets.
[INFO GRT-0001] Minimum degree: 4
[INFO GRT-0002] Maximum degree: 4
[INFO GRT-0009] rerouting 2 nets.
[INFO GRT-0009] rerouting 3 nets.
[INFO GRT-0009] rerouting 6 nets.
[INFO GRT-0001] Minimum degree: 4
[INFO GRT-0002] Maximum degree: 4
[INFO GRT-0009] rerouting 1 nets.
[INFO GRT-0009] rerouting 4 nets.
[INFO GRT-0009] rerouting 10 nets.
[INFO GRT-0001] Minimum degree: 2
[INFO GRT-0002] Maximum degree: 4
[INFO GRT-0009] rerouting 1 nets.
[INFO GRT-0009] rerouting 4 nets.
[INFO GRT-0009] rerouting 5 nets.
[INFO GRT-0009] rerouting 9 nets.
[INFO GRT-0009] rerouting 10 nets.
[INFO GRT-0009] rerouting 14 nets.
[INFO GRT-0001] Minimum degree: 2
[INFO GRT-0002] Maximum degree: 4
[INFO GRT-0009] rerouting 3 nets.
[INFO GRT-0009] rerouting 4 nets.
[INFO GRT-0009] rerouting 5 nets.
[INFO GRT-0009] rerouting 6 nets.
[INFO GRT-0009] rerouting 9 nets.
[INFO GRT-0009] rerouting 12 nets.
[INFO GRT-0009] rerouting 13 nets.
[INFO GRT-0009] rerouting 14 nets.
[INFO GRT-0009] rerouting 17 nets.
[INFO GRT-0009] rerouting 18 nets.
[INFO GRT-0009] rerouting 22 nets.
[INFO GRT-0001] Minimum degree: 3
[INFO GRT-0002] Maximum degree: 4
[INFO GRT-0009] rerouting 1 nets.
[INFO GRT-0009] rerouting 4 nets.
[INFO GRT-0001] Minimum degree: 2
[INFO GRT-0002] Maximum degree: 2
[INFO GRT-0009] rerouting 1 nets.
[INFO GRT-0009] rerouting 2 nets.
[INFO GRT-0009] rerouting 3 nets.
[INFO GRT-0009] rerouting 4 nets.
[INFO GRT-0009] rerouting 8 nets.
[INFO GRT-0001] Minimum degree: 2
[INFO GRT-0002] Maximum degree: 2
[INFO GRT-0009] rerouting 1 nets.
[INFO GRT-0009] rerouting 2 nets.
[INFO GRT-0009] rerouting 5 nets.
[INFO GRT-0009] rerouting 8 nets.
[INFO GRT-0001] Minimum degree: 2
[INFO GRT-0002] Maximum degree: 5
[INFO GRT-0009] rerouting 3 nets.
[INFO GRT-0009] rerouting 8 nets.
[INFO GRT-0009] rerouting 9 nets.
[INFO GRT-0009] rerouting 11 nets.
[INFO GRT-0009] rerouting 12 nets.
[INFO GRT-0009] rerouting 13 nets.
[INFO GRT-0009] rerouting 16 nets.
[INFO GRT-0009] rerouting 17 nets.
[INFO GRT-0009] rerouting 18 nets.
[INFO GRT-0009] rerouting 19 nets.
[INFO GRT-0009] rerouting 23 nets.
[INFO GRT-0009] rerouting 24 nets.
[INFO GRT-0009] rerouting 29 nets.
[INFO GRT-0001] Minimum degree: 4
[INFO GRT-0002] Maximum degree: 4
[INFO GRT-0009] rerouting 3 nets.
[INFO GRT-0001] Minimum degree: 2
[INFO GRT-0002] Maximum degree: 2
[INFO GRT-0009] rerouting 1 nets.
[INFO GRT-0009] rerouting 4 nets.
[INFO GRT-0001] Minimum degree: 2
[INFO GRT-0002] Maximum degree: 2
[INFO GRT-0009] rerouting 1 nets.
[INFO GRT-0009] rerouting 4 nets.
[INFO GRT-0001] Minimum degree: 2
[INFO GRT-0002] Maximum degree: 2
[INFO GRT-0009] rerouting 3 nets.
[INFO GRT-0001] Minimum degree: 5
[INFO GRT-0002] Maximum degree: 5
[INFO GRT-0009] rerouting 5 nets.
[INFO GRT-0009] rerouting 9 nets.
[INFO GRT-0001] Minimum degree: 2
[INFO GRT-0002] Maximum degree: 2
[INFO GRT-0009] rerouting 1 nets.
[INFO GRT-0009] rerouting 4 nets.
[INFO GRT-0009] rerouting 6 nets.
[INFO GRT-0001] Minimum degree: 2
[INFO GRT-0002] Maximum degree: 2
[INFO GRT-0009] rerouting 1 nets.
[INFO GRT-0009] rerouting 2 nets.
[INFO GRT-0009] rerouting 4 nets.
[INFO GRT-0009] rerouting 5 nets.
[INFO GRT-0009] rerouting 7 nets.
[INFO GRT-0009] rerouting 8 nets.
[INFO GRT-0009] rerouting 8 nets.
[INFO GRT-0009] rerouting 11 nets.
[INFO GRT-0001] Minimum degree: 5
[INFO GRT-0002] Maximum degree: 5
[INFO GRT-0009] rerouting 5 nets.
[INFO GRT-0001] Minimum degree: 2
[INFO GRT-0002] Maximum degree: 5
[INFO GRT-0009] rerouting 1 nets.
[INFO GRT-0009] rerouting 2 nets.
[INFO GRT-0009] rerouting 3 nets.
[INFO GRT-0009] rerouting 4 nets.
[INFO GRT-0009] rerouting 5 nets.
[INFO GRT-0009] rerouting 6 nets.
[INFO GRT-0009] rerouting 7 nets.
[INFO GRT-0009] rerouting 10 nets.
[INFO GRT-0001] Minimum degree: 2
[INFO GRT-0002] Maximum degree: 6
[INFO GRT-0009] rerouting 1 nets.
[INFO GRT-0009] rerouting 3 nets.
[INFO GRT-0009] rerouting 4 nets.
[INFO GRT-0009] rerouting 5 nets.
[INFO GRT-0009] rerouting 6 nets.
[INFO GRT-0009] rerouting 11 nets.
[INFO GRT-0001] Minimum degree: 3
[INFO GRT-0002] Maximum degree: 3
[INFO GRT-0009] rerouting 3 nets.
[INFO GRT-0009] rerouting 5 nets.
[INFO GRT-0009] rerouting 8 nets.
[INFO GRT-0001] Minimum degree: 3
[INFO GRT-0002] Maximum degree: 4
[INFO GRT-0009] rerouting 1 nets.
[INFO GRT-0009] rerouting 4 nets.
[INFO GRT-0001] Minimum degree: 3
[INFO GRT-0002] Maximum degree: 3
[INFO GRT-0009] rerouting 3 nets.
[INFO GRT-0009] rerouting 4 nets.
[INFO GRT-0009] rerouting 7 nets.
[INFO GRT-0009] rerouting 12 nets.
[INFO GRT-0001] Minimum degree: 6
[INFO GRT-0002] Maximum degree: 6
[INFO GRT-0009] rerouting 3 nets.
[INFO GRT-0009] rerouting 4 nets.
[INFO GRT-0009] rerouting 8 nets.
[INFO GRT-0001] Minimum degree: 4
[INFO GRT-0002] Maximum degree: 7
[INFO GRT-0009] rerouting 1 nets.
[INFO GRT-0009] rerouting 2 nets.
[INFO GRT-0009] rerouting 3 nets.
[INFO GRT-0009] rerouting 4 nets.
[INFO GRT-0009] rerouting 5 nets.
[INFO GRT-0009] rerouting 6 nets.
[INFO GRT-0009] rerouting 7 nets.
[INFO GRT-0009] rerouting 8 nets.
[INFO GRT-0009] rerouting 10 nets.
[INFO GRT-0001] Minimum degree: 7
[INFO GRT-0002] Maximum degree: 7
[INFO GRT-0009] rerouting 3 nets.
[INFO GRT-0009] rerouting 4 nets.
[INFO GRT-0009] rerouting 5 nets.
[INFO GRT-0009] rerouting 6 nets.
[INFO GRT-0009] rerouting 7 nets.
[INFO GRT-0009] rerouting 8 nets.
[INFO GRT-0009] rerouting 9 nets.
[INFO GRT-0009] rerouting 10 nets.
[INFO GRT-0009] rerouting 11 nets.
[INFO GRT-0009] rerouting 16 nets.
[INFO GRT-0001] Minimum degree: 2
[INFO GRT-0002] Maximum degree: 2
[INFO GRT-0009] rerouting 1 nets.
[INFO GRT-0009] rerouting 3 nets.
[INFO GRT-0001] Minimum degree: 2147483647
[INFO GRT-0002] Maximum degree: 1
[INFO GRT-0009] rerouting 5 nets.
[INFO GRT-0009] rerouting 6 nets.
[INFO GRT-0009] rerouting 9 nets.
[INFO GRT-0009] rerouting 14 nets.
[INFO GRT-0001] Minimum degree: 2
[INFO GRT-0002] Maximum degree: 2
[INFO GRT-0009] rerouting 3 nets.
[INFO GRT-0009] rerouting 4 nets.
[INFO GRT-0009] rerouting 8 nets.
[INFO GRT-0009] rerouting 10 nets.
[INFO GRT-0001] Minimum degree: 3
[INFO GRT-0002] Maximum degree: 3
[INFO GRT-0009] rerouting 3 nets.
[INFO GRT-0001] Minimum degree: 2
[INFO GRT-0002] Maximum degree: 2
[INFO GRT-0009] rerouting 1 nets.
[INFO GRT-0009] rerouting 2 nets.
[INFO GRT-0009] rerouting 5 nets.
[INFO GRT-0001] Minimum degree: 4
[INFO GRT-0002] Maximum degree: 4
[INFO GRT-0009] rerouting 4 nets.
[INFO GRT-0009] rerouting 8 nets.
[INFO GRT-0001] Minimum degree: 2
[INFO GRT-0002] Maximum degree: 3
[INFO GRT-0009] rerouting 2 nets.
[INFO GRT-0009] rerouting 7 nets.
[INFO GRT-0009] rerouting 8 nets.
[INFO GRT-0009] rerouting 9 nets.
[INFO GRT-0009] rerouting 10 nets.
[INFO GRT-0009] rerouting 13 nets.
[INFO GRT-0009] rerouting 15 nets.
[INFO GRT-0001] Minimum degree: 6
[INFO GRT-0002] Maximum degree: 6
[INFO GRT-0009] rerouting 1 nets.
[INFO GRT-0009] rerouting 2 nets.
[INFO GRT-0009] rerouting 5 nets.
[INFO GRT-0001] Minimum degree: 4
[INFO GRT-0002] Maximum degree: 4
[INFO GRT-0009] rerouting 1 nets.
[INFO GRT-0009] rerouting 2 nets.
[INFO GRT-0009] rerouting 5 nets.
[INFO GRT-0001] Minimum degree: 3
[INFO GRT-0002] Maximum degree: 3
[INFO GRT-0009] rerouting 1 nets.
[INFO GRT-0009] rerouting 3 nets.
[INFO GRT-0009] rerouting 4 nets.
[INFO GRT-0009] rerouting 5 nets.
[INFO GRT-0009] rerouting 6 nets.
[INFO GRT-0009] rerouting 9 nets.
[INFO GRT-0001] Minimum degree: 3
[INFO GRT-0002] Maximum degree: 3
[INFO GRT-0009] rerouting 1 nets.
[INFO GRT-0009] rerouting 2 nets.
[INFO GRT-0009] rerouting 6 nets.
[INFO GRT-0001] Minimum degree: 2
[INFO GRT-0002] Maximum degree: 5
[INFO GRT-0009] rerouting 1 nets.
[INFO GRT-0009] rerouting 2 nets.
[INFO GRT-0009] rerouting 3 nets.
[INFO GRT-0009] rerouting 4 nets.
[INFO GRT-0009] rerouting 7 nets.
[INFO GRT-0001] Minimum degree: 3
[INFO GRT-0002] Maximum degree: 3
[INFO GRT-0009] rerouting 4 nets.
[INFO GRT-0009] rerouting 9 nets.
[INFO GRT-0001] Minimum degree: 3
[INFO GRT-0002] Maximum degree: 3
[INFO GRT-0009] rerouting 1 nets.
[INFO GRT-0009] rerouting 4 nets.
[INFO GRT-0001] Minimum degree: 2
[INFO GRT-0002] Maximum degree: 3
[INFO GRT-0009] rerouting 1 nets.
[INFO GRT-0009] rerouting 3 nets.
[INFO GRT-0009] rerouting 4 nets.
[INFO GRT-0009] rerouting 4 nets.
[INFO GRT-0009] rerouting 5 nets.
[INFO GRT-0009] rerouting 6 nets.
[INFO GRT-0009] rerouting 7 nets.
[INFO GRT-0009] rerouting 10 nets.
[INFO GRT-0009] rerouting 11 nets.
[INFO GRT-0009] rerouting 16 nets.
[INFO GRT-0001] Minimum degree: 2
[INFO GRT-0002] Maximum degree: 4
[INFO GRT-0009] rerouting 3 nets.
[INFO GRT-0001] Minimum degree: 4
[INFO GRT-0002] Maximum degree: 4
[INFO GRT-0009] rerouting 1 nets.
[INFO GRT-0009] rerouting 3 nets.
[INFO GRT-0009] rerouting 5 nets.
[INFO GRT-0009] rerouting 6 nets.
[INFO GRT-0009] rerouting 7 nets.
[INFO GRT-0009] rerouting 8 nets.
[INFO GRT-0009] rerouting 9 nets.
[INFO GRT-0009] rerouting 12 nets.
[INFO GRT-0009] rerouting 15 nets.
[INFO GRT-0001] Minimum degree: 5
[INFO GRT-0002] Maximum degree: 5
[INFO GRT-0009] rerouting 1 nets.
[INFO GRT-0009] rerouting 2 nets.
[INFO GRT-0009] rerouting 3 nets.
[INFO GRT-0009] rerouting 7 nets.
[INFO GRT-0001] Minimum degree: 3
[INFO GRT-0002] Maximum degree: 5
[INFO GRT-0009] rerouting 1 nets.
[INFO GRT-0009] rerouting 3 nets.
[INFO GRT-0001] Minimum degree: 2
[INFO GRT-0002] Maximum degree: 4
[INFO GRT-0009] rerouting 1 nets.
[INFO GRT-0009] rerouting 2 nets.
[INFO GRT-0009] rerouting 5 nets.
[INFO GRT-0001] Minimum degree: 2
[INFO GRT-0002] Maximum degree: 3
[INFO GRT-0009] rerouting 1 nets.
[INFO GRT-0009] rerouting 2 nets.
[INFO GRT-0009] rerouting 3 nets.
[INFO GRT-0009] rerouting 4 nets.
[INFO GRT-0009] rerouting 6 nets.
[INFO GRT-0009] rerouting 9 nets.
[INFO GRT-0001] Minimum degree: 2
[INFO GRT-0002] Maximum degree: 3
[INFO GRT-0009] rerouting 1 nets.
[INFO GRT-0009] rerouting 2 nets.
[INFO GRT-0009] rerouting 6 nets.
[INFO GRT-0009] rerouting 7 nets.
[INFO GRT-0009] rerouting 8 nets.
[INFO GRT-0001] Minimum degree: 6
[INFO GRT-0002] Maximum degree: 6
[INFO GRT-0009] rerouting 1 nets.
[INFO GRT-0009] rerouting 2 nets.
[INFO GRT-0009] rerouting 4 nets.
[INFO GRT-0001] Minimum degree: 2
[INFO GRT-0002] Maximum degree: 3
[INFO GRT-0009] rerouting 3 nets.
[INFO GRT-0001] Minimum degree: 2
[INFO GRT-0002] Maximum degree: 2
[INFO GRT-0009] rerouting 3 nets.
[INFO GRT-0009] rerouting 8 nets.
[INFO GRT-0001] Minimum degree: 5
[INFO GRT-0002] Maximum degree: 5
[INFO GRT-0009] rerouting 1 nets.
[INFO GRT-0009] rerouting 2 nets.
[INFO GRT-0009] rerouting 5 nets.
[INFO GRT-0009] rerouting 8 nets.
[INFO GRT-0001] Minimum degree: 3
[INFO GRT-0002] Maximum degree: 3
[INFO GRT-0009] rerouting 1 nets.
[INFO GRT-0009] rerouting 2 nets.
[INFO GRT-0009] rerouting 4 nets.
[INFO GRT-0009] rerouting 6 nets.
[INFO GRT-0009] rerouting 8 nets.
[INFO GRT-0009] rerouting 9 nets.
[INFO GRT-0009] rerouting 14 nets.
[INFO GRT-0009] rerouting 15 nets.
[INFO GRT-0009] rerouting 16 nets.
[INFO GRT-0009] rerouting 18 nets.
[INFO GRT-0009] rerouting 19 nets.
[INFO GRT-0009] rerouting 20 nets.
[INFO GRT-0009] rerouting 21 nets.
[INFO GRT-0009] rerouting 22 nets.
[INFO GRT-0009] rerouting 24 nets.
[INFO GRT-0009] rerouting 25 nets.
[INFO GRT-0009] rerouting 28 nets.
[INFO GRT-0001] Minimum degree: 5
[INFO GRT-0002] Maximum degree: 5
[INFO GRT-0009] rerouting 1 nets.
[INFO GRT-0009] rerouting 5 nets.
[INFO GRT-0001] Minimum degree: 3
[INFO GRT-0002] Maximum degree: 3
[INFO GRT-0009] rerouting 1 nets.
[INFO GRT-0009] rerouting 3 nets.
[INFO GRT-0009] rerouting 4 nets.
[INFO GRT-0009] rerouting 7 nets.
[INFO GRT-0001] Minimum degree: 4
[INFO GRT-0002] Maximum degree: 4
[INFO GRT-0009] rerouting 1 nets.
[INFO GRT-0009] rerouting 5 nets.
[INFO GRT-0001] Minimum degree: 4
[INFO GRT-0002] Maximum degree: 4
[INFO GRT-0009] rerouting 1 nets.
[INFO GRT-0009] rerouting 3 nets.
[INFO GRT-0009] rerouting 4 nets.
[INFO GRT-0009] rerouting 5 nets.
[INFO GRT-0009] rerouting 6 nets.
[INFO GRT-0009] rerouting 7 nets.
[INFO GRT-0009] rerouting 12 nets.
[INFO GRT-0001] Minimum degree: 7
[INFO GRT-0002] Maximum degree: 7
[INFO GRT-0009] rerouting 4 nets.
[INFO GRT-0001] Minimum degree: 3
[INFO GRT-0002] Maximum degree: 4
[INFO GRT-0009] rerouting 1 nets.
[INFO GRT-0009] rerouting 2 nets.
[INFO GRT-0009] rerouting 8 nets.
[INFO GRT-0001] Minimum degree: 2
[INFO GRT-0002] Maximum degree: 2
[INFO GRT-0009] rerouting 3 nets.
[INFO GRT-0009] rerouting 6 nets.
[INFO GRT-0009] rerouting 7 nets.
[INFO GRT-0009] rerouting 8 nets.
[INFO GRT-0009] rerouting 9 nets.
[INFO GRT-0009] rerouting 12 nets.
[INFO GRT-0009] rerouting 13 nets.
[INFO GRT-0009] rerouting 17 nets.
[INFO GRT-0001] Minimum degree: 2
[INFO GRT-0002] Maximum degree: 2
[INFO GRT-0009] rerouting 4 nets.
[INFO GRT-0001] Minimum degree: 2
[INFO GRT-0002] Maximum degree: 6
[INFO GRT-0009] rerouting 3 nets.
[INFO GRT-0009] rerouting 4 nets.
[INFO GRT-0009] rerouting 5 nets.
[INFO GRT-0009] rerouting 6 nets.
[INFO GRT-0009] rerouting 8 nets.
[INFO GRT-0009] rerouting 9 nets.
[INFO GRT-0009] rerouting 12 nets.
[INFO GRT-0001] Minimum degree: 2
[INFO GRT-0002] Maximum degree: 2
[INFO GRT-0009] rerouting 1 nets.
[INFO GRT-0009] rerouting 2 nets.
[INFO GRT-0009] rerouting 3 nets.
[INFO GRT-0009] rerouting 4 nets.
[INFO GRT-0009] rerouting 5 nets.
[INFO GRT-0009] rerouting 6 nets.
[INFO GRT-0009] rerouting 7 nets.
[INFO GRT-0009] rerouting 9 nets.
[INFO GRT-0009] rerouting 13 nets.
[INFO GRT-0009] rerouting 14 nets.
[INFO GRT-0009] rerouting 16 nets.
[INFO GRT-0001] Minimum degree: 5
[INFO GRT-0002] Maximum degree: 5
[INFO GRT-0009] rerouting 4 nets.
[INFO GRT-0009] rerouting 5 nets.
[INFO GRT-0009] rerouting 8 nets.
[INFO GRT-0001] Minimum degree: 4
[INFO GRT-0002] Maximum degree: 4
[INFO GRT-0009] rerouting 3 nets.
[INFO GRT-0001] Minimum degree: 2
[INFO GRT-0002] Maximum degree: 2
[INFO GRT-0009] rerouting 1 nets.
[INFO GRT-0009] rerouting 2 nets.
[INFO GRT-0009] rerouting 3 nets.
[INFO GRT-0009] rerouting 6 nets.
[INFO GRT-0009] rerouting 7 nets.
[INFO GRT-0009] rerouting 10 nets.
[INFO GRT-0001] Minimum degree: 2
[INFO GRT-0002] Maximum degree: 2
[INFO GRT-0009] rerouting 1 nets.
[INFO GRT-0009] rerouting 3 nets.
[INFO GRT-0009] rerouting 9 nets.
[INFO GRT-0001] Minimum degree: 5
[INFO GRT-0002] Maximum degree: 5
[INFO GRT-0009] rerouting 1 nets.
[INFO GRT-0009] rerouting 2 nets.
[INFO GRT-0009] rerouting 7 nets.
[INFO GRT-0009] rerouting 8 nets.
[INFO GRT-0009] rerouting 11 nets.
[INFO GRT-0001] Minimum degree: 4
[INFO GRT-0002] Maximum degree: 4
[INFO GRT-0009] rerouting 3 nets.
[INFO GRT-0001] Minimum degree: 4
[INFO GRT-0002] Maximum degree: 4
[INFO GRT-0009] rerouting 1 nets.
[INFO GRT-0009] rerouting 3 nets.
[INFO GRT-0009] rerouting 4 nets.
[INFO GRT-0009] rerouting 5 nets.
[INFO GRT-0009] rerouting 6 nets.
[INFO GRT-0009] rerouting 8 nets.
[INFO GRT-0009] rerouting 11 nets.
[INFO GRT-0009] rerouting 12 nets.
[INFO GRT-0009] rerouting 13 nets.
[INFO GRT-0009] rerouting 18 nets.
[INFO GRT-0001] Minimum degree: 2
[INFO GRT-0002] Maximum degree: 4
[INFO GRT-0009] rerouting 1 nets.
[INFO GRT-0009] rerouting 2 nets.
[INFO GRT-0009] rerouting 4 nets.
[INFO GRT-0001] Minimum degree: 4
[INFO GRT-0002] Maximum degree: 4
[INFO GRT-0009] rerouting 1 nets.
[INFO GRT-0009] rerouting 2 nets.
[INFO GRT-0009] rerouting 3 nets.
[INFO GRT-0009] rerouting 7 nets.
[INFO GRT-0009] rerouting 8 nets.
[INFO GRT-0009] rerouting 9 nets.
[INFO GRT-0009] rerouting 13 nets.
[INFO GRT-0009] rerouting 14 nets.
[INFO GRT-0009] rerouting 17 nets.
[INFO GRT-0001] Minimum degree: 5
[INFO GRT-0002] Maximum degree: 5
[INFO GRT-0009] rerouting 1 nets.
[INFO GRT-0009] rerouting 2 nets.
[INFO GRT-0009] rerouting 6 nets.
[INFO GRT-0009] rerouting 9 nets.
[INFO GRT-0009] rerouting 13 nets.
[INFO GRT-0009] rerouting 14 nets.
[INFO GRT-0009] rerouting 15 nets.
[INFO GRT-0009] rerouting 16 nets.
[INFO GRT-0009] rerouting 17 nets.
[INFO GRT-0009] rerouting 18 nets.
[INFO GRT-0009] rerouting 19 nets.
[INFO GRT-0009] rerouting 22 nets.
[INFO GRT-0001] Minimum degree: 3
[INFO GRT-0002] Maximum degree: 4
[INFO GRT-0009] rerouting 1 nets.
[INFO GRT-0009] rerouting 2 nets.
[INFO GRT-0009] rerouting 3 nets.
[INFO GRT-0009] rerouting 9 nets.
[INFO GRT-0001] Minimum degree: 2
[INFO GRT-0002] Maximum degree: 2
[INFO GRT-0009] rerouting 1 nets.
[INFO GRT-0009] rerouting 2 nets.
[INFO GRT-0009] rerouting 3 nets.
[INFO GRT-0009] rerouting 7 nets.
[INFO GRT-0009] rerouting 8 nets.
[INFO GRT-0009] rerouting 9 nets.
[INFO GRT-0009] rerouting 10 nets.
[INFO GRT-0009] rerouting 13 nets.
[INFO GRT-0001] Minimum degree: 2
[INFO GRT-0002] Maximum degree: 2
[INFO GRT-0009] rerouting 1 nets.
[INFO GRT-0009] rerouting 2 nets.
[INFO GRT-0009] rerouting 3 nets.
[INFO GRT-0009] rerouting 6 nets.
[INFO GRT-0009] rerouting 9 nets.
[INFO GRT-0001] Minimum degree: 4
[INFO GRT-0002] Maximum degree: 4
[INFO GRT-0009] rerouting 1 nets.
[INFO GRT-0009] rerouting 3 nets.
[INFO GRT-0009] rerouting 4 nets.
[INFO GRT-0009] rerouting 7 nets.
[INFO GRT-0001] Minimum degree: 2
[INFO GRT-0002] Maximum degree: 2
[INFO GRT-0009] rerouting 1 nets.
[INFO GRT-0009] rerouting 2 nets.
[INFO GRT-0009] rerouting 5 nets.
[INFO GRT-0001] Minimum degree: 4
[INFO GRT-0002] Maximum degree: 4
[INFO GRT-0009] rerouting 1 nets.
[INFO GRT-0009] rerouting 2 nets.
[INFO GRT-0009] rerouting 4 nets.
[INFO GRT-0001] Minimum degree: 2
[INFO GRT-0002] Maximum degree: 4
[INFO GRT-0009] rerouting 1 nets.
[INFO GRT-0009] rerouting 4 nets.
[INFO GRT-0009] rerouting 9 nets.
[INFO GRT-0009] rerouting 10 nets.
[INFO GRT-0009] rerouting 12 nets.
[INFO GRT-0001] Minimum degree: 2
[INFO GRT-0002] Maximum degree: 3
[INFO GRT-0009] rerouting 1 nets.
[INFO GRT-0009] rerouting 2 nets.
[INFO GRT-0009] rerouting 3 nets.
[INFO GRT-0009] rerouting 4 nets.
[INFO GRT-0009] rerouting 5 nets.
[INFO GRT-0009] rerouting 6 nets.
[INFO GRT-0009] rerouting 7 nets.
[INFO GRT-0009] rerouting 13 nets.
[INFO GRT-0001] Minimum degree: 4
[INFO GRT-0002] Maximum degree: 5
[INFO GRT-0009] rerouting 1 nets.
[INFO GRT-0009] rerouting 2 nets.
[INFO GRT-0009] rerouting 3 nets.
[INFO GRT-0009] rerouting 4 nets.
[INFO GRT-0009] rerouting 5 nets.
[INFO GRT-0009] rerouting 8 nets.
[INFO GRT-0009] rerouting 9 nets.
[INFO GRT-0009] rerouting 10 nets.
[INFO GRT-0009] rerouting 11 nets.
[INFO GRT-0009] rerouting 12 nets.
[INFO GRT-0009] rerouting 15 nets.
[INFO GRT-0001] Minimum degree: 2
[INFO GRT-0002] Maximum degree: 2
[INFO GRT-0009] rerouting 1 nets.
[INFO GRT-0009] rerouting 2 nets.
[INFO GRT-0009] rerouting 3 nets.
[INFO GRT-0009] rerouting 5 nets.
[INFO GRT-0001] Minimum degree: 3
[INFO GRT-0002] Maximum degree: 3
[INFO GRT-0009] rerouting 1 nets.
[INFO GRT-0009] rerouting 2 nets.
[INFO GRT-0009] rerouting 3 nets.
[INFO GRT-0009] rerouting 5 nets.
[INFO GRT-0009] rerouting 6 nets.
[INFO GRT-0009] rerouting 8 nets.
[INFO GRT-0001] Minimum degree: 2
[INFO GRT-0002] Maximum degree: 2
[INFO GRT-0009] rerouting 1 nets.
[INFO GRT-0009] rerouting 2 nets.
[INFO GRT-0009] rerouting 3 nets.
[INFO GRT-0009] rerouting 4 nets.
[INFO GRT-0009] rerouting 5 nets.
[INFO GRT-0009] rerouting 6 nets.
[INFO GRT-0009] rerouting 8 nets.
[INFO GRT-0009] rerouting 9 nets.
[INFO GRT-0009] rerouting 14 nets.
[INFO GRT-0009] rerouting 15 nets.
[INFO GRT-0009] rerouting 15 nets.
[INFO GRT-0001] Minimum degree: 3
[INFO GRT-0002] Maximum degree: 3
[INFO GRT-0009] rerouting 3 nets.
[INFO GRT-0009] rerouting 4 nets.
[INFO GRT-0009] rerouting 5 nets.
[INFO GRT-0009] rerouting 6 nets.
[INFO GRT-0009] rerouting 7 nets.
[INFO GRT-0009] rerouting 9 nets.
[INFO GRT-0009] rerouting 10 nets.
[INFO GRT-0009] rerouting 11 nets.
[INFO GRT-0009] rerouting 12 nets.
[INFO GRT-0009] rerouting 13 nets.
[INFO GRT-0009] rerouting 17 nets.
[INFO GRT-0001] Minimum degree: 3
[INFO GRT-0002] Maximum degree: 7
[INFO GRT-0009] rerouting 1 nets.
[INFO GRT-0009] rerouting 4 nets.
[INFO GRT-0001] Minimum degree: 4
[INFO GRT-0002] Maximum degree: 4
[INFO GRT-0009] rerouting 1 nets.
[INFO GRT-0009] rerouting 2 nets.
[INFO GRT-0009] rerouting 3 nets.
[INFO GRT-0009] rerouting 4 nets.
[INFO GRT-0009] rerouting 8 nets.
[INFO GRT-0009] rerouting 10 nets.
[INFO GRT-0001] Minimum degree: 2
[INFO GRT-0002] Maximum degree: 2
[INFO GRT-0009] rerouting 1 nets.
[INFO GRT-0009] rerouting 2 nets.
[INFO GRT-0009] rerouting 3 nets.
[INFO GRT-0009] rerouting 5 nets.
[INFO GRT-0009] rerouting 10 nets.
[INFO GRT-0001] Minimum degree: 3
[INFO GRT-0002] Maximum degree: 3
[INFO GRT-0009] rerouting 1 nets.
[INFO GRT-0009] rerouting 2 nets.
[INFO GRT-0009] rerouting 3 nets.
[INFO GRT-0009] rerouting 8 nets.
[INFO GRT-0001] Minimum degree: 4
[INFO GRT-0002] Maximum degree: 4
[INFO GRT-0009] rerouting 1 nets.
[INFO GRT-0009] rerouting 2 nets.
[INFO GRT-0009] rerouting 4 nets.
[INFO GRT-0009] rerouting 5 nets.
[INFO GRT-0009] rerouting 8 nets.
[INFO GRT-0009] rerouting 11 nets.
[INFO GRT-0001] Minimum degree: 2
[INFO GRT-0002] Maximum degree: 2
[INFO GRT-0009] rerouting 3 nets.
[INFO GRT-0009] rerouting 4 nets.
[INFO GRT-0009] rerouting 7 nets.
[INFO GRT-0009] rerouting 8 nets.
[INFO GRT-0009] rerouting 11 nets.
[INFO GRT-0001] Minimum degree: 3
[INFO GRT-0002] Maximum degree: 3
[INFO GRT-0009] rerouting 4 nets.
[INFO GRT-0001] Minimum degree: 5
[INFO GRT-0002] Maximum degree: 5
[INFO GRT-0009] rerouting 1 nets.
[INFO GRT-0009] rerouting 2 nets.
[INFO GRT-0009] rerouting 3 nets.
[INFO GRT-0009] rerouting 4 nets.
[INFO GRT-0009] rerouting 9 nets.
[INFO GRT-0001] Minimum degree: 2
[INFO GRT-0002] Maximum degree: 3
[INFO GRT-0009] rerouting 3 nets.
[INFO GRT-0001] Minimum degree: 3
[INFO GRT-0002] Maximum degree: 3
[INFO GRT-0009] rerouting 1 nets.
[INFO GRT-0009] rerouting 2 nets.
[INFO GRT-0009] rerouting 3 nets.
[INFO GRT-0009] rerouting 4 nets.
[INFO GRT-0009] rerouting 5 nets.
[INFO GRT-0009] rerouting 6 nets.
[INFO GRT-0009] rerouting 12 nets.
[INFO GRT-0001] Minimum degree: 6
[INFO GRT-0002] Maximum degree: 6
[INFO GRT-0009] rerouting 1 nets.
[INFO GRT-0009] rerouting 5 nets.
[INFO GRT-0009] rerouting 8 nets.
[INFO GRT-0001] Minimum degree: 4
[INFO GRT-0002] Maximum degree: 4
[INFO GRT-0009] rerouting 3 nets.
[INFO GRT-0009] rerouting 4 nets.
[INFO GRT-0009] rerouting 5 nets.
[INFO GRT-0009] rerouting 7 nets.
[INFO GRT-0009] rerouting 8 nets.
[INFO GRT-0009] rerouting 9 nets.
[INFO GRT-0009] rerouting 11 nets.
[INFO GRT-0009] rerouting 12 nets.
[INFO GRT-0009] rerouting 15 nets.
[INFO GRT-0009] rerouting 19 nets.
[INFO GRT-0001] Minimum degree: 4
[INFO GRT-0002] Maximum degree: 4
[INFO GRT-0009] rerouting 1 nets.
[INFO GRT-0009] rerouting 2 nets.
[INFO GRT-0009] rerouting 5 nets.
[INFO GRT-0001] Minimum degree: 2
[INFO GRT-0002] Maximum degree: 2
[INFO GRT-0009] rerouting 1 nets.
[INFO GRT-0009] rerouting 4 nets.
[INFO GRT-0009] rerouting 7 nets.
[INFO GRT-0001] Minimum degree: 2
[INFO GRT-0002] Maximum degree: 8
[INFO GRT-0009] rerouting 1 nets.
[INFO GRT-0009] rerouting 6 nets.
[INFO GRT-0001] Minimum degree: 2
[INFO GRT-0002] Maximum degree: 3
[INFO GRT-0009] rerouting 1 nets.
[INFO GRT-0009] rerouting 2 nets.
[INFO GRT-0009] rerouting 3 nets.
[INFO GRT-0009] rerouting 4 nets.
[INFO GRT-0009] rerouting 5 nets.
[INFO GRT-0009] rerouting 6 nets.
[INFO GRT-0009] rerouting 10 nets.
[INFO GRT-0001] Minimum degree: 4
[INFO GRT-0002] Maximum degree: 5
[INFO GRT-0009] rerouting 5 nets.
[INFO GRT-0001] Minimum degree: 5
[INFO GRT-0002] Maximum degree: 5
[INFO GRT-0009] rerouting 3 nets.
[INFO GRT-0009] rerouting 8 nets.
[INFO GRT-0009] rerouting 9 nets.
[INFO GRT-0009] rerouting 14 nets.
[INFO GRT-0009] rerouting 15 nets.
[INFO GRT-0009] rerouting 16 nets.
[INFO GRT-0009] rerouting 17 nets.
[INFO GRT-0009] rerouting 18 nets.
[INFO GRT-0009] rerouting 20 nets.
[INFO GRT-0009] rerouting 21 nets.
[INFO GRT-0009] rerouting 23 nets.
[INFO GRT-0009] rerouting 24 nets.
[INFO GRT-0009] rerouting 25 nets.
[INFO GRT-0009] rerouting 27 nets.
[INFO GRT-0001] Minimum degree: 5
[INFO GRT-0002] Maximum degree: 5
[INFO GRT-0009] rerouting 1 nets.
[INFO GRT-0009] rerouting 2 nets.
[INFO GRT-0009] rerouting 3 nets.
[INFO GRT-0009] rerouting 6 nets.
[INFO GRT-0009] rerouting 7 nets.
[INFO GRT-0009] rerouting 10 nets.
[INFO GRT-0009] rerouting 11 nets.
[INFO GRT-0009] rerouting 12 nets.
[INFO GRT-0009] rerouting 15 nets.
[INFO GRT-0001] Minimum degree: 7
[INFO GRT-0002] Maximum degree: 7
[INFO GRT-0009] rerouting 1 nets.
[INFO GRT-0009] rerouting 2 nets.
[INFO GRT-0009] rerouting 3 nets.
[INFO GRT-0009] rerouting 4 nets.
[INFO GRT-0009] rerouting 7 nets.
[INFO GRT-0001] Minimum degree: 4
[INFO GRT-0002] Maximum degree: 4
[INFO GRT-0009] rerouting 1 nets.
[INFO GRT-0009] rerouting 3 nets.
[INFO GRT-0009] rerouting 4 nets.
[INFO GRT-0009] rerouting 6 nets.
[INFO GRT-0009] rerouting 7 nets.
[INFO GRT-0009] rerouting 10 nets.
[INFO GRT-0009] rerouting 11 nets.
[INFO GRT-0009] rerouting 14 nets.
[INFO GRT-0009] rerouting 15 nets.
[INFO GRT-0009] rerouting 18 nets.
[INFO GRT-0001] Minimum degree: 4
[INFO GRT-0002] Maximum degree: 4
[INFO GRT-0009] rerouting 1 nets.
[INFO GRT-0009] rerouting 2 nets.
[INFO GRT-0009] rerouting 3 nets.
[INFO GRT-0009] rerouting 6 nets.
[INFO GRT-0001] Minimum degree: 2
[INFO GRT-0002] Maximum degree: 2
[INFO GRT-0009] rerouting 1 nets.
[INFO GRT-0009] rerouting 3 nets.
[INFO GRT-0009] rerouting 4 nets.
[INFO GRT-0009] rerouting 5 nets.
[INFO GRT-0009] rerouting 9 nets.
[INFO GRT-0009] rerouting 10 nets.
[INFO GRT-0009] rerouting 15 nets.
[INFO GRT-0009] rerouting 17 nets.
[INFO GRT-0001] Minimum degree: 2
[INFO GRT-0002] Maximum degree: 4
[INFO GRT-0009] rerouting 1 nets.
[INFO GRT-0009] rerouting 3 nets.
[INFO GRT-0009] rerouting 5 nets.
[INFO GRT-0009] rerouting 7 nets.
[INFO GRT-0009] rerouting 9 nets.
[INFO GRT-0009] rerouting 11 nets.
[INFO GRT-0001] Minimum degree: 2
[INFO GRT-0002] Maximum degree: 5
[INFO GRT-0009] rerouting 2 nets.
[INFO GRT-0009] rerouting 3 nets.
[INFO GRT-0009] rerouting 4 nets.
[INFO GRT-0009] rerouting 7 nets.
[INFO GRT-0009] rerouting 8 nets.
[INFO GRT-0009] rerouting 12 nets.
[INFO GRT-0001] Minimum degree: 2
[INFO GRT-0002] Maximum degree: 2
[INFO GRT-0009] rerouting 1 nets.
[INFO GRT-0009] rerouting 6 nets.
[INFO GRT-0001] Minimum degree: 4
[INFO GRT-0002] Maximum degree: 4
[INFO GRT-0009] rerouting 1 nets.
[INFO GRT-0009] rerouting 3 nets.
[INFO GRT-0001] Minimum degree: 3
[INFO GRT-0002] Maximum degree: 3
[INFO GRT-0009] rerouting 1 nets.
[INFO GRT-0009] rerouting 2 nets.
[INFO GRT-0009] rerouting 3 nets.
[INFO GRT-0009] rerouting 4 nets.
[INFO GRT-0009] rerouting 8 nets.
[INFO GRT-0001] Minimum degree: 4
[INFO GRT-0002] Maximum degree: 4
[INFO GRT-0009] rerouting 1 nets.
[INFO GRT-0009] rerouting 3 nets.
[INFO GRT-0001] Minimum degree: 2
[INFO GRT-0002] Maximum degree: 2
[INFO GRT-0009] rerouting 1 nets.
[INFO GRT-0009] rerouting 2 nets.
[INFO GRT-0009] rerouting 4 nets.
[INFO GRT-0001] Minimum degree: 2
[INFO GRT-0002] Maximum degree: 5
[INFO GRT-0009] rerouting 1 nets.
[INFO GRT-0009] rerouting 2 nets.
[INFO GRT-0009] rerouting 3 nets.
[INFO GRT-0009] rerouting 4 nets.
[INFO GRT-0009] rerouting 5 nets.
[INFO GRT-0009] rerouting 6 nets.
[INFO GRT-0009] rerouting 9 nets.
[INFO GRT-0001] Minimum degree: 3
[INFO GRT-0002] Maximum degree: 3
[INFO GRT-0009] rerouting 1 nets.
[INFO GRT-0009] rerouting 3 nets.
[INFO GRT-0009] rerouting 6 nets.
[INFO GRT-0009] rerouting 7 nets.
[INFO GRT-0009] rerouting 11 nets.
[INFO GRT-0001] Minimum degree: 6
[INFO GRT-0002] Maximum degree: 6
[INFO GRT-0009] rerouting 1 nets.
[INFO GRT-0009] rerouting 2 nets.
[INFO GRT-0009] rerouting 6 nets.
[INFO GRT-0001] Minimum degree: 5
[INFO GRT-0002] Maximum degree: 5
[INFO GRT-0009] rerouting 1 nets.
[INFO GRT-0009] rerouting 2 nets.
[INFO GRT-0009] rerouting 3 nets.
[INFO GRT-0009] rerouting 4 nets.
[INFO GRT-0009] rerouting 9 nets.
[INFO GRT-0001] Minimum degree: 4
[INFO GRT-0002] Maximum degree: 4
[INFO GRT-0009] rerouting 1 nets.
[INFO GRT-0009] rerouting 2 nets.
[INFO GRT-0009] rerouting 3 nets.
[INFO GRT-0009] rerouting 5 nets.
[INFO GRT-0009] rerouting 6 nets.
[INFO GRT-0009] rerouting 9 nets.
[INFO GRT-0009] rerouting 10 nets.
[INFO GRT-0009] rerouting 14 nets.
[INFO GRT-0009] rerouting 15 nets.
[INFO GRT-0009] rerouting 16 nets.
[INFO GRT-0009] rerouting 19 nets.
[INFO GRT-0009] rerouting 20 nets.
[INFO GRT-0009] rerouting 21 nets.
[INFO GRT-0009] rerouting 24 nets.
[INFO GRT-0009] rerouting 27 nets.
[INFO GRT-0001] Minimum degree: 3
[INFO GRT-0002] Maximum degree: 3
[INFO GRT-0009] rerouting 3 nets.
[INFO GRT-0009] rerouting 7 nets.
[INFO GRT-0001] Minimum degree: 2
[INFO GRT-0002] Maximum degree: 2
[INFO GRT-0009] rerouting 1 nets.
[INFO GRT-0009] rerouting 4 nets.
[INFO GRT-0009] rerouting 8 nets.
[INFO GRT-0009] rerouting 9 nets.
[INFO GRT-0009] rerouting 12 nets.
[INFO GRT-0009] rerouting 13 nets.
[INFO GRT-0009] rerouting 14 nets.
[INFO GRT-0009] rerouting 16 nets.
[INFO GRT-0001] Minimum degree: 4
[INFO GRT-0002] Maximum degree: 4
[INFO GRT-0009] rerouting 3 nets.
[INFO GRT-0001] Minimum degree: 4
[INFO GRT-0002] Maximum degree: 4
[INFO GRT-0009] rerouting 1 nets.
[INFO GRT-0009] rerouting 5 nets.
[INFO GRT-0001] Minimum degree: 2
[INFO GRT-0002] Maximum degree: 6
[INFO GRT-0009] rerouting 1 nets.
[INFO GRT-0009] rerouting 2 nets.
[INFO GRT-0009] rerouting 4 nets.
[INFO GRT-0001] Minimum degree: 2
[INFO GRT-0002] Maximum degree: 2
[INFO GRT-0009] rerouting 1 nets.
[INFO GRT-0009] rerouting 2 nets.
[INFO GRT-0009] rerouting 6 nets.
[INFO GRT-0009] rerouting 7 nets.
[INFO GRT-0009] rerouting 11 nets.
[INFO GRT-0009] rerouting 12 nets.
[INFO GRT-0009] rerouting 13 nets.
[INFO GRT-0009] rerouting 15 nets.
[INFO GRT-0001] Minimum degree: 4
[INFO GRT-0002] Maximum degree: 4
[INFO GRT-0009] rerouting 1 nets.
[INFO GRT-0009] rerouting 2 nets.
[INFO GRT-0009] rerouting 3 nets.
[INFO GRT-0009] rerouting 6 nets.
[INFO GRT-0009] rerouting 7 nets.
[INFO GRT-0009] rerouting 12 nets.
[INFO GRT-0009] rerouting 13 nets.
[INFO GRT-0009] rerouting 13 nets.
[INFO GRT-0009] rerouting 16 nets.
[INFO GRT-0001] Minimum degree: 5
[INFO GRT-0002] Maximum degree: 5
[INFO GRT-0009] rerouting 1 nets.
[INFO GRT-0009] rerouting 2 nets.
[INFO GRT-0009] rerouting 3 nets.
[INFO GRT-0009] rerouting 4 nets.
[INFO GRT-0009] rerouting 5 nets.
[INFO GRT-0009] rerouting 6 nets.
[INFO GRT-0009] rerouting 7 nets.
[INFO GRT-0009] rerouting 8 nets.
[INFO GRT-0009] rerouting 9 nets.
[INFO GRT-0009] rerouting 13 nets.
[INFO GRT-0001] Minimum degree: 3
[INFO GRT-0002] Maximum degree: 3
[INFO GRT-0009] rerouting 1 nets.
[INFO GRT-0009] rerouting 6 nets.
[INFO GRT-0001] Minimum degree: 10
[INFO GRT-0002] Maximum degree: 10
[INFO GRT-0009] rerouting 1 nets.
[INFO GRT-0009] rerouting 3 nets.
[INFO GRT-0009] rerouting 6 nets.
[INFO GRT-0009] rerouting 7 nets.
[INFO GRT-0009] rerouting 9 nets.
[INFO GRT-0009] rerouting 10 nets.
[INFO GRT-0009] rerouting 11 nets.
[INFO GRT-0009] rerouting 14 nets.
[INFO GRT-0001] Minimum degree: 3
[INFO GRT-0002] Maximum degree: 3
[INFO GRT-0009] rerouting 1 nets.
[INFO GRT-0009] rerouting 3 nets.
[INFO GRT-0009] rerouting 6 nets.
[INFO GRT-0001] Minimum degree: 4
[INFO GRT-0002] Maximum degree: 4
[INFO GRT-0009] rerouting 1 nets.
[INFO GRT-0009] rerouting 2 nets.
[INFO GRT-0009] rerouting 3 nets.
[INFO GRT-0009] rerouting 6 nets.
[INFO GRT-0009] rerouting 7 nets.
[INFO GRT-0009] rerouting 8 nets.
[INFO GRT-0009] rerouting 12 nets.
[INFO GRT-0001] Minimum degree: 3
[INFO GRT-0002] Maximum degree: 4
[INFO GRT-0009] rerouting 4 nets.
[INFO GRT-0009] rerouting 5 nets.
[INFO GRT-0009] rerouting 6 nets.
[INFO GRT-0009] rerouting 7 nets.
[INFO GRT-0009] rerouting 9 nets.
[INFO GRT-0009] rerouting 10 nets.
[INFO GRT-0009] rerouting 14 nets.
[INFO GRT-0009] rerouting 15 nets.
[INFO GRT-0009] rerouting 16 nets.
[INFO GRT-0009] rerouting 19 nets.
[INFO GRT-0001] Minimum degree: 4
[INFO GRT-0002] Maximum degree: 4
[INFO GRT-0009] rerouting 1 nets.
[INFO GRT-0009] rerouting 3 nets.
[INFO GRT-0009] rerouting 4 nets.
[INFO GRT-0009] rerouting 8 nets.
[INFO GRT-0009] rerouting 9 nets.
[INFO GRT-0009] rerouting 10 nets.
[INFO GRT-0009] rerouting 11 nets.
[INFO GRT-0009] rerouting 12 nets.
[INFO GRT-0009] rerouting 14 nets.
[INFO GRT-0001] Minimum degree: 3
[INFO GRT-0002] Maximum degree: 3
[INFO GRT-0009] rerouting 1 nets.
[INFO GRT-0009] rerouting 2 nets.
[INFO GRT-0009] rerouting 3 nets.
[INFO GRT-0009] rerouting 4 nets.
[INFO GRT-0009] rerouting 5 nets.
[INFO GRT-0009] rerouting 6 nets.
[INFO GRT-0009] rerouting 7 nets.
[INFO GRT-0009] rerouting 8 nets.
[INFO GRT-0009] rerouting 10 nets.
[INFO GRT-0009] rerouting 11 nets.
[INFO GRT-0009] rerouting 12 nets.
[INFO GRT-0009] rerouting 14 nets.
[INFO GRT-0001] Minimum degree: 2
[INFO GRT-0002] Maximum degree: 5
[INFO GRT-0009] rerouting 2 nets.
[INFO GRT-0001] Minimum degree: 2
[INFO GRT-0002] Maximum degree: 4
[INFO GRT-0009] rerouting 1 nets.
[INFO GRT-0009] rerouting 3 nets.
[INFO GRT-0001] Minimum degree: 6
[INFO GRT-0002] Maximum degree: 6
[INFO GRT-0009] rerouting 1 nets.
[INFO GRT-0009] rerouting 2 nets.
[INFO GRT-0009] rerouting 3 nets.
[INFO GRT-0009] rerouting 8 nets.
[INFO GRT-0001] Minimum degree: 2
[INFO GRT-0002] Maximum degree: 5
[INFO GRT-0009] rerouting 1 nets.
[INFO GRT-0009] rerouting 3 nets.
[INFO GRT-0001] Minimum degree: 2
[INFO GRT-0002] Maximum degree: 2
[INFO GRT-0009] rerouting 1 nets.
[INFO GRT-0009] rerouting 2 nets.
[INFO GRT-0009] rerouting 3 nets.
[INFO GRT-0009] rerouting 4 nets.
[INFO GRT-0009] rerouting 5 nets.
[INFO GRT-0009] rerouting 7 nets.
[INFO GRT-0001] Minimum degree: 3
[INFO GRT-0002] Maximum degree: 4
[INFO GRT-0009] rerouting 1 nets.
[INFO GRT-0009] rerouting 2 nets.
[INFO GRT-0009] rerouting 3 nets.
[INFO GRT-0009] rerouting 4 nets.
[INFO GRT-0009] rerouting 6 nets.
[INFO GRT-0009] rerouting 7 nets.
[INFO GRT-0009] rerouting 9 nets.
[INFO GRT-0009] rerouting 10 nets.
[INFO GRT-0009] rerouting 12 nets.
[INFO GRT-0009] rerouting 13 nets.
[INFO GRT-0009] rerouting 14 nets.
[INFO GRT-0009] rerouting 16 nets.
[INFO GRT-0009] rerouting 17 nets.
[INFO GRT-0009] rerouting 18 nets.
[INFO GRT-0009] rerouting 19 nets.
[INFO GRT-0009] rerouting 22 nets.
[INFO GRT-0009] rerouting 23 nets.
[INFO GRT-0009] rerouting 25 nets.
[INFO GRT-0009] rerouting 26 nets.
[INFO GRT-0009] rerouting 30 nets.
[INFO GRT-0001] Minimum degree: 3
[INFO GRT-0002] Maximum degree: 5
[INFO GRT-0009] rerouting 3 nets.
[INFO GRT-0009] rerouting 4 nets.
[INFO GRT-0009] rerouting 8 nets.
[INFO GRT-0009] rerouting 9 nets.
[INFO GRT-0009] rerouting 10 nets.
[INFO GRT-0009] rerouting 11 nets.
[INFO GRT-0009] rerouting 15 nets.
[INFO GRT-0001] Minimum degree: 3
[INFO GRT-0002] Maximum degree: 3
[INFO GRT-0009] rerouting 1 nets.
[INFO GRT-0009] rerouting 2 nets.
[INFO GRT-0009] rerouting 5 nets.
[INFO GRT-0001] Minimum degree: 2
[INFO GRT-0002] Maximum degree: 3
[INFO GRT-0009] rerouting 4 nets.
[INFO GRT-0001] Minimum degree: 3
[INFO GRT-0002] Maximum degree: 3
[INFO GRT-0009] rerouting 1 nets.
[INFO GRT-0009] rerouting 3 nets.
[INFO GRT-0001] Minimum degree: 2
[INFO GRT-0002] Maximum degree: 2
[INFO GRT-0009] rerouting 1 nets.
[INFO GRT-0009] rerouting 2 nets.
[INFO GRT-0009] rerouting 5 nets.
[INFO GRT-0009] rerouting 6 nets.
[INFO GRT-0009] rerouting 10 nets.
[INFO GRT-0001] Minimum degree: 3
[INFO GRT-0002] Maximum degree: 3
[INFO GRT-0009] rerouting 1 nets.
[INFO GRT-0009] rerouting 4 nets.
[INFO GRT-0001] Minimum degree: 3
[INFO GRT-0002] Maximum degree: 3
[INFO GRT-0009] rerouting 3 nets.
[INFO GRT-0009] rerouting 4 nets.
[INFO GRT-0009] rerouting 7 nets.
[INFO GRT-0001] Minimum degree: 2
[INFO GRT-0002] Maximum degree: 3
[INFO GRT-0009] rerouting 1 nets.
[INFO GRT-0009] rerouting 2 nets.
[INFO GRT-0009] rerouting 5 nets.
[INFO GRT-0009] rerouting 6 nets.
[INFO GRT-0009] rerouting 8 nets.
[INFO GRT-0001] Minimum degree: 3
[INFO GRT-0002] Maximum degree: 3
[INFO GRT-0009] rerouting 1 nets.
[INFO GRT-0009] rerouting 3 nets.
[INFO GRT-0009] rerouting 4 nets.
[INFO GRT-0009] rerouting 5 nets.
[INFO GRT-0009] rerouting 7 nets.
[INFO GRT-0009] rerouting 8 nets.
[INFO GRT-0009] rerouting 9 nets.
[INFO GRT-0009] rerouting 10 nets.
[INFO GRT-0009] rerouting 11 nets.
[INFO GRT-0009] rerouting 12 nets.
[INFO GRT-0009] rerouting 13 nets.
[INFO GRT-0009] rerouting 14 nets.
[INFO GRT-0009] rerouting 16 nets.
[INFO GRT-0009] rerouting 19 nets.
[INFO GRT-0001] Minimum degree: 2
[INFO GRT-0002] Maximum degree: 3
[INFO GRT-0009] rerouting 1 nets.
[INFO GRT-0009] rerouting 3 nets.
[INFO GRT-0009] rerouting 4 nets.
[INFO GRT-0009] rerouting 6 nets.
[INFO GRT-0001] Minimum degree: 3
[INFO GRT-0002] Maximum degree: 3
[INFO GRT-0009] rerouting 3 nets.
[INFO GRT-0009] rerouting 4 nets.
[INFO GRT-0009] rerouting 6 nets.
[INFO GRT-0001] Minimum degree: 3
[INFO GRT-0002] Maximum degree: 3
[INFO GRT-0009] rerouting 1 nets.
[INFO GRT-0009] rerouting 2 nets.
[INFO GRT-0009] rerouting 3 nets.
[INFO GRT-0009] rerouting 4 nets.
[INFO GRT-0009] rerouting 5 nets.
[INFO GRT-0009] rerouting 6 nets.
[INFO GRT-0009] rerouting 7 nets.
[INFO GRT-0009] rerouting 8 nets.
[INFO GRT-0009] rerouting 9 nets.
[INFO GRT-0009] rerouting 10 nets.
[INFO GRT-0009] rerouting 11 nets.
[INFO GRT-0009] rerouting 15 nets.
[INFO GRT-0001] Minimum degree: 3
[INFO GRT-0002] Maximum degree: 3
[INFO GRT-0009] rerouting 1 nets.
[INFO GRT-0009] rerouting 2 nets.
[INFO GRT-0009] rerouting 3 nets.
[INFO GRT-0009] rerouting 4 nets.
[INFO GRT-0009] rerouting 9 nets.
[INFO GRT-0009] rerouting 10 nets.
[INFO GRT-0009] rerouting 11 nets.
[INFO GRT-0009] rerouting 14 nets.
[INFO GRT-0009] rerouting 15 nets.
[INFO GRT-0009] rerouting 16 nets.
[INFO GRT-0009] rerouting 17 nets.
[INFO GRT-0009] rerouting 18 nets.
[INFO GRT-0009] rerouting 19 nets.
[INFO GRT-0009] rerouting 20 nets.
[INFO GRT-0009] rerouting 21 nets.
[INFO GRT-0009] rerouting 22 nets.
[INFO GRT-0009] rerouting 23 nets.
[INFO GRT-0009] rerouting 25 nets.
[INFO GRT-0009] rerouting 26 nets.
[INFO GRT-0009] rerouting 27 nets.
[INFO GRT-0009] rerouting 28 nets.
[INFO GRT-0009] rerouting 30 nets.
[INFO GRT-0001] Minimum degree: 5
[INFO GRT-0002] Maximum degree: 5
[INFO GRT-0009] rerouting 1 nets.
[INFO GRT-0009] rerouting 2 nets.
[INFO GRT-0009] rerouting 3 nets.
[INFO GRT-0009] rerouting 4 nets.
[INFO GRT-0009] rerouting 7 nets.
[INFO GRT-0009] rerouting 8 nets.
[INFO GRT-0009] rerouting 9 nets.
[INFO GRT-0009] rerouting 10 nets.
[INFO GRT-0009] rerouting 11 nets.
[INFO GRT-0009] rerouting 12 nets.
[INFO GRT-0009] rerouting 13 nets.
[INFO GRT-0009] rerouting 14 nets.
[INFO GRT-0009] rerouting 15 nets.
[INFO GRT-0009] rerouting 18 nets.
[INFO GRT-0001] Minimum degree: 6
[INFO GRT-0002] Maximum degree: 6
[INFO GRT-0009] rerouting 1 nets.
[INFO GRT-0009] rerouting 3 nets.
[INFO GRT-0009] rerouting 4 nets.
[INFO GRT-0009] rerouting 5 nets.
[INFO GRT-0009] rerouting 6 nets.
[INFO GRT-0009] rerouting 9 nets.
[INFO GRT-0001] Minimum degree: 3
[INFO GRT-0002] Maximum degree: 3
[INFO GRT-0009] rerouting 3 nets.
[INFO GRT-0009] rerouting 6 nets.
[INFO GRT-0009] rerouting 7 nets.
[INFO GRT-0009] rerouting 8 nets.
[INFO GRT-0009] rerouting 9 nets.
[INFO GRT-0009] rerouting 11 nets.
[INFO GRT-0001] Minimum degree: 7
[INFO GRT-0002] Maximum degree: 10
[INFO GRT-0009] rerouting 1 nets.
[INFO GRT-0009] rerouting 3 nets.
[INFO GRT-0001] Minimum degree: 3
[INFO GRT-0002] Maximum degree: 4
[INFO GRT-0009] rerouting 1 nets.
[INFO GRT-0009] rerouting 2 nets.
[INFO GRT-0009] rerouting 5 nets.
[INFO GRT-0009] rerouting 6 nets.
[INFO GRT-0009] rerouting 7 nets.
[INFO GRT-0009] rerouting 9 nets.
[INFO GRT-0001] Minimum degree: 3
[INFO GRT-0002] Maximum degree: 3
[INFO GRT-0009] rerouting 1 nets.
[INFO GRT-0009] rerouting 3 nets.
[INFO GRT-0009] rerouting 4 nets.
[INFO GRT-0009] rerouting 5 nets.
[INFO GRT-0009] rerouting 6 nets.
[INFO GRT-0009] rerouting 7 nets.
[INFO GRT-0009] rerouting 8 nets.
[INFO GRT-0009] rerouting 9 nets.
[INFO GRT-0009] rerouting 10 nets.
[INFO GRT-0009] rerouting 11 nets.
[INFO GRT-0009] rerouting 15 nets.
[INFO GRT-0009] rerouting 16 nets.
[INFO GRT-0009] rerouting 17 nets.
[INFO GRT-0009] rerouting 21 nets.
[INFO GRT-0009] rerouting 22 nets.
[INFO GRT-0009] rerouting 24 nets.
[INFO GRT-0009] rerouting 25 nets.
[INFO GRT-0009] rerouting 28 nets.
[INFO GRT-0009] rerouting 31 nets.
[INFO GRT-0009] rerouting 34 nets.
[INFO GRT-0009] rerouting 35 nets.
[INFO GRT-0001] Minimum degree: 2
[INFO GRT-0002] Maximum degree: 2
[INFO GRT-0009] rerouting 1 nets.
[INFO GRT-0009] rerouting 2 nets.
[INFO GRT-0009] rerouting 5 nets.
[INFO GRT-0009] rerouting 6 nets.
[INFO GRT-0009] rerouting 7 nets.
[INFO GRT-0009] rerouting 8 nets.
[INFO GRT-0009] rerouting 9 nets.
[INFO GRT-0009] rerouting 11 nets.
[INFO GRT-0009] rerouting 13 nets.
[INFO GRT-0009] rerouting 15 nets.
[INFO GRT-0009] rerouting 16 nets.
[INFO GRT-0009] rerouting 18 nets.
[INFO GRT-0009] rerouting 20 nets.
[INFO GRT-0009] rerouting 22 nets.
[INFO GRT-0009] rerouting 23 nets.
[INFO GRT-0009] rerouting 24 nets.
[INFO GRT-0009] rerouting 25 nets.
[INFO GRT-0009] rerouting 27 nets.
[INFO GRT-0001] Minimum degree: 2
[INFO GRT-0002] Maximum degree: 2
[INFO GRT-0009] rerouting 3 nets.
[INFO GRT-0001] Minimum degree: 2
[INFO GRT-0002] Maximum degree: 2
[INFO GRT-0009] rerouting 1 nets.
[INFO GRT-0009] rerouting 2 nets.
[INFO GRT-0009] rerouting 3 nets.
[INFO GRT-0009] rerouting 5 nets.
[INFO GRT-0001] Minimum degree: 5
[INFO GRT-0002] Maximum degree: 5
[INFO GRT-0009] rerouting 1 nets.
[INFO GRT-0009] rerouting 2 nets.
[INFO GRT-0009] rerouting 3 nets.
[INFO GRT-0009] rerouting 6 nets.
[INFO GRT-0001] Minimum degree: 4
[INFO GRT-0002] Maximum degree: 4
[INFO GRT-0009] rerouting 1 nets.
[INFO GRT-0009] rerouting 2 nets.
[INFO GRT-0009] rerouting 3 nets.
[INFO GRT-0009] rerouting 5 nets.
[INFO GRT-0009] rerouting 6 nets.
[INFO GRT-0009] rerouting 7 nets.
[INFO GRT-0009] rerouting 10 nets.
[INFO GRT-0009] rerouting 11 nets.
[INFO GRT-0009] rerouting 12 nets.
[INFO GRT-0009] rerouting 14 nets.
[INFO GRT-0009] rerouting 15 nets.
[INFO GRT-0009] rerouting 17 nets.
[INFO GRT-0001] Minimum degree: 4
[INFO GRT-0002] Maximum degree: 4
[INFO GRT-0009] rerouting 1 nets.
[INFO GRT-0009] rerouting 2 nets.
[INFO GRT-0009] rerouting 3 nets.
[INFO GRT-0009] rerouting 6 nets.
[INFO GRT-0009] rerouting 7 nets.
[INFO GRT-0009] rerouting 8 nets.
[INFO GRT-0009] rerouting 9 nets.
[INFO GRT-0009] rerouting 10 nets.
[INFO GRT-0009] rerouting 11 nets.
[INFO GRT-0009] rerouting 12 nets.
[INFO GRT-0009] rerouting 14 nets.
[INFO GRT-0009] rerouting 15 nets.
[INFO GRT-0009] rerouting 16 nets.
[INFO GRT-0009] rerouting 17 nets.
[INFO GRT-0009] rerouting 22 nets.
[INFO GRT-0009] rerouting 25 nets.
[INFO GRT-0009] rerouting 26 nets.
[INFO GRT-0009] rerouting 27 nets.
[INFO GRT-0009] rerouting 29 nets.
[INFO GRT-0001] Minimum degree: 5
[INFO GRT-0002] Maximum degree: 6
[INFO GRT-0009] rerouting 1 nets.
[INFO GRT-0009] rerouting 2 nets.
[INFO GRT-0009] rerouting 3 nets.
[INFO GRT-0009] rerouting 4 nets.
[INFO GRT-0009] rerouting 5 nets.
[INFO GRT-0009] rerouting 6 nets.
[INFO GRT-0009] rerouting 7 nets.
[INFO GRT-0009] rerouting 9 nets.
[INFO GRT-0009] rerouting 10 nets.
[INFO GRT-0009] rerouting 11 nets.
[INFO GRT-0009] rerouting 12 nets.
[INFO GRT-0009] rerouting 13 nets.
[INFO GRT-0009] rerouting 16 nets.
[INFO GRT-0009] rerouting 17 nets.
[INFO GRT-0009] rerouting 18 nets.
[INFO GRT-0009] rerouting 21 nets.
[INFO GRT-0001] Minimum degree: 3
[INFO GRT-0002] Maximum degree: 3
[INFO GRT-0009] rerouting 1 nets.
[INFO GRT-0009] rerouting 2 nets.
[INFO GRT-0009] rerouting 3 nets.
[INFO GRT-0009] rerouting 5 nets.
[INFO GRT-0001] Minimum degree: 2
[INFO GRT-0002] Maximum degree: 2
[INFO GRT-0009] rerouting 3 nets.
[INFO GRT-0009] rerouting 4 nets.
[INFO GRT-0009] rerouting 5 nets.
[INFO GRT-0009] rerouting 6 nets.
[INFO GRT-0009] rerouting 10 nets.
[INFO GRT-0009] rerouting 11 nets.
[INFO GRT-0009] rerouting 12 nets.
[INFO GRT-0009] rerouting 13 nets.
[INFO GRT-0009] rerouting 14 nets.
[INFO GRT-0009] rerouting 16 nets.
[INFO GRT-0009] rerouting 20 nets.
[INFO GRT-0009] rerouting 21 nets.
[INFO GRT-0009] rerouting 24 nets.
[INFO GRT-0001] Minimum degree: 4
[INFO GRT-0002] Maximum degree: 4
[INFO GRT-0009] rerouting 1 nets.
[INFO GRT-0009] rerouting 2 nets.
[INFO GRT-0009] rerouting 4 nets.
[INFO GRT-0001] Minimum degree: 2
[INFO GRT-0002] Maximum degree: 3
[INFO GRT-0009] rerouting 4 nets.
[INFO GRT-0001] Minimum degree: 2
[INFO GRT-0002] Maximum degree: 4
[INFO GRT-0009] rerouting 1 nets.
[INFO GRT-0009] rerouting 2 nets.
[INFO GRT-0009] rerouting 3 nets.
[INFO GRT-0009] rerouting 4 nets.
[INFO GRT-0009] rerouting 5 nets.
[INFO GRT-0009] rerouting 6 nets.
[INFO GRT-0009] rerouting 8 nets.
[INFO GRT-0001] Minimum degree: 4
[INFO GRT-0002] Maximum degree: 4
[INFO GRT-0009] rerouting 2 nets.
[INFO GRT-0009] rerouting 3 nets.
[INFO GRT-0009] rerouting 4 nets.
[INFO GRT-0009] rerouting 7 nets.
[INFO GRT-0009] message limit reached, this message will no longer print
[INFO GRT-0001] Minimum degree: 4
[INFO GRT-0002] Maximum degree: 4
[INFO GRT-0001] Minimum degree: 3
[INFO GRT-0002] Maximum degree: 3
[INFO GRT-0001] Minimum degree: 2147483647
[INFO GRT-0002] Maximum degree: 1
[INFO GRT-0001] Minimum degree: 3
[INFO GRT-0002] Maximum degree: 3
[INFO GRT-0001] Minimum degree: 3
[INFO GRT-0002] Maximum degree: 3
[INFO GRT-0001] Minimum degree: 4
[INFO GRT-0002] Maximum degree: 4
[INFO GRT-0001] Minimum degree: 2
[INFO GRT-0002] Maximum degree: 3
[INFO GRT-0001] Minimum degree: 2
[INFO GRT-0002] Maximum degree: 5
[INFO GRT-0001] Minimum degree: 4
[INFO GRT-0002] Maximum degree: 4
[INFO GRT-0001] Minimum degree: 5
[INFO GRT-0002] Maximum degree: 5
[INFO GRT-0001] Minimum degree: 4
[INFO GRT-0002] Maximum degree: 4
[INFO GRT-0001] Minimum degree: 4
[INFO GRT-0002] Maximum degree: 4
[INFO GRT-0001] Minimum degree: 4
[INFO GRT-0002] Maximum degree: 4
[INFO GRT-0001] Minimum degree: 4
[INFO GRT-0002] Maximum degree: 4
[INFO GRT-0001] Minimum degree: 4
[INFO GRT-0002] Maximum degree: 4
[INFO GRT-0001] Minimum degree: 2
[INFO GRT-0002] Maximum degree: 2
[INFO GRT-0001] Minimum degree: 2147483647
[INFO GRT-0002] Maximum degree: 1
[INFO GRT-0001] Minimum degree: 3
[INFO GRT-0002] Maximum degree: 3
[INFO GRT-0001] Minimum degree: 2
[INFO GRT-0002] Maximum degree: 4
[INFO GRT-0001] Minimum degree: 2
[INFO GRT-0002] Maximum degree: 5
[INFO GRT-0001] Minimum degree: 4
[INFO GRT-0002] Maximum degree: 4
[INFO GRT-0001] Minimum degree: 4
[INFO GRT-0002] Maximum degree: 4
[INFO GRT-0001] Minimum degree: 3
[INFO GRT-0002] Maximum degree: 3
[INFO GRT-0001] Minimum degree: 3
[INFO GRT-0002] Maximum degree: 4
[INFO GRT-0001] Minimum degree: 3
[INFO GRT-0002] Maximum degree: 5
[INFO GRT-0001] Minimum degree: 4
[INFO GRT-0002] Maximum degree: 4
[INFO GRT-0001] Minimum degree: 4
[INFO GRT-0002] Maximum degree: 4
[INFO GRT-0001] Minimum degree: 4
[INFO GRT-0002] Maximum degree: 4
[INFO GRT-0001] Minimum degree: 3
[INFO GRT-0002] Maximum degree: 3
[INFO GRT-0001] Minimum degree: 2
[INFO GRT-0002] Maximum degree: 2
[INFO GRT-0001] Minimum degree: 6
[INFO GRT-0002] Maximum degree: 6
[INFO GRT-0001] Minimum degree: 5
[INFO GRT-0002] Maximum degree: 5
[INFO GRT-0001] Minimum degree: 6
[INFO GRT-0002] Maximum degree: 6
[INFO GRT-0001] Minimum degree: 2
[INFO GRT-0002] Maximum degree: 3
[INFO GRT-0001] Minimum degree: 5
[INFO GRT-0002] Maximum degree: 5
[INFO GRT-0001] Minimum degree: 2
[INFO GRT-0002] Maximum degree: 2
[INFO GRT-0001] Minimum degree: 4
[INFO GRT-0002] Maximum degree: 4
[INFO GRT-0001] Minimum degree: 4
[INFO GRT-0002] Maximum degree: 4
[INFO GRT-0001] Minimum degree: 3
[INFO GRT-0002] Maximum degree: 3
[INFO GRT-0001] Minimum degree: 7
[INFO GRT-0002] Maximum degree: 7
[INFO GRT-0001] Minimum degree: 7
[INFO GRT-0002] Maximum degree: 7
[INFO GRT-0001] Minimum degree: 2
[INFO GRT-0002] Maximum degree: 3
[INFO GRT-0001] Minimum degree: 8
[INFO GRT-0002] Maximum degree: 8
[INFO GRT-0001] Minimum degree: 4
[INFO GRT-0002] Maximum degree: 4
[INFO GRT-0001] Minimum degree: 4
[INFO GRT-0002] Maximum degree: 4
[INFO GRT-0001] Minimum degree: 2
[INFO GRT-0002] Maximum degree: 4
[INFO GRT-0001] Minimum degree: 3
[INFO GRT-0002] Maximum degree: 3
[INFO GRT-0001] Minimum degree: 3
[INFO GRT-0002] Maximum degree: 3
[INFO GRT-0001] Minimum degree: 2
[INFO GRT-0002] Maximum degree: 2
[INFO GRT-0001] Minimum degree: 3
[INFO GRT-0002] Maximum degree: 3
[INFO GRT-0001] Minimum degree: 2
[INFO GRT-0002] Maximum degree: 2
[INFO GRT-0001] Minimum degree: 4
[INFO GRT-0002] Maximum degree: 4
[INFO GRT-0001] Minimum degree: 4
[INFO GRT-0002] Maximum degree: 4
[INFO GRT-0001] Minimum degree: 3
[INFO GRT-0002] Maximum degree: 4
[INFO GRT-0001] Minimum degree: 2
[INFO GRT-0002] Maximum degree: 2
[INFO GRT-0001] Minimum degree: 4
[INFO GRT-0002] Maximum degree: 4
[INFO GRT-0001] Minimum degree: 4
[INFO GRT-0002] Maximum degree: 4
[INFO GRT-0001] Minimum degree: 2
[INFO GRT-0002] Maximum degree: 4
[INFO GRT-0001] Minimum degree: 2
[INFO GRT-0002] Maximum degree: 4
[INFO GRT-0001] Minimum degree: 4
[INFO GRT-0002] Maximum degree: 4
[INFO GRT-0001] Minimum degree: 3
[INFO GRT-0002] Maximum degree: 3
[INFO GRT-0001] Minimum degree: 3
[INFO GRT-0002] Maximum degree: 3
[INFO GRT-0001] Minimum degree: 2
[INFO GRT-0002] Maximum degree: 4
[INFO GRT-0001] Minimum degree: 4
[INFO GRT-0002] Maximum degree: 4
[INFO GRT-0001] Minimum degree: 3
[INFO GRT-0002] Maximum degree: 3
[INFO GRT-0001] Minimum degree: 3
[INFO GRT-0002] Maximum degree: 3
[INFO GRT-0001] Minimum degree: 3
[INFO GRT-0002] Maximum degree: 3
[INFO GRT-0001] Minimum degree: 3
[INFO GRT-0002] Maximum degree: 3
[INFO GRT-0001] Minimum degree: 3
[INFO GRT-0002] Maximum degree: 3
[INFO GRT-0001] Minimum degree: 7
[INFO GRT-0002] Maximum degree: 7
[INFO GRT-0001] Minimum degree: 2
[INFO GRT-0002] Maximum degree: 4
[INFO GRT-0001] Minimum degree: 4
[INFO GRT-0002] Maximum degree: 4
[INFO GRT-0001] Minimum degree: 4
[INFO GRT-0002] Maximum degree: 4
[INFO GRT-0001] Minimum degree: 3
[INFO GRT-0002] Maximum degree: 4
[INFO GRT-0001] Minimum degree: 3
[INFO GRT-0002] Maximum degree: 3
[INFO GRT-0001] Minimum degree: 4
[INFO GRT-0002] Maximum degree: 4
[INFO GRT-0001] Minimum degree: 2
[INFO GRT-0002] Maximum degree: 3
[INFO GRT-0001] Minimum degree: 2
[INFO GRT-0002] Maximum degree: 2
[INFO GRT-0001] Minimum degree: 5
[INFO GRT-0002] Maximum degree: 5
[INFO GRT-0001] Minimum degree: 3
[INFO GRT-0002] Maximum degree: 3
[INFO GRT-0001] Minimum degree: 4
[INFO GRT-0002] Maximum degree: 4
[INFO GRT-0001] Minimum degree: 4
[INFO GRT-0002] Maximum degree: 4
[INFO GRT-0001] Minimum degree: 4
[INFO GRT-0002] Maximum degree: 4
[INFO GRT-0001] Minimum degree: 2
[INFO GRT-0002] Maximum degree: 5
[INFO GRT-0001] Minimum degree: 2
[INFO GRT-0002] Maximum degree: 3
[INFO GRT-0001] Minimum degree: 3
[INFO GRT-0002] Maximum degree: 6
[INFO GRT-0001] Minimum degree: 2
[INFO GRT-0002] Maximum degree: 2
[INFO GRT-0001] Minimum degree: 3
[INFO GRT-0002] Maximum degree: 3
[INFO GRT-0001] Minimum degree: 6
[INFO GRT-0002] Maximum degree: 6
[INFO GRT-0001] Minimum degree: 3
[INFO GRT-0002] Maximum degree: 6
[INFO GRT-0001] Minimum degree: 2
[INFO GRT-0002] Maximum degree: 2
[INFO GRT-0001] Minimum degree: 2147483647
[INFO GRT-0002] Maximum degree: 1
[INFO GRT-0001] Minimum degree: 2
[INFO GRT-0002] Maximum degree: 4
[INFO GRT-0001] Minimum degree: 4
[INFO GRT-0002] Maximum degree: 4
[INFO GRT-0001] Minimum degree: 2
[INFO GRT-0002] Maximum degree: 3
[INFO GRT-0001] Minimum degree: 2147483647
[INFO GRT-0002] Maximum degree: 1
[INFO GRT-0001] Minimum degree: 2
[INFO GRT-0002] Maximum degree: 2
[INFO GRT-0001] Minimum degree: 5
[INFO GRT-0002] Maximum degree: 5
[INFO GRT-0001] Minimum degree: 4
[INFO GRT-0002] Maximum degree: 4
[INFO GRT-0001] Minimum degree: 4
[INFO GRT-0002] Maximum degree: 4
[INFO GRT-0001] Minimum degree: 4
[INFO GRT-0002] Maximum degree: 4
[INFO GRT-0001] Minimum degree: 4
[INFO GRT-0002] Maximum degree: 4
[INFO GRT-0001] Minimum degree: 2
[INFO GRT-0002] Maximum degree: 17
[INFO GRT-0001] Minimum degree: 2
[INFO GRT-0002] Maximum degree: 2
[INFO GRT-0001] Minimum degree: 4
[INFO GRT-0002] Maximum degree: 5
[INFO GRT-0001] Minimum degree: 4
[INFO GRT-0002] Maximum degree: 4
[INFO GRT-0001] Minimum degree: 4
[INFO GRT-0002] Maximum degree: 4
[INFO GRT-0001] Minimum degree: 4
[INFO GRT-0002] Maximum degree: 4
[INFO GRT-0001] Minimum degree: 4
[INFO GRT-0002] Maximum degree: 4
[INFO GRT-0001] Minimum degree: 4
[INFO GRT-0002] Maximum degree: 4
[INFO GRT-0001] Minimum degree: 3
[INFO GRT-0002] Maximum degree: 3
[INFO GRT-0001] Minimum degree: 2
[INFO GRT-0002] Maximum degree: 2
[INFO GRT-0001] Minimum degree: 4
[INFO GRT-0002] Maximum degree: 4
[INFO GRT-0001] Minimum degree: 3
[INFO GRT-0002] Maximum degree: 3
[INFO GRT-0001] Minimum degree: 2
[INFO GRT-0002] Maximum degree: 3
[INFO GRT-0001] Minimum degree: 3
[INFO GRT-0002] Maximum degree: 6
[INFO GRT-0001] Minimum degree: 3
[INFO GRT-0002] Maximum degree: 4
[INFO GRT-0001] Minimum degree: 4
[INFO GRT-0002] Maximum degree: 4
[INFO GRT-0001] Minimum degree: 4
[INFO GRT-0002] Maximum degree: 4
[INFO GRT-0001] Minimum degree: 2
[INFO GRT-0002] Maximum degree: 2
[INFO GRT-0001] Minimum degree: 3
[INFO GRT-0002] Maximum degree: 3
[INFO GRT-0001] Minimum degree: 2147483647
[INFO GRT-0002] Maximum degree: 1
[INFO GRT-0001] Minimum degree: 5
[INFO GRT-0002] Maximum degree: 5
[INFO GRT-0001] Minimum degree: 3
[INFO GRT-0002] Maximum degree: 3
[INFO GRT-0001] Minimum degree: 2147483647
[INFO GRT-0002] Maximum degree: 1
[INFO GRT-0001] Minimum degree: 3
[INFO GRT-0002] Maximum degree: 3
[INFO GRT-0001] Minimum degree: 4
[INFO GRT-0002] Maximum degree: 4
[INFO GRT-0001] Minimum degree: 2
[INFO GRT-0002] Maximum degree: 2
[INFO GRT-0001] Minimum degree: 2147483647
[INFO GRT-0002] Maximum degree: 1
[INFO GRT-0001] Minimum degree: 2
[INFO GRT-0002] Maximum degree: 3
[INFO GRT-0001] Minimum degree: 3
[INFO GRT-0002] Maximum degree: 6
[INFO GRT-0001] Minimum degree: 2
[INFO GRT-0002] Maximum degree: 2
[INFO GRT-0001] Minimum degree: 4
[INFO GRT-0002] Maximum degree: 4
[INFO GRT-0001] Minimum degree: 2
[INFO GRT-0002] Maximum degree: 2
[INFO GRT-0001] Minimum degree: 2
[INFO GRT-0002] Maximum degree: 4
[INFO GRT-0001] Minimum degree: 2147483647
[INFO GRT-0002] Maximum degree: 1
[INFO GRT-0001] Minimum degree: 4
[INFO GRT-0002] Maximum degree: 4
[INFO GRT-0001] Minimum degree: 3
[INFO GRT-0002] Maximum degree: 3
[INFO GRT-0001] Minimum degree: 3
[INFO GRT-0002] Maximum degree: 3
[INFO GRT-0001] Minimum degree: 4
[INFO GRT-0002] Maximum degree: 4
[INFO GRT-0001] Minimum degree: 4
[INFO GRT-0002] Maximum degree: 4
[INFO GRT-0001] Minimum degree: 5
[INFO GRT-0002] Maximum degree: 5
[INFO GRT-0001] Minimum degree: 3
[INFO GRT-0002] Maximum degree: 4
[INFO GRT-0001] Minimum degree: 2
[INFO GRT-0002] Maximum degree: 2
[INFO GRT-0001] Minimum degree: 4
[INFO GRT-0002] Maximum degree: 4
[INFO GRT-0001] Minimum degree: 2147483647
[INFO GRT-0002] Maximum degree: 1
[INFO GRT-0001] Minimum degree: 2
[INFO GRT-0002] Maximum degree: 4
[INFO GRT-0001] Minimum degree: 2
[INFO GRT-0002] Maximum degree: 2
[INFO GRT-0001] Minimum degree: 2147483647
[INFO GRT-0002] Maximum degree: 1
[INFO GRT-0001] Minimum degree: 2
[INFO GRT-0002] Maximum degree: 4
[INFO GRT-0001] Minimum degree: 2
[INFO GRT-0002] Maximum degree: 3
[INFO GRT-0001] Minimum degree: 4
[INFO GRT-0002] Maximum degree: 4
[INFO GRT-0001] Minimum degree: 3
[INFO GRT-0002] Maximum degree: 3
[INFO GRT-0001] Minimum degree: 4
[INFO GRT-0002] Maximum degree: 4
[INFO GRT-0001] Minimum degree: 4
[INFO GRT-0002] Maximum degree: 4
[INFO GRT-0001] Minimum degree: 4
[INFO GRT-0002] Maximum degree: 4
[INFO GRT-0001] Minimum degree: 2
[INFO GRT-0002] Maximum degree: 2
[INFO GRT-0001] Minimum degree: 2
[INFO GRT-0002] Maximum degree: 2
[INFO GRT-0001] Minimum degree: 2
[INFO GRT-0002] Maximum degree: 6
[INFO GRT-0001] Minimum degree: 2
[INFO GRT-0002] Maximum degree: 4
[INFO GRT-0001] Minimum degree: 5
[INFO GRT-0002] Maximum degree: 5
[INFO GRT-0001] Minimum degree: 4
[INFO GRT-0002] Maximum degree: 4
[INFO GRT-0001] Minimum degree: 3
[INFO GRT-0002] Maximum degree: 4
[INFO GRT-0001] Minimum degree: 5
[INFO GRT-0002] Maximum degree: 5
[INFO GRT-0001] Minimum degree: 4
[INFO GRT-0002] Maximum degree: 4
[INFO GRT-0001] Minimum degree: 3
[INFO GRT-0002] Maximum degree: 3
[INFO GRT-0001] Minimum degree: 4
[INFO GRT-0002] Maximum degree: 4
[INFO GRT-0001] Minimum degree: 2
[INFO GRT-0002] Maximum degree: 3
[INFO GRT-0001] Minimum degree: 3
[INFO GRT-0002] Maximum degree: 3
[INFO GRT-0001] Minimum degree: 4
[INFO GRT-0002] Maximum degree: 4
[INFO GRT-0001] Minimum degree: 4
[INFO GRT-0002] Maximum degree: 4
[INFO GRT-0001] Minimum degree: 6
[INFO GRT-0002] Maximum degree: 6
[INFO GRT-0001] Minimum degree: 2
[INFO GRT-0002] Maximum degree: 3
[INFO GRT-0001] Minimum degree: 2
[INFO GRT-0002] Maximum degree: 3
[INFO GRT-0001] Minimum degree: 2
[INFO GRT-0002] Maximum degree: 4
[INFO GRT-0001] Minimum degree: 4
[INFO GRT-0002] Maximum degree: 4
[INFO GRT-0001] Minimum degree: 4
[INFO GRT-0002] Maximum degree: 4
[INFO GRT-0001] Minimum degree: 3
[INFO GRT-0002] Maximum degree: 3
[INFO GRT-0001] Minimum degree: 2
[INFO GRT-0002] Maximum degree: 2
[INFO GRT-0001] Minimum degree: 3
[INFO GRT-0002] Maximum degree: 3
[INFO GRT-0001] Minimum degree: 4
[INFO GRT-0002] Maximum degree: 4
[INFO GRT-0001] Minimum degree: 4
[INFO GRT-0002] Maximum degree: 4
[INFO GRT-0001] Minimum degree: 5
[INFO GRT-0002] Maximum degree: 5
[INFO GRT-0001] Minimum degree: 3
[INFO GRT-0002] Maximum degree: 4
[INFO GRT-0001] Minimum degree: 4
[INFO GRT-0002] Maximum degree: 4
[INFO GRT-0001] Minimum degree: 2
[INFO GRT-0002] Maximum degree: 2
[INFO GRT-0001] Minimum degree: 4
[INFO GRT-0002] Maximum degree: 4
[INFO GRT-0001] Minimum degree: 4
[INFO GRT-0002] Maximum degree: 4
[INFO GRT-0001] Minimum degree: 6
[INFO GRT-0002] Maximum degree: 6
[INFO GRT-0001] Minimum degree: 3
[INFO GRT-0002] Maximum degree: 3
[INFO GRT-0001] Minimum degree: 2
[INFO GRT-0002] Maximum degree: 2
[INFO GRT-0001] Minimum degree: 3
[INFO GRT-0002] Maximum degree: 4
[INFO GRT-0001] Minimum degree: 4
[INFO GRT-0002] Maximum degree: 4
[INFO GRT-0001] Minimum degree: 4
[INFO GRT-0002] Maximum degree: 4
[INFO GRT-0001] Minimum degree: 4
[INFO GRT-0002] Maximum degree: 4
[INFO GRT-0001] Minimum degree: 4
[INFO GRT-0002] Maximum degree: 4
[INFO GRT-0001] Minimum degree: 2
[INFO GRT-0002] Maximum degree: 5
[INFO GRT-0001] Minimum degree: 4
[INFO GRT-0002] Maximum degree: 4
[INFO GRT-0001] Minimum degree: 5
[INFO GRT-0002] Maximum degree: 5
[INFO GRT-0001] Minimum degree: 2147483647
[INFO GRT-0002] Maximum degree: 1
[INFO GRT-0001] Minimum degree: 2
[INFO GRT-0002] Maximum degree: 2
[INFO GRT-0001] Minimum degree: 4
[INFO GRT-0002] Maximum degree: 4
[INFO GRT-0001] Minimum degree: 2
[INFO GRT-0002] Maximum degree: 2
[INFO GRT-0001] Minimum degree: 4
[INFO GRT-0002] Maximum degree: 4
[INFO GRT-0001] Minimum degree: 2
[INFO GRT-0002] Maximum degree: 2
[INFO GRT-0001] Minimum degree: 3
[INFO GRT-0002] Maximum degree: 3
[INFO GRT-0001] Minimum degree: 2
[INFO GRT-0002] Maximum degree: 2
[INFO GRT-0001] Minimum degree: 7
[INFO GRT-0002] Maximum degree: 7
[INFO GRT-0001] Minimum degree: 2
[INFO GRT-0002] Maximum degree: 4
[INFO GRT-0001] Minimum degree: 3
[INFO GRT-0002] Maximum degree: 5
[INFO GRT-0001] Minimum degree: 2
[INFO GRT-0002] Maximum degree: 2
[INFO GRT-0001] Minimum degree: 17
[INFO GRT-0002] Maximum degree: 17
[INFO GRT-0001] Minimum degree: 2
[INFO GRT-0002] Maximum degree: 5
[INFO GRT-0001] Minimum degree: 4
[INFO GRT-0002] Maximum degree: 4
[INFO GRT-0001] Minimum degree: 4
[INFO GRT-0002] Maximum degree: 4
[INFO GRT-0001] Minimum degree: 5
[INFO GRT-0002] Maximum degree: 6
[INFO GRT-0001] Minimum degree: 5
[INFO GRT-0002] Maximum degree: 5
[INFO GRT-0001] Minimum degree: 2
[INFO GRT-0002] Maximum degree: 3
[INFO GRT-0001] Minimum degree: 3
[INFO GRT-0002] Maximum degree: 3
[INFO GRT-0001] Minimum degree: 5
[INFO GRT-0002] Maximum degree: 5
[INFO GRT-0001] Minimum degree: 4
[INFO GRT-0002] Maximum degree: 4
[INFO GRT-0001] Minimum degree: 2
[INFO GRT-0002] Maximum degree: 4
[INFO GRT-0001] Minimum degree: 4
[INFO GRT-0002] Maximum degree: 4
[INFO GRT-0001] Minimum degree: 2
[INFO GRT-0002] Maximum degree: 3
[INFO GRT-0001] Minimum degree: 7
[INFO GRT-0002] Maximum degree: 7
[INFO GRT-0001] Minimum degree: 3
[INFO GRT-0002] Maximum degree: 3
[INFO GRT-0001] Minimum degree: 2147483647
[INFO GRT-0002] Maximum degree: 1
[INFO GRT-0001] Minimum degree: 4
[INFO GRT-0002] Maximum degree: 4
[INFO GRT-0001] Minimum degree: 3
[INFO GRT-0002] Maximum degree: 3
[INFO GRT-0001] Minimum degree: 3
[INFO GRT-0002] Maximum degree: 3
[INFO GRT-0001] Minimum degree: 4
[INFO GRT-0002] Maximum degree: 4
[INFO GRT-0001] Minimum degree: 3
[INFO GRT-0002] Maximum degree: 3
[INFO GRT-0001] Minimum degree: 4
[INFO GRT-0002] Maximum degree: 4
[INFO GRT-0001] Minimum degree: 2
[INFO GRT-0002] Maximum degree: 3
[INFO GRT-0001] Minimum degree: 3
[INFO GRT-0002] Maximum degree: 5
[INFO GRT-0001] Minimum degree: 4
[INFO GRT-0002] Maximum degree: 4
[INFO GRT-0001] Minimum degree: 4
[INFO GRT-0002] Maximum degree: 4
[INFO GRT-0001] Minimum degree: 2147483647
[INFO GRT-0002] Maximum degree: 1
[INFO GRT-0001] Minimum degree: 4
[INFO GRT-0002] Maximum degree: 4
[INFO GRT-0001] Minimum degree: 4
[INFO GRT-0002] Maximum degree: 4
[INFO GRT-0001] Minimum degree: 2
[INFO GRT-0002] Maximum degree: 2
[INFO GRT-0001] Minimum degree: 4
[INFO GRT-0002] Maximum degree: 4
[INFO GRT-0001] Minimum degree: 2
[INFO GRT-0002] Maximum degree: 2
[INFO GRT-0001] Minimum degree: 3
[INFO GRT-0002] Maximum degree: 4
[INFO GRT-0001] Minimum degree: 2
[INFO GRT-0002] Maximum degree: 2
[INFO GRT-0001] Minimum degree: 4
[INFO GRT-0002] Maximum degree: 4
[INFO GRT-0001] Minimum degree: 3
[INFO GRT-0002] Maximum degree: 3
[INFO GRT-0001] Minimum degree: 4
[INFO GRT-0002] Maximum degree: 4
[INFO GRT-0001] Minimum degree: 4
[INFO GRT-0002] Maximum degree: 4
[INFO GRT-0001] Minimum degree: 2
[INFO GRT-0002] Maximum degree: 3
[INFO GRT-0001] Minimum degree: 4
[INFO GRT-0002] Maximum degree: 4
[INFO GRT-0001] Minimum degree: 4
[INFO GRT-0002] Maximum degree: 4
[INFO GRT-0001] Minimum degree: 3
[INFO GRT-0002] Maximum degree: 5
[INFO GRT-0001] Minimum degree: 4
[INFO GRT-0002] Maximum degree: 4
[INFO GRT-0001] Minimum degree: 4
[INFO GRT-0002] Maximum degree: 4
[INFO GRT-0001] Minimum degree: 4
[INFO GRT-0002] Maximum degree: 4
[INFO GRT-0001] Minimum degree: 3
[INFO GRT-0002] Maximum degree: 3
[INFO GRT-0001] Minimum degree: 4
[INFO GRT-0002] Maximum degree: 4
[INFO GRT-0001] Minimum degree: 2
[INFO GRT-0002] Maximum degree: 2
[INFO GRT-0001] Minimum degree: 3
[INFO GRT-0002] Maximum degree: 3
[INFO GRT-0001] Minimum degree: 8
[INFO GRT-0002] Maximum degree: 8
[INFO GRT-0001] Minimum degree: 2
[INFO GRT-0002] Maximum degree: 4
[INFO GRT-0001] Minimum degree: 5
[INFO GRT-0002] Maximum degree: 9
[INFO GRT-0001] Minimum degree: 2147483647
[INFO GRT-0002] Maximum degree: 1
[INFO GRT-0001] Minimum degree: 3
[INFO GRT-0002] Maximum degree: 3
[INFO GRT-0001] Minimum degree: 4
[INFO GRT-0002] Maximum degree: 4
[INFO GRT-0001] Minimum degree: 3
[INFO GRT-0002] Maximum degree: 3
[INFO GRT-0001] Minimum degree: 2
[INFO GRT-0002] Maximum degree: 3
[INFO GRT-0001] Minimum degree: 4
[INFO GRT-0002] Maximum degree: 4
[INFO GRT-0001] Minimum degree: 6
[INFO GRT-0002] Maximum degree: 6
[INFO GRT-0001] Minimum degree: 2
[INFO GRT-0002] Maximum degree: 17
[INFO GRT-0001] Minimum degree: 4
[INFO GRT-0002] Maximum degree: 4
[INFO GRT-0001] Minimum degree: 3
[INFO GRT-0002] Maximum degree: 3
[INFO GRT-0001] Minimum degree: 3
[INFO GRT-0002] Maximum degree: 3
[INFO GRT-0001] Minimum degree: 2
[INFO GRT-0002] Maximum degree: 2
[INFO GRT-0001] Minimum degree: 4
[INFO GRT-0002] Maximum degree: 4
[INFO GRT-0001] Minimum degree: 3
[INFO GRT-0002] Maximum degree: 3
[INFO GRT-0001] Minimum degree: 4
[INFO GRT-0002] Maximum degree: 4
[INFO GRT-0001] Minimum degree: 2
[INFO GRT-0002] Maximum degree: 5
[INFO GRT-0001] Minimum degree: 3
[INFO GRT-0002] Maximum degree: 3
[INFO GRT-0001] Minimum degree: 4
[INFO GRT-0002] Maximum degree: 4
[INFO GRT-0001] Minimum degree: 4
[INFO GRT-0002] Maximum degree: 4
[INFO GRT-0001] Minimum degree: 2
[INFO GRT-0002] Maximum degree: 17
[INFO GRT-0001] Minimum degree: 3
[INFO GRT-0002] Maximum degree: 3
[INFO GRT-0001] Minimum degree: 2
[INFO GRT-0002] Maximum degree: 2
[INFO GRT-0001] Minimum degree: 2147483647
[INFO GRT-0002] Maximum degree: 1
[INFO GRT-0001] Minimum degree: 5
[INFO GRT-0002] Maximum degree: 5
[INFO GRT-0001] Minimum degree: 2
[INFO GRT-0002] Maximum degree: 4
[INFO GRT-0001] Minimum degree: 3
[INFO GRT-0002] Maximum degree: 3
[INFO GRT-0001] Minimum degree: 4
[INFO GRT-0002] Maximum degree: 4
[INFO GRT-0001] Minimum degree: 2147483647
[INFO GRT-0002] Maximum degree: 1
[INFO GRT-0001] Minimum degree: 2
[INFO GRT-0002] Maximum degree: 3
[INFO GRT-0001] Minimum degree: 2147483647
[INFO GRT-0002] Maximum degree: 1
[INFO GRT-0001] Minimum degree: 2
[INFO GRT-0002] Maximum degree: 2
[INFO GRT-0001] Minimum degree: 2
[INFO GRT-0002] Maximum degree: 2
[INFO GRT-0001] Minimum degree: 3
[INFO GRT-0002] Maximum degree: 3
[INFO GRT-0001] Minimum degree: 2
[INFO GRT-0002] Maximum degree: 3
[INFO GRT-0001] Minimum degree: 2
[INFO GRT-0002] Maximum degree: 3
[INFO GRT-0001] Minimum degree: 17
[INFO GRT-0002] Maximum degree: 17
[INFO GRT-0001] Minimum degree: 5
[INFO GRT-0002] Maximum degree: 5
[INFO GRT-0001] Minimum degree: 4
[INFO GRT-0002] Maximum degree: 4
[INFO GRT-0001] Minimum degree: 4
[INFO GRT-0002] Maximum degree: 4
[INFO GRT-0001] Minimum degree: 4
[INFO GRT-0002] Maximum degree: 4
[INFO GRT-0001] Minimum degree: 3
[INFO GRT-0002] Maximum degree: 3
[INFO GRT-0001] Minimum degree: 4
[INFO GRT-0002] Maximum degree: 4
[INFO GRT-0001] Minimum degree: 3
[INFO GRT-0002] Maximum degree: 3
[INFO GRT-0001] Minimum degree: 2
[INFO GRT-0002] Maximum degree: 3
[INFO GRT-0001] Minimum degree: 4
[INFO GRT-0002] Maximum degree: 4
[INFO GRT-0001] Minimum degree: 3
[INFO GRT-0002] Maximum degree: 3
[INFO GRT-0001] Minimum degree: 3
[INFO GRT-0002] Maximum degree: 3
[INFO GRT-0001] Minimum degree: 4
[INFO GRT-0002] Maximum degree: 4
[INFO GRT-0001] Minimum degree: 6
[INFO GRT-0002] Maximum degree: 6
[INFO GRT-0001] Minimum degree: 2
[INFO GRT-0002] Maximum degree: 4
[INFO GRT-0001] Minimum degree: 3
[INFO GRT-0002] Maximum degree: 4
[INFO GRT-0001] Minimum degree: 3
[INFO GRT-0002] Maximum degree: 4
[INFO GRT-0001] Minimum degree: 3
[INFO GRT-0002] Maximum degree: 3
[INFO GRT-0001] Minimum degree: 4
[INFO GRT-0002] Maximum degree: 4
[INFO GRT-0001] Minimum degree: 2
[INFO GRT-0002] Maximum degree: 2
[INFO GRT-0001] Minimum degree: 4
[INFO GRT-0002] Maximum degree: 4
[INFO GRT-0001] Minimum degree: 2
[INFO GRT-0002] Maximum degree: 2
[INFO GRT-0001] Minimum degree: 3
[INFO GRT-0002] Maximum degree: 3
[INFO GRT-0001] Minimum degree: 3
[INFO GRT-0002] Maximum degree: 3
[INFO GRT-0001] Minimum degree: 4
[INFO GRT-0002] Maximum degree: 4
[INFO GRT-0001] Minimum degree: 2147483647
[INFO GRT-0002] Maximum degree: 1
[INFO GRT-0001] Minimum degree: 5
[INFO GRT-0002] Maximum degree: 5
[INFO GRT-0001] Minimum degree: 5
[INFO GRT-0002] Maximum degree: 5
[INFO GRT-0001] Minimum degree: 2
[INFO GRT-0002] Maximum degree: 2
[INFO GRT-0001] Minimum degree: 3
[INFO GRT-0002] Maximum degree: 3
[INFO GRT-0001] Minimum degree: 4
[INFO GRT-0002] Maximum degree: 4
[INFO GRT-0001] Minimum degree: 3
[INFO GRT-0002] Maximum degree: 3
[INFO GRT-0001] Minimum degree: 2147483647
[INFO GRT-0002] Maximum degree: 1
[INFO GRT-0001] Minimum degree: 4
[INFO GRT-0002] Maximum degree: 4
[INFO GRT-0001] Minimum degree: 3
[INFO GRT-0002] Maximum degree: 3
[INFO GRT-0001] Minimum degree: 2
[INFO GRT-0002] Maximum degree: 2
[INFO GRT-0001] Minimum degree: 2147483647
[INFO GRT-0002] Maximum degree: 1
[INFO GRT-0001] Minimum degree: 4
[INFO GRT-0002] Maximum degree: 4
[INFO GRT-0001] Minimum degree: 3
[INFO GRT-0002] Maximum degree: 3
[INFO GRT-0001] Minimum degree: 2
[INFO GRT-0002] Maximum degree: 2
[INFO GRT-0001] Minimum degree: 2
[INFO GRT-0002] Maximum degree: 4
[INFO GRT-0001] Minimum degree: 2
[INFO GRT-0002] Maximum degree: 4
[INFO GRT-0001] Minimum degree: 3
[INFO GRT-0002] Maximum degree: 3
[INFO GRT-0001] Minimum degree: 3
[INFO GRT-0002] Maximum degree: 3
[INFO GRT-0001] Minimum degree: 2
[INFO GRT-0002] Maximum degree: 5
[INFO GRT-0001] Minimum degree: 3
[INFO GRT-0002] Maximum degree: 3
[INFO GRT-0001] Minimum degree: 4
[INFO GRT-0002] Maximum degree: 4
[INFO GRT-0001] Minimum degree: 2147483647
[INFO GRT-0002] Maximum degree: 1
[INFO GRT-0001] Minimum degree: 3
[INFO GRT-0002] Maximum degree: 3
[INFO GRT-0001] Minimum degree: 4
[INFO GRT-0002] Maximum degree: 4
[INFO GRT-0001] Minimum degree: 3
[INFO GRT-0002] Maximum degree: 3
[INFO GRT-0001] Minimum degree: 4
[INFO GRT-0002] Maximum degree: 4
[INFO GRT-0001] Minimum degree: 2
[INFO GRT-0002] Maximum degree: 7
[INFO GRT-0001] Minimum degree: 4
[INFO GRT-0002] Maximum degree: 4
[INFO GRT-0001] Minimum degree: 2
[INFO GRT-0002] Maximum degree: 2
[INFO GRT-0001] Minimum degree: 3
[INFO GRT-0002] Maximum degree: 3
[INFO GRT-0001] Minimum degree: 2147483647
[INFO GRT-0002] Maximum degree: 1
[INFO GRT-0001] Minimum degree: 3
[INFO GRT-0002] Maximum degree: 3
[INFO GRT-0001] Minimum degree: 4
[INFO GRT-0002] Maximum degree: 4
[INFO GRT-0001] Minimum degree: 4
[INFO GRT-0002] Maximum degree: 4
[INFO GRT-0001] Minimum degree: 3
[INFO GRT-0002] Maximum degree: 4
[INFO GRT-0001] Minimum degree: 4
[INFO GRT-0002] Maximum degree: 5
[INFO GRT-0001] Minimum degree: 5
[INFO GRT-0002] Maximum degree: 5
[INFO GRT-0001] Minimum degree: 4
[INFO GRT-0002] Maximum degree: 4
[INFO GRT-0001] Minimum degree: 4
[INFO GRT-0002] Maximum degree: 4
[INFO GRT-0001] Minimum degree: 5
[INFO GRT-0002] Maximum degree: 5
[INFO GRT-0001] Minimum degree: 4
[INFO GRT-0002] Maximum degree: 6
[INFO GRT-0001] Minimum degree: 2
[INFO GRT-0002] Maximum degree: 2
[INFO GRT-0001] Minimum degree: 2
[INFO GRT-0002] Maximum degree: 4
[INFO GRT-0001] Minimum degree: 3
[INFO GRT-0002] Maximum degree: 5
[INFO GRT-0001] Minimum degree: 3
[INFO GRT-0002] Maximum degree: 3
[INFO GRT-0001] Minimum degree: 2
[INFO GRT-0002] Maximum degree: 3
[INFO GRT-0001] Minimum degree: 3
[INFO GRT-0002] Maximum degree: 5
[INFO GRT-0001] Minimum degree: 4
[INFO GRT-0002] Maximum degree: 4
[INFO GRT-0001] Minimum degree: 5
[INFO GRT-0002] Maximum degree: 5
[INFO GRT-0001] Minimum degree: 2
[INFO GRT-0002] Maximum degree: 3
[INFO GRT-0001] Minimum degree: 3
[INFO GRT-0002] Maximum degree: 3
[INFO GRT-0001] Minimum degree: 3
[INFO GRT-0002] Maximum degree: 3
[INFO GRT-0001] Minimum degree: 2
[INFO GRT-0002] Maximum degree: 4
[INFO GRT-0001] Minimum degree: 2
[INFO GRT-0002] Maximum degree: 2
[INFO GRT-0001] Minimum degree: 2
[INFO GRT-0002] Maximum degree: 2
[INFO GRT-0001] Minimum degree: 5
[INFO GRT-0002] Maximum degree: 5
[INFO GRT-0001] Minimum degree: 2147483647
[INFO GRT-0002] Maximum degree: 1
[INFO GRT-0001] Minimum degree: 17
[INFO GRT-0002] Maximum degree: 17
[INFO GRT-0001] Minimum degree: 17
[INFO GRT-0002] Maximum degree: 17
[INFO GRT-0001] Minimum degree: 2
[INFO GRT-0002] Maximum degree: 2
[INFO GRT-0001] Minimum degree: 3
[INFO GRT-0002] Maximum degree: 3
[INFO GRT-0001] Minimum degree: 3
[INFO GRT-0002] Maximum degree: 3
[INFO GRT-0001] Minimum degree: 4
[INFO GRT-0002] Maximum degree: 4
[INFO GRT-0001] Minimum degree: 4
[INFO GRT-0002] Maximum degree: 4
[INFO GRT-0001] Minimum degree: 2
[INFO GRT-0002] Maximum degree: 2
[INFO GRT-0001] Minimum degree: 3
[INFO GRT-0002] Maximum degree: 4
[INFO GRT-0001] Minimum degree: 5
[INFO GRT-0002] Maximum degree: 5
[INFO GRT-0001] Minimum degree: 3
[INFO GRT-0002] Maximum degree: 3
[INFO GRT-0001] Minimum degree: 2
[INFO GRT-0002] Maximum degree: 2
[INFO GRT-0001] Minimum degree: 2
[INFO GRT-0002] Maximum degree: 2
[INFO GRT-0001] Minimum degree: 3
[INFO GRT-0002] Maximum degree: 3
[INFO GRT-0001] Minimum degree: 4
[INFO GRT-0002] Maximum degree: 4
[INFO GRT-0001] Minimum degree: 2
[INFO GRT-0002] Maximum degree: 4
[INFO GRT-0001] Minimum degree: 2
[INFO GRT-0002] Maximum degree: 3
[INFO GRT-0001] Minimum degree: 2147483647
[INFO GRT-0002] Maximum degree: 1
[INFO GRT-0001] Minimum degree: 4
[INFO GRT-0002] Maximum degree: 4
[INFO GRT-0001] Minimum degree: 5
[INFO GRT-0002] Maximum degree: 5
[INFO GRT-0001] Minimum degree: 3
[INFO GRT-0002] Maximum degree: 3
[INFO GRT-0001] Minimum degree: 4
[INFO GRT-0002] Maximum degree: 4
[INFO GRT-0001] Minimum degree: 2
[INFO GRT-0002] Maximum degree: 2
[INFO GRT-0001] Minimum degree: 2
[INFO GRT-0002] Maximum degree: 2
[INFO GRT-0001] Minimum degree: 2147483647
[INFO GRT-0002] Maximum degree: 1
[INFO GRT-0001] Minimum degree: 4
[INFO GRT-0002] Maximum degree: 4
[INFO GRT-0001] Minimum degree: 2
[INFO GRT-0002] Maximum degree: 2
[INFO GRT-0001] Minimum degree: 3
[INFO GRT-0002] Maximum degree: 3
[INFO GRT-0001] Minimum degree: 4
[INFO GRT-0002] Maximum degree: 4
[INFO GRT-0001] Minimum degree: 3
[INFO GRT-0002] Maximum degree: 3
[INFO GRT-0001] Minimum degree: 4
[INFO GRT-0002] Maximum degree: 4
[INFO GRT-0001] Minimum degree: 3
[INFO GRT-0002] Maximum degree: 3
[INFO GRT-0001] Minimum degree: 4
[INFO GRT-0002] Maximum degree: 4
[INFO GRT-0001] Minimum degree: 2147483647
[INFO GRT-0002] Maximum degree: 1
[INFO GRT-0001] Minimum degree: 3
[INFO GRT-0002] Maximum degree: 3
[INFO GRT-0001] Minimum degree: 4
[INFO GRT-0002] Maximum degree: 4
[INFO GRT-0001] Minimum degree: 4
[INFO GRT-0002] Maximum degree: 4
[INFO GRT-0001] Minimum degree: 3
[INFO GRT-0002] Maximum degree: 3
[INFO GRT-0001] Minimum degree: 2
[INFO GRT-0002] Maximum degree: 4
[INFO GRT-0001] Minimum degree: 4
[INFO GRT-0002] Maximum degree: 4
[INFO GRT-0001] Minimum degree: 3
[INFO GRT-0002] Maximum degree: 3
[INFO GRT-0001] Minimum degree: 2
[INFO GRT-0002] Maximum degree: 4
[INFO GRT-0001] Minimum degree: 4
[INFO GRT-0002] Maximum degree: 4
[INFO GRT-0001] Minimum degree: 2
[INFO GRT-0002] Maximum degree: 2
[INFO GRT-0001] Minimum degree: 4
[INFO GRT-0002] Maximum degree: 4
[INFO GRT-0001] Minimum degree: 2
[INFO GRT-0002] Maximum degree: 4
[INFO GRT-0001] Minimum degree: 4
[INFO GRT-0002] Maximum degree: 4
[INFO GRT-0001] Minimum degree: 2
[INFO GRT-0002] Maximum degree: 3
[INFO GRT-0001] Minimum degree: 4
[INFO GRT-0002] Maximum degree: 4
[INFO GRT-0001] Minimum degree: 3
[INFO GRT-0002] Maximum degree: 3
[INFO GRT-0001] Minimum degree: 2
[INFO GRT-0002] Maximum degree: 2
[INFO GRT-0001] Minimum degree: 2
[INFO GRT-0002] Maximum degree: 3
[INFO GRT-0001] Minimum degree: 2
[INFO GRT-0002] Maximum degree: 2
[INFO GRT-0001] Minimum degree: 4
[INFO GRT-0002] Maximum degree: 4
[INFO GRT-0001] Minimum degree: 3
[INFO GRT-0002] Maximum degree: 3
[INFO GRT-0001] Minimum degree: 4
[INFO GRT-0002] Maximum degree: 4
[INFO GRT-0001] Minimum degree: 3
[INFO GRT-0002] Maximum degree: 3
[INFO GRT-0001] Minimum degree: 3
[INFO GRT-0002] Maximum degree: 3
[INFO GRT-0001] Minimum degree: 2
[INFO GRT-0002] Maximum degree: 17
[INFO GRT-0001] Minimum degree: 5
[INFO GRT-0002] Maximum degree: 5
[INFO GRT-0001] Minimum degree: 4
[INFO GRT-0002] Maximum degree: 4
[INFO GRT-0001] Minimum degree: 3
[INFO GRT-0002] Maximum degree: 3
[INFO GRT-0001] Minimum degree: 2
[INFO GRT-0002] Maximum degree: 4
[INFO GRT-0001] Minimum degree: 4
[INFO GRT-0002] Maximum degree: 4
[INFO GRT-0001] Minimum degree: 2
[INFO GRT-0002] Maximum degree: 2
[INFO GRT-0001] Minimum degree: 3
[INFO GRT-0002] Maximum degree: 3
[INFO GRT-0001] Minimum degree: 3
[INFO GRT-0002] Maximum degree: 3
[INFO GRT-0001] Minimum degree: 4
[INFO GRT-0002] Maximum degree: 4
[INFO GRT-0001] Minimum degree: 2147483647
[INFO GRT-0002] Maximum degree: 1
[INFO GRT-0001] Minimum degree: 4
[INFO GRT-0002] Maximum degree: 4
[INFO GRT-0001] Minimum degree: 5
[INFO GRT-0002] Maximum degree: 5
[INFO GRT-0001] Minimum degree: 5
[INFO GRT-0002] Maximum degree: 5
[INFO GRT-0001] Minimum degree: 17
[INFO GRT-0002] Maximum degree: 17
[INFO GRT-0001] Minimum degree: 3
[INFO GRT-0002] Maximum degree: 5
[INFO GRT-0001] Minimum degree: 5
[INFO GRT-0002] Maximum degree: 5
[INFO GRT-0001] Minimum degree: 3
[INFO GRT-0002] Maximum degree: 3
[INFO GRT-0001] Minimum degree: 7
[INFO GRT-0002] Maximum degree: 7
[INFO GRT-0001] Minimum degree: 2147483647
[INFO GRT-0002] Maximum degree: 1
[INFO GRT-0001] Minimum degree: 4
[INFO GRT-0002] Maximum degree: 4
[INFO GRT-0001] Minimum degree: 4
[INFO GRT-0002] Maximum degree: 4
[INFO GRT-0001] Minimum degree: 4
[INFO GRT-0002] Maximum degree: 4
[INFO GRT-0001] Minimum degree: 4
[INFO GRT-0002] Maximum degree: 4
[INFO GRT-0001] Minimum degree: 2
[INFO GRT-0002] Maximum degree: 3
[INFO GRT-0001] Minimum degree: 2
[INFO GRT-0002] Maximum degree: 2
[INFO GRT-0001] Minimum degree: 2
[INFO GRT-0002] Maximum degree: 2
[INFO GRT-0001] Minimum degree: 4
[INFO GRT-0002] Maximum degree: 4
[INFO GRT-0001] Minimum degree: 2
[INFO GRT-0002] Maximum degree: 2
[INFO GRT-0001] Minimum degree: 2
[INFO GRT-0002] Maximum degree: 3
[INFO GRT-0001] Minimum degree: 17
[INFO GRT-0002] Maximum degree: 17
[INFO GRT-0001] Minimum degree: 6
[INFO GRT-0002] Maximum degree: 6
[INFO GRT-0001] Minimum degree: 4
[INFO GRT-0002] Maximum degree: 4
[INFO GRT-0001] Minimum degree: 4
[INFO GRT-0002] Maximum degree: 4
[INFO GRT-0001] Minimum degree: 2
[INFO GRT-0002] Maximum degree: 3
[INFO GRT-0001] Minimum degree: 2
[INFO GRT-0002] Maximum degree: 4
[INFO GRT-0001] Minimum degree: 3
[INFO GRT-0002] Maximum degree: 3
[INFO GRT-0001] Minimum degree: 2
[INFO GRT-0002] Maximum degree: 3
[INFO GRT-0001] Minimum degree: 2
[INFO GRT-0002] Maximum degree: 4
[INFO GRT-0001] Minimum degree: 6
[INFO GRT-0002] Maximum degree: 6
[INFO GRT-0001] Minimum degree: 3
[INFO GRT-0002] Maximum degree: 3
[INFO GRT-0001] Minimum degree: 2
[INFO GRT-0002] Maximum degree: 4
[INFO GRT-0001] Minimum degree: 3
[INFO GRT-0002] Maximum degree: 4
[INFO GRT-0001] Minimum degree: 6
[INFO GRT-0002] Maximum degree: 6
[INFO GRT-0001] Minimum degree: 4
[INFO GRT-0002] Maximum degree: 4
[INFO GRT-0001] Minimum degree: 2
[INFO GRT-0002] Maximum degree: 2
[INFO GRT-0001] Minimum degree: 4
[INFO GRT-0002] Maximum degree: 4
[INFO GRT-0001] Minimum degree: 4
[INFO GRT-0002] Maximum degree: 4
[INFO GRT-0001] Minimum degree: 3
[INFO GRT-0002] Maximum degree: 3
[INFO GRT-0001] Minimum degree: 4
[INFO GRT-0002] Maximum degree: 4
[INFO GRT-0001] Minimum degree: 3
[INFO GRT-0002] Maximum degree: 3
[INFO GRT-0001] Minimum degree: 3
[INFO GRT-0002] Maximum degree: 3
[INFO GRT-0001] Minimum degree: 2
[INFO GRT-0002] Maximum degree: 2
[INFO GRT-0001] Minimum degree: 4
[INFO GRT-0002] Maximum degree: 4
[INFO GRT-0001] Minimum degree: 4
[INFO GRT-0002] Maximum degree: 4
[INFO GRT-0001] Minimum degree: 4
[INFO GRT-0002] Maximum degree: 4
[INFO GRT-0001] Minimum degree: 4
[INFO GRT-0002] Maximum degree: 4
[INFO GRT-0001] Minimum degree: 2147483647
[INFO GRT-0002] Maximum degree: 1
[INFO GRT-0001] Minimum degree: 4
[INFO GRT-0002] Maximum degree: 4
[INFO GRT-0001] Minimum degree: 5
[INFO GRT-0002] Maximum degree: 5
[INFO GRT-0001] Minimum degree: 3
[INFO GRT-0002] Maximum degree: 3
[INFO GRT-0001] Minimum degree: 2
[INFO GRT-0002] Maximum degree: 2
[INFO GRT-0001] Minimum degree: 3
[INFO GRT-0002] Maximum degree: 3
[INFO GRT-0001] Minimum degree: 2
[INFO GRT-0002] Maximum degree: 5
[INFO GRT-0001] Minimum degree: 3
[INFO GRT-0002] Maximum degree: 3
[INFO GRT-0001] Minimum degree: 2
[INFO GRT-0002] Maximum degree: 2
[INFO GRT-0001] Minimum degree: 3
[INFO GRT-0002] Maximum degree: 3
[INFO GRT-0001] Minimum degree: 4
[INFO GRT-0002] Maximum degree: 4
[INFO GRT-0001] Minimum degree: 3
[INFO GRT-0002] Maximum degree: 3
[INFO GRT-0001] Minimum degree: 4
[INFO GRT-0002] Maximum degree: 4
[INFO GRT-0001] Minimum degree: 2
[INFO GRT-0002] Maximum degree: 4
[INFO GRT-0001] Minimum degree: 4
[INFO GRT-0002] Maximum degree: 4
[INFO GRT-0001] Minimum degree: 4
[INFO GRT-0002] Maximum degree: 4
[INFO GRT-0001] Minimum degree: 2147483647
[INFO GRT-0002] Maximum degree: 1
[INFO GRT-0001] Minimum degree: 4
[INFO GRT-0002] Maximum degree: 4
[INFO GRT-0001] Minimum degree: 3
[INFO GRT-0002] Maximum degree: 3
[INFO GRT-0001] Minimum degree: 3
[INFO GRT-0002] Maximum degree: 3
[INFO GRT-0001] Minimum degree: 2
[INFO GRT-0002] Maximum degree: 2
[INFO GRT-0001] Minimum degree: 3
[INFO GRT-0002] Maximum degree: 6
[INFO GRT-0001] Minimum degree: 6
[INFO GRT-0002] Maximum degree: 6
[INFO GRT-0001] Minimum degree: 2147483647
[INFO GRT-0002] Maximum degree: 1
[INFO GRT-0001] Minimum degree: 2
[INFO GRT-0002] Maximum degree: 2
[INFO GRT-0001] Minimum degree: 17
[INFO GRT-0002] Maximum degree: 17
[INFO GRT-0001] Minimum degree: 3
[INFO GRT-0002] Maximum degree: 6
[INFO GRT-0001] Minimum degree: 3
[INFO GRT-0002] Maximum degree: 6
[INFO GRT-0001] Minimum degree: 2
[INFO GRT-0002] Maximum degree: 2
[INFO GRT-0001] Minimum degree: 5
[INFO GRT-0002] Maximum degree: 5
[INFO GRT-0001] Minimum degree: 4
[INFO GRT-0002] Maximum degree: 4
[INFO GRT-0001] Minimum degree: 3
[INFO GRT-0002] Maximum degree: 3
[INFO GRT-0001] Minimum degree: 2
[INFO GRT-0002] Maximum degree: 4
[INFO GRT-0001] Minimum degree: 2
[INFO GRT-0002] Maximum degree: 2
[INFO GRT-0001] Minimum degree: 3
[INFO GRT-0002] Maximum degree: 3
[INFO GRT-0001] Minimum degree: 2
[INFO GRT-0002] Maximum degree: 4
[INFO GRT-0001] Minimum degree: 4
[INFO GRT-0002] Maximum degree: 17
[INFO GRT-0001] Minimum degree: 3
[INFO GRT-0002] Maximum degree: 3
[INFO GRT-0001] Minimum degree: 5
[INFO GRT-0002] Maximum degree: 5
[INFO GRT-0001] Minimum degree: 2
[INFO GRT-0002] Maximum degree: 2
[INFO GRT-0001] Minimum degree: 2
[INFO GRT-0002] Maximum degree: 2
[INFO GRT-0001] Minimum degree: 4
[INFO GRT-0002] Maximum degree: 5
[INFO GRT-0001] Minimum degree: 3
[INFO GRT-0002] Maximum degree: 3
[INFO GRT-0001] Minimum degree: 2147483647
[INFO GRT-0002] Maximum degree: 1
[INFO GRT-0001] Minimum degree: 2
[INFO GRT-0002] Maximum degree: 6
[INFO GRT-0001] Minimum degree: 2
[INFO GRT-0002] Maximum degree: 2
[INFO GRT-0001] Minimum degree: 4
[INFO GRT-0002] Maximum degree: 4
[INFO GRT-0001] Minimum degree: 2
[INFO GRT-0002] Maximum degree: 4
[INFO GRT-0001] Minimum degree: 4
[INFO GRT-0002] Maximum degree: 4
[INFO GRT-0001] Minimum degree: 3
[INFO GRT-0002] Maximum degree: 3
[INFO GRT-0001] Minimum degree: 2
[INFO GRT-0002] Maximum degree: 8
[INFO GRT-0001] Minimum degree: 2
[INFO GRT-0002] Maximum degree: 4
[INFO GRT-0001] Minimum degree: 3
[INFO GRT-0002] Maximum degree: 6
[INFO GRT-0001] Minimum degree: 17
[INFO GRT-0002] Maximum degree: 17
[INFO GRT-0001] Minimum degree: 17
[INFO GRT-0002] Maximum degree: 17
[INFO GRT-0001] Minimum degree: 17
[INFO GRT-0002] Maximum degree: 17
[INFO GRT-0001] Minimum degree: 17
[INFO GRT-0002] Maximum degree: 17
[INFO GRT-0001] Minimum degree: 4
[INFO GRT-0002] Maximum degree: 17
[INFO GRT-0001] Minimum degree: 5
[INFO GRT-0002] Maximum degree: 5
[INFO GRT-0001] Minimum degree: 17
[INFO GRT-0002] Maximum degree: 17
[INFO GRT-0001] Minimum degree: 4
[INFO GRT-0002] Maximum degree: 4
[INFO GRT-0001] Minimum degree: 3
[INFO GRT-0002] Maximum degree: 3
[INFO GRT-0001] Minimum degree: 5
[INFO GRT-0002] Maximum degree: 5
[INFO GRT-0001] Minimum degree: 2
[INFO GRT-0002] Maximum degree: 2
[INFO GRT-0001] Minimum degree: 4
[INFO GRT-0002] Maximum degree: 4
[INFO GRT-0001] Minimum degree: 4
[INFO GRT-0002] Maximum degree: 4
[INFO GRT-0001] Minimum degree: 17
[INFO GRT-0002] Maximum degree: 17
[INFO GRT-0001] Minimum degree: 6
[INFO GRT-0002] Maximum degree: 6
[INFO GRT-0001] Minimum degree: 2
[INFO GRT-0002] Maximum degree: 4
[INFO GRT-0001] Minimum degree: 6
[INFO GRT-0002] Maximum degree: 6
[INFO GRT-0001] Minimum degree: 4
[INFO GRT-0002] Maximum degree: 4
[INFO GRT-0001] Minimum degree: 5
[INFO GRT-0002] Maximum degree: 5
[INFO GRT-0001] Minimum degree: 2
[INFO GRT-0002] Maximum degree: 4
[INFO GRT-0001] Minimum degree: 7
[INFO GRT-0002] Maximum degree: 16
[INFO GRT-0001] Minimum degree: 4
[INFO GRT-0002] Maximum degree: 4
[INFO GRT-0001] Minimum degree: 2
[INFO GRT-0002] Maximum degree: 2
[INFO GRT-0001] Minimum degree: 3
[INFO GRT-0002] Maximum degree: 3
[INFO GRT-0001] Minimum degree: 2147483647
[INFO GRT-0002] Maximum degree: 1
[INFO GRT-0001] Minimum degree: 17
[INFO GRT-0002] Maximum degree: 17
[INFO GRT-0001] Minimum degree: 4
[INFO GRT-0002] Maximum degree: 4
[INFO GRT-0001] Minimum degree: 2
[INFO GRT-0002] Maximum degree: 2
[INFO GRT-0001] Minimum degree: 4
[INFO GRT-0002] Maximum degree: 4
[INFO GRT-0001] Minimum degree: 3
[INFO GRT-0002] Maximum degree: 3
[INFO GRT-0001] Minimum degree: 2
[INFO GRT-0002] Maximum degree: 4
[INFO GRT-0001] Minimum degree: 2
[INFO GRT-0002] Maximum degree: 3
[INFO GRT-0001] Minimum degree: 3
[INFO GRT-0002] Maximum degree: 3
[INFO GRT-0001] Minimum degree: 4
[INFO GRT-0002] Maximum degree: 4
[INFO GRT-0001] Minimum degree: 3
[INFO GRT-0002] Maximum degree: 3
[INFO GRT-0001] Minimum degree: 2
[INFO GRT-0002] Maximum degree: 6
[INFO GRT-0001] Minimum degree: 3
[INFO GRT-0002] Maximum degree: 3
[INFO GRT-0001] Minimum degree: 2
[INFO GRT-0002] Maximum degree: 4
[INFO GRT-0001] Minimum degree: 2147483647
[INFO GRT-0002] Maximum degree: 1
[INFO GRT-0001] Minimum degree: 4
[INFO GRT-0002] Maximum degree: 4
[INFO GRT-0001] Minimum degree: 2
[INFO GRT-0002] Maximum degree: 4
[INFO GRT-0001] Minimum degree: 2147483647
[INFO GRT-0002] Maximum degree: 1
[INFO GRT-0001] Minimum degree: 3
[INFO GRT-0002] Maximum degree: 3
[INFO GRT-0001] Minimum degree: 2
[INFO GRT-0002] Maximum degree: 3
[INFO GRT-0001] Minimum degree: 3
[INFO GRT-0002] Maximum degree: 3
[INFO GRT-0001] Minimum degree: 4
[INFO GRT-0002] Maximum degree: 4
[INFO GRT-0001] Minimum degree: 3
[INFO GRT-0002] Maximum degree: 3
[INFO GRT-0001] Minimum degree: 2
[INFO GRT-0002] Maximum degree: 4
[INFO GRT-0001] Minimum degree: 17
[INFO GRT-0002] Maximum degree: 17
[INFO GRT-0001] Minimum degree: 10
[INFO GRT-0002] Maximum degree: 10
[INFO GRT-0001] Minimum degree: 2
[INFO GRT-0002] Maximum degree: 4
[INFO GRT-0001] Minimum degree: 5
[INFO GRT-0002] Maximum degree: 5
[INFO GRT-0001] Minimum degree: 3
[INFO GRT-0002] Maximum degree: 3
[INFO GRT-0001] Minimum degree: 2
[INFO GRT-0002] Maximum degree: 3
[INFO GRT-0001] Minimum degree: 4
[INFO GRT-0002] Maximum degree: 4
[INFO GRT-0001] Minimum degree: 4
[INFO GRT-0002] Maximum degree: 4
[INFO GRT-0001] Minimum degree: 3
[INFO GRT-0002] Maximum degree: 3
[INFO GRT-0001] Minimum degree: 6
[INFO GRT-0002] Maximum degree: 6
[INFO GRT-0001] Minimum degree: 4
[INFO GRT-0002] Maximum degree: 4
[INFO GRT-0001] Minimum degree: 2147483647
[INFO GRT-0002] Maximum degree: 1
[INFO GRT-0001] Minimum degree: 4
[INFO GRT-0002] Maximum degree: 4
[INFO GRT-0001] Minimum degree: 2
[INFO GRT-0002] Maximum degree: 3
[INFO GRT-0001] Minimum degree: 4
[INFO GRT-0002] Maximum degree: 4
[INFO GRT-0001] Minimum degree: 4
[INFO GRT-0002] Maximum degree: 4
[INFO GRT-0001] Minimum degree: 4
[INFO GRT-0002] Maximum degree: 6
[INFO GRT-0001] Minimum degree: 2
[INFO GRT-0002] Maximum degree: 5
[INFO GRT-0001] Minimum degree: 16
[INFO GRT-0002] Maximum degree: 16
[INFO GRT-0001] Minimum degree: 5
[INFO GRT-0002] Maximum degree: 5
[INFO GRT-0001] Minimum degree: 4
[INFO GRT-0002] Maximum degree: 4
[INFO GRT-0001] Minimum degree: 4
[INFO GRT-0002] Maximum degree: 4
[INFO GRT-0001] Minimum degree: 13
[INFO GRT-0002] Maximum degree: 13
[INFO GRT-0001] Minimum degree: 2
[INFO GRT-0002] Maximum degree: 2
[INFO GRT-0001] Minimum degree: 2
[INFO GRT-0002] Maximum degree: 2
[INFO GRT-0001] Minimum degree: 2147483647
[INFO GRT-0002] Maximum degree: 1
[INFO GRT-0001] Minimum degree: 2147483647
[INFO GRT-0002] Maximum degree: 1
[INFO GRT-0001] Minimum degree: 4
[INFO GRT-0002] Maximum degree: 4
[INFO GRT-0001] Minimum degree: 5
[INFO GRT-0002] Maximum degree: 5
[INFO GRT-0001] Minimum degree: 7
[INFO GRT-0002] Maximum degree: 7
[INFO GRT-0001] Minimum degree: 4
[INFO GRT-0002] Maximum degree: 4
[INFO GRT-0001] Minimum degree: 3
[INFO GRT-0002] Maximum degree: 3
[INFO GRT-0001] Minimum degree: 2
[INFO GRT-0002] Maximum degree: 2
[INFO GRT-0001] Minimum degree: 5
[INFO GRT-0002] Maximum degree: 5
[INFO GRT-0001] Minimum degree: 2
[INFO GRT-0002] Maximum degree: 4
[INFO GRT-0001] Minimum degree: 2
[INFO GRT-0002] Maximum degree: 8
[INFO GRT-0001] Minimum degree: 2
[INFO GRT-0002] Maximum degree: 2
[INFO GRT-0001] Minimum degree: 2
[INFO GRT-0002] Maximum degree: 4
[INFO GRT-0001] Minimum degree: 4
[INFO GRT-0002] Maximum degree: 8
[INFO GRT-0001] Minimum degree: 2
[INFO GRT-0002] Maximum degree: 2
[INFO GRT-0001] Minimum degree: 2
[INFO GRT-0002] Maximum degree: 5
[INFO GRT-0001] Minimum degree: 2
[INFO GRT-0002] Maximum degree: 5
[INFO GRT-0001] Minimum degree: 6
[INFO GRT-0002] Maximum degree: 6
[INFO GRT-0001] Minimum degree: 17
[INFO GRT-0002] Maximum degree: 17
[INFO GRT-0001] Minimum degree: 17
[INFO GRT-0002] Maximum degree: 17
[INFO GRT-0001] Minimum degree: 17
[INFO GRT-0002] Maximum degree: 17
[INFO GRT-0001] Minimum degree: 6
[INFO GRT-0002] Maximum degree: 6
[INFO GRT-0001] Minimum degree: 17
[INFO GRT-0002] Maximum degree: 17
[INFO GRT-0001] Minimum degree: 17
[INFO GRT-0002] Maximum degree: 17
[INFO GRT-0001] Minimum degree: 6
[INFO GRT-0002] Maximum degree: 6
[INFO GRT-0001] Minimum degree: 4
[INFO GRT-0002] Maximum degree: 4
[INFO GRT-0001] Minimum degree: 3
[INFO GRT-0002] Maximum degree: 3
[INFO GRT-0001] Minimum degree: 17
[INFO GRT-0002] Maximum degree: 17
[INFO GRT-0001] Minimum degree: 5
[INFO GRT-0002] Maximum degree: 5
[INFO GRT-0001] Minimum degree: 2
[INFO GRT-0002] Maximum degree: 3
[INFO GRT-0001] Minimum degree: 2
[INFO GRT-0002] Maximum degree: 2
[INFO GRT-0001] Minimum degree: 2147483647
[INFO GRT-0002] Maximum degree: 1
[INFO GRT-0001] Minimum degree: 2
[INFO GRT-0002] Maximum degree: 2
[INFO GRT-0001] Minimum degree: 6
[INFO GRT-0002] Maximum degree: 6
[INFO GRT-0001] Minimum degree: 3
[INFO GRT-0002] Maximum degree: 5
[INFO GRT-0001] Minimum degree: 4
[INFO GRT-0002] Maximum degree: 4
[INFO GRT-0001] Minimum degree: 3
[INFO GRT-0002] Maximum degree: 3
[INFO GRT-0001] Minimum degree: 2
[INFO GRT-0002] Maximum degree: 2
[INFO GRT-0001] Minimum degree: 2
[INFO GRT-0002] Maximum degree: 2
[INFO GRT-0001] Minimum degree: 3
[INFO GRT-0002] Maximum degree: 3
[INFO GRT-0001] Minimum degree: 4
[INFO GRT-0002] Maximum degree: 4
[INFO GRT-0001] Minimum degree: 2
[INFO GRT-0002] Maximum degree: 2
[INFO GRT-0001] Minimum degree: 3
[INFO GRT-0002] Maximum degree: 3
[INFO GRT-0001] Minimum degree: 2
[INFO GRT-0002] Maximum degree: 4
[INFO GRT-0001] Minimum degree: 2
[INFO GRT-0002] Maximum degree: 4
[INFO GRT-0001] Minimum degree: 4
[INFO GRT-0002] Maximum degree: 4
[INFO GRT-0001] Minimum degree: 3
[INFO GRT-0002] Maximum degree: 3
[INFO GRT-0001] Minimum degree: 2
[INFO GRT-0002] Maximum degree: 4
[INFO GRT-0001] Minimum degree: 2
[INFO GRT-0002] Maximum degree: 4
[INFO GRT-0001] Minimum degree: 4
[INFO GRT-0002] Maximum degree: 11
[INFO GRT-0001] Minimum degree: 2147483647
[INFO GRT-0002] Maximum degree: 1
[INFO GRT-0001] Minimum degree: 2
[INFO GRT-0002] Maximum degree: 4
[INFO GRT-0001] Minimum degree: 2
[INFO GRT-0002] Maximum degree: 2
[INFO GRT-0001] Minimum degree: 3
[INFO GRT-0002] Maximum degree: 3
[INFO GRT-0001] Minimum degree: 4
[INFO GRT-0002] Maximum degree: 17
[INFO GRT-0001] Minimum degree: 4
[INFO GRT-0002] Maximum degree: 4
[INFO GRT-0001] Minimum degree: 6
[INFO GRT-0002] Maximum degree: 6
[INFO GRT-0001] Minimum degree: 6
[INFO GRT-0002] Maximum degree: 6
[INFO GRT-0001] Minimum degree: 2147483647
[INFO GRT-0002] Maximum degree: 1
[INFO GRT-0001] Minimum degree: 3
[INFO GRT-0002] Maximum degree: 3
[INFO GRT-0001] Minimum degree: 5
[INFO GRT-0002] Maximum degree: 5
[INFO GRT-0001] Minimum degree: 10
[INFO GRT-0002] Maximum degree: 10
[INFO GRT-0001] Minimum degree: 6
[INFO GRT-0002] Maximum degree: 6
[INFO GRT-0001] Minimum degree: 4
[INFO GRT-0002] Maximum degree: 4
[INFO GRT-0001] Minimum degree: 3
[INFO GRT-0002] Maximum degree: 17
[INFO GRT-0001] Minimum degree: 2
[INFO GRT-0002] Maximum degree: 4
[INFO GRT-0001] Minimum degree: 4
[INFO GRT-0002] Maximum degree: 4
[INFO GRT-0001] Minimum degree: 2147483647
[INFO GRT-0002] Maximum degree: 1
[INFO GRT-0001] Minimum degree: 2
[INFO GRT-0002] Maximum degree: 6
[INFO GRT-0001] Minimum degree: 2
[INFO GRT-0002] Maximum degree: 17
[INFO GRT-0001] Minimum degree: 3
[INFO GRT-0002] Maximum degree: 3
[INFO GRT-0001] Minimum degree: 4
[INFO GRT-0002] Maximum degree: 4
[INFO GRT-0001] Minimum degree: 4
[INFO GRT-0002] Maximum degree: 5
[INFO GRT-0001] Minimum degree: 2147483647
[INFO GRT-0002] Maximum degree: 1
[INFO GRT-0001] Minimum degree: 2
[INFO GRT-0002] Maximum degree: 2
[INFO GRT-0001] Minimum degree: 4
[INFO GRT-0002] Maximum degree: 4
[INFO GRT-0001] Minimum degree: 2
[INFO GRT-0002] Maximum degree: 2
[INFO GRT-0001] Minimum degree: 4
[INFO GRT-0002] Maximum degree: 4
[INFO GRT-0001] Minimum degree: 3
[INFO GRT-0002] Maximum degree: 3
[INFO GRT-0001] Minimum degree: 2
[INFO GRT-0002] Maximum degree: 2
[INFO GRT-0001] Minimum degree: 3
[INFO GRT-0002] Maximum degree: 5
[INFO GRT-0001] Minimum degree: 4
[INFO GRT-0002] Maximum degree: 4
[INFO GRT-0001] Minimum degree: 2
[INFO GRT-0002] Maximum degree: 2
[INFO GRT-0001] Minimum degree: 3
[INFO GRT-0002] Maximum degree: 3
[INFO GRT-0001] Minimum degree: 5
[INFO GRT-0002] Maximum degree: 5
[INFO GRT-0001] Minimum degree: 5
[INFO GRT-0002] Maximum degree: 5
[INFO GRT-0001] Minimum degree: 4
[INFO GRT-0002] Maximum degree: 4
[INFO GRT-0001] Minimum degree: 4
[INFO GRT-0002] Maximum degree: 4
[INFO GRT-0001] Minimum degree: 2
[INFO GRT-0002] Maximum degree: 2
[INFO GRT-0001] Minimum degree: 5
[INFO GRT-0002] Maximum degree: 5
[INFO GRT-0001] Minimum degree: 5
[INFO GRT-0002] Maximum degree: 17
[INFO GRT-0001] Minimum degree: 4
[INFO GRT-0002] Maximum degree: 4
[INFO GRT-0001] Minimum degree: 2
[INFO GRT-0002] Maximum degree: 2
[INFO GRT-0001] Minimum degree: 2
[INFO GRT-0002] Maximum degree: 2
[INFO GRT-0001] Minimum degree: 3
[INFO GRT-0002] Maximum degree: 3
[INFO GRT-0001] Minimum degree: 4
[INFO GRT-0002] Maximum degree: 4
[INFO GRT-0001] Minimum degree: 3
[INFO GRT-0002] Maximum degree: 3
[INFO GRT-0001] Minimum degree: 2
[INFO GRT-0002] Maximum degree: 2
[INFO GRT-0001] Minimum degree: 2
[INFO GRT-0002] Maximum degree: 2
[INFO GRT-0001] Minimum degree: 17
[INFO GRT-0002] Maximum degree: 17
[INFO GRT-0001] Minimum degree: 6
[INFO GRT-0002] Maximum degree: 6
[INFO GRT-0001] Minimum degree: 6
[INFO GRT-0002] Maximum degree: 6
[INFO GRT-0001] Minimum degree: 17
[INFO GRT-0002] Maximum degree: 17
[INFO GRT-0001] Minimum degree: 6
[INFO GRT-0002] Maximum degree: 6
[INFO GRT-0001] Minimum degree: 2147483647
[INFO GRT-0002] Maximum degree: 1
[INFO GRT-0001] Minimum degree: 4
[INFO GRT-0002] Maximum degree: 6
[INFO GRT-0001] Minimum degree: 17
[INFO GRT-0002] Maximum degree: 17
[INFO GRT-0001] Minimum degree: 2
[INFO GRT-0002] Maximum degree: 2
[INFO GRT-0001] Minimum degree: 13
[INFO GRT-0002] Maximum degree: 13
[INFO GRT-0001] Minimum degree: 13
[INFO GRT-0002] Maximum degree: 13
[INFO GRT-0001] Minimum degree: 2
[INFO GRT-0002] Maximum degree: 2
[INFO GRT-0001] Minimum degree: 17
[INFO GRT-0002] Maximum degree: 17
[INFO GRT-0001] Minimum degree: 13
[INFO GRT-0002] Maximum degree: 13
[INFO GRT-0001] Minimum degree: 2
[INFO GRT-0002] Maximum degree: 4
[INFO GRT-0001] Minimum degree: 5
[INFO GRT-0002] Maximum degree: 5
[INFO GRT-0001] Minimum degree: 17
[INFO GRT-0002] Maximum degree: 17
[INFO GRT-0001] Minimum degree: 2
[INFO GRT-0002] Maximum degree: 4
[INFO GRT-0001] Minimum degree: 4
[INFO GRT-0002] Maximum degree: 4
[INFO GRT-0001] Minimum degree: 3
[INFO GRT-0002] Maximum degree: 3
[INFO GRT-0001] Minimum degree: 3
[INFO GRT-0002] Maximum degree: 3
[INFO GRT-0001] Minimum degree: 3
[INFO GRT-0002] Maximum degree: 3
[INFO GRT-0001] Minimum degree: 2
[INFO GRT-0002] Maximum degree: 2
[INFO GRT-0001] Minimum degree: 4
[INFO GRT-0002] Maximum degree: 4
[INFO GRT-0001] Minimum degree: 5
[INFO GRT-0002] Maximum degree: 5
[INFO GRT-0001] Minimum degree: 2
[INFO GRT-0002] Maximum degree: 2
[INFO GRT-0001] Minimum degree: 2
[INFO GRT-0002] Maximum degree: 3
[INFO GRT-0001] Minimum degree: 3
[INFO GRT-0002] Maximum degree: 3
[INFO GRT-0001] Minimum degree: 2
[INFO GRT-0002] Maximum degree: 2
[INFO GRT-0001] Minimum degree: 2
[INFO GRT-0002] Maximum degree: 2
[INFO GRT-0001] Minimum degree: 2
[INFO GRT-0002] Maximum degree: 2
[INFO GRT-0001] Minimum degree: 3
[INFO GRT-0002] Maximum degree: 3
[INFO GRT-0001] Minimum degree: 3
[INFO GRT-0002] Maximum degree: 3
[INFO GRT-0001] Minimum degree: 6
[INFO GRT-0002] Maximum degree: 6
[INFO GRT-0001] Minimum degree: 3
[INFO GRT-0002] Maximum degree: 3
[INFO GRT-0001] Minimum degree: 3
[INFO GRT-0002] Maximum degree: 3
[INFO GRT-0001] Minimum degree: 3
[INFO GRT-0002] Maximum degree: 3
[INFO GRT-0001] Minimum degree: 3
[INFO GRT-0002] Maximum degree: 3
[INFO GRT-0001] Minimum degree: 12
[INFO GRT-0002] Maximum degree: 12
[INFO GRT-0001] Minimum degree: 2147483647
[INFO GRT-0002] Maximum degree: 1
[INFO GRT-0001] Minimum degree: 2
[INFO GRT-0002] Maximum degree: 4
[INFO GRT-0001] Minimum degree: 5
[INFO GRT-0002] Maximum degree: 5
[INFO GRT-0001] Minimum degree: 4
[INFO GRT-0002] Maximum degree: 4
[INFO GRT-0001] Minimum degree: 3
[INFO GRT-0002] Maximum degree: 3
[INFO GRT-0001] Minimum degree: 2
[INFO GRT-0002] Maximum degree: 4
[INFO GRT-0001] Minimum degree: 4
[INFO GRT-0002] Maximum degree: 4
[INFO GRT-0001] Minimum degree: 2
[INFO GRT-0002] Maximum degree: 2
[INFO GRT-0001] Minimum degree: 3
[INFO GRT-0002] Maximum degree: 3
[INFO GRT-0001] Minimum degree: 17
[INFO GRT-0002] Maximum degree: 17
[INFO GRT-0001] Minimum degree: 2147483647
[INFO GRT-0002] Maximum degree: 1
[INFO GRT-0001] Minimum degree: 3
[INFO GRT-0002] Maximum degree: 17
[INFO GRT-0001] Minimum degree: 4
[INFO GRT-0002] Maximum degree: 4
[INFO GRT-0001] Minimum degree: 3
[INFO GRT-0002] Maximum degree: 3
[INFO GRT-0001] Minimum degree: 2147483647
[INFO GRT-0002] Maximum degree: 1
[INFO GRT-0001] Minimum degree: 2
[INFO GRT-0002] Maximum degree: 2
[INFO GRT-0001] Minimum degree: 4
[INFO GRT-0002] Maximum degree: 17
[INFO GRT-0001] Minimum degree: 3
[INFO GRT-0002] Maximum degree: 3
[INFO GRT-0001] Minimum degree: 3
[INFO GRT-0002] Maximum degree: 3
[INFO GRT-0001] Minimum degree: 17
[INFO GRT-0002] Maximum degree: 17
[INFO GRT-0001] Minimum degree: 3
[INFO GRT-0002] Maximum degree: 3
[INFO GRT-0001] Minimum degree: 6
[INFO GRT-0002] Maximum degree: 6
[INFO GRT-0001] Minimum degree: 5
[INFO GRT-0002] Maximum degree: 5
[INFO GRT-0001] Minimum degree: 4
[INFO GRT-0002] Maximum degree: 4
[INFO GRT-0001] Minimum degree: 4
[INFO GRT-0002] Maximum degree: 4
[INFO GRT-0001] Minimum degree: 4
[INFO GRT-0002] Maximum degree: 4
[INFO GRT-0001] Minimum degree: 17
[INFO GRT-0002] Maximum degree: 17
[INFO GRT-0001] Minimum degree: 5
[INFO GRT-0002] Maximum degree: 5
[INFO GRT-0001] Minimum degree: 2
[INFO GRT-0002] Maximum degree: 2
[INFO GRT-0001] Minimum degree: 4
[INFO GRT-0002] Maximum degree: 4
[INFO GRT-0001] Minimum degree: 2
[INFO GRT-0002] Maximum degree: 6
[INFO GRT-0001] Minimum degree: 2
[INFO GRT-0002] Maximum degree: 2
[INFO GRT-0001] Minimum degree: 3
[INFO GRT-0002] Maximum degree: 3
[INFO GRT-0001] Minimum degree: 17
[INFO GRT-0002] Maximum degree: 17
[INFO GRT-0001] Minimum degree: 13
[INFO GRT-0002] Maximum degree: 13
[INFO GRT-0001] Minimum degree: 2
[INFO GRT-0002] Maximum degree: 2
[INFO GRT-0001] Minimum degree: 2
[INFO GRT-0002] Maximum degree: 4
[INFO GRT-0001] Minimum degree: 3
[INFO GRT-0002] Maximum degree: 3
[INFO GRT-0001] Minimum degree: 7
[INFO GRT-0002] Maximum degree: 7
[INFO GRT-0001] Minimum degree: 2
[INFO GRT-0002] Maximum degree: 4
[INFO GRT-0001] Minimum degree: 5
[INFO GRT-0002] Maximum degree: 5
[INFO GRT-0001] Minimum degree: 4
[INFO GRT-0002] Maximum degree: 4
[INFO GRT-0001] Minimum degree: 15
[INFO GRT-0002] Maximum degree: 15
[INFO GRT-0001] Minimum degree: 3
[INFO GRT-0002] Maximum degree: 3
[INFO GRT-0001] Minimum degree: 2147483647
[INFO GRT-0002] Maximum degree: 1
[INFO GRT-0001] Minimum degree: 6
[INFO GRT-0002] Maximum degree: 6
[INFO GRT-0001] Minimum degree: 17
[INFO GRT-0002] Maximum degree: 17
[INFO GRT-0001] Minimum degree: 2147483647
[INFO GRT-0002] Maximum degree: 1
[INFO GRT-0001] Minimum degree: 2
[INFO GRT-0002] Maximum degree: 4
[INFO GRT-0001] Minimum degree: 4
[INFO GRT-0002] Maximum degree: 4
[INFO GRT-0001] Minimum degree: 2147483647
[INFO GRT-0002] Maximum degree: 1
[INFO GRT-0001] Minimum degree: 3
[INFO GRT-0002] Maximum degree: 3
[INFO GRT-0001] Minimum degree: 17
[INFO GRT-0002] Maximum degree: 17
[INFO GRT-0001] Minimum degree: 17
[INFO GRT-0002] Maximum degree: 17
[INFO GRT-0001] Minimum degree: 17
[INFO GRT-0002] Maximum degree: 17
[INFO GRT-0001] Minimum degree: 17
[INFO GRT-0002] Maximum degree: 17
[INFO GRT-0001] Minimum degree: 13
[INFO GRT-0002] Maximum degree: 13
[INFO GRT-0001] Minimum degree: 6
[INFO GRT-0002] Maximum degree: 6
[INFO GRT-0001] Minimum degree: 6
[INFO GRT-0002] Maximum degree: 6
[INFO GRT-0001] Minimum degree: 2
[INFO GRT-0002] Maximum degree: 2
[INFO GRT-0001] Minimum degree: 2
[INFO GRT-0002] Maximum degree: 3
[INFO GRT-0001] message limit reached, this message will no longer print
[INFO GRT-0002] message limit reached, this message will no longer print
[INFO RSZ-0034] Found 1 slew violations.
[INFO RSZ-0038] Inserted 1 buffers in 1 nets.
[INFO RSZ-0039] Resized 3289 instances.
Placement Analysis
---------------------------------
total displacement       6393.7 u
average displacement        0.2 u
max displacement           11.5 u
original HPWL         1106315.8 u
legalized HPWL        1137158.7 u
delta HPWL                    3 %

[INFO DPL-0020] Mirrored 12260 instances
[INFO DPL-0021] HPWL before          1137158.7 u
[INFO DPL-0022] HPWL after           1111607.7 u
[INFO DPL-0023] HPWL delta               -2.2 %
Setting global connections for newly added cells…
Writing OpenROAD database to '/openlane/designs/Tensor/runs/PrePre-final_run/tmp/84-chip_top.odb'…
Writing netlist to '/openlane/designs/Tensor/runs/PrePre-final_run/tmp/84-chip_top.nl.v'…
Writing powered netlist to '/openlane/designs/Tensor/runs/PrePre-final_run/tmp/84-chip_top.pnl.v'…
Writing layout to '/openlane/designs/Tensor/runs/PrePre-final_run/tmp/84-chip_top.def'…
Writing timing constraints to '/openlane/designs/Tensor/runs/PrePre-final_run/tmp/84-chip_top.sdc'…
area_report

===========================================================================
report_design_area
============================================================================
Design area 866999 u^2 73% utilization.
area_report_end
