
Magic 8.3 revision 413 - Compiled on Wed Jul 12 10:04:40 UTC 2023.
Starting magic under Tcl interpreter
Using the terminal as the console.
Using NULL graphics device.
Processing system .magicrc file
Sourcing design .magicrc for technology sky130A ...
2 Magic internal units = 1 Lambda
Input style sky130(): scaleFactor=2, multiplier=2
The following types are not handled by extraction and will be treated as non-electrical types:
    ubm 
Scaled tech values by 2 / 1 to match internal grid scaling
Loading sky130A Device Generator Menu ...
Using technology "sky130A", version 1.0.493-0-g0fe599b
Reading LEF data from file /home/n0b0dy/.ciel/sky130A/libs.ref/sky130_fd_sc_hd/techlef/sky130_fd_sc_hd__nom.tlef.
This action cannot be undone.
LEF read, Line 82 (Message): Unknown keyword "ANTENNAMODEL" in LEF file; ignoring.
LEF read, Line 83 (Message): Unknown keyword "ANTENNADIFFSIDEAREARATIO" in LEF file; ignoring.
LEF read, Line 116 (Message): Unknown keyword "MINENCLOSEDAREA" in LEF file; ignoring.
LEF read, Line 118 (Message): Unknown keyword "ANTENNAMODEL" in LEF file; ignoring.
LEF read, Line 119 (Message): Unknown keyword "ANTENNADIFFSIDEAREARATIO" in LEF file; ignoring.
LEF read, Line 125 (Message): Unknown keyword "MAXIMUMDENSITY" in LEF file; ignoring.
LEF read, Line 126 (Message): Unknown keyword "DENSITYCHECKWINDOW" in LEF file; ignoring.
LEF read, Line 127 (Message): Unknown keyword "DENSITYCHECKSTEP" in LEF file; ignoring.
LEF read, Line 160 (Message): Unknown keyword "MINENCLOSEDAREA" in LEF file; ignoring.
LEF read, Line 168 (Message): Unknown keyword "ANTENNAMODEL" in LEF file; ignoring.
LEF read, Line 169 (Message): Unknown keyword "ANTENNADIFFSIDEAREARATIO" in LEF file; ignoring.
LEF read, Line 171 (Message): Unknown keyword "MAXIMUMDENSITY" in LEF file; ignoring.
LEF read, Line 172 (Message): Unknown keyword "DENSITYCHECKWINDOW" in LEF file; ignoring.
LEF read, Line 173 (Message): Unknown keyword "DENSITYCHECKSTEP" in LEF file; ignoring.
LEF read, Line 210 (Message): Unknown keyword "ANTENNAMODEL" in LEF file; ignoring.
LEF read, Line 211 (Message): Unknown keyword "ANTENNADIFFSIDEAREARATIO" in LEF file; ignoring.
LEF read, Line 213 (Message): Unknown keyword "MAXIMUMDENSITY" in LEF file; ignoring.
LEF read, Line 214 (Message): Unknown keyword "DENSITYCHECKWINDOW" in LEF file; ignoring.
LEF read, Line 215 (Message): Unknown keyword "DENSITYCHECKSTEP" in LEF file; ignoring.
LEF read, Line 252 (Message): Unknown keyword "ANTENNAMODEL" in LEF file; ignoring.
LEF read, Line 253 (Message): Unknown keyword "ANTENNADIFFSIDEAREARATIO" in LEF file; ignoring.
LEF read, Line 255 (Message): Unknown keyword "MAXIMUMDENSITY" in LEF file; ignoring.
LEF read, Line 256 (Message): Unknown keyword "DENSITYCHECKWINDOW" in LEF file; ignoring.
LEF read, Line 257 (Message): Unknown keyword "DENSITYCHECKSTEP" in LEF file; ignoring.
LEF read, Line 294 (Message): Unknown keyword "ANTENNAMODEL" in LEF file; ignoring.
LEF read, Line 295 (Message): Unknown keyword "ANTENNADIFFSIDEAREARATIO" in LEF file; ignoring.
LEF read: Processed 801 lines.
Reading LEF data from file /home/n0b0dy/.ciel/sky130A/libs.ref/sky130_sram_macros/lef/sky130_sram_1kbyte_1rw1r_32x256_8.lef.
This action cannot be undone.
LEF read: Processed 1093 lines.
Reading DEF data from file /openlane/designs/Tensor/runs/PrePre-final_run/results/routing/chip_top.def.
This action cannot be undone.
  Processed 5 vias total.
Cell sky130_fd_sc_hd__diode_2 read from path /home/n0b0dy/.ciel/sky130A/libs.ref/sky130_fd_sc_hd/mag
Cell sky130_fd_sc_hd__fill_2 read from path /home/n0b0dy/.ciel/sky130A/libs.ref/sky130_fd_sc_hd/mag
Cell sky130_fd_sc_hd__decap_4 read from path /home/n0b0dy/.ciel/sky130A/libs.ref/sky130_fd_sc_hd/mag
Cell sky130_fd_sc_hd__fill_1 read from path /home/n0b0dy/.ciel/sky130A/libs.ref/sky130_fd_sc_hd/mag
Cell sky130_ef_sc_hd__decap_12 read from path /home/n0b0dy/.ciel/sky130A/libs.ref/sky130_fd_sc_hd/mag
Cell sky130_fd_sc_hd__decap_3 read from path /home/n0b0dy/.ciel/sky130A/libs.ref/sky130_fd_sc_hd/mag
Cell sky130_fd_sc_hd__decap_8 read from path /home/n0b0dy/.ciel/sky130A/libs.ref/sky130_fd_sc_hd/mag
Cell sky130_fd_sc_hd__decap_6 read from path /home/n0b0dy/.ciel/sky130A/libs.ref/sky130_fd_sc_hd/mag
Cell sky130_fd_sc_hd__tapvpwrvgnd_1 read from path /home/n0b0dy/.ciel/sky130A/libs.ref/sky130_fd_sc_hd/mag
Cell sky130_fd_sc_hd__xnor2_1 read from path /home/n0b0dy/.ciel/sky130A/libs.ref/sky130_fd_sc_hd/mag
Cell sky130_fd_sc_hd__xnor2_2 read from path /home/n0b0dy/.ciel/sky130A/libs.ref/sky130_fd_sc_hd/mag
Cell sky130_fd_sc_hd__and4_1 read from path /home/n0b0dy/.ciel/sky130A/libs.ref/sky130_fd_sc_hd/mag
Cell sky130_fd_sc_hd__nand2_1 read from path /home/n0b0dy/.ciel/sky130A/libs.ref/sky130_fd_sc_hd/mag
Cell sky130_fd_sc_hd__xor2_2 read from path /home/n0b0dy/.ciel/sky130A/libs.ref/sky130_fd_sc_hd/mag
Cell sky130_fd_sc_hd__xor2_1 read from path /home/n0b0dy/.ciel/sky130A/libs.ref/sky130_fd_sc_hd/mag
Cell sky130_fd_sc_hd__and3_1 read from path /home/n0b0dy/.ciel/sky130A/libs.ref/sky130_fd_sc_hd/mag
Cell sky130_fd_sc_hd__o211a_1 read from path /home/n0b0dy/.ciel/sky130A/libs.ref/sky130_fd_sc_hd/mag
Cell sky130_fd_sc_hd__a211o_1 read from path /home/n0b0dy/.ciel/sky130A/libs.ref/sky130_fd_sc_hd/mag
Cell sky130_fd_sc_hd__nand2b_1 read from path /home/n0b0dy/.ciel/sky130A/libs.ref/sky130_fd_sc_hd/mag
Cell sky130_fd_sc_hd__a21o_1 read from path /home/n0b0dy/.ciel/sky130A/libs.ref/sky130_fd_sc_hd/mag
Cell sky130_fd_sc_hd__nand3_1 read from path /home/n0b0dy/.ciel/sky130A/libs.ref/sky130_fd_sc_hd/mag
Cell sky130_fd_sc_hd__nand3_2 read from path /home/n0b0dy/.ciel/sky130A/libs.ref/sky130_fd_sc_hd/mag
Cell sky130_fd_sc_hd__nand4_4 read from path /home/n0b0dy/.ciel/sky130A/libs.ref/sky130_fd_sc_hd/mag
Cell sky130_fd_sc_hd__a22o_1 read from path /home/n0b0dy/.ciel/sky130A/libs.ref/sky130_fd_sc_hd/mag
Cell sky130_fd_sc_hd__nand2_2 read from path /home/n0b0dy/.ciel/sky130A/libs.ref/sky130_fd_sc_hd/mag
Cell sky130_fd_sc_hd__and4_2 read from path /home/n0b0dy/.ciel/sky130A/libs.ref/sky130_fd_sc_hd/mag
Cell sky130_fd_sc_hd__a21oi_1 read from path /home/n0b0dy/.ciel/sky130A/libs.ref/sky130_fd_sc_hd/mag
Cell sky130_fd_sc_hd__nor2_1 read from path /home/n0b0dy/.ciel/sky130A/libs.ref/sky130_fd_sc_hd/mag
Cell sky130_fd_sc_hd__a211o_2 read from path /home/n0b0dy/.ciel/sky130A/libs.ref/sky130_fd_sc_hd/mag
Cell sky130_fd_sc_hd__a21bo_1 read from path /home/n0b0dy/.ciel/sky130A/libs.ref/sky130_fd_sc_hd/mag
Cell sky130_fd_sc_hd__a31oi_4 read from path /home/n0b0dy/.ciel/sky130A/libs.ref/sky130_fd_sc_hd/mag
Cell sky130_fd_sc_hd__and2_1 read from path /home/n0b0dy/.ciel/sky130A/libs.ref/sky130_fd_sc_hd/mag
Cell sky130_fd_sc_hd__o21ai_1 read from path /home/n0b0dy/.ciel/sky130A/libs.ref/sky130_fd_sc_hd/mag
Cell sky130_fd_sc_hd__clkbuf_4 read from path /home/n0b0dy/.ciel/sky130A/libs.ref/sky130_fd_sc_hd/mag
Cell sky130_fd_sc_hd__xnor2_4 read from path /home/n0b0dy/.ciel/sky130A/libs.ref/sky130_fd_sc_hd/mag
Cell sky130_fd_sc_hd__o21bai_1 read from path /home/n0b0dy/.ciel/sky130A/libs.ref/sky130_fd_sc_hd/mag
Cell sky130_fd_sc_hd__o21a_1 read from path /home/n0b0dy/.ciel/sky130A/libs.ref/sky130_fd_sc_hd/mag
Cell sky130_fd_sc_hd__o21ai_4 read from path /home/n0b0dy/.ciel/sky130A/libs.ref/sky130_fd_sc_hd/mag
Cell sky130_fd_sc_hd__or2_4 read from path /home/n0b0dy/.ciel/sky130A/libs.ref/sky130_fd_sc_hd/mag
Cell sky130_fd_sc_hd__or2_1 read from path /home/n0b0dy/.ciel/sky130A/libs.ref/sky130_fd_sc_hd/mag
Cell sky130_fd_sc_hd__a21oi_2 read from path /home/n0b0dy/.ciel/sky130A/libs.ref/sky130_fd_sc_hd/mag
Cell sky130_fd_sc_hd__and2b_1 read from path /home/n0b0dy/.ciel/sky130A/libs.ref/sky130_fd_sc_hd/mag
Cell sky130_fd_sc_hd__clkbuf_2 read from path /home/n0b0dy/.ciel/sky130A/libs.ref/sky130_fd_sc_hd/mag
Cell sky130_fd_sc_hd__inv_2 read from path /home/n0b0dy/.ciel/sky130A/libs.ref/sky130_fd_sc_hd/mag
Cell sky130_fd_sc_hd__o221a_1 read from path /home/n0b0dy/.ciel/sky130A/libs.ref/sky130_fd_sc_hd/mag
Cell sky130_fd_sc_hd__a21oi_4 read from path /home/n0b0dy/.ciel/sky130A/libs.ref/sky130_fd_sc_hd/mag
Cell sky130_fd_sc_hd__and2_2 read from path /home/n0b0dy/.ciel/sky130A/libs.ref/sky130_fd_sc_hd/mag
Cell sky130_fd_sc_hd__mux2_1 read from path /home/n0b0dy/.ciel/sky130A/libs.ref/sky130_fd_sc_hd/mag
Cell sky130_fd_sc_hd__a2bb2o_1 read from path /home/n0b0dy/.ciel/sky130A/libs.ref/sky130_fd_sc_hd/mag
Cell sky130_fd_sc_hd__a32o_2 read from path /home/n0b0dy/.ciel/sky130A/libs.ref/sky130_fd_sc_hd/mag
Cell sky130_fd_sc_hd__xor2_4 read from path /home/n0b0dy/.ciel/sky130A/libs.ref/sky130_fd_sc_hd/mag
Cell sky130_fd_sc_hd__o21a_2 read from path /home/n0b0dy/.ciel/sky130A/libs.ref/sky130_fd_sc_hd/mag
Cell sky130_fd_sc_hd__a22oi_1 read from path /home/n0b0dy/.ciel/sky130A/libs.ref/sky130_fd_sc_hd/mag
Cell sky130_fd_sc_hd__o21ba_1 read from path /home/n0b0dy/.ciel/sky130A/libs.ref/sky130_fd_sc_hd/mag
Cell sky130_fd_sc_hd__or2b_1 read from path /home/n0b0dy/.ciel/sky130A/libs.ref/sky130_fd_sc_hd/mag
Cell sky130_fd_sc_hd__a31o_1 read from path /home/n0b0dy/.ciel/sky130A/libs.ref/sky130_fd_sc_hd/mag
Cell sky130_fd_sc_hd__a2bb2o_2 read from path /home/n0b0dy/.ciel/sky130A/libs.ref/sky130_fd_sc_hd/mag
Cell sky130_fd_sc_hd__or3_4 read from path /home/n0b0dy/.ciel/sky130A/libs.ref/sky130_fd_sc_hd/mag
Cell sky130_fd_sc_hd__o21ai_2 read from path /home/n0b0dy/.ciel/sky130A/libs.ref/sky130_fd_sc_hd/mag
Cell sky130_fd_sc_hd__nand2_4 read from path /home/n0b0dy/.ciel/sky130A/libs.ref/sky130_fd_sc_hd/mag
Cell sky130_fd_sc_hd__o2bb2a_1 read from path /home/n0b0dy/.ciel/sky130A/libs.ref/sky130_fd_sc_hd/mag
Cell sky130_fd_sc_hd__a2111o_1 read from path /home/n0b0dy/.ciel/sky130A/libs.ref/sky130_fd_sc_hd/mag
Cell sky130_fd_sc_hd__nor3_1 read from path /home/n0b0dy/.ciel/sky130A/libs.ref/sky130_fd_sc_hd/mag
Cell sky130_fd_sc_hd__a221o_1 read from path /home/n0b0dy/.ciel/sky130A/libs.ref/sky130_fd_sc_hd/mag
Cell sky130_fd_sc_hd__o22a_1 read from path /home/n0b0dy/.ciel/sky130A/libs.ref/sky130_fd_sc_hd/mag
Cell sky130_fd_sc_hd__a211o_4 read from path /home/n0b0dy/.ciel/sky130A/libs.ref/sky130_fd_sc_hd/mag
Cell sky130_fd_sc_hd__o31ai_1 read from path /home/n0b0dy/.ciel/sky130A/libs.ref/sky130_fd_sc_hd/mag
Cell sky130_fd_sc_hd__a31o_4 read from path /home/n0b0dy/.ciel/sky130A/libs.ref/sky130_fd_sc_hd/mag
Cell sky130_fd_sc_hd__o31a_1 read from path /home/n0b0dy/.ciel/sky130A/libs.ref/sky130_fd_sc_hd/mag
Cell sky130_fd_sc_hd__or2b_2 read from path /home/n0b0dy/.ciel/sky130A/libs.ref/sky130_fd_sc_hd/mag
Cell sky130_fd_sc_hd__or3b_1 read from path /home/n0b0dy/.ciel/sky130A/libs.ref/sky130_fd_sc_hd/mag
Cell sky130_fd_sc_hd__or3_2 read from path /home/n0b0dy/.ciel/sky130A/libs.ref/sky130_fd_sc_hd/mag
Cell sky130_fd_sc_hd__or3_1 read from path /home/n0b0dy/.ciel/sky130A/libs.ref/sky130_fd_sc_hd/mag
Cell sky130_fd_sc_hd__and4bb_1 read from path /home/n0b0dy/.ciel/sky130A/libs.ref/sky130_fd_sc_hd/mag
Cell sky130_fd_sc_hd__a311o_4 read from path /home/n0b0dy/.ciel/sky130A/libs.ref/sky130_fd_sc_hd/mag
Cell sky130_fd_sc_hd__o211a_4 read from path /home/n0b0dy/.ciel/sky130A/libs.ref/sky130_fd_sc_hd/mag
Cell sky130_fd_sc_hd__nor2_8 read from path /home/n0b0dy/.ciel/sky130A/libs.ref/sky130_fd_sc_hd/mag
Cell sky130_fd_sc_hd__o32a_1 read from path /home/n0b0dy/.ciel/sky130A/libs.ref/sky130_fd_sc_hd/mag
Cell sky130_fd_sc_hd__o211ai_1 read from path /home/n0b0dy/.ciel/sky130A/libs.ref/sky130_fd_sc_hd/mag
Cell sky130_fd_sc_hd__nand3b_1 read from path /home/n0b0dy/.ciel/sky130A/libs.ref/sky130_fd_sc_hd/mag
Cell sky130_fd_sc_hd__buf_4 read from path /home/n0b0dy/.ciel/sky130A/libs.ref/sky130_fd_sc_hd/mag
Cell sky130_fd_sc_hd__and3b_1 read from path /home/n0b0dy/.ciel/sky130A/libs.ref/sky130_fd_sc_hd/mag
Cell sky130_fd_sc_hd__clkbuf_8 read from path /home/n0b0dy/.ciel/sky130A/libs.ref/sky130_fd_sc_hd/mag
Cell sky130_fd_sc_hd__a21boi_1 read from path /home/n0b0dy/.ciel/sky130A/libs.ref/sky130_fd_sc_hd/mag
Cell sky130_fd_sc_hd__and2b_2 read from path /home/n0b0dy/.ciel/sky130A/libs.ref/sky130_fd_sc_hd/mag
Cell sky130_fd_sc_hd__nand4_1 read from path /home/n0b0dy/.ciel/sky130A/libs.ref/sky130_fd_sc_hd/mag
Cell sky130_fd_sc_hd__o311a_1 read from path /home/n0b0dy/.ciel/sky130A/libs.ref/sky130_fd_sc_hd/mag
Cell sky130_fd_sc_hd__clkbuf_1 read from path /home/n0b0dy/.ciel/sky130A/libs.ref/sky130_fd_sc_hd/mag
Cell sky130_fd_sc_hd__and3_2 read from path /home/n0b0dy/.ciel/sky130A/libs.ref/sky130_fd_sc_hd/mag
Cell sky130_fd_sc_hd__a311o_1 read from path /home/n0b0dy/.ciel/sky130A/libs.ref/sky130_fd_sc_hd/mag
Cell sky130_fd_sc_hd__o221ai_2 read from path /home/n0b0dy/.ciel/sky130A/libs.ref/sky130_fd_sc_hd/mag
Cell sky130_fd_sc_hd__a31oi_1 read from path /home/n0b0dy/.ciel/sky130A/libs.ref/sky130_fd_sc_hd/mag
Cell sky130_fd_sc_hd__a32oi_2 read from path /home/n0b0dy/.ciel/sky130A/libs.ref/sky130_fd_sc_hd/mag
Cell sky130_fd_sc_hd__a21boi_2 read from path /home/n0b0dy/.ciel/sky130A/libs.ref/sky130_fd_sc_hd/mag
Cell sky130_fd_sc_hd__a21boi_4 read from path /home/n0b0dy/.ciel/sky130A/libs.ref/sky130_fd_sc_hd/mag
Cell sky130_fd_sc_hd__a31o_2 read from path /home/n0b0dy/.ciel/sky130A/libs.ref/sky130_fd_sc_hd/mag
Cell sky130_fd_sc_hd__a32o_1 read from path /home/n0b0dy/.ciel/sky130A/libs.ref/sky130_fd_sc_hd/mag
Cell sky130_fd_sc_hd__o31a_4 read from path /home/n0b0dy/.ciel/sky130A/libs.ref/sky130_fd_sc_hd/mag
Cell sky130_fd_sc_hd__nor2_4 read from path /home/n0b0dy/.ciel/sky130A/libs.ref/sky130_fd_sc_hd/mag
Cell sky130_fd_sc_hd__o22ai_1 read from path /home/n0b0dy/.ciel/sky130A/libs.ref/sky130_fd_sc_hd/mag
Cell sky130_fd_sc_hd__a311oi_1 read from path /home/n0b0dy/.ciel/sky130A/libs.ref/sky130_fd_sc_hd/mag
Cell sky130_fd_sc_hd__o211ai_2 read from path /home/n0b0dy/.ciel/sky130A/libs.ref/sky130_fd_sc_hd/mag
Cell sky130_fd_sc_hd__and2_4 read from path /home/n0b0dy/.ciel/sky130A/libs.ref/sky130_fd_sc_hd/mag
Cell sky130_fd_sc_hd__o221ai_4 read from path /home/n0b0dy/.ciel/sky130A/libs.ref/sky130_fd_sc_hd/mag
Cell sky130_fd_sc_hd__o22a_4 read from path /home/n0b0dy/.ciel/sky130A/libs.ref/sky130_fd_sc_hd/mag
Cell sky130_fd_sc_hd__buf_2 read from path /home/n0b0dy/.ciel/sky130A/libs.ref/sky130_fd_sc_hd/mag
Cell sky130_fd_sc_hd__a22o_2 read from path /home/n0b0dy/.ciel/sky130A/libs.ref/sky130_fd_sc_hd/mag
Cell sky130_fd_sc_hd__dlymetal6s2s_1 read from path /home/n0b0dy/.ciel/sky130A/libs.ref/sky130_fd_sc_hd/mag
Cell sky130_fd_sc_hd__nor2_2 read from path /home/n0b0dy/.ciel/sky130A/libs.ref/sky130_fd_sc_hd/mag
Cell sky130_fd_sc_hd__or3b_4 read from path /home/n0b0dy/.ciel/sky130A/libs.ref/sky130_fd_sc_hd/mag
Cell sky130_fd_sc_hd__a221oi_4 read from path /home/n0b0dy/.ciel/sky130A/libs.ref/sky130_fd_sc_hd/mag
Cell sky130_fd_sc_hd__o31ai_4 read from path /home/n0b0dy/.ciel/sky130A/libs.ref/sky130_fd_sc_hd/mag
Cell sky130_fd_sc_hd__a21bo_2 read from path /home/n0b0dy/.ciel/sky130A/libs.ref/sky130_fd_sc_hd/mag
Cell sky130_fd_sc_hd__a41o_1 read from path /home/n0b0dy/.ciel/sky130A/libs.ref/sky130_fd_sc_hd/mag
Cell sky130_fd_sc_hd__o211a_2 read from path /home/n0b0dy/.ciel/sky130A/libs.ref/sky130_fd_sc_hd/mag
Cell sky130_fd_sc_hd__nand4_2 read from path /home/n0b0dy/.ciel/sky130A/libs.ref/sky130_fd_sc_hd/mag
Cell sky130_fd_sc_hd__a21o_2 read from path /home/n0b0dy/.ciel/sky130A/libs.ref/sky130_fd_sc_hd/mag
Cell sky130_fd_sc_hd__a22oi_2 read from path /home/n0b0dy/.ciel/sky130A/libs.ref/sky130_fd_sc_hd/mag
Cell sky130_fd_sc_hd__o221a_2 read from path /home/n0b0dy/.ciel/sky130A/libs.ref/sky130_fd_sc_hd/mag
Cell sky130_fd_sc_hd__or4_1 read from path /home/n0b0dy/.ciel/sky130A/libs.ref/sky130_fd_sc_hd/mag
Cell sky130_fd_sc_hd__or2_2 read from path /home/n0b0dy/.ciel/sky130A/libs.ref/sky130_fd_sc_hd/mag
Cell sky130_fd_sc_hd__or2b_4 read from path /home/n0b0dy/.ciel/sky130A/libs.ref/sky130_fd_sc_hd/mag
Cell sky130_fd_sc_hd__a211oi_1 read from path /home/n0b0dy/.ciel/sky130A/libs.ref/sky130_fd_sc_hd/mag
Cell sky130_fd_sc_hd__or4b_1 read from path /home/n0b0dy/.ciel/sky130A/libs.ref/sky130_fd_sc_hd/mag
Cell sky130_fd_sc_hd__nor3b_2 read from path /home/n0b0dy/.ciel/sky130A/libs.ref/sky130_fd_sc_hd/mag
Cell sky130_fd_sc_hd__a2bb2o_4 read from path /home/n0b0dy/.ciel/sky130A/libs.ref/sky130_fd_sc_hd/mag
Cell sky130_fd_sc_hd__o21bai_2 read from path /home/n0b0dy/.ciel/sky130A/libs.ref/sky130_fd_sc_hd/mag
Cell sky130_fd_sc_hd__and3_4 read from path /home/n0b0dy/.ciel/sky130A/libs.ref/sky130_fd_sc_hd/mag
Cell sky130_fd_sc_hd__o2111a_1 read from path /home/n0b0dy/.ciel/sky130A/libs.ref/sky130_fd_sc_hd/mag
Cell sky130_fd_sc_hd__a221oi_2 read from path /home/n0b0dy/.ciel/sky130A/libs.ref/sky130_fd_sc_hd/mag
Cell sky130_fd_sc_hd__a32oi_4 read from path /home/n0b0dy/.ciel/sky130A/libs.ref/sky130_fd_sc_hd/mag
Cell sky130_fd_sc_hd__a221o_2 read from path /home/n0b0dy/.ciel/sky130A/libs.ref/sky130_fd_sc_hd/mag
Cell sky130_fd_sc_hd__nand3b_2 read from path /home/n0b0dy/.ciel/sky130A/libs.ref/sky130_fd_sc_hd/mag
Cell sky130_fd_sc_hd__and4b_1 read from path /home/n0b0dy/.ciel/sky130A/libs.ref/sky130_fd_sc_hd/mag
Cell sky130_fd_sc_hd__a41oi_1 read from path /home/n0b0dy/.ciel/sky130A/libs.ref/sky130_fd_sc_hd/mag
Cell sky130_fd_sc_hd__o2111ai_4 read from path /home/n0b0dy/.ciel/sky130A/libs.ref/sky130_fd_sc_hd/mag
Cell sky130_fd_sc_hd__nor2b_1 read from path /home/n0b0dy/.ciel/sky130A/libs.ref/sky130_fd_sc_hd/mag
Cell sky130_fd_sc_hd__or4_4 read from path /home/n0b0dy/.ciel/sky130A/libs.ref/sky130_fd_sc_hd/mag
Cell sky130_fd_sc_hd__o211ai_4 read from path /home/n0b0dy/.ciel/sky130A/libs.ref/sky130_fd_sc_hd/mag
Cell sky130_fd_sc_hd__o2111a_4 read from path /home/n0b0dy/.ciel/sky130A/libs.ref/sky130_fd_sc_hd/mag
Cell sky130_fd_sc_hd__nor2b_2 read from path /home/n0b0dy/.ciel/sky130A/libs.ref/sky130_fd_sc_hd/mag
Cell sky130_fd_sc_hd__nor4_1 read from path /home/n0b0dy/.ciel/sky130A/libs.ref/sky130_fd_sc_hd/mag
Cell sky130_fd_sc_hd__buf_12 read from path /home/n0b0dy/.ciel/sky130A/libs.ref/sky130_fd_sc_hd/mag
Cell sky130_fd_sc_hd__a21o_4 read from path /home/n0b0dy/.ciel/sky130A/libs.ref/sky130_fd_sc_hd/mag
Cell sky130_fd_sc_hd__nand3b_4 read from path /home/n0b0dy/.ciel/sky130A/libs.ref/sky130_fd_sc_hd/mag
Cell sky130_fd_sc_hd__buf_6 read from path /home/n0b0dy/.ciel/sky130A/libs.ref/sky130_fd_sc_hd/mag
Cell sky130_fd_sc_hd__a211oi_2 read from path /home/n0b0dy/.ciel/sky130A/libs.ref/sky130_fd_sc_hd/mag
Cell sky130_fd_sc_hd__o22ai_2 read from path /home/n0b0dy/.ciel/sky130A/libs.ref/sky130_fd_sc_hd/mag
Cell sky130_fd_sc_hd__o21bai_4 read from path /home/n0b0dy/.ciel/sky130A/libs.ref/sky130_fd_sc_hd/mag
Cell sky130_fd_sc_hd__a221o_4 read from path /home/n0b0dy/.ciel/sky130A/libs.ref/sky130_fd_sc_hd/mag
Cell sky130_fd_sc_hd__o221a_4 read from path /home/n0b0dy/.ciel/sky130A/libs.ref/sky130_fd_sc_hd/mag
Cell sky130_fd_sc_hd__a22o_4 read from path /home/n0b0dy/.ciel/sky130A/libs.ref/sky130_fd_sc_hd/mag
Cell sky130_fd_sc_hd__o31ai_2 read from path /home/n0b0dy/.ciel/sky130A/libs.ref/sky130_fd_sc_hd/mag
Cell sky130_fd_sc_hd__o22ai_4 read from path /home/n0b0dy/.ciel/sky130A/libs.ref/sky130_fd_sc_hd/mag
Cell sky130_fd_sc_hd__o21ba_2 read from path /home/n0b0dy/.ciel/sky130A/libs.ref/sky130_fd_sc_hd/mag
Cell sky130_fd_sc_hd__a31oi_2 read from path /home/n0b0dy/.ciel/sky130A/libs.ref/sky130_fd_sc_hd/mag
Cell sky130_fd_sc_hd__o2111ai_1 read from path /home/n0b0dy/.ciel/sky130A/libs.ref/sky130_fd_sc_hd/mag
Cell sky130_fd_sc_hd__a41o_2 read from path /home/n0b0dy/.ciel/sky130A/libs.ref/sky130_fd_sc_hd/mag
Cell sky130_fd_sc_hd__nand4bb_1 read from path /home/n0b0dy/.ciel/sky130A/libs.ref/sky130_fd_sc_hd/mag
Cell sky130_fd_sc_hd__o41a_2 read from path /home/n0b0dy/.ciel/sky130A/libs.ref/sky130_fd_sc_hd/mag
Cell sky130_fd_sc_hd__o21a_4 read from path /home/n0b0dy/.ciel/sky130A/libs.ref/sky130_fd_sc_hd/mag
Cell sky130_fd_sc_hd__o32a_4 read from path /home/n0b0dy/.ciel/sky130A/libs.ref/sky130_fd_sc_hd/mag
Cell sky130_fd_sc_hd__nor3b_1 read from path /home/n0b0dy/.ciel/sky130A/libs.ref/sky130_fd_sc_hd/mag
Cell sky130_fd_sc_hd__or4_2 read from path /home/n0b0dy/.ciel/sky130A/libs.ref/sky130_fd_sc_hd/mag
Cell sky130_fd_sc_hd__o21ba_4 read from path /home/n0b0dy/.ciel/sky130A/libs.ref/sky130_fd_sc_hd/mag
Cell sky130_fd_sc_hd__or4b_4 read from path /home/n0b0dy/.ciel/sky130A/libs.ref/sky130_fd_sc_hd/mag
Cell sky130_fd_sc_hd__nand2_8 read from path /home/n0b0dy/.ciel/sky130A/libs.ref/sky130_fd_sc_hd/mag
Cell sky130_fd_sc_hd__o311a_2 read from path /home/n0b0dy/.ciel/sky130A/libs.ref/sky130_fd_sc_hd/mag
Cell sky130_fd_sc_hd__mux2_2 read from path /home/n0b0dy/.ciel/sky130A/libs.ref/sky130_fd_sc_hd/mag
Cell sky130_fd_sc_hd__o2bb2a_2 read from path /home/n0b0dy/.ciel/sky130A/libs.ref/sky130_fd_sc_hd/mag
Cell sky130_fd_sc_hd__o311a_4 read from path /home/n0b0dy/.ciel/sky130A/libs.ref/sky130_fd_sc_hd/mag
Cell sky130_fd_sc_hd__o31a_2 read from path /home/n0b0dy/.ciel/sky130A/libs.ref/sky130_fd_sc_hd/mag
Cell sky130_fd_sc_hd__a221oi_1 read from path /home/n0b0dy/.ciel/sky130A/libs.ref/sky130_fd_sc_hd/mag
Cell sky130_fd_sc_hd__a211oi_4 read from path /home/n0b0dy/.ciel/sky130A/libs.ref/sky130_fd_sc_hd/mag
Cell sky130_fd_sc_hd__o22a_2 read from path /home/n0b0dy/.ciel/sky130A/libs.ref/sky130_fd_sc_hd/mag
Cell sky130_fd_sc_hd__o2bb2a_4 read from path /home/n0b0dy/.ciel/sky130A/libs.ref/sky130_fd_sc_hd/mag
Cell sky130_fd_sc_hd__nand4b_1 read from path /home/n0b0dy/.ciel/sky130A/libs.ref/sky130_fd_sc_hd/mag
Cell sky130_fd_sc_hd__o32a_2 read from path /home/n0b0dy/.ciel/sky130A/libs.ref/sky130_fd_sc_hd/mag
Cell sky130_fd_sc_hd__mux2_4 read from path /home/n0b0dy/.ciel/sky130A/libs.ref/sky130_fd_sc_hd/mag
Cell sky130_fd_sc_hd__o311ai_4 read from path /home/n0b0dy/.ciel/sky130A/libs.ref/sky130_fd_sc_hd/mag
Cell sky130_fd_sc_hd__nand3_4 read from path /home/n0b0dy/.ciel/sky130A/libs.ref/sky130_fd_sc_hd/mag
Cell sky130_fd_sc_hd__a2111oi_2 read from path /home/n0b0dy/.ciel/sky130A/libs.ref/sky130_fd_sc_hd/mag
Cell sky130_fd_sc_hd__nor2b_4 read from path /home/n0b0dy/.ciel/sky130A/libs.ref/sky130_fd_sc_hd/mag
Cell sky130_fd_sc_hd__buf_1 read from path /home/n0b0dy/.ciel/sky130A/libs.ref/sky130_fd_sc_hd/mag
Cell sky130_fd_sc_hd__or4bb_4 read from path /home/n0b0dy/.ciel/sky130A/libs.ref/sky130_fd_sc_hd/mag
Cell sky130_fd_sc_hd__o41a_1 read from path /home/n0b0dy/.ciel/sky130A/libs.ref/sky130_fd_sc_hd/mag
Cell sky130_fd_sc_hd__a22oi_4 read from path /home/n0b0dy/.ciel/sky130A/libs.ref/sky130_fd_sc_hd/mag
Cell sky130_fd_sc_hd__o2bb2ai_1 read from path /home/n0b0dy/.ciel/sky130A/libs.ref/sky130_fd_sc_hd/mag
Cell sky130_fd_sc_hd__a311o_2 read from path /home/n0b0dy/.ciel/sky130A/libs.ref/sky130_fd_sc_hd/mag
Cell sky130_fd_sc_hd__o32ai_4 read from path /home/n0b0dy/.ciel/sky130A/libs.ref/sky130_fd_sc_hd/mag
Cell sky130_fd_sc_hd__o311ai_2 read from path /home/n0b0dy/.ciel/sky130A/libs.ref/sky130_fd_sc_hd/mag
Cell sky130_fd_sc_hd__or3b_2 read from path /home/n0b0dy/.ciel/sky130A/libs.ref/sky130_fd_sc_hd/mag
Cell sky130_fd_sc_hd__or4bb_1 read from path /home/n0b0dy/.ciel/sky130A/libs.ref/sky130_fd_sc_hd/mag
Cell sky130_fd_sc_hd__a21bo_4 read from path /home/n0b0dy/.ciel/sky130A/libs.ref/sky130_fd_sc_hd/mag
Cell sky130_fd_sc_hd__a2111oi_1 read from path /home/n0b0dy/.ciel/sky130A/libs.ref/sky130_fd_sc_hd/mag
Cell sky130_fd_sc_hd__a41o_4 read from path /home/n0b0dy/.ciel/sky130A/libs.ref/sky130_fd_sc_hd/mag
Cell sky130_fd_sc_hd__a2bb2oi_1 read from path /home/n0b0dy/.ciel/sky130A/libs.ref/sky130_fd_sc_hd/mag
Cell sky130_fd_sc_hd__nand2b_2 read from path /home/n0b0dy/.ciel/sky130A/libs.ref/sky130_fd_sc_hd/mag
Cell sky130_fd_sc_hd__o2bb2ai_2 read from path /home/n0b0dy/.ciel/sky130A/libs.ref/sky130_fd_sc_hd/mag
Cell sky130_fd_sc_hd__nor3b_4 read from path /home/n0b0dy/.ciel/sky130A/libs.ref/sky130_fd_sc_hd/mag
Cell sky130_fd_sc_hd__buf_8 read from path /home/n0b0dy/.ciel/sky130A/libs.ref/sky130_fd_sc_hd/mag
Cell sky130_fd_sc_hd__inv_6 read from path /home/n0b0dy/.ciel/sky130A/libs.ref/sky130_fd_sc_hd/mag
Cell sky130_fd_sc_hd__inv_4 read from path /home/n0b0dy/.ciel/sky130A/libs.ref/sky130_fd_sc_hd/mag
Cell sky130_fd_sc_hd__clkinv_8 read from path /home/n0b0dy/.ciel/sky130A/libs.ref/sky130_fd_sc_hd/mag
Cell sky130_fd_sc_hd__nor3_2 read from path /home/n0b0dy/.ciel/sky130A/libs.ref/sky130_fd_sc_hd/mag
Cell sky130_fd_sc_hd__clkinv_4 read from path /home/n0b0dy/.ciel/sky130A/libs.ref/sky130_fd_sc_hd/mag
Cell sky130_fd_sc_hd__inv_8 read from path /home/n0b0dy/.ciel/sky130A/libs.ref/sky130_fd_sc_hd/mag
Cell sky130_fd_sc_hd__a41oi_4 read from path /home/n0b0dy/.ciel/sky130A/libs.ref/sky130_fd_sc_hd/mag
Cell sky130_fd_sc_hd__or4b_2 read from path /home/n0b0dy/.ciel/sky130A/libs.ref/sky130_fd_sc_hd/mag
Cell sky130_fd_sc_hd__a311oi_2 read from path /home/n0b0dy/.ciel/sky130A/libs.ref/sky130_fd_sc_hd/mag
Cell sky130_fd_sc_hd__and4bb_2 read from path /home/n0b0dy/.ciel/sky130A/libs.ref/sky130_fd_sc_hd/mag
Cell sky130_fd_sc_hd__and4_4 read from path /home/n0b0dy/.ciel/sky130A/libs.ref/sky130_fd_sc_hd/mag
Cell sky130_fd_sc_hd__buf_16 read from path /home/n0b0dy/.ciel/sky130A/libs.ref/sky130_fd_sc_hd/mag
Cell sky130_fd_sc_hd__and3b_2 read from path /home/n0b0dy/.ciel/sky130A/libs.ref/sky130_fd_sc_hd/mag
Cell sky130_fd_sc_hd__and2b_4 read from path /home/n0b0dy/.ciel/sky130A/libs.ref/sky130_fd_sc_hd/mag
Cell sky130_fd_sc_hd__a32oi_1 read from path /home/n0b0dy/.ciel/sky130A/libs.ref/sky130_fd_sc_hd/mag
Cell sky130_fd_sc_hd__a32o_4 read from path /home/n0b0dy/.ciel/sky130A/libs.ref/sky130_fd_sc_hd/mag
Cell sky130_fd_sc_hd__o2bb2ai_4 read from path /home/n0b0dy/.ciel/sky130A/libs.ref/sky130_fd_sc_hd/mag
Cell sky130_fd_sc_hd__nand2b_4 read from path /home/n0b0dy/.ciel/sky130A/libs.ref/sky130_fd_sc_hd/mag
Cell sky130_fd_sc_hd__nor3_4 read from path /home/n0b0dy/.ciel/sky130A/libs.ref/sky130_fd_sc_hd/mag
Cell sky130_fd_sc_hd__nor4b_1 read from path /home/n0b0dy/.ciel/sky130A/libs.ref/sky130_fd_sc_hd/mag
Cell sky130_fd_sc_hd__nand4b_2 read from path /home/n0b0dy/.ciel/sky130A/libs.ref/sky130_fd_sc_hd/mag
Cell sky130_fd_sc_hd__a2111o_2 read from path /home/n0b0dy/.ciel/sky130A/libs.ref/sky130_fd_sc_hd/mag
Cell sky130_fd_sc_hd__dfxtp_4 read from path /home/n0b0dy/.ciel/sky130A/libs.ref/sky130_fd_sc_hd/mag
Cell sky130_fd_sc_hd__dfxtp_1 read from path /home/n0b0dy/.ciel/sky130A/libs.ref/sky130_fd_sc_hd/mag
Cell sky130_fd_sc_hd__dfxtp_2 read from path /home/n0b0dy/.ciel/sky130A/libs.ref/sky130_fd_sc_hd/mag
Cell sky130_fd_sc_hd__dfrtp_4 read from path /home/n0b0dy/.ciel/sky130A/libs.ref/sky130_fd_sc_hd/mag
Cell sky130_fd_sc_hd__dfstp_4 read from path /home/n0b0dy/.ciel/sky130A/libs.ref/sky130_fd_sc_hd/mag
Cell sky130_fd_sc_hd__conb_1 read from path /home/n0b0dy/.ciel/sky130A/libs.ref/sky130_fd_sc_hd/mag
Cell sky130_fd_sc_hd__dfrtp_1 read from path /home/n0b0dy/.ciel/sky130A/libs.ref/sky130_fd_sc_hd/mag
Cell sky130_fd_sc_hd__dfrtp_2 read from path /home/n0b0dy/.ciel/sky130A/libs.ref/sky130_fd_sc_hd/mag
Cell sky130_fd_sc_hd__clkbuf_16 read from path /home/n0b0dy/.ciel/sky130A/libs.ref/sky130_fd_sc_hd/mag
Cell sky130_fd_sc_hd__clkdlybuf4s15_2 read from path /home/n0b0dy/.ciel/sky130A/libs.ref/sky130_fd_sc_hd/mag
Cell sky130_fd_sc_hd__clkdlybuf4s25_2 read from path /home/n0b0dy/.ciel/sky130A/libs.ref/sky130_fd_sc_hd/mag
Cell sky130_fd_sc_hd__dlygate4sd1_1 read from path /home/n0b0dy/.ciel/sky130A/libs.ref/sky130_fd_sc_hd/mag
Cell sky130_fd_sc_hd__clkdlybuf4s18_2 read from path /home/n0b0dy/.ciel/sky130A/libs.ref/sky130_fd_sc_hd/mag
Cell sky130_fd_sc_hd__dlymetal6s4s_1 read from path /home/n0b0dy/.ciel/sky130A/libs.ref/sky130_fd_sc_hd/mag
Cell sky130_fd_sc_hd__dlygate4sd2_1 read from path /home/n0b0dy/.ciel/sky130A/libs.ref/sky130_fd_sc_hd/mag
  Processed 78933 subcell instances total.
  Processed 68 pins total.
  Processed 2 special nets total.
  Processed 30131 nets total.
DEF read: Processed 603732 lines.
Moving label "_00041_" from metal2 to via2 in cell chip_top.
Moving label "_00047_" from metal2 to via2 in cell chip_top.
Moving label "_00053_" from metal3 to via3 in cell chip_top.
Moving label "_00069_" from metal2 to via2 in cell chip_top.
Moving label "_00074_" from metal1 to via1 in cell chip_top.
Moving label "_00079_" from metal2 to via2 in cell chip_top.
Moving label "_00081_" from metal2 to via2 in cell chip_top.
Moving label "_00083_" from metal2 to via2 in cell chip_top.
Moving label "_00085_" from metal2 to via2 in cell chip_top.
Moving label "_00086_" from metal2 to via2 in cell chip_top.
Moving label "_00091_" from metal2 to via2 in cell chip_top.
Moving label "_00100_" from metal2 to via2 in cell chip_top.
Moving label "_00101_" from metal2 to via2 in cell chip_top.
Moving label "_00102_" from metal2 to via2 in cell chip_top.
Moving label "_00105_" from metal2 to via2 in cell chip_top.
Moving label "_00107_" from metal2 to via2 in cell chip_top.
Moving label "_00125_" from metal2 to via1 in cell chip_top.
Moving label "_00132_" from metal2 to via2 in cell chip_top.
Moving label "_00140_" from metal2 to via1 in cell chip_top.
Moving label "_00143_" from metal3 to via3 in cell chip_top.
Moving label "_00165_" from metal3 to via3 in cell chip_top.
Moving label "_00168_" from metal2 to via2 in cell chip_top.
Moving label "_00179_" from metal2 to via2 in cell chip_top.
Moving label "_00180_" from metal2 to via2 in cell chip_top.
Moving label "_00206_" from metal3 to via3 in cell chip_top.
Moving label "_00220_" from metal3 to via3 in cell chip_top.
Moving label "_00253_" from metal2 to via2 in cell chip_top.
Moving label "_00289_" from metal2 to via2 in cell chip_top.
Moving label "_00309_" from metal2 to via2 in cell chip_top.
Moving label "_00322_" from metal2 to via2 in cell chip_top.
Moving label "_00324_" from metal2 to via2 in cell chip_top.
Moving label "_00327_" from metal2 to via2 in cell chip_top.
Moving label "_00379_" from metal3 to via3 in cell chip_top.
Moving label "_00389_" from metal3 to via3 in cell chip_top.
Moving label "_00399_" from metal3 to via3 in cell chip_top.
Moving label "_00408_" from metal2 to via2 in cell chip_top.
Moving label "_00419_" from metal3 to via3 in cell chip_top.
Moving label "_00423_" from metal2 to via2 in cell chip_top.
Moving label "_00432_" from metal3 to via3 in cell chip_top.
Moving label "_00434_" from metal1 to via1 in cell chip_top.
Moving label "_00451_" from metal2 to via2 in cell chip_top.
Moving label "_00463_" from metal2 to via2 in cell chip_top.
Moving label "_00465_" from metal2 to via2 in cell chip_top.
Moving label "_00489_" from metal2 to via2 in cell chip_top.
Moving label "_00523_" from metal2 to via2 in cell chip_top.
Moving label "_00524_" from metal2 to via2 in cell chip_top.
Moving label "_00529_" from metal3 to via3 in cell chip_top.
Moving label "_00534_" from metal3 to via2 in cell chip_top.
Moving label "_00544_" from metal3 to via3 in cell chip_top.
Moving label "_00546_" from metal3 to via3 in cell chip_top.
Moving label "_00551_" from metal2 to via2 in cell chip_top.
Moving label "_00567_" from metal2 to via2 in cell chip_top.
Moving label "_00577_" from metal2 to via2 in cell chip_top.
Moving label "_00619_" from metal1 to via1 in cell chip_top.
Moving label "_00632_" from metal2 to via2 in cell chip_top.
Moving label "_00672_" from metal2 to via2 in cell chip_top.
Moving label "_00729_" from metal2 to via2 in cell chip_top.
Moving label "_00748_" from metal2 to via2 in cell chip_top.
Moving label "_00749_" from metal2 to via2 in cell chip_top.
Moving label "_00795_" from metal2 to via2 in cell chip_top.
Moving label "_00835_" from metal2 to via2 in cell chip_top.
Moving label "_00892_" from metal2 to via2 in cell chip_top.
Moving label "_00898_" from metal1 to via1 in cell chip_top.
Moving label "_01007_" from metal2 to via2 in cell chip_top.
Moving label "_01010_" from metal2 to via2 in cell chip_top.
Moving label "_01062_" from metal1 to viali in cell chip_top.
Moving label "_01127_" from metal1 to via1 in cell chip_top.
Moving label "_01197_" from metal1 to viali in cell chip_top.
Moving label "_01275_" from metal2 to via2 in cell chip_top.
Moving label "_01318_" from metal2 to via2 in cell chip_top.
Moving label "_01329_" from metal2 to via1 in cell chip_top.
Moving label "_01344_" from metal1 to viali in cell chip_top.
Moving label "_01403_" from metal2 to via1 in cell chip_top.
Moving label "_01463_" from metal1 to via1 in cell chip_top.
Moving label "_01569_" from metal1 to viali in cell chip_top.
Moving label "_01573_" from metal1 to via1 in cell chip_top.
Moving label "_01601_" from metal1 to via1 in cell chip_top.
Moving label "_01615_" from metal1 to viali in cell chip_top.
Moving label "_01646_" from metal2 to via1 in cell chip_top.
Moving label "_01667_" from metal3 to via3 in cell chip_top.
Moving label "_01719_" from metal3 to via3 in cell chip_top.
Moving label "_01742_" from metal1 to via1 in cell chip_top.
Moving label "_01807_" from metal3 to via3 in cell chip_top.
Moving label "_01916_" from metal2 to via1 in cell chip_top.
Moving label "_01929_" from metal2 to via2 in cell chip_top.
Moving label "_01966_" from metal3 to via3 in cell chip_top.
Moving label "_01976_" from metal1 to via1 in cell chip_top.
Moving label "_02073_" from metal1 to viali in cell chip_top.
Moving label "_02094_" from metal2 to via2 in cell chip_top.
Moving label "_02105_" from metal2 to via1 in cell chip_top.
Moving label "_02158_" from metal1 to via1 in cell chip_top.
Moving label "_02163_" from metal2 to via2 in cell chip_top.
Moving label "_02200_" from metal2 to via1 in cell chip_top.
Moving label "_02388_" from metal1 to viali in cell chip_top.
Moving label "_02517_" from metal2 to via2 in cell chip_top.
Moving label "_02547_" from metal1 to via1 in cell chip_top.
Moving label "_02604_" from metal1 to viali in cell chip_top.
Moving label "_02623_" from metal1 to via1 in cell chip_top.
Moving label "_02632_" from metal1 to via1 in cell chip_top.
Moving label "_02728_" from metal1 to via1 in cell chip_top.
Moving label "_02789_" from metal1 to via1 in cell chip_top.
Moving label "_02815_" from metal2 to via2 in cell chip_top.
Moving label "_02816_" from metal1 to via1 in cell chip_top.
Moving label "_02861_" from metal2 to via2 in cell chip_top.
Moving label "_02862_" from metal1 to via1 in cell chip_top.
Moving label "_02868_" from metal1 to via1 in cell chip_top.
Moving label "_02881_" from metal1 to via1 in cell chip_top.
Moving label "_02925_" from metal2 to via1 in cell chip_top.
Moving label "_02948_" from metal1 to via1 in cell chip_top.
Moving label "_02984_" from metal1 to via1 in cell chip_top.
Moving label "_03000_" from metal1 to via1 in cell chip_top.
Moving label "_03065_" from metal1 to viali in cell chip_top.
Moving label "_03117_" from metal2 to via1 in cell chip_top.
Moving label "_03200_" from metal2 to via1 in cell chip_top.
Moving label "_03317_" from metal2 to via1 in cell chip_top.
Moving label "_03412_" from metal1 to viali in cell chip_top.
Moving label "_03471_" from metal1 to viali in cell chip_top.
Moving label "_03618_" from metal1 to viali in cell chip_top.
Moving label "_03637_" from metal1 to via1 in cell chip_top.
Moving label "_03679_" from metal2 to via1 in cell chip_top.
Moving label "_03715_" from metal1 to via1 in cell chip_top.
Moving label "_03901_" from metal1 to viali in cell chip_top.
Moving label "_03956_" from metal2 to via2 in cell chip_top.
Moving label "_03969_" from metal1 to viali in cell chip_top.
Moving label "_03972_" from metal1 to via1 in cell chip_top.
Moving label "_04004_" from metal1 to viali in cell chip_top.
Moving label "_04015_" from metal1 to viali in cell chip_top.
Moving label "_04035_" from metal2 to via1 in cell chip_top.
Moving label "_04064_" from metal1 to via1 in cell chip_top.
Moving label "_04120_" from metal1 to viali in cell chip_top.
Moving label "_04243_" from metal1 to viali in cell chip_top.
Moving label "_04257_" from metal1 to via1 in cell chip_top.
Moving label "_04317_" from metal1 to viali in cell chip_top.
Moving label "_04340_" from metal2 to via2 in cell chip_top.
Moving label "_04363_" from metal1 to viali in cell chip_top.
Moving label "_04431_" from metal2 to via2 in cell chip_top.
Moving label "_04485_" from metal1 to via1 in cell chip_top.
Moving label "_04487_" from metal1 to viali in cell chip_top.
Moving label "_04579_" from metal1 to viali in cell chip_top.
Moving label "_04584_" from metal1 to via1 in cell chip_top.
Moving label "_04639_" from metal1 to viali in cell chip_top.
Moving label "_04752_" from metal2 to via1 in cell chip_top.
Moving label "_04778_" from metal1 to viali in cell chip_top.
Moving label "_04965_" from metal1 to viali in cell chip_top.
Moving label "_04976_" from metal1 to via1 in cell chip_top.
Moving label "_05005_" from metal2 to via1 in cell chip_top.
Moving label "_05018_" from metal1 to via1 in cell chip_top.
Moving label "_05037_" from metal1 to viali in cell chip_top.
Moving label "_05050_" from metal1 to via1 in cell chip_top.
Moving label "_05062_" from metal1 to viali in cell chip_top.
Moving label "_05078_" from metal2 to via2 in cell chip_top.
Moving label "_05081_" from metal1 to viali in cell chip_top.
Moving label "_05139_" from metal1 to via1 in cell chip_top.
Moving label "_05234_" from metal1 to via1 in cell chip_top.
Moving label "_05346_" from metal1 to viali in cell chip_top.
Moving label "_05446_" from metal2 to via1 in cell chip_top.
Moving label "_05459_" from metal1 to via1 in cell chip_top.
Moving label "_05494_" from metal2 to via2 in cell chip_top.
Moving label "_05533_" from metal1 to viali in cell chip_top.
Moving label "_05539_" from metal1 to via1 in cell chip_top.
Moving label "_05555_" from metal2 to via2 in cell chip_top.
Moving label "_05649_" from metal1 to viali in cell chip_top.
Moving label "_05704_" from metal1 to via1 in cell chip_top.
Moving label "_05985_" from metal1 to via1 in cell chip_top.
Moving label "_06012_" from metal1 to viali in cell chip_top.
Moving label "_06014_" from metal1 to viali in cell chip_top.
Moving label "_06038_" from metal2 to via1 in cell chip_top.
Moving label "_06077_" from metal2 to via2 in cell chip_top.
Moving label "_06193_" from metal2 to via2 in cell chip_top.
Moving label "_06215_" from metal1 to viali in cell chip_top.
Moving label "_06229_" from metal2 to via1 in cell chip_top.
Moving label "_06253_" from metal1 to viali in cell chip_top.
Moving label "_06331_" from metal1 to viali in cell chip_top.
Moving label "_06338_" from metal1 to viali in cell chip_top.
Moving label "_06442_" from metal2 to via2 in cell chip_top.
Moving label "_06492_" from metal1 to via1 in cell chip_top.
Moving label "_06566_" from metal2 to via1 in cell chip_top.
Moving label "_06618_" from metal1 to via1 in cell chip_top.
Moving label "_06635_" from metal1 to via1 in cell chip_top.
Moving label "_06796_" from metal1 to via1 in cell chip_top.
Moving label "_06801_" from metal1 to via1 in cell chip_top.
Moving label "_06803_" from metal3 to via3 in cell chip_top.
Moving label "_06951_" from metal1 to via1 in cell chip_top.
Moving label "_06998_" from metal1 to viali in cell chip_top.
Moving label "_07030_" from metal1 to via1 in cell chip_top.
Moving label "_07060_" from metal2 to via2 in cell chip_top.
Moving label "_07087_" from metal1 to via1 in cell chip_top.
Moving label "_07107_" from metal1 to via1 in cell chip_top.
Moving label "_07223_" from metal2 to via2 in cell chip_top.
Moving label "_07243_" from metal2 to via2 in cell chip_top.
Moving label "_07305_" from metal1 to viali in cell chip_top.
Moving label "_07307_" from metal1 to viali in cell chip_top.
Moving label "_07322_" from metal1 to via1 in cell chip_top.
Moving label "_07426_" from metal1 to via1 in cell chip_top.
Moving label "_07458_" from metal1 to via1 in cell chip_top.
Moving label "_07529_" from metal1 to via1 in cell chip_top.
Moving label "_07640_" from metal2 to via1 in cell chip_top.
Moving label "_07706_" from metal1 to viali in cell chip_top.
Moving label "_07711_" from metal2 to via2 in cell chip_top.
Moving label "_07759_" from metal2 to via2 in cell chip_top.
Moving label "_07771_" from metal2 to via1 in cell chip_top.
Moving label "_07848_" from metal1 to viali in cell chip_top.
Moving label "_07885_" from metal2 to via2 in cell chip_top.
Moving label "_07888_" from metal1 to via1 in cell chip_top.
Moving label "_07897_" from metal2 to via2 in cell chip_top.
Moving label "_07907_" from metal1 to via1 in cell chip_top.
Moving label "_07957_" from metal2 to via2 in cell chip_top.
Moving label "_07985_" from metal2 to via1 in cell chip_top.
Moving label "_08074_" from metal2 to via1 in cell chip_top.
Moving label "_08091_" from metal1 to via1 in cell chip_top.
Moving label "_08395_" from metal2 to via2 in cell chip_top.
Moving label "_08401_" from metal2 to via1 in cell chip_top.
Moving label "_08411_" from metal2 to via1 in cell chip_top.
Moving label "_08435_" from metal2 to via2 in cell chip_top.
Moving label "_08518_" from metal2 to via2 in cell chip_top.
Moving label "_08537_" from metal2 to via2 in cell chip_top.
Moving label "_08550_" from metal1 to via1 in cell chip_top.
Moving label "_08588_" from metal1 to via1 in cell chip_top.
Moving label "_08615_" from metal2 to via1 in cell chip_top.
Moving label "_08629_" from metal2 to via2 in cell chip_top.
Moving label "_08637_" from metal1 to viali in cell chip_top.
Moving label "_08694_" from metal3 to via3 in cell chip_top.
Moving label "_08700_" from metal2 to via2 in cell chip_top.
Moving label "_08720_" from metal2 to via2 in cell chip_top.
Moving label "_08731_" from metal2 to via2 in cell chip_top.
Moving label "_08780_" from metal2 to via2 in cell chip_top.
Moving label "_08802_" from metal1 to via1 in cell chip_top.
Moving label "_09073_" from metal2 to via2 in cell chip_top.
Moving label "_09079_" from metal1 to via1 in cell chip_top.
Moving label "_09082_" from metal2 to via1 in cell chip_top.
Moving label "_09084_" from metal1 to viali in cell chip_top.
Moving label "_09153_" from metal1 to via1 in cell chip_top.
Moving label "_09253_" from metal2 to via2 in cell chip_top.
Moving label "_09323_" from metal1 to via1 in cell chip_top.
Moving label "_09355_" from metal1 to via1 in cell chip_top.
Moving label "_09356_" from metal2 to via2 in cell chip_top.
Moving label "_09441_" from metal2 to via2 in cell chip_top.
Moving label "_09445_" from metal1 to via1 in cell chip_top.
Moving label "_09448_" from metal2 to via2 in cell chip_top.
Moving label "_09477_" from metal1 to via1 in cell chip_top.
Moving label "_09489_" from metal2 to via2 in cell chip_top.
Moving label "_09567_" from metal2 to via1 in cell chip_top.
Moving label "_09650_" from metal2 to via2 in cell chip_top.
Moving label "_09744_" from metal2 to via2 in cell chip_top.
Moving label "_09834_" from metal1 to viali in cell chip_top.
Moving label "_09884_" from metal1 to via1 in cell chip_top.
Moving label "_10024_" from metal1 to via1 in cell chip_top.
Moving label "_10193_" from metal1 to viali in cell chip_top.
Moving label "_10225_" from metal1 to viali in cell chip_top.
Moving label "_10261_" from metal1 to viali in cell chip_top.
Moving label "_10307_" from metal1 to viali in cell chip_top.
Moving label "_10322_" from metal1 to via1 in cell chip_top.
Moving label "_10411_" from metal1 to viali in cell chip_top.
Moving label "_10422_" from metal1 to via1 in cell chip_top.
Moving label "_10426_" from metal1 to via1 in cell chip_top.
Moving label "_10444_" from metal2 to via2 in cell chip_top.
Moving label "_10451_" from metal1 to via1 in cell chip_top.
Moving label "_10510_" from metal1 to via1 in cell chip_top.
Moving label "_10517_" from metal1 to via1 in cell chip_top.
Moving label "_10643_" from metal3 to via3 in cell chip_top.
Moving label "_10651_" from metal1 to via1 in cell chip_top.
Moving label "_10779_" from metal1 to viali in cell chip_top.
Moving label "_10806_" from metal2 to via2 in cell chip_top.
Moving label "_10844_" from metal1 to viali in cell chip_top.
Moving label "_11039_" from metal1 to via1 in cell chip_top.
Moving label "_11103_" from metal1 to viali in cell chip_top.
Moving label "_11147_" from metal1 to via1 in cell chip_top.
Moving label "_11324_" from metal1 to via1 in cell chip_top.
Moving label "_11362_" from metal1 to viali in cell chip_top.
Moving label "_11370_" from metal1 to viali in cell chip_top.
Moving label "_11439_" from metal2 to via2 in cell chip_top.
Moving label "_11555_" from metal1 to viali in cell chip_top.
Moving label "_11567_" from metal2 to via2 in cell chip_top.
Moving label "_11674_" from metal1 to via1 in cell chip_top.
Moving label "_11715_" from metal1 to via1 in cell chip_top.
Moving label "_11807_" from metal1 to via1 in cell chip_top.
Moving label "_11828_" from metal1 to via1 in cell chip_top.
Moving label "_11866_" from metal2 to via2 in cell chip_top.
Moving label "_11932_" from metal1 to viali in cell chip_top.
Moving label "_11955_" from metal2 to via2 in cell chip_top.
Moving label "_11966_" from metal1 to via1 in cell chip_top.
Moving label "_12028_" from metal1 to viali in cell chip_top.
Moving label "_12124_" from metal1 to viali in cell chip_top.
Moving label "_12178_" from metal2 to via1 in cell chip_top.
Moving label "_12243_" from metal1 to via1 in cell chip_top.
Moving label "_12244_" from metal1 to viali in cell chip_top.
Moving label "_12267_" from metal1 to viali in cell chip_top.
Moving label "_12292_" from metal1 to via1 in cell chip_top.
Moving label "_12297_" from metal1 to via1 in cell chip_top.
Moving label "_12358_" from metal1 to via1 in cell chip_top.
Moving label "_12563_" from metal1 to viali in cell chip_top.
Moving label "_12573_" from metal2 to via1 in cell chip_top.
Moving label "_12577_" from metal1 to via1 in cell chip_top.
Moving label "_12701_" from metal2 to via2 in cell chip_top.
Moving label "_12796_" from metal2 to via2 in cell chip_top.
Moving label "_12810_" from metal2 to via1 in cell chip_top.
Moving label "_12888_" from metal1 to viali in cell chip_top.
Moving label "_12952_" from metal1 to viali in cell chip_top.
Moving label "_12986_" from metal2 to via2 in cell chip_top.
Moving label "_13034_" from metal1 to viali in cell chip_top.
Moving label "_13140_" from metal1 to via1 in cell chip_top.
Moving label "_13160_" from metal2 to via1 in cell chip_top.
Moving label "_13238_" from metal1 to viali in cell chip_top.
Moving label "_13263_" from metal1 to via1 in cell chip_top.
Moving label "_13498_" from metal1 to via1 in cell chip_top.
Moving label "_13499_" from metal1 to viali in cell chip_top.
Moving label "_13513_" from metal1 to viali in cell chip_top.
Moving label "_13590_" from metal2 to via2 in cell chip_top.
Moving label "_13605_" from metal1 to via1 in cell chip_top.
Moving label "_13767_" from metal1 to via1 in cell chip_top.
Moving label "_13859_" from metal1 to via1 in cell chip_top.
Moving label "_13869_" from metal1 to via1 in cell chip_top.
Moving label "_13876_" from metal1 to via1 in cell chip_top.
Moving label "_13899_" from metal1 to viali in cell chip_top.
Moving label "_13915_" from metal1 to viali in cell chip_top.
Moving label "_13957_" from metal1 to via1 in cell chip_top.
Moving label "_14018_" from metal1 to viali in cell chip_top.
Moving label "_14111_" from metal1 to viali in cell chip_top.
Moving label "_14191_" from metal1 to viali in cell chip_top.
Moving label "_14199_" from metal1 to viali in cell chip_top.
Moving label "_14299_" from metal2 to via2 in cell chip_top.
Moving label "_14335_" from metal1 to viali in cell chip_top.
Moving label "_14348_" from metal1 to viali in cell chip_top.
Moving label "_14359_" from metal1 to viali in cell chip_top.
Moving label "_14362_" from metal1 to via1 in cell chip_top.
Moving label "_14379_" from metal1 to via1 in cell chip_top.
Moving label "_14449_" from metal1 to viali in cell chip_top.
Moving label "_14468_" from metal1 to viali in cell chip_top.
Moving label "_14470_" from metal1 to via1 in cell chip_top.
Moving label "_14513_" from metal2 to via1 in cell chip_top.
Moving label "_14675_" from metal2 to via1 in cell chip_top.
Moving label "_14688_" from metal1 to via1 in cell chip_top.
Moving label "_14736_" from metal2 to via1 in cell chip_top.
Moving label "_14758_" from metal2 to via2 in cell chip_top.
Moving label "_14789_" from metal2 to via1 in cell chip_top.
Moving label "_14840_" from metal2 to via2 in cell chip_top.
Moving label "_14905_" from metal1 to viali in cell chip_top.
Moving label "_14980_" from metal1 to via1 in cell chip_top.
Moving label "_14994_" from metal1 to viali in cell chip_top.
Moving label "_15017_" from metal2 to via1 in cell chip_top.
Moving label "_15100_" from metal1 to via1 in cell chip_top.
Moving label "_15162_" from metal1 to via1 in cell chip_top.
Moving label "_15227_" from metal2 to via1 in cell chip_top.
Moving label "_15270_" from metal1 to via1 in cell chip_top.
Moving label "_15291_" from metal2 to via1 in cell chip_top.
Moving label "_15293_" from metal1 to via1 in cell chip_top.
Moving label "_15480_" from metal1 to via1 in cell chip_top.
Moving label "_15746_" from metal1 to via1 in cell chip_top.
Moving label "_15790_" from metal1 to viali in cell chip_top.
Moving label "_15826_" from metal2 to via1 in cell chip_top.
Moving label "_15869_" from metal1 to viali in cell chip_top.
Moving label "_15883_" from metal1 to viali in cell chip_top.
Moving label "_16020_" from metal1 to via1 in cell chip_top.
Moving label "_16104_" from metal1 to viali in cell chip_top.
Moving label "_16214_" from metal1 to viali in cell chip_top.
Moving label "_16215_" from metal2 to via1 in cell chip_top.
Moving label "_16268_" from metal1 to viali in cell chip_top.
Moving label "_16370_" from metal1 to via1 in cell chip_top.
Moving label "_16380_" from metal2 to via1 in cell chip_top.
Moving label "_16442_" from metal1 to via1 in cell chip_top.
Moving label "_16579_" from metal1 to viali in cell chip_top.
Moving label "_16624_" from metal1 to via1 in cell chip_top.
Moving label "_16657_" from metal1 to viali in cell chip_top.
Moving label "_16720_" from metal1 to viali in cell chip_top.
Moving label "_16991_" from metal1 to via1 in cell chip_top.
Moving label "_17231_" from metal1 to viali in cell chip_top.
Moving label "_17232_" from metal1 to viali in cell chip_top.
Moving label "_17260_" from metal1 to via1 in cell chip_top.
Moving label "_17301_" from metal1 to viali in cell chip_top.
Moving label "_17319_" from metal1 to via1 in cell chip_top.
Moving label "_17330_" from metal1 to viali in cell chip_top.
Moving label "_17363_" from metal2 to via1 in cell chip_top.
Moving label "_17426_" from metal1 to via1 in cell chip_top.
Moving label "_17443_" from metal1 to via1 in cell chip_top.
Moving label "_17444_" from metal2 to via2 in cell chip_top.
Moving label "_17603_" from metal1 to viali in cell chip_top.
Moving label "_17612_" from metal1 to via1 in cell chip_top.
Moving label "_17613_" from metal1 to via1 in cell chip_top.
Moving label "_17618_" from metal1 to via1 in cell chip_top.
Moving label "_17645_" from metal1 to viali in cell chip_top.
Moving label "_17675_" from metal1 to viali in cell chip_top.
Moving label "_17683_" from metal1 to viali in cell chip_top.
Moving label "_17738_" from metal1 to viali in cell chip_top.
Moving label "_17808_" from metal2 to via2 in cell chip_top.
Moving label "_17824_" from metal1 to viali in cell chip_top.
Moving label "_17872_" from metal2 to via2 in cell chip_top.
Moving label "_17896_" from metal1 to via1 in cell chip_top.
Moving label "_17929_" from metal2 to via2 in cell chip_top.
Moving label "_18004_" from metal1 to viali in cell chip_top.
Moving label "_18042_" from metal1 to viali in cell chip_top.
Moving label "_18085_" from metal1 to viali in cell chip_top.
Moving label "_18128_" from metal1 to viali in cell chip_top.
Moving label "_18142_" from metal2 to via1 in cell chip_top.
Moving label "_18154_" from metal2 to via1 in cell chip_top.
Moving label "_18155_" from metal1 to viali in cell chip_top.
Moving label "_18215_" from metal1 to via1 in cell chip_top.
Moving label "_18317_" from metal2 to via2 in cell chip_top.
Moving label "_18332_" from metal2 to via1 in cell chip_top.
Moving label "_18343_" from metal2 to via1 in cell chip_top.
Moving label "_18351_" from metal1 to via1 in cell chip_top.
Moving label "_18414_" from metal1 to via1 in cell chip_top.
Moving label "_18425_" from metal1 to via1 in cell chip_top.
Moving label "_18546_" from metal1 to via1 in cell chip_top.
Moving label "_18549_" from metal2 to via1 in cell chip_top.
Moving label "_18550_" from metal1 to viali in cell chip_top.
Moving label "_18566_" from metal1 to via1 in cell chip_top.
Moving label "_18725_" from metal1 to viali in cell chip_top.
Moving label "_18816_" from metal1 to viali in cell chip_top.
Moving label "_18825_" from metal1 to via1 in cell chip_top.
Moving label "_18965_" from metal1 to via1 in cell chip_top.
Moving label "_19154_" from metal1 to viali in cell chip_top.
Moving label "_19226_" from metal2 to via2 in cell chip_top.
Moving label "_19362_" from metal1 to viali in cell chip_top.
Moving label "_19457_" from metal1 to viali in cell chip_top.
Moving label "_19465_" from metal2 to via2 in cell chip_top.
Moving label "_19546_" from metal1 to viali in cell chip_top.
Moving label "_19564_" from metal1 to viali in cell chip_top.
Moving label "_19600_" from metal1 to viali in cell chip_top.
Moving label "_19652_" from metal1 to viali in cell chip_top.
Moving label "_19667_" from metal1 to viali in cell chip_top.
Moving label "_19718_" from metal2 to via2 in cell chip_top.
Moving label "_19800_" from metal1 to viali in cell chip_top.
Moving label "_19805_" from metal1 to via1 in cell chip_top.
Moving label "_19864_" from metal2 to via2 in cell chip_top.
Moving label "_20045_" from metal2 to via2 in cell chip_top.
Moving label "_20079_" from metal1 to via1 in cell chip_top.
Moving label "_20136_" from metal1 to viali in cell chip_top.
Moving label "_20138_" from metal1 to viali in cell chip_top.
Moving label "_20334_" from metal1 to viali in cell chip_top.
Moving label "_20363_" from metal2 to via1 in cell chip_top.
Moving label "_20380_" from metal3 to via3 in cell chip_top.
Moving label "_20390_" from metal1 to via1 in cell chip_top.
Moving label "_20423_" from metal2 to via2 in cell chip_top.
Moving label "_20438_" from metal2 to via2 in cell chip_top.
Moving label "_20451_" from metal1 to viali in cell chip_top.
Moving label "_20565_" from metal1 to via1 in cell chip_top.
Moving label "_20678_" from metal3 to via3 in cell chip_top.
Moving label "_20730_" from metal3 to via3 in cell chip_top.
Moving label "_20781_" from metal2 to via2 in cell chip_top.
Moving label "_20821_" from metal2 to via2 in cell chip_top.
Moving label "_20829_" from metal3 to via3 in cell chip_top.
Moving label "_20969_" from metal1 to viali in cell chip_top.
Moving label "_20986_" from metal1 to viali in cell chip_top.
Moving label "_21075_" from metal2 to via1 in cell chip_top.
Moving label "_21121_" from metal1 to via1 in cell chip_top.
Moving label "_21131_" from metal2 to via1 in cell chip_top.
Moving label "_21219_" from metal2 to via2 in cell chip_top.
Moving label "_21314_" from metal1 to viali in cell chip_top.
Moving label "_21320_" from metal1 to viali in cell chip_top.
Moving label "_21322_" from metal3 to via3 in cell chip_top.
Moving label "_21384_" from metal3 to via3 in cell chip_top.
Moving label "_21403_" from metal1 to via1 in cell chip_top.
Moving label "_21420_" from metal1 to via1 in cell chip_top.
Moving label "_21428_" from metal2 to via2 in cell chip_top.
Moving label "_21433_" from metal3 to via3 in cell chip_top.
Moving label "_21486_" from metal1 to via1 in cell chip_top.
Moving label "_21618_" from metal2 to via1 in cell chip_top.
Moving label "_21639_" from metal1 to via1 in cell chip_top.
Moving label "_21684_" from metal2 to via2 in cell chip_top.
Moving label "_21804_" from metal1 to viali in cell chip_top.
Moving label "_21807_" from metal1 to via1 in cell chip_top.
Moving label "_21872_" from metal2 to via1 in cell chip_top.
Moving label "_21893_" from metal1 to via1 in cell chip_top.
Moving label "_21899_" from metal1 to via1 in cell chip_top.
Moving label "_21943_" from metal2 to via1 in cell chip_top.
Moving label "_21947_" from metal3 to via3 in cell chip_top.
Moving label "_21949_" from metal3 to via3 in cell chip_top.
Moving label "_21963_" from metal3 to via3 in cell chip_top.
Moving label "_21992_" from metal2 to via1 in cell chip_top.
Moving label "_22046_" from metal1 to viali in cell chip_top.
Moving label "_22093_" from metal1 to viali in cell chip_top.
Moving label "_22135_" from metal1 to via1 in cell chip_top.
Moving label "_22211_" from metal1 to via1 in cell chip_top.
Moving label "_22233_" from metal1 to via1 in cell chip_top.
Moving label "_22239_" from metal1 to viali in cell chip_top.
Moving label "_22349_" from metal2 to via2 in cell chip_top.
Moving label "_22353_" from metal1 to via1 in cell chip_top.
Moving label "_22401_" from metal2 to via2 in cell chip_top.
Moving label "_22408_" from metal1 to via1 in cell chip_top.
Moving label "_22514_" from metal2 to via1 in cell chip_top.
Moving label "_22525_" from metal1 to via1 in cell chip_top.
Moving label "_22528_" from metal1 to via1 in cell chip_top.
Moving label "_22533_" from metal1 to via1 in cell chip_top.
Moving label "_22537_" from metal2 to via2 in cell chip_top.
Moving label "_22577_" from metal2 to via2 in cell chip_top.
Moving label "_22607_" from metal1 to via1 in cell chip_top.
Moving label "_22666_" from metal1 to via1 in cell chip_top.
Moving label "_22669_" from metal1 to viali in cell chip_top.
Moving label "_22672_" from metal1 to via1 in cell chip_top.
Moving label "_22707_" from metal2 to via1 in cell chip_top.
Moving label "_22732_" from metal2 to via2 in cell chip_top.
Moving label "_22733_" from metal1 to viali in cell chip_top.
Moving label "_22775_" from metal1 to viali in cell chip_top.
Moving label "_22814_" from metal1 to viali in cell chip_top.
Moving label "_22862_" from metal2 to via1 in cell chip_top.
Moving label "_22865_" from metal1 to via1 in cell chip_top.
Moving label "_22886_" from metal1 to via1 in cell chip_top.
Moving label "_22941_" from metal2 to via2 in cell chip_top.
Moving label "_22943_" from metal1 to viali in cell chip_top.
Moving label "_22947_" from metal1 to viali in cell chip_top.
Moving label "_22991_" from metal2 to via2 in cell chip_top.
Moving label "_23014_" from metal1 to viali in cell chip_top.
Moving label "_23021_" from metal1 to viali in cell chip_top.
Moving label "_23061_" from metal2 to via2 in cell chip_top.
Moving label "_23062_" from metal1 to viali in cell chip_top.
Moving label "_23068_" from metal2 to via1 in cell chip_top.
Moving label "_23125_" from metal1 to via1 in cell chip_top.
Moving label "_23242_" from metal2 to via2 in cell chip_top.
Moving label "_23243_" from metal1 to via1 in cell chip_top.
Moving label "_23251_" from metal1 to viali in cell chip_top.
Moving label "_23257_" from metal1 to viali in cell chip_top.
Moving label "_23305_" from metal1 to via1 in cell chip_top.
Moving label "_23340_" from metal1 to via1 in cell chip_top.
Moving label "_23380_" from metal1 to viali in cell chip_top.
Moving label "_23383_" from metal1 to viali in cell chip_top.
Moving label "_23486_" from metal1 to viali in cell chip_top.
Moving label "_23536_" from metal1 to via1 in cell chip_top.
Moving label "_23662_" from metal2 to via2 in cell chip_top.
Moving label "_23664_" from metal1 to via1 in cell chip_top.
Moving label "_23695_" from metal1 to via1 in cell chip_top.
Moving label "_23779_" from metal1 to viali in cell chip_top.
Moving label "_23784_" from metal1 to via1 in cell chip_top.
Moving label "_23812_" from metal2 to via1 in cell chip_top.
Moving label "_23877_" from metal1 to via1 in cell chip_top.
Moving label "_23947_" from metal1 to viali in cell chip_top.
Moving label "_23963_" from metal2 to via2 in cell chip_top.
Moving label "_24112_" from metal1 to viali in cell chip_top.
Moving label "_24130_" from metal1 to via1 in cell chip_top.
Moving label "_24134_" from metal1 to via1 in cell chip_top.
Moving label "_24143_" from metal1 to viali in cell chip_top.
Moving label "_24259_" from metal2 to via1 in cell chip_top.
Moving label "_24330_" from metal1 to viali in cell chip_top.
Moving label "_24342_" from metal3 to via3 in cell chip_top.
Moving label "_24376_" from metal1 to via1 in cell chip_top.
Moving label "_24402_" from metal2 to via1 in cell chip_top.
Moving label "_24433_" from metal1 to via1 in cell chip_top.
Moving label "_24443_" from metal1 to via1 in cell chip_top.
Moving label "_24496_" from metal1 to viali in cell chip_top.
Moving label "_24526_" from metal1 to via1 in cell chip_top.
Moving label "_24640_" from metal1 to via1 in cell chip_top.
Moving label "_24646_" from metal1 to via1 in cell chip_top.
Moving label "_24655_" from metal1 to viali in cell chip_top.
Moving label "_24690_" from metal2 to via2 in cell chip_top.
Moving label "_24730_" from metal1 to via1 in cell chip_top.
Moving label "_24810_" from metal1 to via1 in cell chip_top.
Moving label "_24874_" from metal1 to viali in cell chip_top.
Moving label "_24904_" from metal3 to via3 in cell chip_top.
Moving label "_24949_" from metal2 to via1 in cell chip_top.
Moving label "_25154_" from metal1 to via1 in cell chip_top.
Moving label "_25166_" from metal1 to viali in cell chip_top.
Moving label "_25174_" from metal1 to viali in cell chip_top.
Moving label "_25244_" from metal2 to via1 in cell chip_top.
Moving label "_25300_" from metal1 to viali in cell chip_top.
Moving label "_25319_" from metal1 to viali in cell chip_top.
Moving label "_25378_" from metal1 to via1 in cell chip_top.
Moving label "_25393_" from metal1 to via1 in cell chip_top.
Moving label "_25415_" from metal2 to via2 in cell chip_top.
Moving label "_25447_" from metal1 to viali in cell chip_top.
Moving label "_25755_" from metal1 to viali in cell chip_top.
Moving label "_25764_" from metal3 to via3 in cell chip_top.
Moving label "_25782_" from metal1 to via1 in cell chip_top.
Moving label "_25956_" from metal2 to via2 in cell chip_top.
Moving label "_25990_" from metal1 to via1 in cell chip_top.
Moving label "_26037_" from metal1 to viali in cell chip_top.
Moving label "_26144_" from metal2 to via1 in cell chip_top.
Moving label "_26204_" from metal2 to via2 in cell chip_top.
Moving label "_26236_" from metal1 to via1 in cell chip_top.
Moving label "_26244_" from metal2 to via2 in cell chip_top.
Moving label "_26260_" from metal1 to via1 in cell chip_top.
Moving label "_26338_" from metal1 to viali in cell chip_top.
Moving label "_26339_" from metal2 to via1 in cell chip_top.
Moving label "_26377_" from metal2 to via2 in cell chip_top.
Moving label "_26396_" from metal1 to via1 in cell chip_top.
Moving label "_26399_" from metal1 to viali in cell chip_top.
Moving label "_26424_" from metal1 to via1 in cell chip_top.
Moving label "_26431_" from metal1 to viali in cell chip_top.
Moving label "_26526_" from metal1 to via1 in cell chip_top.
Moving label "_26549_" from metal2 to via1 in cell chip_top.
Moving label "_26570_" from metal1 to viali in cell chip_top.
Moving label "_26598_" from metal1 to viali in cell chip_top.
Moving label "_26613_" from metal1 to viali in cell chip_top.
Moving label "_26639_" from metal1 to viali in cell chip_top.
Moving label "_26726_" from metal1 to via1 in cell chip_top.
Moving label "_26792_" from metal1 to viali in cell chip_top.
Moving label "_26840_" from metal1 to via1 in cell chip_top.
Moving label "_26882_" from metal1 to via1 in cell chip_top.
Moving label "_26890_" from metal2 to via2 in cell chip_top.
Moving label "clknet_2_1_0_clk" from metal3 to via3 in cell chip_top.
Moving label "clknet_2_2_0_clk" from metal2 to via2 in cell chip_top.
Moving label "clknet_3_1_0_clk" from metal2 to via2 in cell chip_top.
Moving label "clknet_3_3_0_clk" from metal2 to via2 in cell chip_top.
Moving label "clknet_5_8__leaf_clk" from metal2 to via2 in cell chip_top.
Moving label "clknet_leaf_206_clk" from metal2 to via1 in cell chip_top.
Moving label "clknet_leaf_216_clk" from metal2 to via1 in cell chip_top.
Moving label "data_in_broad[27]" from metal1 to via1 in cell chip_top.
Moving label "mem0_rdata\[22\]" from metal2 to via2 in cell chip_top.
Moving label "mem_wdata_a\[20\]" from metal2 to via2 in cell chip_top.
Moving label "mem_wdata_a\[7\]" from metal2 to via2 in cell chip_top.
Moving label "mem_wdata_a\[8\]" from metal2 to via2 in cell chip_top.
Moving label "net109" from metal2 to via2 in cell chip_top.
Moving label "net122" from metal2 to via1 in cell chip_top.
Moving label "net137" from metal2 to via1 in cell chip_top.
Moving label "net154" from metal2 to via1 in cell chip_top.
Moving label "net165" from metal1 to via1 in cell chip_top.
Moving label "net205" from metal1 to viali in cell chip_top.
Moving label "net212" from metal2 to via2 in cell chip_top.
Moving label "net240" from metal3 to via3 in cell chip_top.
Moving label "net246" from metal2 to via2 in cell chip_top.
Moving label "net278" from metal2 to via1 in cell chip_top.
Moving label "net310" from metal1 to viali in cell chip_top.
Moving label "net34" from metal3 to via3 in cell chip_top.
Moving label "net376" from metal2 to via1 in cell chip_top.
Moving label "net44" from metal3 to via3 in cell chip_top.
Moving label "net478" from metal2 to via2 in cell chip_top.
Moving label "net532" from metal3 to via3 in cell chip_top.
Moving label "net548" from metal2 to via1 in cell chip_top.
Moving label "net553" from metal1 to via1 in cell chip_top.
Moving label "net560" from metal2 to via1 in cell chip_top.
Moving label "net581" from metal2 to via1 in cell chip_top.
Moving label "net721" from metal2 to via2 in cell chip_top.
Moving label "net81" from metal3 to via3 in cell chip_top.
Moving label "net842" from metal1 to via1 in cell chip_top.
Moving label "net868" from metal2 to via2 in cell chip_top.
Moving label "net873" from metal1 to viali in cell chip_top.
Moving label "net952" from metal2 to via2 in cell chip_top.
Moving label "net962" from metal1 to viali in cell chip_top.
Moving label "net97" from metal2 to via1 in cell chip_top.
Moving label "net998" from metal2 to via2 in cell chip_top.
Moving label "u_core0.A_inputs\[108\]" from metal3 to via3 in cell chip_top.
Moving label "u_core0.A_inputs\[119\]" from metal2 to via1 in cell chip_top.
Moving label "u_core0.A_inputs\[121\]" from metal2 to via2 in cell chip_top.
Moving label "u_core0.B_inputs\[103\]" from metal2 to via2 in cell chip_top.
Moving label "u_core0.B_inputs\[131\]" from metal2 to via2 in cell chip_top.
Moving label "u_core0.ROW\[0\].COL\[0\].u_pe.a_out\[3\]" from metal3 to via3 in cell chip_top.
Moving label "u_core0.ROW\[0\].COL\[0\].u_pe.b_out\[7\]" from metal3 to via3 in cell chip_top.
Moving label "u_core0.ROW\[10\].COL\[0\].u_pe.b_in\[6\]" from metal2 to via2 in cell chip_top.
Moving label "u_core0.ROW\[10\].COL\[0\].u_pe.sum_out\[13\]" from metal3 to via3 in cell chip_top.
Moving label "u_core0.ROW\[10\].COL\[0\].u_pe.sum_out\[3\]" from metal3 to via3 in cell chip_top.
Moving label "u_core0.ROW\[10\].COL\[0\].u_pe.sum_out\[6\]" from metal3 to via3 in cell chip_top.
Moving label "u_core0.ROW\[10\].COL\[1\].u_pe.b_out\[5\]" from metal2 to via2 in cell chip_top.
Moving label "u_core0.ROW\[10\].COL\[1\].u_pe.sum_in\[7\]" from metal2 to via2 in cell chip_top.
Moving label "u_core0.ROW\[10\].COL\[1\].u_pe.sum_in\[9\]" from metal2 to via2 in cell chip_top.
Moving label "u_core0.ROW\[11\].COL\[0\].u_pe.a_out\[4\]" from metal3 to via3 in cell chip_top.
Moving label "u_core0.ROW\[11\].COL\[0\].u_pe.sum_out\[11\]" from metal2 to via2 in cell chip_top.
Moving label "u_core0.ROW\[11\].COL\[0\].u_pe.sum_out\[2\]" from metal2 to via2 in cell chip_top.
Moving label "u_core0.ROW\[11\].COL\[1\].u_pe.sum_out\[7\]" from metal2 to via1 in cell chip_top.
Moving label "u_core0.ROW\[13\].COL\[0\].u_pe.sum_out\[12\]" from metal2 to via2 in cell chip_top.
Moving label "u_core0.ROW\[13\].COL\[0\].u_pe.sum_out\[15\]" from metal2 to via2 in cell chip_top.
Moving label "u_core0.ROW\[14\].COL\[0\].u_pe.b_out\[6\]" from metal2 to via2 in cell chip_top.
Moving label "u_core0.ROW\[15\].COL\[0\].u_pe.b_out\[4\]" from metal2 to via2 in cell chip_top.
Moving label "u_core0.ROW\[15\].COL\[1\].u_pe.b_out\[4\]" from metal2 to via2 in cell chip_top.
Moving label "u_core0.ROW\[17\].COL\[0\].u_pe.sum_out\[3\]" from metal1 to viali in cell chip_top.
Moving label "u_core0.ROW\[17\].COL\[1\].u_pe.sum_out\[10\]" from metal2 to via2 in cell chip_top.
Moving label "u_core0.ROW\[17\].COL\[1\].u_pe.sum_out\[3\]" from metal2 to via1 in cell chip_top.
Moving label "u_core0.ROW\[18\].COL\[0\].u_pe.b_out\[1\]" from metal3 to via3 in cell chip_top.
Moving label "u_core0.ROW\[18\].COL\[0\].u_pe.b_out\[6\]" from metal1 to via1 in cell chip_top.
Moving label "u_core0.ROW\[18\].COL\[1\].u_pe.sum_out\[11\]" from metal3 to via3 in cell chip_top.
Moving label "u_core0.ROW\[19\].COL\[0\].u_pe.b_out\[0\]" from metal2 to via1 in cell chip_top.
Moving label "u_core0.ROW\[19\].COL\[0\].u_pe.b_out\[6\]" from metal2 to via2 in cell chip_top.
Moving label "u_core0.ROW\[19\].COL\[0\].u_pe.sum_out\[13\]" from metal2 to via2 in cell chip_top.
Moving label "u_core0.ROW\[19\].COL\[0\].u_pe.sum_out\[7\]" from metal2 to via2 in cell chip_top.
Moving label "u_core0.ROW\[19\].COL\[0\].u_pe.sum_out\[8\]" from metal2 to via2 in cell chip_top.
Moving label "u_core0.ROW\[19\].COL\[1\].u_pe.b_out\[2\]" from metal2 to via2 in cell chip_top.
Moving label "u_core0.ROW\[19\].COL\[1\].u_pe.sum_out\[0\]" from metal2 to via2 in cell chip_top.
Moving label "u_core0.ROW\[19\].COL\[1\].u_pe.sum_out\[2\]" from metal4 to via4 in cell chip_top.
Moving label "u_core0.ROW\[1\].COL\[0\].u_pe.b_out\[0\]" from metal2 to via2 in cell chip_top.
Moving label "u_core0.ROW\[1\].COL\[0\].u_pe.b_out\[6\]" from metal2 to via2 in cell chip_top.
Moving label "u_core0.ROW\[1\].COL\[0\].u_pe.sum_out\[12\]" from metal2 to via2 in cell chip_top.
Moving label "u_core0.ROW\[1\].COL\[1\].u_pe.sum_out\[1\]" from metal2 to via2 in cell chip_top.
Moving label "u_core0.ROW\[1\].COL\[1\].u_pe.sum_out\[8\]" from metal2 to via2 in cell chip_top.
Moving label "u_core0.ROW\[1\].COL\[1\].u_pe.sum_out\[9\]" from metal2 to via2 in cell chip_top.
Moving label "u_core0.ROW\[21\].COL\[1\].u_pe.b_out\[7\]" from metal2 to via2 in cell chip_top.
Moving label "u_core0.ROW\[21\].COL\[1\].u_pe.sum_out\[10\]" from metal1 to via1 in cell chip_top.
Moving label "u_core0.ROW\[21\].COL\[1\].u_pe.sum_out\[2\]" from metal2 to via2 in cell chip_top.
Moving label "u_core0.ROW\[22\].COL\[0\].u_pe.b_out\[6\]" from metal3 to via3 in cell chip_top.
Moving label "u_core0.ROW\[22\].COL\[0\].u_pe.b_out\[7\]" from metal3 to via3 in cell chip_top.
Moving label "u_core0.ROW\[22\].COL\[1\].u_pe.b_out\[7\]" from metal2 to via2 in cell chip_top.
Moving label "u_core0.ROW\[23\].COL\[0\].u_pe.sum_out\[8\]" from metal2 to via2 in cell chip_top.
Moving label "u_core0.ROW\[23\].COL\[1\].u_pe.sum_out\[0\]" from metal2 to via2 in cell chip_top.
Moving label "u_core0.ROW\[23\].COL\[1\].u_pe.sum_out\[2\]" from metal2 to via2 in cell chip_top.
Moving label "u_core0.ROW\[23\].COL\[1\].u_pe.sum_out\[9\]" from metal2 to via2 in cell chip_top.
Moving label "u_core0.ROW\[24\].COL\[0\].u_pe.b_out\[2\]" from metal3 to via3 in cell chip_top.
Moving label "u_core0.ROW\[25\].COL\[1\].u_pe.b_out\[1\]" from metal2 to via2 in cell chip_top.
Moving label "u_core0.ROW\[25\].COL\[1\].u_pe.b_out\[6\]" from metal2 to via2 in cell chip_top.
Moving label "u_core0.ROW\[25\].COL\[1\].u_pe.sum_out\[1\]" from metal2 to via2 in cell chip_top.
Moving label "u_core0.ROW\[26\].COL\[0\].u_pe.b_out\[5\]" from metal3 to via3 in cell chip_top.
Moving label "u_core0.ROW\[26\].COL\[0\].u_pe.b_out\[7\]" from metal3 to via3 in cell chip_top.
Moving label "u_core0.ROW\[26\].COL\[0\].u_pe.sum_out\[4\]" from metal2 to via2 in cell chip_top.
Moving label "u_core0.ROW\[26\].COL\[1\].u_pe.sum_out\[10\]" from metal2 to via2 in cell chip_top.
Moving label "u_core0.ROW\[27\].COL\[0\].u_pe.b_out\[5\]" from metal2 to via2 in cell chip_top.
Moving label "u_core0.ROW\[27\].COL\[0\].u_pe.sum_out\[0\]" from metal2 to via2 in cell chip_top.
Moving label "u_core0.ROW\[27\].COL\[0\].u_pe.sum_out\[19\]" from metal2 to via2 in cell chip_top.
Moving label "u_core0.ROW\[27\].COL\[0\].u_pe.sum_out\[2\]" from metal2 to via2 in cell chip_top.
Moving label "u_core0.ROW\[28\].COL\[0\].u_pe.b_out\[5\]" from metal3 to via3 in cell chip_top.
Moving label "u_core0.ROW\[28\].COL\[0\].u_pe.b_out\[7\]" from metal3 to via3 in cell chip_top.
Moving label "u_core0.ROW\[28\].COL\[0\].u_pe.sum_out\[9\]" from metal1 to viali in cell chip_top.
Moving label "u_core0.ROW\[29\].COL\[0\].u_pe.b_out\[7\]" from metal3 to via3 in cell chip_top.
Moving label "u_core0.ROW\[29\].COL\[0\].u_pe.sum_out\[10\]" from metal2 to via2 in cell chip_top.
Moving label "u_core0.ROW\[29\].COL\[0\].u_pe.sum_out\[14\]" from metal2 to via2 in cell chip_top.
Moving label "u_core0.ROW\[29\].COL\[0\].u_pe.sum_out\[15\]" from metal2 to via2 in cell chip_top.
Moving label "u_core0.ROW\[29\].COL\[1\].u_pe.b_out\[2\]" from metal3 to via3 in cell chip_top.
Moving label "u_core0.ROW\[29\].COL\[1\].u_pe.b_out\[5\]" from metal3 to via3 in cell chip_top.
Moving label "u_core0.ROW\[29\].COL\[1\].u_pe.b_out\[6\]" from metal2 to via2 in cell chip_top.
Moving label "u_core0.ROW\[29\].COL\[1\].u_pe.sum_out\[11\]" from metal2 to via2 in cell chip_top.
Moving label "u_core0.ROW\[2\].COL\[0\].u_pe.b_out\[0\]" from metal2 to via2 in cell chip_top.
Moving label "u_core0.ROW\[2\].COL\[0\].u_pe.b_out\[1\]" from metal2 to via2 in cell chip_top.
Moving label "u_core0.ROW\[2\].COL\[0\].u_pe.b_out\[7\]" from metal2 to via2 in cell chip_top.
Moving label "u_core0.ROW\[30\].COL\[1\].u_pe.sum_out\[0\]" from metal3 to via3 in cell chip_top.
Moving label "u_core0.ROW\[30\].COL\[1\].u_pe.sum_out\[4\]" from metal2 to via2 in cell chip_top.
Moving label "u_core0.ROW\[31\].COL\[1\].u_pe.sum_out\[11\]" from metal2 to via2 in cell chip_top.
Moving label "u_core0.ROW\[31\].COL\[1\].u_pe.sum_out\[2\]" from metal2 to via2 in cell chip_top.
Moving label "u_core0.ROW\[31\].COL\[1\].u_pe.sum_out\[5\]" from metal2 to via2 in cell chip_top.
Moving label "u_core0.ROW\[3\].COL\[0\].u_pe.sum_out\[11\]" from metal2 to via2 in cell chip_top.
Moving label "u_core0.ROW\[4\].COL\[0\].u_pe.b_out\[6\]" from metal2 to via2 in cell chip_top.
Moving label "u_core0.ROW\[5\].COL\[0\].u_pe.b_out\[0\]" from metal2 to via2 in cell chip_top.
Moving label "u_core0.ROW\[5\].COL\[0\].u_pe.sum_out\[12\]" from metal2 to via2 in cell chip_top.
Moving label "u_core0.ROW\[5\].COL\[0\].u_pe.sum_out\[13\]" from metal2 to via2 in cell chip_top.
Moving label "u_core0.ROW\[5\].COL\[0\].u_pe.sum_out\[14\]" from metal2 to via2 in cell chip_top.
Moving label "u_core0.ROW\[5\].COL\[0\].u_pe.sum_out\[6\]" from metal2 to via2 in cell chip_top.
Moving label "u_core0.ROW\[5\].COL\[0\].u_pe.sum_out\[7\]" from metal2 to via2 in cell chip_top.
Moving label "u_core0.ROW\[5\].COL\[1\].u_pe.sum_out\[4\]" from metal2 to via2 in cell chip_top.
Moving label "u_core0.ROW\[5\].COL\[1\].u_pe.sum_out\[7\]" from metal2 to via2 in cell chip_top.
Moving label "u_core0.ROW\[6\].COL\[0\].u_pe.sum_out\[10\]" from metal1 to viali in cell chip_top.
Moving label "u_core0.ROW\[6\].COL\[1\].u_pe.b_out\[7\]" from metal2 to via2 in cell chip_top.
Moving label "u_core0.ROW\[6\].COL\[1\].u_pe.sum_out\[10\]" from metal2 to via2 in cell chip_top.
Moving label "u_core0.ROW\[7\].COL\[1\].u_pe.b_out\[1\]" from metal2 to via2 in cell chip_top.
Moving label "u_core0.ROW\[7\].COL\[1\].u_pe.sum_out\[10\]" from metal1 to via1 in cell chip_top.
Root cell box:
           width x height  (   llx,  lly  ), (   urx,  ury  )  area (units^2)

microns:  1202.450 x 1037.890  ( 0.000,  0.000), ( 1202.450,  1037.890)  1248010.750
lambda:   120245.00 x 103789.00  (  0.00,  0.00 ), ( 120245.00,  103789.00)  12480108544.00
internal: 240490 x 207578  (     0,  0    ), ( 240490,  207578)  49920433220
Warning: Calma reading is not undoable!  I hope that's OK.
Library written using GDS-II Release 6.0
Library name: DEFAULT.DB
Reading "sky130_sram_1kbyte_1rw1r_32x256_8_contact_11".
Reading "sky130_sram_1kbyte_1rw1r_32x256_8_contact_12".
Reading "sky130_sram_1kbyte_1rw1r_32x256_8_nmos_m1_w0_360_sli_dli_da_p".
Reading "sky130_sram_1kbyte_1rw1r_32x256_8_pmos_m1_w1_120_sli_dli_da_p".
Reading "sky130_sram_1kbyte_1rw1r_32x256_8_contact_15".
Reading "sky130_sram_1kbyte_1rw1r_32x256_8_contact_29".
Reading "sky130_sram_1kbyte_1rw1r_32x256_8_contact_28".
Reading "sky130_sram_1kbyte_1rw1r_32x256_8_nmos_m2_w0_740_sli_dli_da_p".
Reading "sky130_sram_1kbyte_1rw1r_32x256_8_pmos_m2_w1_260_sli_dli_da_p".
Reading "sky130_sram_1kbyte_1rw1r_32x256_8_contact_16".
Reading "sky130_sram_1kbyte_1rw1r_32x256_8_contact_14".
Reading "sky130_sram_1kbyte_1rw1r_32x256_8_contact_13".
Reading "sky130_sram_1kbyte_1rw1r_32x256_8_nmos_m1_w7_000_sli_dli_da_p".
Reading "sky130_sram_1kbyte_1rw1r_32x256_8_pmos_m1_w7_000_sli_dli_da_p".
Reading "sky130_fd_bd_sram__openram_dp_nand3_dec".
Reading "sky130_fd_bd_sram__openram_dp_nand2_dec".
Reading "sky130_sram_1kbyte_1rw1r_32x256_8_pinv_dec".
CIF file read warning: CIF style sky130(): units rescaled by factor of 5 / 1
Reading "sky130_sram_1kbyte_1rw1r_32x256_8_pinv".
Reading "sky130_sram_1kbyte_1rw1r_32x256_8_nmos_m1_w0_740_sactive_dli".
Reading "sky130_sram_1kbyte_1rw1r_32x256_8_nmos_m1_w0_740_sli_dactive".
Reading "sky130_sram_1kbyte_1rw1r_32x256_8_pmos_m1_w1_120_sli_dli".
Reading "sky130_sram_1kbyte_1rw1r_32x256_8_nmos_m18_w2_000_sli_dli_da_p".
Reading "sky130_sram_1kbyte_1rw1r_32x256_8_pmos_m18_w2_000_sli_dli_da_p".
Reading "sky130_sram_1kbyte_1rw1r_32x256_8_nmos_m22_w2_000_sli_dli_da_p".
Reading "sky130_sram_1kbyte_1rw1r_32x256_8_pmos_m22_w2_000_sli_dli_da_p".
Reading "sky130_sram_1kbyte_1rw1r_32x256_8_nmos_m7_w1_680_sli_dli_da_p".
Reading "sky130_sram_1kbyte_1rw1r_32x256_8_pmos_m7_w2_000_sli_dli_da_p".
Reading "sky130_sram_1kbyte_1rw1r_32x256_8_nmos_m3_w1_680_sli_dli_da_p".
Reading "sky130_sram_1kbyte_1rw1r_32x256_8_pmos_m3_w1_680_sli_dli_da_p".
Reading "sky130_sram_1kbyte_1rw1r_32x256_8_pinv_dec_0".
Reading "sky130_sram_1kbyte_1rw1r_32x256_8_and2_dec".
Reading "sky130_sram_1kbyte_1rw1r_32x256_8_contact_20".
Reading "sky130_sram_1kbyte_1rw1r_32x256_8_contact_17".
Reading "sky130_sram_1kbyte_1rw1r_32x256_8_and3_dec".
Reading "sky130_sram_1kbyte_1rw1r_32x256_8_nmos_m1_w2_880_sli_dli".
Reading "sky130_sram_1kbyte_1rw1r_32x256_8_pdriver".
Reading "sky130_sram_1kbyte_1rw1r_32x256_8_pnand2".
Reading "sky130_sram_1kbyte_1rw1r_32x256_8_contact_23".
Reading "sky130_sram_1kbyte_1rw1r_32x256_8_contact_22".
Reading "sky130_sram_1kbyte_1rw1r_32x256_8_contact_21".
Reading "sky130_sram_1kbyte_1rw1r_32x256_8_pmos_m1_w0_550_sli_dli".
Reading "sky130_sram_1kbyte_1rw1r_32x256_8_contact_19".
Reading "sky130_sram_1kbyte_1rw1r_32x256_8_contact_7".
Reading "sky130_sram_1kbyte_1rw1r_32x256_8_nmos_m39_w2_000_sli_dli_da_p".
Reading "sky130_sram_1kbyte_1rw1r_32x256_8_pmos_m39_w2_000_sli_dli_da_p".
Reading "sky130_sram_1kbyte_1rw1r_32x256_8_nmos_m12_w2_000_sli_dli_da_p".
Reading "sky130_sram_1kbyte_1rw1r_32x256_8_pmos_m12_w2_000_sli_dli_da_p".
Reading "sky130_sram_1kbyte_1rw1r_32x256_8_nmos_m4_w1_260_sli_dli_da_p".
Reading "sky130_sram_1kbyte_1rw1r_32x256_8_pmos_m4_w2_000_sli_dli_da_p".
Reading "sky130_sram_1kbyte_1rw1r_32x256_8_pinv_16".
Reading "sky130_sram_1kbyte_1rw1r_32x256_8_pinv_15".
Reading "sky130_sram_1kbyte_1rw1r_32x256_8_nmos_m1_w0_740_sactive_dactive".
Reading "sky130_sram_1kbyte_1rw1r_32x256_8_nmos_m24_w2_000_sli_dli_da_p".
Reading "sky130_sram_1kbyte_1rw1r_32x256_8_pmos_m24_w2_000_sli_dli_da_p".
Reading "sky130_sram_1kbyte_1rw1r_32x256_8_nmos_m8_w2_000_sli_dli_da_p".
Reading "sky130_sram_1kbyte_1rw1r_32x256_8_pmos_m8_w2_000_sli_dli_da_p".
Reading "sky130_sram_1kbyte_1rw1r_32x256_8_nmos_m3_w2_000_sli_dli_da_p".
Reading "sky130_sram_1kbyte_1rw1r_32x256_8_pmos_m3_w2_000_sli_dli_da_p".
Reading "sky130_sram_1kbyte_1rw1r_32x256_8_pinv_3".
Reading "sky130_sram_1kbyte_1rw1r_32x256_8_nmos_m40_w2_000_sli_dli_da_p".
Reading "sky130_sram_1kbyte_1rw1r_32x256_8_pmos_m40_w2_000_sli_dli_da_p".
Reading "sky130_sram_1kbyte_1rw1r_32x256_8_nmos_m13_w2_000_sli_dli_da_p".
Reading "sky130_sram_1kbyte_1rw1r_32x256_8_pmos_m13_w2_000_sli_dli_da_p".
Reading "sky130_sram_1kbyte_1rw1r_32x256_8_nmos_m5_w1_680_sli_dli_da_p".
Reading "sky130_sram_1kbyte_1rw1r_32x256_8_pmos_m5_w2_000_sli_dli_da_p".
Reading "sky130_sram_1kbyte_1rw1r_32x256_8_nmos_m2_w1_260_sli_dli_da_p".
Reading "sky130_sram_1kbyte_1rw1r_32x256_8_pmos_m2_w2_000_sli_dli_da_p".
Reading "sky130_fd_bd_sram__openram_dff".
Reading "sky130_sram_1kbyte_1rw1r_32x256_8_pinv_2".
Reading "sky130_sram_1kbyte_1rw1r_32x256_8_pinv_1".
Reading "sky130_sram_1kbyte_1rw1r_32x256_8_wordline_driver".
Reading "sky130_sram_1kbyte_1rw1r_32x256_8_hierarchical_predecode3x8".
Reading "sky130_sram_1kbyte_1rw1r_32x256_8_hierarchical_predecode2x4".
Reading "sky130_sram_1kbyte_1rw1r_32x256_8_column_mux_0".
Reading "sky130_sram_1kbyte_1rw1r_32x256_8_precharge_1".
Reading "sky130_sram_1kbyte_1rw1r_32x256_8_contact_27".
Reading "sky130_sram_1kbyte_1rw1r_32x256_8_contact_26".
Reading "sky130_sram_1kbyte_1rw1r_32x256_8_contact_25".
Reading "sky130_sram_1kbyte_1rw1r_32x256_8_contact_24".
Reading "sky130_sram_1kbyte_1rw1r_32x256_8_column_mux".
Reading "sky130_sram_1kbyte_1rw1r_32x256_8_pand2".
Reading "sky130_fd_bd_sram__openram_write_driver".
Reading "sky130_fd_bd_sram__openram_sense_amp".
Reading "sky130_sram_1kbyte_1rw1r_32x256_8_precharge_0".
Reading "sky130_fd_bd_sram__openram_dp_cell_cap_row".
Reading "sky130_fd_bd_sram__openram_dp_cell_dummy".
Reading "sky130_fd_bd_sram__openram_dp_cell_replica".
Reading "sky130_fd_bd_sram__openram_dp_cell_cap_col".
Reading "sky130_fd_bd_sram__openram_dp_cell".
Reading "sky130_sram_1kbyte_1rw1r_32x256_8_pinv_20".
Reading "sky130_sram_1kbyte_1rw1r_32x256_8_pinv_18".
Reading "sky130_sram_1kbyte_1rw1r_32x256_8_pinv_17".
Reading "sky130_sram_1kbyte_1rw1r_32x256_8_pinv_19".
Reading "sky130_sram_1kbyte_1rw1r_32x256_8_pdriver_4".
Reading "sky130_sram_1kbyte_1rw1r_32x256_8_pdriver_3".
Reading "sky130_sram_1kbyte_1rw1r_32x256_8_pnand3".
Reading "sky130_sram_1kbyte_1rw1r_32x256_8_pinv_14".
Reading "sky130_sram_1kbyte_1rw1r_32x256_8_pinv_13".
Reading "sky130_sram_1kbyte_1rw1r_32x256_8_pinv_12".
Reading "sky130_sram_1kbyte_1rw1r_32x256_8_pinv_11".
Reading "sky130_sram_1kbyte_1rw1r_32x256_8_pdriver_0".
Reading "sky130_sram_1kbyte_1rw1r_32x256_8_pnand2_0".
Reading "sky130_sram_1kbyte_1rw1r_32x256_8_pinv_10".
Reading "sky130_sram_1kbyte_1rw1r_32x256_8_pinv_9".
Reading "sky130_sram_1kbyte_1rw1r_32x256_8_pinv_8".
Reading "sky130_sram_1kbyte_1rw1r_32x256_8_pinv_7".
Reading "sky130_sram_1kbyte_1rw1r_32x256_8_pinv_6".
Reading "sky130_sram_1kbyte_1rw1r_32x256_8_dff_buf_0".
Reading "sky130_sram_1kbyte_1rw1r_32x256_8_pinv_0".
Reading "sky130_sram_1kbyte_1rw1r_32x256_8_and2_dec_0".
Reading "sky130_sram_1kbyte_1rw1r_32x256_8_wordline_driver_array".
Reading "sky130_sram_1kbyte_1rw1r_32x256_8_hierarchical_decoder".
Reading "sky130_sram_1kbyte_1rw1r_32x256_8_column_mux_array_0".
Reading "sky130_sram_1kbyte_1rw1r_32x256_8_precharge_array_0".
Reading "sky130_sram_1kbyte_1rw1r_32x256_8_column_mux_array".
Reading "sky130_sram_1kbyte_1rw1r_32x256_8_write_mask_and_array".
Error while reading cell "sky130_sram_1kbyte_1rw1r_32x256_8_write_mask_and_array" (byte position 1112104): Warning: cell "sky130_sram_1kbyte_1rw1r_32x256_8_contact_14" placed on top of itself.  Ignoring the extra one.
Error while reading cell "sky130_sram_1kbyte_1rw1r_32x256_8_write_mask_and_array" (byte position 1112400): Warning: cell "sky130_sram_1kbyte_1rw1r_32x256_8_contact_14" placed on top of itself.  Ignoring the extra one.
Error while reading cell "sky130_sram_1kbyte_1rw1r_32x256_8_write_mask_and_array" (byte position 1112696): Warning: cell "sky130_sram_1kbyte_1rw1r_32x256_8_contact_14" placed on top of itself.  Ignoring the extra one.
Error while reading cell "sky130_sram_1kbyte_1rw1r_32x256_8_write_mask_and_array" (byte position 1112992): Warning: cell "sky130_sram_1kbyte_1rw1r_32x256_8_contact_14" placed on top of itself.  Ignoring the extra one.
Reading "sky130_sram_1kbyte_1rw1r_32x256_8_write_driver_array".
Reading "sky130_sram_1kbyte_1rw1r_32x256_8_sense_amp_array".
Reading "sky130_sram_1kbyte_1rw1r_32x256_8_precharge_array".
Reading "sky130_sram_1kbyte_1rw1r_32x256_8_contact_9".
Reading "sky130_sram_1kbyte_1rw1r_32x256_8_contact_8".
Reading "sky130_sram_1kbyte_1rw1r_32x256_8_row_cap_array_0".
Error while reading cell "sky130_sram_1kbyte_1rw1r_32x256_8_row_cap_array_0" (byte position 1374682): Warning: cell "sky130_sram_1kbyte_1rw1r_32x256_8_contact_7" placed on top of itself.  Ignoring the extra one.
Error while reading cell "sky130_sram_1kbyte_1rw1r_32x256_8_row_cap_array_0" (byte position 1377824): Warning: cell "sky130_sram_1kbyte_1rw1r_32x256_8_contact_7" placed on top of itself.  Ignoring the extra one.
Error while reading cell "sky130_sram_1kbyte_1rw1r_32x256_8_row_cap_array_0" (byte position 1378120): Warning: cell "sky130_sram_1kbyte_1rw1r_32x256_8_contact_7" placed on top of itself.  Ignoring the extra one.
Error while reading cell "sky130_sram_1kbyte_1rw1r_32x256_8_row_cap_array_0" (byte position 1378416): Warning: cell "sky130_sram_1kbyte_1rw1r_32x256_8_contact_7" placed on top of itself.  Ignoring the extra one.
Error while reading cell "sky130_sram_1kbyte_1rw1r_32x256_8_row_cap_array_0" (byte position 1378712): Warning: cell "sky130_sram_1kbyte_1rw1r_32x256_8_contact_7" placed on top of itself.  Ignoring the extra one.
Error while reading cell "sky130_sram_1kbyte_1rw1r_32x256_8_row_cap_array_0" (byte position 1379008): Warning: cell "sky130_sram_1kbyte_1rw1r_32x256_8_contact_7" placed on top of itself.  Ignoring the extra one.
Error while reading cell "sky130_sram_1kbyte_1rw1r_32x256_8_row_cap_array_0" (byte position 1379304): Warning: cell "sky130_sram_1kbyte_1rw1r_32x256_8_contact_7" placed on top of itself.  Ignoring the extra one.
Error while reading cell "sky130_sram_1kbyte_1rw1r_32x256_8_row_cap_array_0" (byte position 1379600): Warning: cell "sky130_sram_1kbyte_1rw1r_32x256_8_contact_7" placed on top of itself.  Ignoring the extra one.
Error while reading cell "sky130_sram_1kbyte_1rw1r_32x256_8_row_cap_array_0" (byte position 1379896): Warning: cell "sky130_sram_1kbyte_1rw1r_32x256_8_contact_7" placed on top of itself.  Ignoring the extra one.
Error while reading cell "sky130_sram_1kbyte_1rw1r_32x256_8_row_cap_array_0" (byte position 1380192): Warning: cell "sky130_sram_1kbyte_1rw1r_32x256_8_contact_7" placed on top of itself.  Ignoring the extra one.
Error while reading cell "sky130_sram_1kbyte_1rw1r_32x256_8_row_cap_array_0" (byte position 1380488): Warning: cell "sky130_sram_1kbyte_1rw1r_32x256_8_contact_7" placed on top of itself.  Ignoring the extra one.
Error while reading cell "sky130_sram_1kbyte_1rw1r_32x256_8_row_cap_array_0" (byte position 1380784): Warning: cell "sky130_sram_1kbyte_1rw1r_32x256_8_contact_7" placed on top of itself.  Ignoring the extra one.
Error while reading cell "sky130_sram_1kbyte_1rw1r_32x256_8_row_cap_array_0" (byte position 1381080): Warning: cell "sky130_sram_1kbyte_1rw1r_32x256_8_contact_7" placed on top of itself.  Ignoring the extra one.
Error while reading cell "sky130_sram_1kbyte_1rw1r_32x256_8_row_cap_array_0" (byte position 1381376): Warning: cell "sky130_sram_1kbyte_1rw1r_32x256_8_contact_7" placed on top of itself.  Ignoring the extra one.
Error while reading cell "sky130_sram_1kbyte_1rw1r_32x256_8_row_cap_array_0" (byte position 1381672): Warning: cell "sky130_sram_1kbyte_1rw1r_32x256_8_contact_7" placed on top of itself.  Ignoring the extra one.
Error while reading cell "sky130_sram_1kbyte_1rw1r_32x256_8_row_cap_array_0" (byte position 1381968): Warning: cell "sky130_sram_1kbyte_1rw1r_32x256_8_contact_7" placed on top of itself.  Ignoring the extra one.
Error while reading cell "sky130_sram_1kbyte_1rw1r_32x256_8_row_cap_array_0" (byte position 1382486): Warning: cell "sky130_sram_1kbyte_1rw1r_32x256_8_contact_7" placed on top of itself.  Ignoring the extra one.
Error while reading cell "sky130_sram_1kbyte_1rw1r_32x256_8_row_cap_array_0" (byte position 1382782): Warning: cell "sky130_sram_1kbyte_1rw1r_32x256_8_contact_7" placed on top of itself.  Ignoring the extra one.
Error while reading cell "sky130_sram_1kbyte_1rw1r_32x256_8_row_cap_array_0" (byte position 1383078): Warning: cell "sky130_sram_1kbyte_1rw1r_32x256_8_contact_7" placed on top of itself.  Ignoring the extra one.
Error while reading cell "sky130_sram_1kbyte_1rw1r_32x256_8_row_cap_array_0" (byte position 1383374): Warning: cell "sky130_sram_1kbyte_1rw1r_32x256_8_contact_7" placed on top of itself.  Ignoring the extra one.
Error while reading cell "sky130_sram_1kbyte_1rw1r_32x256_8_row_cap_array_0" (byte position 1383670): Warning: cell "sky130_sram_1kbyte_1rw1r_32x256_8_contact_7" placed on top of itself.  Ignoring the extra one.
Error while reading cell "sky130_sram_1kbyte_1rw1r_32x256_8_row_cap_array_0" (byte position 1383966): Warning: cell "sky130_sram_1kbyte_1rw1r_32x256_8_contact_7" placed on top of itself.  Ignoring the extra one.
Error while reading cell "sky130_sram_1kbyte_1rw1r_32x256_8_row_cap_array_0" (byte position 1384262): Warning: cell "sky130_sram_1kbyte_1rw1r_32x256_8_contact_7" placed on top of itself.  Ignoring the extra one.
Error while reading cell "sky130_sram_1kbyte_1rw1r_32x256_8_row_cap_array_0" (byte position 1384568): Warning: cell "sky130_sram_1kbyte_1rw1r_32x256_8_contact_7" placed on top of itself.  Ignoring the extra one.
Error while reading cell "sky130_sram_1kbyte_1rw1r_32x256_8_row_cap_array_0" (byte position 1387458): Warning: cell "sky130_sram_1kbyte_1rw1r_32x256_8_contact_7" placed on top of itself.  Ignoring the extra one.
Error while reading cell "sky130_sram_1kbyte_1rw1r_32x256_8_row_cap_array_0" (byte position 1387754): Warning: cell "sky130_sram_1kbyte_1rw1r_32x256_8_contact_7" placed on top of itself.  Ignoring the extra one.
Error while reading cell "sky130_sram_1kbyte_1rw1r_32x256_8_row_cap_array_0" (byte position 1388050): Warning: cell "sky130_sram_1kbyte_1rw1r_32x256_8_contact_7" placed on top of itself.  Ignoring the extra one.
Error while reading cell "sky130_sram_1kbyte_1rw1r_32x256_8_row_cap_array_0" (byte position 1388346): Warning: cell "sky130_sram_1kbyte_1rw1r_32x256_8_contact_7" placed on top of itself.  Ignoring the extra one.
Error while reading cell "sky130_sram_1kbyte_1rw1r_32x256_8_row_cap_array_0" (byte position 1388642): Warning: cell "sky130_sram_1kbyte_1rw1r_32x256_8_contact_7" placed on top of itself.  Ignoring the extra one.
Error while reading cell "sky130_sram_1kbyte_1rw1r_32x256_8_row_cap_array_0" (byte position 1388938): Warning: cell "sky130_sram_1kbyte_1rw1r_32x256_8_contact_7" placed on top of itself.  Ignoring the extra one.
Error while reading cell "sky130_sram_1kbyte_1rw1r_32x256_8_row_cap_array_0" (byte position 1389234): Warning: cell "sky130_sram_1kbyte_1rw1r_32x256_8_contact_7" placed on top of itself.  Ignoring the extra one.
Error while reading cell "sky130_sram_1kbyte_1rw1r_32x256_8_row_cap_array_0" (byte position 1389382): Warning: cell "sky130_sram_1kbyte_1rw1r_32x256_8_contact_7" placed on top of itself.  Ignoring the extra one.
Error while reading cell "sky130_sram_1kbyte_1rw1r_32x256_8_row_cap_array_0" (byte position 1389836): Warning: cell "sky130_sram_1kbyte_1rw1r_32x256_8_contact_7" placed on top of itself.  Ignoring the extra one.
Error while reading cell "sky130_sram_1kbyte_1rw1r_32x256_8_row_cap_array_0" (byte position 1390132): Warning: cell "sky130_sram_1kbyte_1rw1r_32x256_8_contact_7" placed on top of itself.  Ignoring the extra one.
Error while reading cell "sky130_sram_1kbyte_1rw1r_32x256_8_row_cap_array_0" (byte position 1390428): Warning: cell "sky130_sram_1kbyte_1rw1r_32x256_8_contact_7" placed on top of itself.  Ignoring the extra one.
Error while reading cell "sky130_sram_1kbyte_1rw1r_32x256_8_row_cap_array_0" (byte position 1390724): Warning: cell "sky130_sram_1kbyte_1rw1r_32x256_8_contact_7" placed on top of itself.  Ignoring the extra one.
Error while reading cell "sky130_sram_1kbyte_1rw1r_32x256_8_row_cap_array_0" (byte position 1391020): Warning: cell "sky130_sram_1kbyte_1rw1r_32x256_8_contact_7" placed on top of itself.  Ignoring the extra one.
Error while reading cell "sky130_sram_1kbyte_1rw1r_32x256_8_row_cap_array_0" (byte position 1391316): Warning: cell "sky130_sram_1kbyte_1rw1r_32x256_8_contact_7" placed on top of itself.  Ignoring the extra one.
Error while reading cell "sky130_sram_1kbyte_1rw1r_32x256_8_row_cap_array_0" (byte position 1391612): Warning: cell "sky130_sram_1kbyte_1rw1r_32x256_8_contact_7" placed on top of itself.  Ignoring the extra one.
Error while reading cell "sky130_sram_1kbyte_1rw1r_32x256_8_row_cap_array_0" (byte position 1391908): Warning: cell "sky130_sram_1kbyte_1rw1r_32x256_8_contact_7" placed on top of itself.  Ignoring the extra one.
Error while reading cell "sky130_sram_1kbyte_1rw1r_32x256_8_row_cap_array_0" (byte position 1392204): Warning: cell "sky130_sram_1kbyte_1rw1r_32x256_8_contact_7" placed on top of itself.  Ignoring the extra one.
Error while reading cell "sky130_sram_1kbyte_1rw1r_32x256_8_row_cap_array_0" (byte position 1392500): Warning: cell "sky130_sram_1kbyte_1rw1r_32x256_8_contact_7" placed on top of itself.  Ignoring the extra one.
Error while reading cell "sky130_sram_1kbyte_1rw1r_32x256_8_row_cap_array_0" (byte position 1392796): Warning: cell "sky130_sram_1kbyte_1rw1r_32x256_8_contact_7" placed on top of itself.  Ignoring the extra one.
Error while reading cell "sky130_sram_1kbyte_1rw1r_32x256_8_row_cap_array_0" (byte position 1393092): Warning: cell "sky130_sram_1kbyte_1rw1r_32x256_8_contact_7" placed on top of itself.  Ignoring the extra one.
Error while reading cell "sky130_sram_1kbyte_1rw1r_32x256_8_row_cap_array_0" (byte position 1393388): Warning: cell "sky130_sram_1kbyte_1rw1r_32x256_8_contact_7" placed on top of itself.  Ignoring the extra one.
Error while reading cell "sky130_sram_1kbyte_1rw1r_32x256_8_row_cap_array_0" (byte position 1393684): Warning: cell "sky130_sram_1kbyte_1rw1r_32x256_8_contact_7" placed on top of itself.  Ignoring the extra one.
Error while reading cell "sky130_sram_1kbyte_1rw1r_32x256_8_row_cap_array_0" (byte position 1393980): Warning: cell "sky130_sram_1kbyte_1rw1r_32x256_8_contact_7" placed on top of itself.  Ignoring the extra one.
Error while reading cell "sky130_sram_1kbyte_1rw1r_32x256_8_row_cap_array_0" (byte position 1396880): Warning: cell "sky130_sram_1kbyte_1rw1r_32x256_8_contact_7" placed on top of itself.  Ignoring the extra one.
Error while reading cell "sky130_sram_1kbyte_1rw1r_32x256_8_row_cap_array_0" (byte position 1399834): Warning: cell "sky130_sram_1kbyte_1rw1r_32x256_8_contact_7" placed on top of itself.  Ignoring the extra one.
Error while reading cell "sky130_sram_1kbyte_1rw1r_32x256_8_row_cap_array_0" (byte position 1400130): Warning: cell "sky130_sram_1kbyte_1rw1r_32x256_8_contact_7" placed on top of itself.  Ignoring the extra one.
Error while reading cell "sky130_sram_1kbyte_1rw1r_32x256_8_row_cap_array_0" (byte position 1400426): Warning: cell "sky130_sram_1kbyte_1rw1r_32x256_8_contact_7" placed on top of itself.  Ignoring the extra one.
Error while reading cell "sky130_sram_1kbyte_1rw1r_32x256_8_row_cap_array_0" (byte position 1400722): Warning: cell "sky130_sram_1kbyte_1rw1r_32x256_8_contact_7" placed on top of itself.  Ignoring the extra one.
Error while reading cell "sky130_sram_1kbyte_1rw1r_32x256_8_row_cap_array_0" (byte position 1401018): Warning: cell "sky130_sram_1kbyte_1rw1r_32x256_8_contact_7" placed on top of itself.  Ignoring the extra one.
Error while reading cell "sky130_sram_1kbyte_1rw1r_32x256_8_row_cap_array_0" (byte position 1401314): Warning: cell "sky130_sram_1kbyte_1rw1r_32x256_8_contact_7" placed on top of itself.  Ignoring the extra one.
Error while reading cell "sky130_sram_1kbyte_1rw1r_32x256_8_row_cap_array_0" (byte position 1401610): Warning: cell "sky130_sram_1kbyte_1rw1r_32x256_8_contact_7" placed on top of itself.  Ignoring the extra one.
Error while reading cell "sky130_sram_1kbyte_1rw1r_32x256_8_row_cap_array_0" (byte position 1401906): Warning: cell "sky130_sram_1kbyte_1rw1r_32x256_8_contact_7" placed on top of itself.  Ignoring the extra one.
Error while reading cell "sky130_sram_1kbyte_1rw1r_32x256_8_row_cap_array_0" (byte position 1402202): Warning: cell "sky130_sram_1kbyte_1rw1r_32x256_8_contact_7" placed on top of itself.  Ignoring the extra one.
Error while reading cell "sky130_sram_1kbyte_1rw1r_32x256_8_row_cap_array_0" (byte position 1402498): Warning: cell "sky130_sram_1kbyte_1rw1r_32x256_8_contact_7" placed on top of itself.  Ignoring the extra one.
Error while reading cell "sky130_sram_1kbyte_1rw1r_32x256_8_row_cap_array_0" (byte position 1402794): Warning: cell "sky130_sram_1kbyte_1rw1r_32x256_8_contact_7" placed on top of itself.  Ignoring the extra one.
Error while reading cell "sky130_sram_1kbyte_1rw1r_32x256_8_row_cap_array_0" (byte position 1403090): Warning: cell "sky130_sram_1kbyte_1rw1r_32x256_8_contact_7" placed on top of itself.  Ignoring the extra one.
Error while reading cell "sky130_sram_1kbyte_1rw1r_32x256_8_row_cap_array_0" (byte position 1403386): Warning: cell "sky130_sram_1kbyte_1rw1r_32x256_8_contact_7" placed on top of itself.  Ignoring the extra one.
Error while reading cell "sky130_sram_1kbyte_1rw1r_32x256_8_row_cap_array_0" (byte position 1403682): Warning: cell "sky130_sram_1kbyte_1rw1r_32x256_8_contact_7" placed on top of itself.  Ignoring the extra one.
Error while reading cell "sky130_sram_1kbyte_1rw1r_32x256_8_row_cap_array_0" (byte position 1403978): Warning: cell "sky130_sram_1kbyte_1rw1r_32x256_8_contact_7" placed on top of itself.  Ignoring the extra one.
Reading "sky130_sram_1kbyte_1rw1r_32x256_8_row_cap_array".
Error while reading cell "sky130_sram_1kbyte_1rw1r_32x256_8_row_cap_array" (byte position 1483488): Warning: cell "sky130_sram_1kbyte_1rw1r_32x256_8_contact_7" placed on top of itself.  Ignoring the extra one.
Error while reading cell "sky130_sram_1kbyte_1rw1r_32x256_8_row_cap_array" (byte position 1486234): Warning: cell "sky130_sram_1kbyte_1rw1r_32x256_8_contact_7" placed on top of itself.  Ignoring the extra one.
Error while reading cell "sky130_sram_1kbyte_1rw1r_32x256_8_row_cap_array" (byte position 1486530): Warning: cell "sky130_sram_1kbyte_1rw1r_32x256_8_contact_7" placed on top of itself.  Ignoring the extra one.
Error while reading cell "sky130_sram_1kbyte_1rw1r_32x256_8_row_cap_array" (byte position 1486826): Warning: cell "sky130_sram_1kbyte_1rw1r_32x256_8_contact_7" placed on top of itself.  Ignoring the extra one.
Error while reading cell "sky130_sram_1kbyte_1rw1r_32x256_8_row_cap_array" (byte position 1487122): Warning: cell "sky130_sram_1kbyte_1rw1r_32x256_8_contact_7" placed on top of itself.  Ignoring the extra one.
Error while reading cell "sky130_sram_1kbyte_1rw1r_32x256_8_row_cap_array" (byte position 1487418): Warning: cell "sky130_sram_1kbyte_1rw1r_32x256_8_contact_7" placed on top of itself.  Ignoring the extra one.
Error while reading cell "sky130_sram_1kbyte_1rw1r_32x256_8_row_cap_array" (byte position 1487714): Warning: cell "sky130_sram_1kbyte_1rw1r_32x256_8_contact_7" placed on top of itself.  Ignoring the extra one.
Error while reading cell "sky130_sram_1kbyte_1rw1r_32x256_8_row_cap_array" (byte position 1488010): Warning: cell "sky130_sram_1kbyte_1rw1r_32x256_8_contact_7" placed on top of itself.  Ignoring the extra one.
Error while reading cell "sky130_sram_1kbyte_1rw1r_32x256_8_row_cap_array" (byte position 1488306): Warning: cell "sky130_sram_1kbyte_1rw1r_32x256_8_contact_7" placed on top of itself.  Ignoring the extra one.
Error while reading cell "sky130_sram_1kbyte_1rw1r_32x256_8_row_cap_array" (byte position 1488602): Warning: cell "sky130_sram_1kbyte_1rw1r_32x256_8_contact_7" placed on top of itself.  Ignoring the extra one.
Error while reading cell "sky130_sram_1kbyte_1rw1r_32x256_8_row_cap_array" (byte position 1488898): Warning: cell "sky130_sram_1kbyte_1rw1r_32x256_8_contact_7" placed on top of itself.  Ignoring the extra one.
Error while reading cell "sky130_sram_1kbyte_1rw1r_32x256_8_row_cap_array" (byte position 1489194): Warning: cell "sky130_sram_1kbyte_1rw1r_32x256_8_contact_7" placed on top of itself.  Ignoring the extra one.
Error while reading cell "sky130_sram_1kbyte_1rw1r_32x256_8_row_cap_array" (byte position 1489490): Warning: cell "sky130_sram_1kbyte_1rw1r_32x256_8_contact_7" placed on top of itself.  Ignoring the extra one.
Error while reading cell "sky130_sram_1kbyte_1rw1r_32x256_8_row_cap_array" (byte position 1489786): Warning: cell "sky130_sram_1kbyte_1rw1r_32x256_8_contact_7" placed on top of itself.  Ignoring the extra one.
Error while reading cell "sky130_sram_1kbyte_1rw1r_32x256_8_row_cap_array" (byte position 1490082): Warning: cell "sky130_sram_1kbyte_1rw1r_32x256_8_contact_7" placed on top of itself.  Ignoring the extra one.
Error while reading cell "sky130_sram_1kbyte_1rw1r_32x256_8_row_cap_array" (byte position 1490378): Warning: cell "sky130_sram_1kbyte_1rw1r_32x256_8_contact_7" placed on top of itself.  Ignoring the extra one.
Error while reading cell "sky130_sram_1kbyte_1rw1r_32x256_8_row_cap_array" (byte position 1490896): Warning: cell "sky130_sram_1kbyte_1rw1r_32x256_8_contact_7" placed on top of itself.  Ignoring the extra one.
Error while reading cell "sky130_sram_1kbyte_1rw1r_32x256_8_row_cap_array" (byte position 1491192): Warning: cell "sky130_sram_1kbyte_1rw1r_32x256_8_contact_7" placed on top of itself.  Ignoring the extra one.
Error while reading cell "sky130_sram_1kbyte_1rw1r_32x256_8_row_cap_array" (byte position 1491488): Warning: cell "sky130_sram_1kbyte_1rw1r_32x256_8_contact_7" placed on top of itself.  Ignoring the extra one.
Error while reading cell "sky130_sram_1kbyte_1rw1r_32x256_8_row_cap_array" (byte position 1491784): Warning: cell "sky130_sram_1kbyte_1rw1r_32x256_8_contact_7" placed on top of itself.  Ignoring the extra one.
Error while reading cell "sky130_sram_1kbyte_1rw1r_32x256_8_row_cap_array" (byte position 1492080): Warning: cell "sky130_sram_1kbyte_1rw1r_32x256_8_contact_7" placed on top of itself.  Ignoring the extra one.
Error while reading cell "sky130_sram_1kbyte_1rw1r_32x256_8_row_cap_array" (byte position 1492376): Warning: cell "sky130_sram_1kbyte_1rw1r_32x256_8_contact_7" placed on top of itself.  Ignoring the extra one.
Error while reading cell "sky130_sram_1kbyte_1rw1r_32x256_8_row_cap_array" (byte position 1492672): Warning: cell "sky130_sram_1kbyte_1rw1r_32x256_8_contact_7" placed on top of itself.  Ignoring the extra one.
Error while reading cell "sky130_sram_1kbyte_1rw1r_32x256_8_row_cap_array" (byte position 1492966): Warning: cell "sky130_sram_1kbyte_1rw1r_32x256_8_contact_7" placed on top of itself.  Ignoring the extra one.
Error while reading cell "sky130_sram_1kbyte_1rw1r_32x256_8_row_cap_array" (byte position 1495496): Warning: cell "sky130_sram_1kbyte_1rw1r_32x256_8_contact_7" placed on top of itself.  Ignoring the extra one.
Error while reading cell "sky130_sram_1kbyte_1rw1r_32x256_8_row_cap_array" (byte position 1495792): Warning: cell "sky130_sram_1kbyte_1rw1r_32x256_8_contact_7" placed on top of itself.  Ignoring the extra one.
Error while reading cell "sky130_sram_1kbyte_1rw1r_32x256_8_row_cap_array" (byte position 1496088): Warning: cell "sky130_sram_1kbyte_1rw1r_32x256_8_contact_7" placed on top of itself.  Ignoring the extra one.
Error while reading cell "sky130_sram_1kbyte_1rw1r_32x256_8_row_cap_array" (byte position 1496384): Warning: cell "sky130_sram_1kbyte_1rw1r_32x256_8_contact_7" placed on top of itself.  Ignoring the extra one.
Error while reading cell "sky130_sram_1kbyte_1rw1r_32x256_8_row_cap_array" (byte position 1496680): Warning: cell "sky130_sram_1kbyte_1rw1r_32x256_8_contact_7" placed on top of itself.  Ignoring the extra one.
Error while reading cell "sky130_sram_1kbyte_1rw1r_32x256_8_row_cap_array" (byte position 1496976): Warning: cell "sky130_sram_1kbyte_1rw1r_32x256_8_contact_7" placed on top of itself.  Ignoring the extra one.
Error while reading cell "sky130_sram_1kbyte_1rw1r_32x256_8_row_cap_array" (byte position 1497272): Warning: cell "sky130_sram_1kbyte_1rw1r_32x256_8_contact_7" placed on top of itself.  Ignoring the extra one.
Error while reading cell "sky130_sram_1kbyte_1rw1r_32x256_8_row_cap_array" (byte position 1497420): Warning: cell "sky130_sram_1kbyte_1rw1r_32x256_8_contact_7" placed on top of itself.  Ignoring the extra one.
Error limit set:  Remaining errors will not be reported.
Reading "sky130_sram_1kbyte_1rw1r_32x256_8_col_cap_array".
Reading "sky130_sram_1kbyte_1rw1r_32x256_8_col_cap_array_0".
Reading "sky130_sram_1kbyte_1rw1r_32x256_8_dummy_array".
Reading "sky130_sram_1kbyte_1rw1r_32x256_8_replica_column_0".
Reading "sky130_sram_1kbyte_1rw1r_32x256_8_replica_column".
Reading "sky130_sram_1kbyte_1rw1r_32x256_8_bitcell_array".
    5000 uses
Reading "sky130_sram_1kbyte_1rw1r_32x256_8_pdriver_6".
Reading "sky130_sram_1kbyte_1rw1r_32x256_8_dff_buf_array_0".
Reading "sky130_sram_1kbyte_1rw1r_32x256_8_pdriver_5".
Reading "sky130_sram_1kbyte_1rw1r_32x256_8_pnand2_1".
Reading "sky130_sram_1kbyte_1rw1r_32x256_8_delay_chain".
Reading "sky130_sram_1kbyte_1rw1r_32x256_8_pand3_0".
Reading "sky130_sram_1kbyte_1rw1r_32x256_8_pand3".
Reading "sky130_sram_1kbyte_1rw1r_32x256_8_pdriver_2".
Reading "sky130_sram_1kbyte_1rw1r_32x256_8_pand2_0".
Reading "sky130_sram_1kbyte_1rw1r_32x256_8_pdriver_1".
Reading "sky130_sram_1kbyte_1rw1r_32x256_8_dff_buf_array".
Reading "sky130_sram_1kbyte_1rw1r_32x256_8_pinvbuf".
Reading "sky130_sram_1kbyte_1rw1r_32x256_8_port_address_0".
Reading "sky130_sram_1kbyte_1rw1r_32x256_8_port_address".
Reading "sky130_sram_1kbyte_1rw1r_32x256_8_port_data_0".
Reading "sky130_sram_1kbyte_1rw1r_32x256_8_port_data".
Reading "sky130_sram_1kbyte_1rw1r_32x256_8_replica_bitcell_array".
Reading "sky130_sram_1kbyte_1rw1r_32x256_8_contact_34".
Reading "sky130_sram_1kbyte_1rw1r_32x256_8_contact_33".
Reading "sky130_sram_1kbyte_1rw1r_32x256_8_contact_40".
Reading "sky130_sram_1kbyte_1rw1r_32x256_8_contact_39".
Reading "sky130_sram_1kbyte_1rw1r_32x256_8_cr_5".
Reading "sky130_sram_1kbyte_1rw1r_32x256_8_cr_4".
Reading "sky130_sram_1kbyte_1rw1r_32x256_8_cr_3".
Reading "sky130_sram_1kbyte_1rw1r_32x256_8_data_dff".
Reading "sky130_sram_1kbyte_1rw1r_32x256_8_wmask_dff".
Reading "sky130_sram_1kbyte_1rw1r_32x256_8_col_addr_dff".
Reading "sky130_sram_1kbyte_1rw1r_32x256_8_row_addr_dff".
Reading "sky130_sram_1kbyte_1rw1r_32x256_8_control_logic_r".
Reading "sky130_sram_1kbyte_1rw1r_32x256_8_control_logic_rw".
Reading "sky130_sram_1kbyte_1rw1r_32x256_8_bank".
Reading "sky130_sram_1kbyte_1rw1r_32x256_8".
Warning:  cell sky130_sram_1kbyte_1rw1r_32x256_8 already existed before reading GDS!
    5000 uses
   Generating output for cell sky130_sram_1kbyte_1rw1r_32x256_8_contact_19
   Generating output for cell sky130_sram_1kbyte_1rw1r_32x256_8_contact_13
   Generating output for cell sky130_sram_1kbyte_1rw1r_32x256_8_contact_14
   Generating output for cell sky130_sram_1kbyte_1rw1r_32x256_8_contact_40
   Generating output for cell sky130_sram_1kbyte_1rw1r_32x256_8_contact_34
   Generating output for cell sky130_sram_1kbyte_1rw1r_32x256_8_contact_7
   Generating output for cell sky130_sram_1kbyte_1rw1r_32x256_8_contact_39
   Generating output for cell sky130_sram_1kbyte_1rw1r_32x256_8_contact_33
   Generating output for cell sky130_fd_bd_sram__openram_dff
   Generating output for cell sky130_sram_1kbyte_1rw1r_32x256_8_row_addr_dff
   Generating output for cell sky130_sram_1kbyte_1rw1r_32x256_8_col_addr_dff
   Generating output for cell sky130_sram_1kbyte_1rw1r_32x256_8_wmask_dff
   Generating output for cell sky130_sram_1kbyte_1rw1r_32x256_8_cr_3
   Generating output for cell sky130_sram_1kbyte_1rw1r_32x256_8_contact_16
   Generating output for cell sky130_sram_1kbyte_1rw1r_32x256_8_contact_29
   Generating output for cell sky130_sram_1kbyte_1rw1r_32x256_8_contact_28
   Generating output for cell sky130_sram_1kbyte_1rw1r_32x256_8_contact_11
   Generating output for cell sky130_sram_1kbyte_1rw1r_32x256_8_nmos_m1_w0_360_sli_dli_da_p
   Generating output for cell sky130_sram_1kbyte_1rw1r_32x256_8_contact_12
   Generating output for cell sky130_sram_1kbyte_1rw1r_32x256_8_pmos_m1_w1_120_sli_dli_da_p
   Generating output for cell sky130_sram_1kbyte_1rw1r_32x256_8_pinv_0
   Generating output for cell sky130_sram_1kbyte_1rw1r_32x256_8_nmos_m1_w0_740_sactive_dli
   Generating output for cell sky130_sram_1kbyte_1rw1r_32x256_8_nmos_m1_w0_740_sli_dactive
   Generating output for cell sky130_sram_1kbyte_1rw1r_32x256_8_pmos_m1_w1_120_sli_dli
   Generating output for cell sky130_sram_1kbyte_1rw1r_32x256_8_pnand2_1
   Generating output for cell sky130_sram_1kbyte_1rw1r_32x256_8_nmos_m3_w1_680_sli_dli_da_p
   Generating output for cell sky130_sram_1kbyte_1rw1r_32x256_8_pmos_m3_w1_680_sli_dli_da_p
   Generating output for cell sky130_sram_1kbyte_1rw1r_32x256_8_pinv_2
   Generating output for cell sky130_sram_1kbyte_1rw1r_32x256_8_nmos_m2_w0_740_sli_dli_da_p
   Generating output for cell sky130_sram_1kbyte_1rw1r_32x256_8_pmos_m2_w1_260_sli_dli_da_p
   Generating output for cell sky130_sram_1kbyte_1rw1r_32x256_8_pinv_1
   Generating output for cell sky130_sram_1kbyte_1rw1r_32x256_8_dff_buf_0
   Generating output for cell sky130_sram_1kbyte_1rw1r_32x256_8_dff_buf_array
   Generating output for cell sky130_sram_1kbyte_1rw1r_32x256_8_nmos_m7_w1_680_sli_dli_da_p
   Generating output for cell sky130_sram_1kbyte_1rw1r_32x256_8_pmos_m7_w2_000_sli_dli_da_p
   Generating output for cell sky130_sram_1kbyte_1rw1r_32x256_8_pinv_3
   Generating output for cell sky130_sram_1kbyte_1rw1r_32x256_8_pdriver_0
   Generating output for cell sky130_sram_1kbyte_1rw1r_32x256_8_pnand2_0
   Generating output for cell sky130_sram_1kbyte_1rw1r_32x256_8_pand2_0
   Generating output for cell sky130_sram_1kbyte_1rw1r_32x256_8_nmos_m12_w2_000_sli_dli_da_p
   Generating output for cell sky130_sram_1kbyte_1rw1r_32x256_8_pmos_m12_w2_000_sli_dli_da_p
   Generating output for cell sky130_sram_1kbyte_1rw1r_32x256_8_pinv_18
   Generating output for cell sky130_sram_1kbyte_1rw1r_32x256_8_nmos_m4_w1_260_sli_dli_da_p
   Generating output for cell sky130_sram_1kbyte_1rw1r_32x256_8_pmos_m4_w2_000_sli_dli_da_p
   Generating output for cell sky130_sram_1kbyte_1rw1r_32x256_8_pinv_17
   Generating output for cell sky130_sram_1kbyte_1rw1r_32x256_8_pinv_11
   Generating output for cell sky130_sram_1kbyte_1rw1r_32x256_8_pinv_6
   Generating output for cell sky130_sram_1kbyte_1rw1r_32x256_8_pdriver_5
   Generating output for cell sky130_sram_1kbyte_1rw1r_32x256_8_pinv_19
   Generating output for cell sky130_sram_1kbyte_1rw1r_32x256_8_delay_chain
   Generating output for cell sky130_sram_1kbyte_1rw1r_32x256_8_nmos_m18_w2_000_sli_dli_da_p
   Generating output for cell sky130_sram_1kbyte_1rw1r_32x256_8_pmos_m18_w2_000_sli_dli_da_p
   Generating output for cell sky130_sram_1kbyte_1rw1r_32x256_8_pinv_16
   Generating output for cell sky130_sram_1kbyte_1rw1r_32x256_8_pdriver_4
   Generating output for cell sky130_sram_1kbyte_1rw1r_32x256_8_nmos_m1_w0_740_sactive_dactive
   Generating output for cell sky130_sram_1kbyte_1rw1r_32x256_8_pnand3
   Generating output for cell sky130_sram_1kbyte_1rw1r_32x256_8_pand3_0
   Generating output for cell sky130_sram_1kbyte_1rw1r_32x256_8_nmos_m22_w2_000_sli_dli_da_p
   Generating output for cell sky130_sram_1kbyte_1rw1r_32x256_8_pmos_m22_w2_000_sli_dli_da_p
   Generating output for cell sky130_sram_1kbyte_1rw1r_32x256_8_pinv_15
   Generating output for cell sky130_sram_1kbyte_1rw1r_32x256_8_pdriver_3
   Generating output for cell sky130_sram_1kbyte_1rw1r_32x256_8_pand3
   Generating output for cell sky130_sram_1kbyte_1rw1r_32x256_8_nmos_m24_w2_000_sli_dli_da_p
   Generating output for cell sky130_sram_1kbyte_1rw1r_32x256_8_pmos_m24_w2_000_sli_dli_da_p
   Generating output for cell sky130_sram_1kbyte_1rw1r_32x256_8_pinv_14
   Generating output for cell sky130_sram_1kbyte_1rw1r_32x256_8_nmos_m8_w2_000_sli_dli_da_p
   Generating output for cell sky130_sram_1kbyte_1rw1r_32x256_8_pmos_m8_w2_000_sli_dli_da_p
   Generating output for cell sky130_sram_1kbyte_1rw1r_32x256_8_pinv_13
   Generating output for cell sky130_sram_1kbyte_1rw1r_32x256_8_nmos_m3_w2_000_sli_dli_da_p
   Generating output for cell sky130_sram_1kbyte_1rw1r_32x256_8_pmos_m3_w2_000_sli_dli_da_p
   Generating output for cell sky130_sram_1kbyte_1rw1r_32x256_8_pinv_12
   Generating output for cell sky130_sram_1kbyte_1rw1r_32x256_8_pdriver_2
   Generating output for cell sky130_sram_1kbyte_1rw1r_32x256_8_nmos_m40_w2_000_sli_dli_da_p
   Generating output for cell sky130_sram_1kbyte_1rw1r_32x256_8_pmos_m40_w2_000_sli_dli_da_p
   Generating output for cell sky130_sram_1kbyte_1rw1r_32x256_8_pinv_10
   Generating output for cell sky130_sram_1kbyte_1rw1r_32x256_8_nmos_m13_w2_000_sli_dli_da_p
   Generating output for cell sky130_sram_1kbyte_1rw1r_32x256_8_pmos_m13_w2_000_sli_dli_da_p
   Generating output for cell sky130_sram_1kbyte_1rw1r_32x256_8_pinv_9
   Generating output for cell sky130_sram_1kbyte_1rw1r_32x256_8_nmos_m5_w1_680_sli_dli_da_p
   Generating output for cell sky130_sram_1kbyte_1rw1r_32x256_8_pmos_m5_w2_000_sli_dli_da_p
   Generating output for cell sky130_sram_1kbyte_1rw1r_32x256_8_pinv_8
   Generating output for cell sky130_sram_1kbyte_1rw1r_32x256_8_nmos_m2_w1_260_sli_dli_da_p
   Generating output for cell sky130_sram_1kbyte_1rw1r_32x256_8_pmos_m2_w2_000_sli_dli_da_p
   Generating output for cell sky130_sram_1kbyte_1rw1r_32x256_8_pinv_7
   Generating output for cell sky130_sram_1kbyte_1rw1r_32x256_8_pdriver_1
   Generating output for cell sky130_sram_1kbyte_1rw1r_32x256_8_control_logic_rw
   Generating output for cell sky130_sram_1kbyte_1rw1r_32x256_8_cr_5
   Generating output for cell sky130_sram_1kbyte_1rw1r_32x256_8_dff_buf_array_0
   Generating output for cell sky130_sram_1kbyte_1rw1r_32x256_8_nmos_m39_w2_000_sli_dli_da_p
   Generating output for cell sky130_sram_1kbyte_1rw1r_32x256_8_pmos_m39_w2_000_sli_dli_da_p
   Generating output for cell sky130_sram_1kbyte_1rw1r_32x256_8_pinv_20
   Generating output for cell sky130_sram_1kbyte_1rw1r_32x256_8_pdriver_6
   Generating output for cell sky130_sram_1kbyte_1rw1r_32x256_8_control_logic_r
   Generating output for cell sky130_sram_1kbyte_1rw1r_32x256_8_cr_4
   Generating output for cell sky130_sram_1kbyte_1rw1r_32x256_8_data_dff
   Generating output for cell sky130_sram_1kbyte_1rw1r_32x256_8_pinvbuf
   Generating output for cell sky130_sram_1kbyte_1rw1r_32x256_8_contact_15
   Generating output for cell sky130_sram_1kbyte_1rw1r_32x256_8_nmos_m1_w7_000_sli_dli_da_p
   Generating output for cell sky130_sram_1kbyte_1rw1r_32x256_8_pmos_m1_w7_000_sli_dli_da_p
   Generating output for cell sky130_sram_1kbyte_1rw1r_32x256_8_pinv_dec_0
   Generating output for cell sky130_fd_bd_sram__openram_dp_nand2_dec
   Generating output for cell sky130_sram_1kbyte_1rw1r_32x256_8_and2_dec_0
   Generating output for cell sky130_sram_1kbyte_1rw1r_32x256_8_wordline_driver
   Generating output for cell sky130_sram_1kbyte_1rw1r_32x256_8_wordline_driver_array
   Generating output for cell sky130_sram_1kbyte_1rw1r_32x256_8_contact_20
   Generating output for cell sky130_sram_1kbyte_1rw1r_32x256_8_contact_17
   Generating output for cell sky130_sram_1kbyte_1rw1r_32x256_8_pinv_dec
   Generating output for cell sky130_fd_bd_sram__openram_dp_nand3_dec
   Generating output for cell sky130_sram_1kbyte_1rw1r_32x256_8_and3_dec
   Generating output for cell sky130_sram_1kbyte_1rw1r_32x256_8_hierarchical_predecode3x8
   Generating output for cell sky130_sram_1kbyte_1rw1r_32x256_8_and2_dec
   Generating output for cell sky130_sram_1kbyte_1rw1r_32x256_8_hierarchical_predecode2x4
   Generating output for cell sky130_sram_1kbyte_1rw1r_32x256_8_hierarchical_decoder
   Generating output for cell sky130_sram_1kbyte_1rw1r_32x256_8_port_address_0
   Generating output for cell sky130_sram_1kbyte_1rw1r_32x256_8_port_address
   Generating output for cell sky130_sram_1kbyte_1rw1r_32x256_8_contact_27
   Generating output for cell sky130_sram_1kbyte_1rw1r_32x256_8_contact_26
   Generating output for cell sky130_sram_1kbyte_1rw1r_32x256_8_nmos_m1_w2_880_sli_dli
   Generating output for cell sky130_sram_1kbyte_1rw1r_32x256_8_column_mux_0
   Generating output for cell sky130_sram_1kbyte_1rw1r_32x256_8_contact_25
   Generating output for cell sky130_sram_1kbyte_1rw1r_32x256_8_contact_24
   Generating output for cell sky130_sram_1kbyte_1rw1r_32x256_8_column_mux_array_0
   Generating output for cell sky130_fd_bd_sram__openram_sense_amp
   Generating output for cell sky130_sram_1kbyte_1rw1r_32x256_8_sense_amp_array
   Generating output for cell sky130_sram_1kbyte_1rw1r_32x256_8_contact_23
   Generating output for cell sky130_sram_1kbyte_1rw1r_32x256_8_contact_21
   Generating output for cell sky130_sram_1kbyte_1rw1r_32x256_8_contact_22
   Generating output for cell sky130_sram_1kbyte_1rw1r_32x256_8_pmos_m1_w0_550_sli_dli
   Generating output for cell sky130_sram_1kbyte_1rw1r_32x256_8_precharge_1
   Generating output for cell sky130_sram_1kbyte_1rw1r_32x256_8_precharge_array_0
   Generating output for cell sky130_sram_1kbyte_1rw1r_32x256_8_port_data_0
   Generating output for cell sky130_sram_1kbyte_1rw1r_32x256_8_column_mux
   Generating output for cell sky130_sram_1kbyte_1rw1r_32x256_8_column_mux_array
   Generating output for cell sky130_sram_1kbyte_1rw1r_32x256_8_pinv
   Generating output for cell sky130_sram_1kbyte_1rw1r_32x256_8_pdriver
   Generating output for cell sky130_sram_1kbyte_1rw1r_32x256_8_pnand2
   Generating output for cell sky130_sram_1kbyte_1rw1r_32x256_8_pand2
   Generating output for cell sky130_sram_1kbyte_1rw1r_32x256_8_write_mask_and_array
   Generating output for cell sky130_fd_bd_sram__openram_write_driver
   Generating output for cell sky130_sram_1kbyte_1rw1r_32x256_8_write_driver_array
   Generating output for cell sky130_sram_1kbyte_1rw1r_32x256_8_precharge_0
   Generating output for cell sky130_sram_1kbyte_1rw1r_32x256_8_precharge_array
   Generating output for cell sky130_sram_1kbyte_1rw1r_32x256_8_port_data
   Generating output for cell sky130_sram_1kbyte_1rw1r_32x256_8_contact_9
   Generating output for cell sky130_sram_1kbyte_1rw1r_32x256_8_contact_8
   Generating output for cell sky130_fd_bd_sram__openram_dp_cell_cap_row
   Generating output for cell sky130_sram_1kbyte_1rw1r_32x256_8_row_cap_array_0
   Generating output for cell sky130_sram_1kbyte_1rw1r_32x256_8_row_cap_array
   Generating output for cell sky130_fd_bd_sram__openram_dp_cell_cap_col
   Generating output for cell sky130_sram_1kbyte_1rw1r_32x256_8_col_cap_array
   Generating output for cell sky130_sram_1kbyte_1rw1r_32x256_8_col_cap_array_0
   Generating output for cell sky130_fd_bd_sram__openram_dp_cell_dummy
   Generating output for cell sky130_sram_1kbyte_1rw1r_32x256_8_dummy_array
   Generating output for cell sky130_fd_bd_sram__openram_dp_cell_replica
   Generating output for cell sky130_sram_1kbyte_1rw1r_32x256_8_replica_column_0
   Generating output for cell sky130_sram_1kbyte_1rw1r_32x256_8_replica_column
   Generating output for cell sky130_fd_bd_sram__openram_dp_cell
   Generating output for cell sky130_sram_1kbyte_1rw1r_32x256_8_bitcell_array
   Generating output for cell sky130_sram_1kbyte_1rw1r_32x256_8_replica_bitcell_array
   Generating output for cell sky130_sram_1kbyte_1rw1r_32x256_8_bank
   Generating output for cell sky130_sram_1kbyte_1rw1r_32x256_8
   Generating output for cell sky130_fd_sc_hd__decap_3
   Generating output for cell sky130_fd_sc_hd__fill_2
   Generating output for cell sky130_fd_sc_hd__diode_2
   Generating output for cell sky130_fd_sc_hd__dfxtp_4
   Generating output for cell sky130_fd_sc_hd__decap_4
   Generating output for cell sky130_fd_sc_hd__fill_1
   Generating output for cell sky130_fd_sc_hd__tapvpwrvgnd_1
   Generating output for cell sky130_ef_sc_hd__decap_12
   Generating output for cell sky130_fd_sc_hd__decap_6
   Generating output for cell sky130_fd_sc_hd__decap_8
   Generating output for cell sky130_fd_sc_hd__clkbuf_16
   Generating output for cell sky130_fd_sc_hd__dfrtp_4
   Generating output for cell sky130_fd_sc_hd__xnor2_1
   Generating output for cell sky130_fd_sc_hd__or2b_1
   Generating output for cell sky130_fd_sc_hd__xor2_1
   Generating output for cell sky130_fd_sc_hd__and2b_1
   Generating output for cell sky130_fd_sc_hd__and2_1
   Generating output for cell sky130_fd_sc_hd__a211o_1
   Generating output for cell sky130_fd_sc_hd__mux2_1
   Generating output for cell sky130_fd_sc_hd__o31ai_1
   Generating output for cell sky130_fd_sc_hd__a21o_1
   Generating output for cell sky130_fd_sc_hd__o21ai_2
   Generating output for cell sky130_fd_sc_hd__nor2_1
   Generating output for cell sky130_fd_sc_hd__nand2_1
   Generating output for cell sky130_fd_sc_hd__a21oi_2
   Generating output for cell sky130_fd_sc_hd__o21a_1
   Generating output for cell sky130_fd_sc_hd__or2_1
   Generating output for cell sky130_fd_sc_hd__o21ai_1
   Generating output for cell sky130_fd_sc_hd__o21ba_1
   Generating output for cell sky130_fd_sc_hd__a21oi_1
   Generating output for cell sky130_fd_sc_hd__a21bo_1
   Generating output for cell sky130_fd_sc_hd__a22o_1
   Generating output for cell sky130_fd_sc_hd__xnor2_2
   Generating output for cell sky130_fd_sc_hd__a311o_1
   Generating output for cell sky130_fd_sc_hd__a22oi_2
   Generating output for cell sky130_fd_sc_hd__nand3_1
   Generating output for cell sky130_fd_sc_hd__o21bai_1
   Generating output for cell sky130_fd_sc_hd__and3_1
   Generating output for cell sky130_fd_sc_hd__dfrtp_1
   Generating output for cell sky130_fd_sc_hd__a31o_1
   Generating output for cell sky130_fd_sc_hd__a32o_1
   Generating output for cell sky130_fd_sc_hd__inv_2
   Generating output for cell sky130_fd_sc_hd__a21boi_1
   Generating output for cell sky130_fd_sc_hd__clkbuf_4
   Generating output for cell sky130_fd_sc_hd__inv_4
   Generating output for cell sky130_fd_sc_hd__xor2_2
   Generating output for cell sky130_fd_sc_hd__clkbuf_8
   Generating output for cell sky130_fd_sc_hd__nand2_2
   Generating output for cell sky130_fd_sc_hd__a21boi_2
   Generating output for cell sky130_fd_sc_hd__buf_8
   Generating output for cell sky130_fd_sc_hd__buf_6
   Generating output for cell sky130_fd_sc_hd__or3b_1
   Generating output for cell sky130_fd_sc_hd__and4_1
   Generating output for cell sky130_fd_sc_hd__buf_4
   Generating output for cell sky130_fd_sc_hd__o211a_1
   Generating output for cell sky130_fd_sc_hd__or3_1
   Generating output for cell sky130_fd_sc_hd__xnor2_4
   Generating output for cell sky130_fd_sc_hd__buf_2
   Generating output for cell sky130_fd_sc_hd__o32a_1
   Generating output for cell sky130_fd_sc_hd__inv_6
   Generating output for cell sky130_fd_sc_hd__a2bb2o_1
   Generating output for cell sky130_fd_sc_hd__a221oi_1
   Generating output for cell sky130_fd_sc_hd__clkbuf_2
   Generating output for cell sky130_fd_sc_hd__o2111ai_1
   Generating output for cell sky130_fd_sc_hd__o22a_1
   Generating output for cell sky130_fd_sc_hd__nand4_2
   Generating output for cell sky130_fd_sc_hd__o2111a_1
   Generating output for cell sky130_fd_sc_hd__nor2_4
   Generating output for cell sky130_fd_sc_hd__dfrtp_2
   Generating output for cell sky130_fd_sc_hd__o2bb2a_1
   Generating output for cell sky130_fd_sc_hd__o31a_1
   Generating output for cell sky130_fd_sc_hd__a31oi_2
   Generating output for cell sky130_fd_sc_hd__and2_2
   Generating output for cell sky130_fd_sc_hd__a21bo_2
   Generating output for cell sky130_fd_sc_hd__nand2b_2
   Generating output for cell sky130_fd_sc_hd__and4b_1
   Generating output for cell sky130_fd_sc_hd__a21o_2
   Generating output for cell sky130_fd_sc_hd__o221a_2
   Generating output for cell sky130_fd_sc_hd__clkbuf_1
   Generating output for cell sky130_fd_sc_hd__nor3_1
   Generating output for cell sky130_fd_sc_hd__a221o_2
   Generating output for cell sky130_fd_sc_hd__or3_2
   Generating output for cell sky130_fd_sc_hd__a211o_2
   Generating output for cell sky130_fd_sc_hd__a41o_2
   Generating output for cell sky130_fd_sc_hd__and3b_1
   Generating output for cell sky130_fd_sc_hd__o211ai_4
   Generating output for cell sky130_fd_sc_hd__nor2_2
   Generating output for cell sky130_fd_sc_hd__or4b_2
   Generating output for cell sky130_fd_sc_hd__o21ai_4
   Generating output for cell sky130_fd_sc_hd__o21a_2
   Generating output for cell sky130_fd_sc_hd__or2b_2
   Generating output for cell sky130_fd_sc_hd__o311a_1
   Generating output for cell sky130_fd_sc_hd__o32a_2
   Generating output for cell sky130_fd_sc_hd__a41o_1
   Generating output for cell sky130_fd_sc_hd__nand4_1
   Generating output for cell sky130_fd_sc_hd__o221a_1
   Generating output for cell sky130_fd_sc_hd__xor2_4
   Generating output for cell sky130_fd_sc_hd__mux2_2
   Generating output for cell sky130_fd_sc_hd__or4b_1
   Generating output for cell sky130_fd_sc_hd__a31o_2
   Generating output for cell sky130_fd_sc_hd__a21oi_4
   Generating output for cell sky130_fd_sc_hd__a211oi_1
   Generating output for cell sky130_fd_sc_hd__a221o_1
   Generating output for cell sky130_fd_sc_hd__buf_1
   Generating output for cell sky130_fd_sc_hd__or2_2
   Generating output for cell sky130_fd_sc_hd__and2_4
   Generating output for cell sky130_fd_sc_hd__o211a_2
   Generating output for cell sky130_fd_sc_hd__o22a_2
   Generating output for cell sky130_fd_sc_hd__o21bai_2
   Generating output for cell sky130_fd_sc_hd__or4_2
   Generating output for cell sky130_fd_sc_hd__a32o_2
   Generating output for cell sky130_fd_sc_hd__o311a_2
   Generating output for cell sky130_fd_sc_hd__and2b_2
   Generating output for cell sky130_fd_sc_hd__a22o_2
   Generating output for cell sky130_fd_sc_hd__dlymetal6s2s_1
   Generating output for cell sky130_fd_sc_hd__a221oi_2
   Generating output for cell sky130_fd_sc_hd__conb_1
   Generating output for cell sky130_fd_sc_hd__clkinv_4
   Generating output for cell sky130_fd_sc_hd__clkinv_8
   Generating output for cell sky130_fd_sc_hd__a22oi_1
   Generating output for cell sky130_fd_sc_hd__and3_2
   Generating output for cell sky130_fd_sc_hd__and4bb_1
   Generating output for cell sky130_fd_sc_hd__a311oi_2
   Generating output for cell sky130_fd_sc_hd__or4bb_1
   Generating output for cell sky130_fd_sc_hd__o211ai_2
   Generating output for cell sky130_fd_sc_hd__o211ai_1
   Generating output for cell sky130_fd_sc_hd__buf_12
   Generating output for cell sky130_fd_sc_hd__nand3_2
   Generating output for cell sky130_fd_sc_hd__o221ai_4
   Generating output for cell sky130_fd_sc_hd__a311oi_1
   Generating output for cell sky130_fd_sc_hd__o22ai_1
   Generating output for cell sky130_fd_sc_hd__nor3_2
   Generating output for cell sky130_fd_sc_hd__and4bb_2
   Generating output for cell sky130_fd_sc_hd__dfstp_4
   Generating output for cell sky130_fd_sc_hd__a2bb2o_2
   Generating output for cell sky130_fd_sc_hd__nor3b_1
   Generating output for cell sky130_fd_sc_hd__a41oi_4
   Generating output for cell sky130_fd_sc_hd__nor2_8
   Generating output for cell sky130_fd_sc_hd__dfxtp_1
   Generating output for cell sky130_fd_sc_hd__dfxtp_2
   Generating output for cell sky130_fd_sc_hd__o2bb2ai_2
   Generating output for cell sky130_fd_sc_hd__o21ba_2
   Generating output for cell sky130_fd_sc_hd__or4_1
   Generating output for cell sky130_fd_sc_hd__nor2b_1
   Generating output for cell sky130_fd_sc_hd__a21boi_4
   Generating output for cell sky130_fd_sc_hd__nor4b_1
   Generating output for cell sky130_fd_sc_hd__o31ai_4
   Generating output for cell sky130_fd_sc_hd__o41a_1
   Generating output for cell sky130_fd_sc_hd__nand2b_1
   Generating output for cell sky130_fd_sc_hd__or3_4
   Generating output for cell sky130_fd_sc_hd__a32o_4
   Generating output for cell sky130_fd_sc_hd__clkdlybuf4s15_2
   Generating output for cell sky130_fd_sc_hd__a211o_4
   Generating output for cell sky130_fd_sc_hd__nand3b_1
   Generating output for cell sky130_fd_sc_hd__or2_4
   Generating output for cell sky130_fd_sc_hd__a211oi_2
   Generating output for cell sky130_fd_sc_hd__clkdlybuf4s25_2
   Generating output for cell sky130_fd_sc_hd__a311o_2
   Generating output for cell sky130_fd_sc_hd__dlygate4sd1_1
   Generating output for cell sky130_fd_sc_hd__a22oi_4
   Generating output for cell sky130_fd_sc_hd__clkdlybuf4s18_2
   Generating output for cell sky130_fd_sc_hd__a32oi_4
   Generating output for cell sky130_fd_sc_hd__a21o_4
   Generating output for cell sky130_fd_sc_hd__o21ba_4
   Generating output for cell sky130_fd_sc_hd__a31o_4
   Generating output for cell sky130_fd_sc_hd__nand2_4
   Generating output for cell sky130_fd_sc_hd__nand3b_4
   Generating output for cell sky130_fd_sc_hd__dlymetal6s4s_1
   Generating output for cell sky130_fd_sc_hd__o2bb2a_2
   Generating output for cell sky130_fd_sc_hd__a221o_4
   Generating output for cell sky130_fd_sc_hd__inv_8
   Generating output for cell sky130_fd_sc_hd__and4_2
   Generating output for cell sky130_fd_sc_hd__and3_4
   Generating output for cell sky130_fd_sc_hd__o22ai_2
   Generating output for cell sky130_fd_sc_hd__a311o_4
   Generating output for cell sky130_fd_sc_hd__a41o_4
   Generating output for cell sky130_fd_sc_hd__o21a_4
   Generating output for cell sky130_fd_sc_hd__o211a_4
   Generating output for cell sky130_fd_sc_hd__nand3b_2
   Generating output for cell sky130_fd_sc_hd__a31oi_4
   Generating output for cell sky130_fd_sc_hd__a211oi_4
   Generating output for cell sky130_fd_sc_hd__a2111oi_1
   Generating output for cell sky130_fd_sc_hd__o2bb2ai_4
   Generating output for cell sky130_fd_sc_hd__or3b_2
   Generating output for cell sky130_fd_sc_hd__or3b_4
   Generating output for cell sky130_fd_sc_hd__a2bb2o_4
   Generating output for cell sky130_fd_sc_hd__nand2_8
   Generating output for cell sky130_fd_sc_hd__o31a_4
   Generating output for cell sky130_fd_sc_hd__o221ai_2
   Generating output for cell sky130_fd_sc_hd__a32oi_2
   Generating output for cell sky130_fd_sc_hd__or4b_4
   Generating output for cell sky130_fd_sc_hd__a22o_4
   Generating output for cell sky130_fd_sc_hd__nor4_1
   Generating output for cell sky130_fd_sc_hd__mux2_4
   Generating output for cell sky130_fd_sc_hd__and2b_4
   Generating output for cell sky130_fd_sc_hd__a31oi_1
   Generating output for cell sky130_fd_sc_hd__o221a_4
   Generating output for cell sky130_fd_sc_hd__o2bb2a_4
   Generating output for cell sky130_fd_sc_hd__o22ai_4
   Generating output for cell sky130_fd_sc_hd__a2111o_1
   Generating output for cell sky130_fd_sc_hd__nand2b_4
   Generating output for cell sky130_fd_sc_hd__o311ai_4
   Generating output for cell sky130_fd_sc_hd__nand3_4
   Generating output for cell sky130_fd_sc_hd__a2111oi_2
   Generating output for cell sky130_fd_sc_hd__or4_4
   Generating output for cell sky130_fd_sc_hd__o21bai_4
   Generating output for cell sky130_fd_sc_hd__nor2b_4
   Generating output for cell sky130_fd_sc_hd__nor3_4
   Generating output for cell sky130_fd_sc_hd__o32a_4
   Generating output for cell sky130_fd_sc_hd__buf_16
   Generating output for cell sky130_fd_sc_hd__nor2b_2
   Generating output for cell sky130_fd_sc_hd__a32oi_1
   Generating output for cell sky130_fd_sc_hd__dlygate4sd2_1
   Generating output for cell sky130_fd_sc_hd__o31ai_2
   Generating output for cell sky130_fd_sc_hd__a2bb2oi_1
   Generating output for cell sky130_fd_sc_hd__nor3b_4
   Generating output for cell sky130_fd_sc_hd__nand4b_2
   Generating output for cell sky130_fd_sc_hd__a21bo_4
   Generating output for cell sky130_fd_sc_hd__or4bb_4
   Generating output for cell sky130_fd_sc_hd__o311a_4
   Generating output for cell sky130_fd_sc_hd__or2b_4
   Generating output for cell sky130_fd_sc_hd__a221oi_4
   Generating output for cell sky130_fd_sc_hd__o41a_2
   Generating output for cell sky130_fd_sc_hd__and4_4
   Generating output for cell sky130_fd_sc_hd__o31a_2
   Generating output for cell sky130_fd_sc_hd__nand4_4
   Generating output for cell sky130_fd_sc_hd__a2111o_2
   Generating output for cell sky130_fd_sc_hd__nand4bb_1
   Generating output for cell sky130_fd_sc_hd__o22a_4
   Generating output for cell sky130_fd_sc_hd__o2bb2ai_1
   Generating output for cell sky130_fd_sc_hd__nor3b_2
   Generating output for cell sky130_fd_sc_hd__a41oi_1
   Generating output for cell sky130_fd_sc_hd__o32ai_4
   Generating output for cell sky130_fd_sc_hd__o311ai_2
   Generating output for cell sky130_fd_sc_hd__nand4b_1
   Generating output for cell sky130_fd_sc_hd__and3b_2
   Generating output for cell sky130_fd_sc_hd__o2111a_4
   Generating output for cell sky130_fd_sc_hd__o2111ai_4
   Generating output for cell chip_top
[INFO]: GDS Write Complete
