
===========================================================================
report_checks -unconstrained
===========================================================================
======================= Typical Corner ===================================

Startpoint: _54092_ (rising edge-triggered flip-flop clocked by clk)
Endpoint: _54525_ (rising edge-triggered flip-flop clocked by clk)
Path Group: clk
Path Type: max

Fanout     Cap    Slew   Delay    Time   Description
-----------------------------------------------------------------------------
                          0.00    0.00   clock clk (rise edge)
                          0.00    0.00   clock source latency
                  0.12    0.08    0.08 ^ clk (in)
     1    0.07                           clk (net)
                  0.12    0.00    0.08 ^ clkbuf_0_clk/A (sky130_fd_sc_hd__clkbuf_16)
                  0.10    0.19    0.27 ^ clkbuf_0_clk/X (sky130_fd_sc_hd__clkbuf_16)
     4    0.09                           clknet_0_clk (net)
                  0.10    0.00    0.27 ^ clkbuf_2_3_0_clk/A (sky130_fd_sc_hd__clkbuf_16)
                  0.07    0.16    0.43 ^ clkbuf_2_3_0_clk/X (sky130_fd_sc_hd__clkbuf_16)
     2    0.05                           clknet_2_3_0_clk (net)
                  0.07    0.00    0.43 ^ clkbuf_3_6_0_clk/A (sky130_fd_sc_hd__clkbuf_16)
                  0.09    0.16    0.60 ^ clkbuf_3_6_0_clk/X (sky130_fd_sc_hd__clkbuf_16)
     4    0.07                           clknet_3_6_0_clk (net)
                  0.09    0.00    0.60 ^ clkbuf_5_24__f_clk/A (sky130_fd_sc_hd__clkbuf_16)
                  0.13    0.21    0.80 ^ clkbuf_5_24__f_clk/X (sky130_fd_sc_hd__clkbuf_16)
    12    0.12                           clknet_5_24__leaf_clk (net)
                  0.13    0.00    0.80 ^ clkbuf_leaf_70_clk/A (sky130_fd_sc_hd__clkbuf_16)
                  0.05    0.15    0.96 ^ clkbuf_leaf_70_clk/X (sky130_fd_sc_hd__clkbuf_16)
     9    0.02                           clknet_leaf_70_clk (net)
                  0.05    0.00    0.96 ^ _54092_/CLK (sky130_fd_sc_hd__dfxtp_2)
                  0.17    0.39    1.35 ^ _54092_/Q (sky130_fd_sc_hd__dfxtp_2)
     4    0.03                           u_core0.A_inputs[109] (net)
                  0.17    0.00    1.35 ^ _51532_/A (sky130_fd_sc_hd__buf_4)
                  0.10    0.19    1.54 ^ _51532_/X (sky130_fd_sc_hd__buf_4)
     5    0.03                           _22572_ (net)
                  0.10    0.00    1.54 ^ fanout403/A (sky130_fd_sc_hd__clkbuf_8)
                  0.13    0.20    1.74 ^ fanout403/X (sky130_fd_sc_hd__clkbuf_8)
    16    0.07                           net403 (net)
                  0.13    0.00    1.74 ^ _51542_/A (sky130_fd_sc_hd__buf_4)
                  0.12    0.18    1.92 ^ _51542_/X (sky130_fd_sc_hd__buf_4)
     5    0.04                           _22582_ (net)
                  0.12    0.00    1.92 ^ fanout305/A (sky130_fd_sc_hd__clkbuf_8)
                  0.13    0.21    2.13 ^ fanout305/X (sky130_fd_sc_hd__clkbuf_8)
    16    0.07                           net305 (net)
                  0.13    0.00    2.13 ^ _51586_/A (sky130_fd_sc_hd__buf_4)
                  0.13    0.19    2.32 ^ _51586_/X (sky130_fd_sc_hd__buf_4)
     5    0.04                           _22625_ (net)
                  0.13    0.00    2.32 ^ fanout224/A (sky130_fd_sc_hd__clkbuf_8)
                  0.14    0.22    2.54 ^ fanout224/X (sky130_fd_sc_hd__clkbuf_8)
    16    0.08                           net224 (net)
                  0.14    0.00    2.54 ^ _51587_/A (sky130_fd_sc_hd__buf_4)
                  0.14    0.20    2.74 ^ _51587_/X (sky130_fd_sc_hd__buf_4)
     5    0.05                           _22626_ (net)
                  0.14    0.00    2.74 ^ fanout153/A (sky130_fd_sc_hd__buf_6)
                  0.17    0.21    2.95 ^ fanout153/X (sky130_fd_sc_hd__buf_6)
    16    0.09                           net153 (net)
                  0.17    0.00    2.95 ^ _51592_/A (sky130_fd_sc_hd__clkbuf_4)
                  0.15    0.24    3.19 ^ _51592_/X (sky130_fd_sc_hd__clkbuf_4)
     5    0.05                           _22631_ (net)
                  0.15    0.00    3.19 ^ fanout103/A (sky130_fd_sc_hd__clkbuf_8)
                  0.14    0.22    3.42 ^ fanout103/X (sky130_fd_sc_hd__clkbuf_8)
    16    0.08                           net103 (net)
                  0.14    0.01    3.43 ^ _27705_/A (sky130_fd_sc_hd__nand2_1)
                  0.10    0.12    3.54 v _27705_/Y (sky130_fd_sc_hd__nand2_1)
     2    0.01                           _25644_ (net)
                  0.10    0.00    3.54 v _27709_/A (sky130_fd_sc_hd__xnor2_2)
                  0.09    0.18    3.72 v _27709_/Y (sky130_fd_sc_hd__xnor2_2)
     3    0.01                           _25648_ (net)
                  0.09    0.00    3.72 v _27736_/A (sky130_fd_sc_hd__or2_1)
                  0.08    0.26    3.98 v _27736_/X (sky130_fd_sc_hd__or2_1)
     1    0.01                           _25674_ (net)
                  0.08    0.00    3.98 v _27738_/A2 (sky130_fd_sc_hd__a21oi_4)
                  0.21    0.23    4.21 ^ _27738_/Y (sky130_fd_sc_hd__a21oi_4)
     3    0.02                           _25676_ (net)
                  0.21    0.00    4.21 ^ _27760_/A (sky130_fd_sc_hd__xnor2_4)
                  0.29    0.19    4.40 ^ _27760_/Y (sky130_fd_sc_hd__xnor2_4)
     5    0.03                           _25698_ (net)
                  0.29    0.00    4.40 ^ _27777_/B (sky130_fd_sc_hd__nor2_1)
                  0.08    0.10    4.50 v _27777_/Y (sky130_fd_sc_hd__nor2_1)
     2    0.01                           _25714_ (net)
                  0.08    0.00    4.50 v _27779_/B1_N (sky130_fd_sc_hd__o21bai_1)
                  0.05    0.15    4.65 v _27779_/Y (sky130_fd_sc_hd__o21bai_1)
     1    0.00                           _25716_ (net)
                  0.05    0.00    4.65 v _27780_/B1 (sky130_fd_sc_hd__a311o_1)
                  0.07    0.31    4.97 v _27780_/X (sky130_fd_sc_hd__a311o_1)
     1    0.01                           _25717_ (net)
                  0.07    0.00    4.97 v _27781_/C1 (sky130_fd_sc_hd__o211ai_2)
                  0.17    0.08    5.05 ^ _27781_/Y (sky130_fd_sc_hd__o211ai_2)
     2    0.01                           _25718_ (net)
                  0.17    0.00    5.05 ^ _27827_/A2 (sky130_fd_sc_hd__a31o_2)
                  0.16    0.26    5.30 ^ _27827_/X (sky130_fd_sc_hd__a31o_2)
     2    0.03                           _25763_ (net)
                  0.16    0.00    5.31 ^ _27834_/A2 (sky130_fd_sc_hd__o21a_2)
                  0.13    0.20    5.51 ^ _27834_/X (sky130_fd_sc_hd__o21a_2)
     2    0.02                           _25769_ (net)
                  0.13    0.00    5.51 ^ _27846_/A (sky130_fd_sc_hd__xor2_4)
                  0.15    0.15    5.66 v _27846_/X (sky130_fd_sc_hd__xor2_4)
     2    0.05                           _25781_ (net)
                  0.15    0.01    5.67 v _27847_/B (sky130_fd_sc_hd__and2_1)
                  0.08    0.23    5.90 v _27847_/X (sky130_fd_sc_hd__and2_1)
     3    0.01                           _25782_ (net)
                  0.08    0.00    5.90 v _27851_/B1 (sky130_fd_sc_hd__a211o_1)
                  0.08    0.29    6.19 v _27851_/X (sky130_fd_sc_hd__a211o_1)
     1    0.01                           _25785_ (net)
                  0.08    0.00    6.19 v _27854_/A2 (sky130_fd_sc_hd__o221ai_4)
                  0.21    0.20    6.40 ^ _27854_/Y (sky130_fd_sc_hd__o221ai_4)
     3    0.01                           _25788_ (net)
                  0.21    0.00    6.40 ^ _27859_/A1 (sky130_fd_sc_hd__a21bo_1)
                  0.04    0.13    6.53 ^ _27859_/X (sky130_fd_sc_hd__a21bo_1)
     1    0.00                           _25792_ (net)
                  0.04    0.00    6.53 ^ _27860_/B1 (sky130_fd_sc_hd__o21a_2)
                  0.12    0.17    6.70 ^ _27860_/X (sky130_fd_sc_hd__o21a_2)
     4    0.02                           _25793_ (net)
                  0.12    0.00    6.71 ^ _27870_/S (sky130_fd_sc_hd__mux2_1)
                  0.06    0.31    7.02 v _27870_/X (sky130_fd_sc_hd__mux2_1)
     1    0.00                           _25800_ (net)
                  0.06    0.00    7.02 v _27871_/B1 (sky130_fd_sc_hd__a21o_1)
                  0.03    0.14    7.16 v _27871_/X (sky130_fd_sc_hd__a21o_1)
     1    0.00                           _00418_ (net)
                  0.03    0.00    7.16 v _54525_/D (sky130_fd_sc_hd__dfrtp_1)
                                  7.16   data arrival time

                          8.00    8.00   clock clk (rise edge)
                          0.00    8.00   clock source latency
                  0.12    0.08    8.08 ^ clk (in)
     1    0.07                           clk (net)
                  0.12    0.00    8.08 ^ clkbuf_0_clk/A (sky130_fd_sc_hd__clkbuf_16)
                  0.10    0.20    8.28 ^ clkbuf_0_clk/X (sky130_fd_sc_hd__clkbuf_16)
     4    0.09                           clknet_0_clk (net)
                  0.10    0.00    8.28 ^ clkbuf_2_2_0_clk/A (sky130_fd_sc_hd__clkbuf_16)
                  0.06    0.17    8.45 ^ clkbuf_2_2_0_clk/X (sky130_fd_sc_hd__clkbuf_16)
     2    0.04                           clknet_2_2_0_clk (net)
                  0.06    0.00    8.45 ^ clkbuf_3_5_0_clk/A (sky130_fd_sc_hd__clkbuf_16)
                  0.09    0.17    8.62 ^ clkbuf_3_5_0_clk/X (sky130_fd_sc_hd__clkbuf_16)
     4    0.07                           clknet_3_5_0_clk (net)
                  0.09    0.00    8.62 ^ clkbuf_5_20__f_clk/A (sky130_fd_sc_hd__clkbuf_16)
                  0.10    0.19    8.81 ^ clkbuf_5_20__f_clk/X (sky130_fd_sc_hd__clkbuf_16)
     6    0.08                           clknet_5_20__leaf_clk (net)
                  0.10    0.00    8.81 ^ clkbuf_leaf_186_clk/A (sky130_fd_sc_hd__clkbuf_16)
                  0.03    0.13    8.94 ^ clkbuf_leaf_186_clk/X (sky130_fd_sc_hd__clkbuf_16)
     3    0.01                           clknet_leaf_186_clk (net)
                  0.03    0.00    8.94 ^ _54525_/CLK (sky130_fd_sc_hd__dfrtp_1)
                         -0.15    8.79   clock uncertainty
                          0.01    8.80   clock reconvergence pessimism
                         -0.11    8.69   library setup time
                                  8.69   data required time
-----------------------------------------------------------------------------
                                  8.69   data required time
                                 -7.16   data arrival time
-----------------------------------------------------------------------------
                                  1.53   slack (MET)




===========================================================================
report_checks --slack_max -0.01
============================================================================
======================= Typical Corner ===================================

No paths found.


===========================================================================
 report_check_types -max_slew -max_cap -max_fanout -violators
============================================================================
======================= Typical Corner ===================================

max fanout

Pin                                   Limit Fanout  Slack
---------------------------------------------------------
clkbuf_leaf_234_clk/X                    16     24     -8 (VIOLATED)
clkbuf_leaf_53_clk/X                     16     20     -4 (VIOLATED)
clkbuf_leaf_169_clk/X                    16     19     -3 (VIOLATED)
clkbuf_leaf_193_clk/X                    16     19     -3 (VIOLATED)
clkbuf_leaf_99_clk/X                     16     19     -3 (VIOLATED)
clkbuf_leaf_197_clk/X                    16     18     -2 (VIOLATED)
clkbuf_5_30__f_clk/X                     16     17        (VIOLATED)



===========================================================================
report_parasitic_annotation -report_unannotated
============================================================================
Found 29850 unannotated drivers.
 clk
 data_in_broad[0]
 data_in_broad[10]
 data_in_broad[11]
 data_in_broad[12]
 data_in_broad[13]
 data_in_broad[14]
 data_in_broad[15]
 data_in_broad[16]
 data_in_broad[17]
 data_in_broad[18]
 data_in_broad[19]
 data_in_broad[1]
 data_in_broad[20]
 data_in_broad[21]
 data_in_broad[22]
 data_in_broad[23]
 data_in_broad[24]
 data_in_broad[25]
 data_in_broad[26]
 data_in_broad[27]
 data_in_broad[28]
 data_in_broad[29]
 data_in_broad[2]
 data_in_broad[30]
 data_in_broad[31]
 data_in_broad[3]
 data_in_broad[4]
 data_in_broad[5]
 data_in_broad[6]
 data_in_broad[7]
 data_in_broad[8]
 data_in_broad[9]
 rst_n
 _27038_/Y
 _27039_/Y
 _27040_/X
 _27041_/Y
 _27042_/Y
 _27043_/X
 _27044_/X
 _27045_/Y
 _27046_/X
 _27047_/Y
 _27048_/X
 _27049_/X
 _27050_/Y
 _27051_/X
 _27052_/X
 _27053_/Y
 _27054_/X
 _27055_/X
 _27056_/X
 _27057_/Y
 _27058_/X
 _27059_/Y
 _27060_/Y
 _27061_/X
 _27062_/Y
 _27063_/X
 _27064_/Y
 _27065_/Y
 _27066_/Y
 _27067_/X
 _27068_/Y
 _27069_/Y
 _27070_/X
 _27071_/Y
 _27072_/X
 _27073_/X
 _27074_/Y
 _27075_/Y
 _27076_/Y
 _27077_/X
 _27078_/X
 _27079_/Y
 _27080_/Y
 _27081_/X
 _27082_/Y
 _27083_/Y
 _27084_/X
 _27085_/Y
 _27086_/Y
 _27087_/X
 _27088_/Y
 _27089_/X
 _27090_/Y
 _27091_/Y
 _27092_/Y
 _27093_/Y
 _27094_/X
 _27095_/Y
 _27096_/Y
 _27097_/Y
 _27098_/Y
 _27099_/Y
 _27100_/X
 _27101_/X
 _27102_/Y
 _27103_/X
 _27104_/Y
 _27105_/Y
 _27106_/Y
 _27107_/Y
 _27108_/X
 _27109_/Y
 _27110_/Y
 _27111_/Y
 _27112_/Y
 _27113_/Y
 _27114_/X
 _27115_/Y
 _27116_/Y
 _27117_/Y
 _27118_/X
 _27119_/X
 _27120_/Y
 _27121_/X
 _27122_/X
 _27123_/X
 _27124_/X
 _27125_/Y
 _27126_/Y
 _27127_/Y
 _27128_/Y
 _27129_/Y
 _27130_/Y
 _27131_/X
 _27132_/X
 _27133_/X
 _27134_/Y
 _27135_/Y
 _27136_/X
 _27137_/X
 _27138_/Y
 _27139_/X
 _27140_/Y
 _27141_/Y
 _27142_/Y
 _27143_/X
 _27144_/X
 _27145_/Y
 _27146_/Y
 _27147_/Y
 _27148_/Y
 _27149_/X
 _27150_/X
 _27151_/X
 _27152_/X
 _27153_/X
 _27154_/X
 _27155_/Y
 _27156_/X
 _27157_/Y
 _27158_/Y
 _27159_/Y
 _27160_/Y
 _27161_/X
 _27162_/Y
 _27163_/X
 _27164_/X
 _27165_/X
 _27166_/Y
 _27167_/Y
 _27168_/X
 _27169_/Y
 _27170_/Y
 _27171_/Y
 _27172_/X
 _27173_/Y
 _27174_/X
 _27175_/X
 _27176_/X
 _27177_/X
 _27178_/Y
 _27179_/Y
 _27180_/X
 _27181_/Y
 _27182_/X
 _27183_/X
 _27184_/Y
 _27185_/X
 _27186_/Y
 _27187_/Y
 _27188_/X
 _27189_/X
 _27190_/Y
 _27191_/X
 _27192_/X
 _27193_/X
 _27194_/X
 _27195_/X
 _27196_/Y
 _27197_/X
 _27198_/Y
 _27199_/Y
 _27200_/Y
 _27201_/X
 _27202_/Y
 _27203_/Y
 _27204_/Y
 _27205_/Y
 _27206_/X
 _27207_/X
 _27208_/X
 _27209_/Y
 _27210_/X
 _27211_/Y
 _27212_/X
 _27213_/Y
 _27214_/X
 _27215_/X
 _27216_/X
 _27217_/X
 _27218_/X
 _27219_/Y
 _27220_/Y
 _27221_/X
 _27222_/Y
 _27223_/X
 _27224_/X
 _27225_/X
 _27226_/Y
 _27227_/Y
 _27228_/Y
 _27229_/Y
 _27230_/X
 _27231_/Y
 _27232_/X
 _27233_/Y
 _27234_/Y
 _27235_/Y
 _27236_/Y
 _27237_/X
 _27238_/Y
 _27239_/X
 _27240_/Y
 _27241_/Y
 _27242_/X
 _27243_/X
 _27244_/Y
 _27245_/X
 _27246_/X
 _27247_/Y
 _27248_/Y
 _27249_/Y
 _27250_/X
 _27251_/Y
 _27252_/X
 _27253_/X
 _27254_/Y
 _27255_/Y
 _27256_/X
 _27257_/X
 _27258_/Y
 _27259_/X
 _27260_/X
 _27261_/X
 _27262_/Y
 _27263_/Y
 _27264_/Y
 _27265_/Y
 _27266_/X
 _27267_/X
 _27268_/Y
 _27269_/Y
 _27270_/Y
 _27271_/X
 _27272_/Y
 _27273_/X
 _27274_/Y
 _27275_/Y
 _27276_/X
 _27277_/Y
 _27278_/Y
 _27279_/Y
 _27280_/X
 _27281_/Y
 _27282_/X
 _27283_/X
 _27284_/X
 _27285_/X
 _27286_/X
 _27287_/Y
 _27288_/X
 _27289_/Y
 _27290_/Y
 _27291_/X
 _27292_/X
 _27293_/Y
 _27294_/X
 _27295_/Y
 _27296_/Y
 _27297_/Y
 _27298_/X
 _27299_/X
 _27300_/Y
 _27301_/Y
 _27302_/X
 _27303_/X
 _27304_/X
 _27305_/X
 _27306_/Y
 _27307_/Y
 _27308_/X
 _27309_/X
 _27310_/Y
 _27311_/X
 _27312_/Y
 _27313_/X
 _27314_/Y
 _27315_/Y
 _27316_/Y
 _27317_/X
 _27318_/Y
 _27319_/Y
 _27320_/X
 _27321_/Y
 _27322_/X
 _27323_/X
 _27324_/Y
 _27325_/Y
 _27326_/X
 _27327_/X
 _27328_/X
 _27329_/Y
 _27330_/X
 _27331_/Y
 _27332_/Y
 _27333_/Y
 _27334_/Y
 _27335_/Y
 _27336_/X
 _27337_/X
 _27338_/X
 _27339_/X
 _27340_/Y
 _27341_/X
 _27342_/X
 _27343_/Y
 _27344_/X
 _27345_/X
 _27346_/X
 _27347_/X
 _27348_/Y
 _27349_/Y
 _27350_/X
 _27351_/Y
 _27352_/Y
 _27353_/Y
 _27354_/X
 _27355_/Y
 _27356_/Y
 _27357_/X
 _27358_/X
 _27359_/X
 _27360_/X
 _27361_/X
 _27362_/X
 _27363_/Y
 _27364_/X
 _27365_/Y
 _27366_/X
 _27367_/Y
 _27368_/Y
 _27369_/X
 _27370_/Y
 _27371_/X
 _27372_/X
 _27373_/X
 _27374_/X
 _27375_/X
 _27376_/X
 _27377_/X
 _27378_/X
 _27379_/Y
 _27380_/Y
 _27381_/Y
 _27382_/Y
 _27383_/X
 _27384_/X
 _27385_/X
 _27386_/X
 _27387_/X
 _27388_/Y
 _27389_/X
 _27390_/Y
 _27391_/X
 _27392_/Y
 _27393_/X
 _27394_/X
 _27395_/X
 _27396_/X
 _27397_/Y
 _27398_/Y
 _27399_/X
 _27400_/X
 _27401_/X
 _27402_/X
 _27403_/X
 _27404_/X
 _27405_/X
 _27406_/X
 _27407_/X
 _27408_/Y
 _27409_/Y
 _27410_/Y
 _27411_/Y
 _27412_/X
 _27413_/X
 _27414_/Y
 _27415_/X
 _27416_/X
 _27417_/X
 _27418_/Y
 _27419_/X
 _27420_/Y
 _27421_/Y
 _27422_/Y
 _27423_/X
 _27424_/X
 _27425_/X
 _27426_/Y
 _27427_/X
 _27428_/X
 _27429_/X
 _27430_/X
 _27431_/Y
 _27432_/Y
 _27433_/X
 _27434_/X
 _27435_/Y
 _27436_/X
 _27437_/X
 _27438_/Y
 _27439_/Y
 _27440_/X
 _27441_/X
 _27442_/Y
 _27443_/X
 _27444_/X
 _27445_/Y
 _27446_/X
 _27447_/Y
 _27448_/Y
 _27449_/Y
 _27450_/Y
 _27451_/Y
 _27452_/X
 _27453_/Y
 _27454_/Y
 _27455_/Y
 _27456_/X
 _27457_/Y
 _27458_/Y
 _27459_/Y
 _27460_/Y
 _27461_/X
 _27462_/X
 _27463_/Y
 _27464_/Y
 _27465_/Y
 _27466_/X
 _27467_/Y
 _27468_/Y
 _27469_/Y
 _27470_/Y
 _27471_/X
 _27472_/Y
 _27473_/X
 _27474_/Y
 _27475_/Y
 _27476_/X
 _27477_/Y
 _27478_/X
 _27479_/Y
 _27480_/Y
 _27481_/Y
 _27482_/Y
 _27483_/X
 _27484_/X
 _27485_/X
 _27486_/Y
 _27487_/Y
 _27488_/Y
 _27489_/X
 _27490_/Y
 _27491_/Y
 _27492_/Y
 _27493_/X
 _27494_/X
 _27495_/Y
 _27496_/Y
 _27497_/Y
 _27498_/X
 _27499_/Y
 _27500_/Y
 _27501_/Y
 _27502_/Y
 _27503_/Y
 _27504_/Y
 _27505_/X
 _27506_/Y
 _27507_/X
 _27508_/X
 _27509_/Y
 _27510_/Y
 _27511_/Y
 _27512_/X
 _27513_/X
 _27514_/Y
 _27515_/X
 _27516_/Y
 _27517_/Y
 _27518_/Y
 _27519_/X
 _27520_/X
 _27521_/X
 _27522_/Y
 _27523_/X
 _27524_/X
 _27525_/X
 _27526_/X
 _27527_/X
 _27528_/X
 _27529_/Y
 _27530_/Y
 _27531_/Y
 _27532_/Y
 _27533_/Y
 _27534_/Y
 _27535_/Y
 _27536_/X
 _27537_/Y
 _27538_/Y
 _27539_/Y
 _27540_/X
 _27541_/Y
 _27542_/Y
 _27543_/Y
 _27544_/X
 _27545_/X
 _27546_/X
 _27547_/Y
 _27548_/X
 _27549_/Y
 _27550_/Y
 _27551_/X
 _27552_/Y
 _27553_/Y
 _27554_/X
 _27555_/X
 _27556_/Y
 _27557_/Y
 _27558_/X
 _27559_/Y
 _27560_/Y
 _27561_/X
 _27562_/X
 _27563_/Y
 _27564_/X
 _27565_/X
 _27566_/Y
 _27567_/Y
 _27568_/Y
 _27569_/Y
 _27570_/X
 _27571_/X
 _27572_/X
 _27573_/X
 _27574_/Y
 _27575_/Y
 _27576_/X
 _27577_/Y
 _27578_/Y
 _27579_/X
 _27580_/Y
 _27581_/Y
 _27582_/X
 _27583_/Y
 _27584_/Y
 _27585_/Y
 _27586_/Y
 _27587_/Y
 _27588_/Y
 _27589_/X
 _27590_/Y
 _27591_/Y
 _27592_/Y
 _27593_/Y
 _27594_/Y
 _27595_/X
 _27596_/Y
 _27597_/Y
 _27598_/X
 _27599_/X
 _27600_/X
 _27601_/Y
 _27602_/Y
 _27603_/Y
 _27604_/Y
 _27605_/Y
 _27606_/X
 _27607_/X
 _27608_/Y
 _27609_/Y
 _27610_/X
 _27611_/X
 _27612_/X
 _27613_/Y
 _27614_/X
 _27615_/Y
 _27616_/Y
 _27617_/X
 _27618_/Y
 _27619_/Y
 _27620_/Y
 _27621_/X
 _27622_/X
 _27623_/X
 _27624_/X
 _27625_/X
 _27626_/Y
 _27627_/Y
 _27628_/Y
 _27629_/Y
 _27630_/Y
 _27631_/Y
 _27632_/Y
 _27633_/Y
 _27634_/Y
 _27635_/Y
 _27636_/X
 _27637_/X
 _27638_/Y
 _27639_/Y
 _27640_/X
 _27641_/Y
 _27642_/Y
 _27643_/X
 _27644_/Y
 _27645_/X
 _27646_/Y
 _27647_/Y
 _27648_/Y
 _27649_/X
 _27650_/Y
 _27651_/X
 _27652_/Y
 _27653_/Y
 _27654_/Y
 _27655_/X
 _27656_/Y
 _27657_/Y
 _27658_/X
 _27659_/Y
 _27660_/Y
 _27661_/Y
 _27662_/X
 _27663_/Y
 _27664_/Y
 _27665_/X
 _27666_/Y
 _27667_/Y
 _27668_/Y
 _27669_/X
 _27670_/Y
 _27671_/X
 _27672_/Y
 _27673_/Y
 _27674_/Y
 _27675_/Y
 _27676_/Y
 _27677_/X
 _27678_/Y
 _27679_/Y
 _27680_/X
 _27681_/Y
 _27682_/X
 _27683_/Y
 _27684_/X
 _27685_/X
 _27686_/X
 _27687_/Y
 _27688_/X
 _27689_/X
 _27690_/X
 _27691_/X
 _27692_/X
 _27693_/Y
 _27694_/Y
 _27695_/Y
 _27696_/X
 _27697_/X
 _27698_/X
 _27699_/X
 _27700_/X
 _27701_/X
 _27702_/X
 _27703_/X
 _27704_/Y
 _27705_/Y
 _27706_/Y
 _27707_/Y
 _27708_/Y
 _27709_/Y
 _27710_/Y
 _27711_/X
 _27712_/Y
 _27713_/Y
 _27714_/Y
 _27715_/Y
 _27716_/Y
 _27717_/Y
 _27718_/X
 _27719_/X
 _27720_/X
 _27721_/X
 _27722_/Y
 _27723_/X
 _27724_/X
 _27725_/X
 _27726_/Y
 _27727_/Y
 _27728_/Y
 _27729_/Y
 _27730_/Y
 _27731_/Y
 _27732_/Y
 _27733_/X
 _27734_/Y
 _27735_/X
 _27736_/X
 _27737_/X
 _27738_/Y
 _27739_/X
 _27740_/Y
 _27741_/Y
 _27742_/Y
 _27743_/Y
 _27744_/Y
 _27745_/X
 _27746_/X
 _27747_/Y
 _27748_/Y
 _27749_/X
 _27750_/Y
 _27751_/X
 _27752_/Y
 _27753_/X
 _27754_/Y
 _27755_/Y
 _27756_/X
 _27757_/Y
 _27758_/X
 _27759_/X
 _27760_/Y
 _27761_/X
 _27762_/Y
 _27763_/X
 _27764_/Y
 _27765_/X
 _27766_/Y
 _27767_/Y
 _27768_/X
 _27769_/X
 _27770_/Y
 _27771_/Y
 _27772_/X
 _27773_/Y
 _27774_/Y
 _27775_/Y
 _27776_/X
 _27777_/Y
 _27778_/Y
 _27779_/Y
 _27780_/X
 _27781_/Y
 _27782_/Y
 _27783_/Y
 _27784_/X
 _27785_/X
 _27786_/Y
 _27787_/X
 _27788_/X
 _27789_/X
 _27790_/Y
 _27791_/X
 _27792_/Y
 _27793_/X
 _27794_/X
 _27795_/X
 _27796_/Y
 _27797_/X
 _27798_/Y
 _27799_/Y
 _27800_/Y
 _27801_/X
 _27802_/X
 _27803_/Y
 _27804_/Y
 _27805_/X
 _27806_/Y
 _27807_/X
 _27808_/Y
 _27809_/X
 _27810_/Y
 _27811_/Y
 _27812_/Y
 _27813_/X
 _27814_/X
 _27815_/Y
 _27816_/Y
 _27817_/X
 _27818_/Y
 _27819_/X
 _27820_/X
 _27821_/X
 _27822_/X
 _27823_/Y
 _27824_/Y
 _27825_/Y
 _27826_/X
 _27827_/X
 _27828_/Y
 _27829_/X
 _27830_/Y
 _27831_/X
 _27832_/X
 _27833_/Y
 _27834_/X
 _27835_/Y
 _27836_/X
 _27837_/X
 _27838_/X
 _27839_/Y
 _27840_/X
 _27841_/Y
 _27842_/X
 _27843_/X
 _27844_/X
 _27845_/Y
 _27846_/X
 _27847_/X
 _27848_/X
 _27849_/X
 _27850_/Y
 _27851_/X
 _27852_/Y
 _27853_/X
 _27854_/Y
 _27855_/Y
 _27856_/X
 _27857_/Y
 _27858_/Y
 _27859_/X
 _27860_/X
 _27861_/Y
 _27862_/Y
 _27863_/X
 _27864_/Y
 _27865_/Y
 _27866_/X
 _27867_/Y
 _27868_/X
 _27869_/Y
 _27870_/X
 _27871_/X
 _27872_/X
 _27873_/X
 _27874_/X
 _27875_/X
 _27876_/Y
 _27877_/Y
 _27878_/Y
 _27879_/X
 _27880_/Y
 _27881_/X
 _27882_/X
 _27883_/X
 _27884_/X
 _27885_/Y
 _27886_/X
 _27887_/X
 _27888_/X
 _27889_/X
 _27890_/X
 _27891_/X
 _27892_/Y
 _27893_/X
 _27894_/Y
 _27895_/Y
 _27896_/X
 _27897_/X
 _27898_/X
 _27899_/Y
 _27900_/Y
 _27901_/X
 _27902_/Y
 _27903_/Y
 _27904_/Y
 _27905_/X
 _27906_/X
 _27907_/Y
 _27908_/X
 _27909_/Y
 _27910_/X
 _27911_/Y
 _27912_/X
 _27913_/X
 _27914_/X
 _27915_/Y
 _27916_/X
 _27917_/Y
 _27918_/X
 _27919_/Y
 _27920_/Y
 _27921_/Y
 _27922_/X
 _27923_/X
 _27924_/X
 _27925_/X
 _27926_/Y
 _27927_/X
 _27928_/Y
 _27929_/X
 _27930_/X
 _27931_/Y
 _27932_/Y
 _27933_/X
 _27934_/X
 _27935_/X
 _27936_/X
 _27937_/X
 _27938_/X
 _27939_/X
 _27940_/Y
 _27941_/Y
 _27942_/Y
 _27943_/Y
 _27944_/X
 _27945_/Y
 _27946_/Y
 _27947_/X
 _27948_/X
 _27949_/X
 _27950_/X
 _27951_/Y
 _27952_/Y
 _27953_/X
 _27954_/X
 _27955_/X
 _27956_/X
 _27957_/Y
 _27958_/X
 _27959_/X
 _27960_/X
 _27961_/Y
 _27962_/Y
 _27963_/Y
 _27964_/X
 _27965_/Y
 _27966_/X
 _27967_/Y
 _27968_/Y
 _27969_/Y
 _27970_/Y
 _27971_/Y
 _27972_/X
 _27973_/X
 _27974_/Y
 _27975_/Y
 _27976_/Y
 _27977_/Y
 _27978_/Y
 _27979_/Y
 _27980_/X
 _27981_/X
 _27982_/Y
 _27983_/Y
 _27984_/Y
 _27985_/X
 _27986_/Y
 _27987_/Y
 _27988_/Y
 _27989_/X
 _27990_/Y
 _27991_/X
 _27992_/X
 _27993_/X
 _27994_/Y
 _27995_/Y
 _27996_/Y
 _27997_/Y
 _27998_/Y
 _27999_/X
 _28000_/Y
 _28001_/Y
 _28002_/X
 _28003_/X
 _28004_/Y
 _28005_/Y
 _28006_/Y
 _28007_/Y
 _28008_/Y
 _28009_/X
 _28010_/Y
 _28011_/X
 _28012_/Y
 _28013_/Y
 _28014_/X
 _28015_/X
 _28016_/Y
 _28017_/Y
 _28018_/X
 _28019_/Y
 _28020_/X
 _28021_/Y
 _28022_/X
 _28023_/Y
 _28024_/Y
 _28025_/Y
 _28026_/Y
 _28027_/Y
 _28028_/Y
 _28029_/Y
 _28030_/Y
 _28031_/Y
 _28032_/X
 _28033_/X
 _28034_/X
 _28035_/X
 _28036_/X
 _28037_/Y
 _28038_/Y
 _28039_/Y
 _28040_/Y
 _28041_/Y
 _28042_/Y
 _28043_/Y
 _28044_/Y
 _28045_/Y
 _28046_/Y
 _28047_/Y
 _28048_/Y
 _28049_/X
 _28050_/Y
 _28051_/X
 _28052_/Y
 _28053_/Y
 _28054_/X
 _28055_/Y
 _28056_/X
 _28057_/Y
 _28058_/X
 _28059_/X
 _28060_/Y
 _28061_/X
 _28062_/X
 _28063_/X
 _28064_/Y
 _28065_/Y
 _28066_/X
 _28067_/Y
 _28068_/X
 _28069_/Y
 _28070_/X
 _28071_/X
 _28072_/Y
 _28073_/Y
 _28074_/Y
 _28075_/X
 _28076_/Y
 _28077_/Y
 _28078_/Y
 _28079_/X
 _28080_/X
 _28081_/X
 _28082_/Y
 _28083_/Y
 _28084_/Y
 _28085_/Y
 _28086_/Y
 _28087_/Y
 _28088_/Y
 _28089_/Y
 _28090_/Y
 _28091_/Y
 _28092_/X
 _28093_/X
 _28094_/Y
 _28095_/Y
 _28096_/Y
 _28097_/X
 _28098_/Y
 _28099_/Y
 _28100_/Y
 _28101_/Y
 _28102_/X
 _28103_/Y
 _28104_/X
 _28105_/Y
 _28106_/Y
 _28107_/Y
 _28108_/X
 _28109_/X
 _28110_/Y
 _28111_/Y
 _28112_/X
 _28113_/Y
 _28114_/X
 _28115_/X
 _28116_/X
 _28117_/X
 _28118_/X
 _28119_/Y
 _28120_/X
 _28121_/Y
 _28122_/Y
 _28123_/Y
 _28124_/Y
 _28125_/Y
 _28126_/Y
 _28127_/Y
 _28128_/Y
 _28129_/Y
 _28130_/Y
 _28131_/X
 _28132_/X
 _28133_/Y
 _28134_/X
 _28135_/Y
 _28136_/Y
 _28137_/Y
 _28138_/Y
 _28139_/X
 _28140_/X
 _28141_/Y
 _28142_/Y
 _28143_/Y
 _28144_/Y
 _28145_/X
 _28146_/Y
 _28147_/Y
 _28148_/Y
 _28149_/X
 _28150_/Y
 _28151_/Y
 _28152_/X
 _28153_/Y
 _28154_/Y
 _28155_/Y
 _28156_/X
 _28157_/X
 _28158_/Y
 _28159_/Y
 _28160_/Y
 _28161_/X
 _28162_/X
 _28163_/Y
 _28164_/X
 _28165_/X
 _28166_/Y
 _28167_/Y
 _28168_/Y
 _28169_/Y
 _28170_/Y
 _28171_/Y
 _28172_/X
 _28173_/Y
 _28174_/Y
 _28175_/Y
 _28176_/X
 _28177_/X
 _28178_/X
 _28179_/X
 _28180_/X
 _28181_/Y
 _28182_/Y
 _28183_/X
 _28184_/X
 _28185_/Y
 _28186_/X
 _28187_/Y
 _28188_/X
 _28189_/Y
 _28190_/X
 _28191_/Y
 _28192_/Y
 _28193_/Y
 _28194_/Y
 _28195_/Y
 _28196_/Y
 _28197_/Y
 _28198_/X
 _28199_/Y
 _28200_/Y
 _28201_/Y
 _28202_/Y
 _28203_/Y
 _28204_/X
 _28205_/X
 _28206_/Y
 _28207_/Y
 _28208_/Y
 _28209_/Y
 _28210_/Y
 _28211_/Y
 _28212_/X
 _28213_/Y
 _28214_/Y
 _28215_/Y
 _28216_/Y
 _28217_/Y
 _28218_/Y
 _28219_/X
 _28220_/Y
 _28221_/Y
 _28222_/Y
 _28223_/Y
 _28224_/X
 _28225_/X
 _28226_/Y
 _28227_/Y
 _28228_/X
 _28229_/X
 _28230_/X
 _28231_/X
 _28232_/Y
 _28233_/X
 _28234_/X
 _28235_/Y
 _28236_/Y
 _28237_/Y
 _28238_/Y
 _28239_/Y
 _28240_/X
 _28241_/X
 _28242_/Y
 _28243_/Y
 _28244_/Y
 _28245_/Y
 _28246_/X
 _28247_/Y
 _28248_/Y
 _28249_/X
 _28250_/Y
 _28251_/Y
 _28252_/X
 _28253_/X
 _28254_/X
 _28255_/Y
 _28256_/Y
 _28257_/Y
 _28258_/X
 _28259_/Y
 _28260_/X
 _28261_/X
 _28262_/X
 _28263_/X
 _28264_/X
 _28265_/Y
 _28266_/X
 _28267_/X
 _28268_/Y
 _28269_/Y
 _28270_/X
 _28271_/X
 _28272_/X
 _28273_/Y
 _28274_/X
 _28275_/X
 _28276_/X
 _28277_/X
 _28278_/Y
 _28279_/Y
 _28280_/X
 _28281_/X
 _28282_/Y
 _28283_/Y
 _28284_/X
 _28285_/Y
 _28286_/X
 _28287_/X
 _28288_/Y
 _28289_/Y
 _28290_/Y
 _28291_/Y
 _28292_/Y
 _28293_/X
 _28294_/X
 _28295_/Y
 _28296_/Y
 _28297_/X
 _28298_/Y
 _28299_/X
 _28300_/X
 _28301_/X
 _28302_/X
 _28303_/X
 _28304_/Y
 _28305_/Y
 _28306_/Y
 _28307_/Y
 _28308_/Y
 _28309_/X
 _28310_/X
 _28311_/Y
 _28312_/Y
 _28313_/Y
 _28314_/X
 _28315_/Y
 _28316_/Y
 _28317_/X
 _28318_/X
 _28319_/X
 _28320_/X
 _28321_/Y
 _28322_/Y
 _28323_/Y
 _28324_/X
 _28325_/X
 _28326_/X
 _28327_/Y
 _28328_/X
 _28329_/X
 _28330_/X
 _28331_/X
 _28332_/X
 _28333_/X
 _28334_/X
 _28335_/Y
 _28336_/Y
 _28337_/X
 _28338_/X
 _28339_/Y
 _28340_/Y
 _28341_/Y
 _28342_/Y
 _28343_/Y
 _28344_/Y
 _28345_/Y
 _28346_/X
 _28347_/X
 _28348_/Y
 _28349_/Y
 _28350_/X
 _28351_/Y
 _28352_/X
 _28353_/X
 _28354_/X
 _28355_/Y
 _28356_/Y
 _28357_/Y
 _28358_/X
 _28359_/Y
 _28360_/X
 _28361_/X
 _28362_/Y
 _28363_/X
 _28364_/X
 _28365_/X
 _28366_/Y
 _28367_/X
 _28368_/X
 _28369_/Y
 _28370_/Y
 _28371_/X
 _28372_/Y
 _28373_/Y
 _28374_/X
 _28375_/Y
 _28376_/X
 _28377_/Y
 _28378_/X
 _28379_/X
 _28380_/X
 _28381_/X
 _28382_/Y
 _28383_/X
 _28384_/X
 _28385_/X
 _28386_/Y
 _28387_/Y
 _28388_/Y
 _28389_/X
 _28390_/Y
 _28391_/X
 _28392_/Y
 _28393_/Y
 _28394_/Y
 _28395_/Y
 _28396_/X
 _28397_/X
 _28398_/Y
 _28399_/Y
 _28400_/Y
 _28401_/Y
 _28402_/X
 _28403_/X
 _28404_/Y
 _28405_/Y
 _28406_/Y
 _28407_/Y
 _28408_/Y
 _28409_/Y
 _28410_/Y
 _28411_/Y
 _28412_/X
 _28413_/X
 _28414_/Y
 _28415_/Y
 _28416_/Y
 _28417_/X
 _28418_/Y
 _28419_/X
 _28420_/Y
 _28421_/Y
 _28422_/X
 _28423_/Y
 _28424_/Y
 _28425_/Y
 _28426_/Y
 _28427_/Y
 _28428_/Y
 _28429_/X
 _28430_/Y
 _28431_/X
 _28432_/Y
 _28433_/Y
 _28434_/X
 _28435_/Y
 _28436_/Y
 _28437_/Y
 _28438_/X
 _28439_/Y
 _28440_/X
 _28441_/Y
 _28442_/Y
 _28443_/Y
 _28444_/Y
 _28445_/X
 _28446_/Y
 _28447_/X
 _28448_/X
 _28449_/Y
 _28450_/Y
 _28451_/X
 _28452_/Y
 _28453_/Y
 _28454_/X
 _28455_/X
 _28456_/X
 _28457_/X
 _28458_/Y
 _28459_/Y
 _28460_/X
 _28461_/X
 _28462_/X
 _28463_/Y
 _28464_/Y
 _28465_/Y
 _28466_/Y
 _28467_/Y
 _28468_/Y
 _28469_/X
 _28470_/Y
 _28471_/Y
 _28472_/X
 _28473_/Y
 _28474_/Y
 _28475_/Y
 _28476_/Y
 _28477_/Y
 _28478_/Y
 _28479_/Y
 _28480_/X
 _28481_/Y
 _28482_/X
 _28483_/Y
 _28484_/Y
 _28485_/Y
 _28486_/X
 _28487_/X
 _28488_/X
 _28489_/X
 _28490_/X
 _28491_/Y
 _28492_/X
 _28493_/Y
 _28494_/X
 _28495_/Y
 _28496_/X
 _28497_/Y
 _28498_/X
 _28499_/X
 _28500_/X
 _28501_/X
 _28502_/X
 _28503_/X
 _28504_/X
 _28505_/Y
 _28506_/X
 _28507_/Y
 _28508_/X
 _28509_/Y
 _28510_/X
 _28511_/Y
 _28512_/X
 _28513_/X
 _28514_/X
 _28515_/Y
 _28516_/Y
 _28517_/Y
 _28518_/Y
 _28519_/X
 _28520_/X
 _28521_/X
 _28522_/X
 _28523_/X
 _28524_/X
 _28525_/Y
 _28526_/X
 _28527_/Y
 _28528_/X
 _28529_/Y
 _28530_/Y
 _28531_/Y
 _28532_/Y
 _28533_/Y
 _28534_/X
 _28535_/X
 _28536_/Y
 _28537_/Y
 _28538_/Y
 _28539_/Y
 _28540_/Y
 _28541_/Y
 _28542_/Y
 _28543_/X
 _28544_/Y
 _28545_/Y
 _28546_/X
 _28547_/X
 _28548_/Y
 _28549_/Y
 _28550_/X
 _28551_/X
 _28552_/X
 _28553_/X
 _28554_/Y
 _28555_/X
 _28556_/X
 _28557_/Y
 _28558_/X
 _28559_/X
 _28560_/Y
 _28561_/X
 _28562_/X
 _28563_/Y
 _28564_/X
 _28565_/Y
 _28566_/Y
 _28567_/Y
 _28568_/Y
 _28569_/Y
 _28570_/Y
 _28571_/X
 _28572_/Y
 _28573_/Y
 _28574_/Y
 _28575_/Y
 _28576_/Y
 _28577_/Y
 _28578_/Y
 _28579_/X
 _28580_/Y
 _28581_/Y
 _28582_/Y
 _28583_/X
 _28584_/X
 _28585_/Y
 _28586_/Y
 _28587_/X
 _28588_/X
 _28589_/X
 _28590_/X
 _28591_/Y
 _28592_/X
 _28593_/X
 _28594_/Y
 _28595_/Y
 _28596_/Y
 _28597_/Y
 _28598_/X
 _28599_/X
 _28600_/Y
 _28601_/Y
 _28602_/Y
 _28603_/X
 _28604_/Y
 _28605_/Y
 _28606_/X
 _28607_/Y
 _28608_/X
 _28609_/X
 _28610_/X
 _28611_/X
 _28612_/Y
 _28613_/Y
 _28614_/Y
 _28615_/Y
 _28616_/Y
 _28617_/Y
 _28618_/Y
 _28619_/Y
 _28620_/Y
 _28621_/X
 _28622_/X
 _28623_/Y
 _28624_/Y
 _28625_/Y
 _28626_/X
 _28627_/Y
 _28628_/Y
 _28629_/Y
 _28630_/Y
 _28631_/Y
 _28632_/Y
 _28633_/Y
 _28634_/Y
 _28635_/Y
 _28636_/X
 _28637_/Y
 _28638_/X
 _28639_/X
 _28640_/Y
 _28641_/X
 _28642_/X
 _28643_/Y
 _28644_/Y
 _28645_/X
 _28646_/Y
 _28647_/Y
 _28648_/Y
 _28649_/X
 _28650_/Y
 _28651_/Y
 _28652_/Y
 _28653_/X
 _28654_/X
 _28655_/Y
 _28656_/X
 _28657_/Y
 _28658_/Y
 _28659_/X
 _28660_/X
 _28661_/X
 _28662_/Y
 _28663_/Y
 _28664_/Y
 _28665_/X
 _28666_/X
 _28667_/X
 _28668_/Y
 _28669_/X
 _28670_/X
 _28671_/Y
 _28672_/Y
 _28673_/X
 _28674_/Y
 _28675_/Y
 _28676_/Y
 _28677_/Y
 _28678_/Y
 _28679_/Y
 _28680_/Y
 _28681_/Y
 _28682_/Y
 _28683_/X
 _28684_/X
 _28685_/Y
 _28686_/Y
 _28687_/X
 _28688_/Y
 _28689_/Y
 _28690_/Y
 _28691_/Y
 _28692_/Y
 _28693_/X
 _28694_/Y
 _28695_/Y
 _28696_/Y
 _28697_/Y
 _28698_/Y
 _28699_/X
 _28700_/Y
 _28701_/X
 _28702_/Y
 _28703_/Y
 _28704_/X
 _28705_/X
 _28706_/X
 _28707_/Y
 _28708_/X
 _28709_/X
 _28710_/X
 _28711_/X
 _28712_/Y
 _28713_/Y
 _28714_/X
 _28715_/Y
 _28716_/Y
 _28717_/X
 _28718_/X
 _28719_/Y
 _28720_/Y
 _28721_/X
 _28722_/X
 _28723_/X
 _28724_/X
 _28725_/X
 _28726_/X
 _28727_/Y
 _28728_/X
 _28729_/X
 _28730_/X
 _28731_/X
 _28732_/X
 _28733_/Y
 _28734_/Y
 _28735_/Y
 _28736_/Y
 _28737_/X
 _28738_/X
 _28739_/X
 _28740_/X
 _28741_/X
 _28742_/Y
 _28743_/X
 _28744_/X
 _28745_/X
 _28746_/X
 _28747_/X
 _28748_/Y
 _28749_/X
 _28750_/X
 _28751_/X
 _28752_/X
 _28753_/X
 _28754_/X
 _28755_/Y
 _28756_/Y
 _28757_/X
 _28758_/X
 _28759_/X
 _28760_/X
 _28761_/Y
 _28762_/X
 _28763_/X
 _28764_/X
 _28765_/Y
 _28766_/Y
 _28767_/X
 _28768_/X
 _28769_/X
 _28770_/X
 _28771_/Y
 _28772_/Y
 _28773_/Y
 _28774_/X
 _28775_/X
 _28776_/X
 _28777_/Y
 _28778_/X
 _28779_/Y
 _28780_/X
 _28781_/Y
 _28782_/X
 _28783_/Y
 _28784_/Y
 _28785_/Y
 _28786_/Y
 _28787_/Y
 _28788_/Y
 _28789_/Y
 _28790_/Y
 _28791_/Y
 _28792_/X
 _28793_/X
 _28794_/Y
 _28795_/Y
 _28796_/X
 _28797_/Y
 _28798_/Y
 _28799_/X
 _28800_/Y
 _28801_/X
 _28802_/X
 _28803_/X
 _28804_/Y
 _28805_/Y
 _28806_/X
 _28807_/Y
 _28808_/Y
 _28809_/Y
 _28810_/X
 _28811_/Y
 _28812_/X
 _28813_/Y
 _28814_/Y
 _28815_/Y
 _28816_/X
 _28817_/Y
 _28818_/Y
 _28819_/X
 _28820_/Y
 _28821_/X
 _28822_/Y
 _28823_/Y
 _28824_/Y
 _28825_/Y
 _28826_/Y
 _28827_/X
 _28828_/X
 _28829_/Y
 _28830_/X
 _28831_/X
 _28832_/Y
 _28833_/X
 _28834_/X
 _28835_/Y
 _28836_/Y
 _28837_/Y
 _28838_/Y
 _28839_/X
 _28840_/Y
 _28841_/X
 _28842_/X
 _28843_/X
 _28844_/X
 _28845_/X
 _28846_/X
 _28847_/Y
 _28848_/Y
 _28849_/Y
 _28850_/X
 _28851_/Y
 _28852_/Y
 _28853_/Y
 _28854_/Y
 _28855_/X
 _28856_/Y
 _28857_/X
 _28858_/Y
 _28859_/Y
 _28860_/Y
 _28861_/Y
 _28862_/Y
 _28863_/Y
 _28864_/X
 _28865_/X
 _28866_/Y
 _28867_/Y
 _28868_/Y
 _28869_/X
 _28870_/Y
 _28871_/X
 _28872_/Y
 _28873_/Y
 _28874_/X
 _28875_/Y
 _28876_/Y
 _28877_/Y
 _28878_/Y
 _28879_/Y
 _28880_/Y
 _28881_/X
 _28882_/Y
 _28883_/X
 _28884_/Y
 _28885_/Y
 _28886_/X
 _28887_/X
 _28888_/X
 _28889_/X
 _28890_/X
 _28891_/Y
 _28892_/X
 _28893_/Y
 _28894_/X
 _28895_/Y
 _28896_/X
 _28897_/X
 _28898_/Y
 _28899_/Y
 _28900_/Y
 _28901_/X
 _28902_/Y
 _28903_/X
 _28904_/X
 _28905_/Y
 _28906_/Y
 _28907_/Y
 _28908_/X
 _28909_/Y
 _28910_/Y
 _28911_/Y
 _28912_/X
 _28913_/Y
 _28914_/Y
 _28915_/X
 _28916_/Y
 _28917_/X
 _28918_/Y
 _28919_/X
 _28920_/X
 _28921_/Y
 _28922_/Y
 _28923_/Y
 _28924_/Y
 _28925_/X
 _28926_/X
 _28927_/X
 _28928_/Y
 _28929_/Y
 _28930_/Y
 _28931_/Y
 _28932_/Y
 _28933_/X
 _28934_/X
 _28935_/Y
 _28936_/Y
 _28937_/X
 _28938_/X
 _28939_/X
 _28940_/Y
 _28941_/X
 _28942_/Y
 _28943_/X
 _28944_/Y
 _28945_/Y
 _28946_/Y
 _28947_/X
 _28948_/Y
 _28949_/Y
 _28950_/Y
 _28951_/X
 _28952_/Y
 _28953_/Y
 _28954_/X
 _28955_/X
 _28956_/X
 _28957_/Y
 _28958_/Y
 _28959_/Y
 _28960_/Y
 _28961_/Y
 _28962_/Y
 _28963_/Y
 _28964_/X
 _28965_/Y
 _28966_/Y
 _28967_/Y
 _28968_/X
 _28969_/Y
 _28970_/Y
 _28971_/Y
 _28972_/X
 _28973_/Y
 _28974_/X
 _28975_/Y
 _28976_/Y
 _28977_/X
 _28978_/Y
 _28979_/X
 _28980_/X
 _28981_/X
 _28982_/Y
 _28983_/X
 _28984_/Y
 _28985_/Y
 _28986_/Y
 _28987_/Y
 _28988_/X
 _28989_/X
 _28990_/X
 _28991_/X
 _28992_/Y
 _28993_/Y
 _28994_/X
 _28995_/Y
 _28996_/X
 _28997_/Y
 _28998_/X
 _28999_/X
 _29000_/Y
 _29001_/Y
 _29002_/Y
 _29003_/X
 _29004_/Y
 _29005_/X
 _29006_/Y
 _29007_/X
 _29008_/Y
 _29009_/X
 _29010_/X
 _29011_/Y
 _29012_/Y
 _29013_/Y
 _29014_/Y
 _29015_/Y
 _29016_/Y
 _29017_/X
 _29018_/Y
 _29019_/Y
 _29020_/Y
 _29021_/Y
 _29022_/Y
 _29023_/Y
 _29024_/Y
 _29025_/X
 _29026_/Y
 _29027_/Y
 _29028_/X
 _29029_/Y
 _29030_/Y
 _29031_/X
 _29032_/X
 _29033_/Y
 _29034_/Y
 _29035_/X
 _29036_/X
 _29037_/Y
 _29038_/Y
 _29039_/Y
 _29040_/Y
 _29041_/X
 _29042_/Y
 _29043_/Y
 _29044_/X
 _29045_/X
 _29046_/X
 _29047_/X
 _29048_/Y
 _29049_/X
 _29050_/Y
 _29051_/X
 _29052_/Y
 _29053_/X
 _29054_/X
 _29055_/Y
 _29056_/Y
 _29057_/X
 _29058_/Y
 _29059_/X
 _29060_/X
 _29061_/Y
 _29062_/X
 _29063_/X
 _29064_/X
 _29065_/X
 _29066_/X
 _29067_/X
 _29068_/X
 _29069_/X
 _29070_/X
 _29071_/Y
 _29072_/Y
 _29073_/Y
 _29074_/Y
 _29075_/Y
 _29076_/X
 _29077_/X
 _29078_/X
 _29079_/Y
 _29080_/Y
 _29081_/Y
 _29082_/Y
 _29083_/Y
 _29084_/Y
 _29085_/Y
 _29086_/Y
 _29087_/X
 _29088_/Y
 _29089_/Y
 _29090_/Y
 _29091_/X
 _29092_/X
 _29093_/Y
 _29094_/Y
 _29095_/Y
 _29096_/Y
 _29097_/X
 _29098_/X
 _29099_/Y
 _29100_/X
 _29101_/X
 _29102_/X
 _29103_/Y
 _29104_/Y
 _29105_/Y
 _29106_/Y
 _29107_/Y
 _29108_/Y
 _29109_/Y
 _29110_/X
 _29111_/Y
 _29112_/X
 _29113_/Y
 _29114_/X
 _29115_/X
 _29116_/X
 _29117_/X
 _29118_/X
 _29119_/X
 _29120_/Y
 _29121_/X
 _29122_/X
 _29123_/X
 _29124_/X
 _29125_/Y
 _29126_/X
 _29127_/X
 _29128_/X
 _29129_/X
 _29130_/Y
 _29131_/Y
 _29132_/Y
 _29133_/Y
 _29134_/Y
 _29135_/X
 _29136_/X
 _29137_/X
 _29138_/X
 _29139_/X
 _29140_/X
 _29141_/X
 _29142_/X
 _29143_/X
 _29144_/Y
 _29145_/Y
 _29146_/Y
 _29147_/X
 _29148_/X
 _29149_/X
 _29150_/Y
 _29151_/X
 _29152_/X
 _29153_/Y
 _29154_/Y
 _29155_/Y
 _29156_/Y
 _29157_/Y
 _29158_/Y
 _29159_/X
 _29160_/Y
 _29161_/X
 _29162_/X
 _29163_/Y
 _29164_/Y
 _29165_/X
 _29166_/Y
 _29167_/Y
 _29168_/Y
 _29169_/Y
 _29170_/X
 _29171_/Y
 _29172_/Y
 _29173_/Y
 _29174_/Y
 _29175_/Y
 _29176_/Y
 _29177_/X
 _29178_/X
 _29179_/X
 _29180_/X
 _29181_/X
 _29182_/X
 _29183_/X
 _29184_/Y
 _29185_/X
 _29186_/Y
 _29187_/X
 _29188_/X
 _29189_/Y
 _29190_/X
 _29191_/Y
 _29192_/X
 _29193_/X
 _29194_/X
 _29195_/X
 _29196_/X
 _29197_/X
 _29198_/Y
 _29199_/X
 _29200_/X
 _29201_/X
 _29202_/X
 _29203_/Y
 _29204_/X
 _29205_/X
 _29206_/X
 _29207_/X
 _29208_/X
 _29209_/Y
 _29210_/Y
 _29211_/Y
 _29212_/X
 _29213_/Y
 _29214_/Y
 _29215_/Y
 _29216_/Y
 _29217_/X
 _29218_/X
 _29219_/Y
 _29220_/X
 _29221_/X
 _29222_/Y
 _29223_/Y
 _29224_/Y
 _29225_/Y
 _29226_/Y
 _29227_/X
 _29228_/X
 _29229_/X
 _29230_/X
 _29231_/X
 _29232_/X
 _29233_/X
 _29234_/Y
 _29235_/Y
 _29236_/X
 _29237_/Y
 _29238_/Y
 _29239_/X
 _29240_/X
 _29241_/Y
 _29242_/Y
 _29243_/X
 _29244_/X
 _29245_/X
 _29246_/X
 _29247_/Y
 _29248_/Y
 _29249_/Y
 _29250_/X
 _29251_/Y
 _29252_/X
 _29253_/X
 _29254_/X
 _29255_/X
 _29256_/Y
 _29257_/Y
 _29258_/X
 _29259_/X
 _29260_/X
 _29261_/X
 _29262_/Y
 _29263_/X
 _29264_/Y
 _29265_/Y
 _29266_/Y
 _29267_/X
 _29268_/Y
 _29269_/X
 _29270_/X
 _29271_/X
 _29272_/Y
 _29273_/Y
 _29274_/X
 _29275_/X
 _29276_/Y
 _29277_/Y
 _29278_/Y
 _29279_/Y
 _29280_/Y
 _29281_/Y
 _29282_/X
 _29283_/X
 _29284_/X
 _29285_/X
 _29286_/X
 _29287_/Y
 _29288_/X
 _29289_/X
 _29290_/Y
 _29291_/Y
 _29292_/X
 _29293_/Y
 _29294_/X
 _29295_/X
 _29296_/X
 _29297_/Y
 _29298_/Y
 _29299_/X
 _29300_/X
 _29301_/X
 _29302_/X
 _29303_/X
 _29304_/Y
 _29305_/Y
 _29306_/X
 _29307_/Y
 _29308_/Y
 _29309_/Y
 _29310_/X
 _29311_/Y
 _29312_/Y
 _29313_/Y
 _29314_/X
 _29315_/X
 _29316_/Y
 _29317_/Y
 _29318_/X
 _29319_/X
 _29320_/X
 _29321_/Y
 _29322_/Y
 _29323_/Y
 _29324_/X
 _29325_/X
 _29326_/X
 _29327_/X
 _29328_/X
 _29329_/X
 _29330_/Y
 _29331_/Y
 _29332_/X
 _29333_/Y
 _29334_/Y
 _29335_/X
 _29336_/X
 _29337_/X
 _29338_/Y
 _29339_/X
 _29340_/X
 _29341_/Y
 _29342_/Y
 _29343_/X
 _29344_/Y
 _29345_/X
 _29346_/X
 _29347_/Y
 _29348_/Y
 _29349_/Y
 _29350_/X
 _29351_/Y
 _29352_/Y
 _29353_/Y
 _29354_/X
 _29355_/Y
 _29356_/X
 _29357_/Y
 _29358_/Y
 _29359_/Y
 _29360_/Y
 _29361_/Y
 _29362_/Y
 _29363_/Y
 _29364_/Y
 _29365_/Y
 _29366_/X
 _29367_/X
 _29368_/X
 _29369_/X
 _29370_/Y
 _29371_/Y
 _29372_/X
 _29373_/X
 _29374_/Y
 _29375_/X
 _29376_/X
 _29377_/Y
 _29378_/Y
 _29379_/Y
 _29380_/X
 _29381_/Y
 _29382_/Y
 _29383_/Y
 _29384_/Y
 _29385_/Y
 _29386_/Y
 _29387_/X
 _29388_/Y
 _29389_/X
 _29390_/Y
 _29391_/X
 _29392_/Y
 _29393_/Y
 _29394_/X
 _29395_/X
 _29396_/X
 _29397_/X
 _29398_/Y
 _29399_/Y
 _29400_/Y
 _29401_/Y
 _29402_/Y
 _29403_/X
 _29404_/X
 _29405_/X
 _29406_/X
 _29407_/Y
 _29408_/Y
 _29409_/X
 _29410_/Y
 _29411_/Y
 _29412_/Y
 _29413_/Y
 _29414_/Y
 _29415_/Y
 _29416_/X
 _29417_/Y
 _29418_/X
 _29419_/X
 _29420_/Y
 _29421_/X
 _29422_/Y
 _29423_/Y
 _29424_/Y
 _29425_/X
 _29426_/Y
 _29427_/X
 _29428_/X
 _29429_/Y
 _29430_/Y
 _29431_/Y
 _29432_/X
 _29433_/X
 _29434_/Y
 _29435_/Y
 _29436_/Y
 _29437_/Y
 _29438_/Y
 _29439_/Y
 _29440_/X
 _29441_/X
 _29442_/X
 _29443_/X
 _29444_/X
 _29445_/Y
 _29446_/Y
 _29447_/X
 _29448_/Y
 _29449_/Y
 _29450_/X
 _29451_/X
 _29452_/X
 _29453_/X
 _29454_/X
 _29455_/X
 _29456_/X
 _29457_/Y
 _29458_/X
 _29459_/X
 _29460_/Y
 _29461_/X
 _29462_/Y
 _29463_/Y
 _29464_/Y
 _29465_/Y
 _29466_/X
 _29467_/Y
 _29468_/Y
 _29469_/Y
 _29470_/Y
 _29471_/X
 _29472_/X
 _29473_/Y
 _29474_/Y
 _29475_/X
 _29476_/Y
 _29477_/Y
 _29478_/X
 _29479_/Y
 _29480_/Y
 _29481_/Y
 _29482_/Y
 _29483_/Y
 _29484_/X
 _29485_/Y
 _29486_/X
 _29487_/X
 _29488_/Y
 _29489_/Y
 _29490_/Y
 _29491_/X
 _29492_/X
 _29493_/X
 _29494_/X
 _29495_/X
 _29496_/Y
 _29497_/Y
 _29498_/X
 _29499_/Y
 _29500_/X
 _29501_/Y
 _29502_/Y
 _29503_/X
 _29504_/Y
 _29505_/Y
 _29506_/Y
 _29507_/Y
 _29508_/Y
 _29509_/X
 _29510_/Y
 _29511_/X
 _29512_/Y
 _29513_/Y
 _29514_/Y
 _29515_/Y
 _29516_/Y
 _29517_/X
 _29518_/Y
 _29519_/X
 _29520_/Y
 _29521_/Y
 _29522_/Y
 _29523_/X
 _29524_/X
 _29525_/X
 _29526_/Y
 _29527_/Y
 _29528_/X
 _29529_/X
 _29530_/X
 _29531_/X
 _29532_/X
 _29533_/Y
 _29534_/X
 _29535_/X
 _29536_/X
 _29537_/Y
 _29538_/Y
 _29539_/Y
 _29540_/Y
 _29541_/Y
 _29542_/Y
 _29543_/Y
 _29544_/Y
 _29545_/Y
 _29546_/Y
 _29547_/X
 _29548_/Y
 _29549_/Y
 _29550_/Y
 _29551_/X
 _29552_/Y
 _29553_/X
 _29554_/X
 _29555_/X
 _29556_/Y
 _29557_/X
 _29558_/X
 _29559_/Y
 _29560_/X
 _29561_/Y
 _29562_/X
 _29563_/X
 _29564_/Y
 _29565_/Y
 _29566_/X
 _29567_/Y
 _29568_/X
 _29569_/X
 _29570_/X
 _29571_/X
 _29572_/Y
 _29573_/Y
 _29574_/Y
 _29575_/Y
 _29576_/Y
 _29577_/Y
 _29578_/X
 _29579_/X
 _29580_/Y
 _29581_/X
 _29582_/Y
 _29583_/X
 _29584_/X
 _29585_/X
 _29586_/X
 _29587_/Y
 _29588_/Y
 _29589_/Y
 _29590_/Y
 _29591_/Y
 _29592_/X
 _29593_/Y
 _29594_/Y
 _29595_/X
 _29596_/Y
 _29597_/X
 _29598_/Y
 _29599_/X
 _29600_/X
 _29601_/Y
 _29602_/Y
 _29603_/X
 _29604_/Y
 _29605_/X
 _29606_/Y
 _29607_/X
 _29608_/X
 _29609_/Y
 _29610_/Y
 _29611_/Y
 _29612_/Y
 _29613_/X
 _29614_/Y
 _29615_/Y
 _29616_/Y
 _29617_/Y
 _29618_/Y
 _29619_/Y
 _29620_/X
 _29621_/X
 _29622_/Y
 _29623_/Y
 _29624_/Y
 _29625_/Y
 _29626_/X
 _29627_/Y
 _29628_/X
 _29629_/Y
 _29630_/Y
 _29631_/X
 _29632_/X
 _29633_/X
 _29634_/Y
 _29635_/X
 _29636_/X
 _29637_/X
 _29638_/X
 _29639_/X
 _29640_/Y
 _29641_/Y
 _29642_/X
 _29643_/Y
 _29644_/X
 _29645_/X
 _29646_/Y
 _29647_/Y
 _29648_/Y
 _29649_/Y
 _29650_/Y
 _29651_/X
 _29652_/X
 _29653_/X
 _29654_/Y
 _29655_/X
 _29656_/X
 _29657_/X
 _29658_/X
 _29659_/X
 _29660_/Y
 _29661_/Y
 _29662_/Y
 _29663_/Y
 _29664_/X
 _29665_/Y
 _29666_/Y
 _29667_/X
 _29668_/Y
 _29669_/Y
 _29670_/Y
 _29671_/Y
 _29672_/Y
 _29673_/X
 _29674_/X
 _29675_/X
 _29676_/X
 _29677_/X
 _29678_/X
 _29679_/X
 _29680_/Y
 _29681_/X
 _29682_/Y
 _29683_/X
 _29684_/Y
 _29685_/Y
 _29686_/X
 _29687_/X
 _29688_/X
 _29689_/X
 _29690_/Y
 _29691_/X
 _29692_/X
 _29693_/X
 _29694_/X
 _29695_/Y
 _29696_/Y
 _29697_/Y
 _29698_/X
 _29699_/X
 _29700_/Y
 _29701_/X
 _29702_/X
 _29703_/Y
 _29704_/Y
 _29705_/Y
 _29706_/Y
 _29707_/X
 _29708_/X
 _29709_/Y
 _29710_/Y
 _29711_/X
 _29712_/Y
 _29713_/X
 _29714_/Y
 _29715_/X
 _29716_/X
 _29717_/Y
 _29718_/Y
 _29719_/X
 _29720_/Y
 _29721_/X
 _29722_/Y
 _29723_/Y
 _29724_/Y
 _29725_/X
 _29726_/Y
 _29727_/Y
 _29728_/X
 _29729_/X
 _29730_/Y
 _29731_/X
 _29732_/X
 _29733_/Y
 _29734_/Y
 _29735_/X
 _29736_/X
 _29737_/Y
 _29738_/Y
 _29739_/X
 _29740_/X
 _29741_/Y
 _29742_/Y
 _29743_/Y
 _29744_/X
 _29745_/Y
 _29746_/Y
 _29747_/X
 _29748_/Y
 _29749_/X
 _29750_/X
 _29751_/X
 _29752_/Y
 _29753_/Y
 _29754_/Y
 _29755_/X
 _29756_/X
 _29757_/X
 _29758_/Y
 _29759_/X
 _29760_/X
 _29761_/Y
 _29762_/X
 _29763_/X
 _29764_/Y
 _29765_/Y
 _29766_/X
 _29767_/X
 _29768_/Y
 _29769_/X
 _29770_/X
 _29771_/Y
 _29772_/Y
 _29773_/X
 _29774_/X
 _29775_/X
 _29776_/X
 _29777_/Y
 _29778_/X
 _29779_/X
 _29780_/Y
 _29781_/Y
 _29782_/X
 _29783_/Y
 _29784_/Y
 _29785_/Y
 _29786_/Y
 _29787_/Y
 _29788_/Y
 _29789_/Y
 _29790_/Y
 _29791_/X
 _29792_/X
 _29793_/X
 _29794_/Y
 _29795_/Y
 _29796_/X
 _29797_/Y
 _29798_/X
 _29799_/X
 _29800_/X
 _29801_/X
 _29802_/Y
 _29803_/Y
 _29804_/X
 _29805_/Y
 _29806_/Y
 _29807_/X
 _29808_/X
 _29809_/X
 _29810_/X
 _29811_/X
 _29812_/Y
 _29813_/Y
 _29814_/Y
 _29815_/X
 _29816_/X
 _29817_/Y
 _29818_/X
 _29819_/X
 _29820_/Y
 _29821_/Y
 _29822_/Y
 _29823_/Y
 _29824_/X
 _29825_/Y
 _29826_/X
 _29827_/Y
 _29828_/Y
 _29829_/X
 _29830_/X
 _29831_/X
 _29832_/X
 _29833_/Y
 _29834_/Y
 _29835_/Y
 _29836_/Y
 _29837_/Y
 _29838_/Y
 _29839_/X
 _29840_/X
 _29841_/X
 _29842_/X
 _29843_/Y
 _29844_/X
 _29845_/Y
 _29846_/Y
 _29847_/Y
 _29848_/X
 _29849_/Y
 _29850_/Y
 _29851_/Y
 _29852_/Y
 _29853_/Y
 _29854_/Y
 _29855_/Y
 _29856_/Y
 _29857_/Y
 _29858_/Y
 _29859_/Y
 _29860_/X
 _29861_/Y
 _29862_/Y
 _29863_/X
 _29864_/X
 _29865_/Y
 _29866_/X
 _29867_/X
 _29868_/Y
 _29869_/Y
 _29870_/Y
 _29871_/Y
 _29872_/X
 _29873_/Y
 _29874_/X
 _29875_/Y
 _29876_/Y
 _29877_/X
 _29878_/X
 _29879_/X
 _29880_/Y
 _29881_/X
 _29882_/Y
 _29883_/Y
 _29884_/Y
 _29885_/Y
 _29886_/Y
 _29887_/Y
 _29888_/Y
 _29889_/Y
 _29890_/Y
 _29891_/X
 _29892_/X
 _29893_/Y
 _29894_/X
 _29895_/Y
 _29896_/X
 _29897_/X
 _29898_/X
 _29899_/Y
 _29900_/Y
 _29901_/Y
 _29902_/X
 _29903_/Y
 _29904_/Y
 _29905_/X
 _29906_/X
 _29907_/Y
 _29908_/X
 _29909_/X
 _29910_/X
 _29911_/X
 _29912_/Y
 _29913_/Y
 _29914_/X
 _29915_/X
 _29916_/Y
 _29917_/X
 _29918_/Y
 _29919_/Y
 _29920_/X
 _29921_/Y
 _29922_/Y
 _29923_/Y
 _29924_/X
 _29925_/Y
 _29926_/Y
 _29927_/Y
 _29928_/X
 _29929_/X
 _29930_/X
 _29931_/X
 _29932_/Y
 _29933_/Y
 _29934_/X
 _29935_/X
 _29936_/Y
 _29937_/Y
 _29938_/Y
 _29939_/Y
 _29940_/X
 _29941_/Y
 _29942_/Y
 _29943_/X
 _29944_/X
 _29945_/Y
 _29946_/X
 _29947_/X
 _29948_/Y
 _29949_/X
 _29950_/Y
 _29951_/X
 _29952_/X
 _29953_/X
 _29954_/X
 _29955_/Y
 _29956_/Y
 _29957_/X
 _29958_/Y
 _29959_/X
 _29960_/Y
 _29961_/Y
 _29962_/Y
 _29963_/Y
 _29964_/Y
 _29965_/Y
 _29966_/Y
 _29967_/Y
 _29968_/Y
 _29969_/Y
 _29970_/X
 _29971_/X
 _29972_/X
 _29973_/Y
 _29974_/X
 _29975_/Y
 _29976_/X
 _29977_/X
 _29978_/Y
 _29979_/Y
 _29980_/Y
 _29981_/Y
 _29982_/X
 _29983_/X
 _29984_/Y
 _29985_/Y
 _29986_/Y
 _29987_/X
 _29988_/X
 _29989_/X
 _29990_/X
 _29991_/Y
 _29992_/Y
 _29993_/X
 _29994_/X
 _29995_/Y
 _29996_/Y
 _29997_/Y
 _29998_/Y
 _29999_/Y
 _30000_/X
 _30001_/X
 _30002_/X
 _30003_/Y
 _30004_/Y
 _30005_/X
 _30006_/Y
 _30007_/Y
 _30008_/X
 _30009_/Y
 _30010_/Y
 _30011_/Y
 _30012_/X
 _30013_/X
 _30014_/X
 _30015_/Y
 _30016_/X
 _30017_/Y
 _30018_/X
 _30019_/X
 _30020_/X
 _30021_/X
 _30022_/X
 _30023_/X
 _30024_/Y
 _30025_/Y
 _30026_/Y
 _30027_/Y
 _30028_/Y
 _30029_/X
 _30030_/Y
 _30031_/Y
 _30032_/Y
 _30033_/X
 _30034_/Y
 _30035_/X
 _30036_/Y
 _30037_/Y
 _30038_/Y
 _30039_/Y
 _30040_/Y
 _30041_/Y
 _30042_/Y
 _30043_/Y
 _30044_/X
 _30045_/Y
 _30046_/Y
 _30047_/Y
 _30048_/Y
 _30049_/Y
 _30050_/Y
 _30051_/Y
 _30052_/Y
 _30053_/Y
 _30054_/Y
 _30055_/Y
 _30056_/Y
 _30057_/Y
 _30058_/X
 _30059_/Y
 _30060_/X
 _30061_/Y
 _30062_/Y
 _30063_/X
 _30064_/Y
 _30065_/X
 _30066_/Y
 _30067_/Y
 _30068_/Y
 _30069_/Y
 _30070_/Y
 _30071_/Y
 _30072_/Y
 _30073_/Y
 _30074_/X
 _30075_/Y
 _30076_/X
 _30077_/Y
 _30078_/Y
 _30079_/Y
 _30080_/Y
 _30081_/Y
 _30082_/X
 _30083_/Y
 _30084_/Y
 _30085_/Y
 _30086_/X
 _30087_/X
 _30088_/X
 _30089_/X
 _30090_/Y
 _30091_/Y
 _30092_/X
 _30093_/X
 _30094_/X
 _30095_/X
 _30096_/Y
 _30097_/Y
 _30098_/X
 _30099_/Y
 _30100_/X
 _30101_/X
 _30102_/X
 _30103_/X
 _30104_/X
 _30105_/X
 _30106_/X
 _30107_/X
 _30108_/Y
 _30109_/Y
 _30110_/Y
 _30111_/Y
 _30112_/Y
 _30113_/X
 _30114_/X
 _30115_/Y
 _30116_/Y
 _30117_/Y
 _30118_/Y
 _30119_/X
 _30120_/X
 _30121_/Y
 _30122_/Y
 _30123_/Y
 _30124_/X
 _30125_/X
 _30126_/Y
 _30127_/Y
 _30128_/Y
 _30129_/X
 _30130_/X
 _30131_/X
 _30132_/X
 _30133_/X
 _30134_/Y
 _30135_/Y
 _30136_/X
 _30137_/Y
 _30138_/X
 _30139_/X
 _30140_/X
 _30141_/Y
 _30142_/X
 _30143_/X
 _30144_/X
 _30145_/X
 _30146_/Y
 _30147_/X
 _30148_/X
 _30149_/Y
 _30150_/Y
 _30151_/X
 _30152_/Y
 _30153_/Y
 _30154_/X
 _30155_/Y
 _30156_/Y
 _30157_/X
 _30158_/Y
 _30159_/X
 _30160_/X
 _30161_/Y
 _30162_/X
 _30163_/X
 _30164_/Y
 _30165_/Y
 _30166_/Y
 _30167_/Y
 _30168_/X
 _30169_/X
 _30170_/Y
 _30171_/Y
 _30172_/Y
 _30173_/X
 _30174_/X
 _30175_/X
 _30176_/X
 _30177_/Y
 _30178_/Y
 _30179_/X
 _30180_/X
 _30181_/X
 _30182_/X
 _30183_/X
 _30184_/X
 _30185_/X
 _30186_/X
 _30187_/X
 _30188_/X
 _30189_/Y
 _30190_/Y
 _30191_/X
 _30192_/X
 _30193_/X
 _30194_/X
 _30195_/X
 _30196_/Y
 _30197_/Y
 _30198_/X
 _30199_/X
 _30200_/X
 _30201_/X
 _30202_/Y
 _30203_/Y
 _30204_/X
 _30205_/X
 _30206_/Y
 _30207_/Y
 _30208_/X
 _30209_/X
 _30210_/X
 _30211_/X
 _30212_/Y
 _30213_/Y
 _30214_/Y
 _30215_/X
 _30216_/Y
 _30217_/X
 _30218_/X
 _30219_/X
 _30220_/X
 _30221_/Y
 _30222_/Y
 _30223_/X
 _30224_/X
 _30225_/X
 _30226_/Y
 _30227_/X
 _30228_/Y
 _30229_/Y
 _30230_/Y
 _30231_/X
 _30232_/Y
 _30233_/X
 _30234_/X
 _30235_/Y
 _30236_/Y
 _30237_/X
 _30238_/X
 _30239_/Y
 _30240_/Y
 _30241_/X
 _30242_/X
 _30243_/X
 _30244_/X
 _30245_/Y
 _30246_/X
 _30247_/X
 _30248_/X
 _30249_/X
 _30250_/X
 _30251_/Y
 _30252_/Y
 _30253_/X
 _30254_/X
 _30255_/Y
 _30256_/X
 _30257_/Y
 _30258_/Y
 _30259_/Y
 _30260_/Y
 _30261_/Y
 _30262_/X
 _30263_/X
 _30264_/Y
 _30265_/Y
 _30266_/X
 _30267_/X
 _30268_/Y
 _30269_/X
 _30270_/X
 _30271_/X
 _30272_/Y
 _30273_/Y
 _30274_/Y
 _30275_/Y
 _30276_/Y
 _30277_/X
 _30278_/X
 _30279_/X
 _30280_/X
 _30281_/Y
 _30282_/Y
 _30283_/X
 _30284_/X
 _30285_/X
 _30286_/X
 _30287_/X
 _30288_/Y
 _30289_/X
 _30290_/Y
 _30291_/Y
 _30292_/Y
 _30293_/X
 _30294_/X
 _30295_/Y
 _30296_/Y
 _30297_/X
 _30298_/Y
 _30299_/Y
 _30300_/Y
 _30301_/X
 _30302_/Y
 _30303_/Y
 _30304_/X
 _30305_/Y
 _30306_/Y
 _30307_/X
 _30308_/Y
 _30309_/X
 _30310_/Y
 _30311_/X
 _30312_/Y
 _30313_/Y
 _30314_/X
 _30315_/Y
 _30316_/X
 _30317_/Y
 _30318_/Y
 _30319_/X
 _30320_/X
 _30321_/X
 _30322_/X
 _30323_/Y
 _30324_/Y
 _30325_/Y
 _30326_/Y
 _30327_/X
 _30328_/X
 _30329_/X
 _30330_/X
 _30331_/Y
 _30332_/Y
 _30333_/Y
 _30334_/Y
 _30335_/Y
 _30336_/X
 _30337_/Y
 _30338_/Y
 _30339_/X
 _30340_/X
 _30341_/Y
 _30342_/Y
 _30343_/Y
 _30344_/Y
 _30345_/Y
 _30346_/X
 _30347_/Y
 _30348_/X
 _30349_/Y
 _30350_/Y
 _30351_/X
 _30352_/X
 _30353_/Y
 _30354_/X
 _30355_/Y
 _30356_/Y
 _30357_/X
 _30358_/X
 _30359_/Y
 _30360_/Y
 _30361_/X
 _30362_/X
 _30363_/X
 _30364_/Y
 _30365_/X
 _30366_/Y
 _30367_/Y
 _30368_/X
 _30369_/Y
 _30370_/Y
 _30371_/X
 _30372_/X
 _30373_/X
 _30374_/X
 _30375_/X
 _30376_/X
 _30377_/Y
 _30378_/Y
 _30379_/Y
 _30380_/Y
 _30381_/Y
 _30382_/Y
 _30383_/Y
 _30384_/Y
 _30385_/Y
 _30386_/Y
 _30387_/Y
 _30388_/Y
 _30389_/X
 _30390_/Y
 _30391_/X
 _30392_/X
 _30393_/X
 _30394_/Y
 _30395_/Y
 _30396_/Y
 _30397_/Y
 _30398_/X
 _30399_/Y
 _30400_/X
 _30401_/Y
 _30402_/X
 _30403_/X
 _30404_/X
 _30405_/X
 _30406_/Y
 _30407_/X
 _30408_/X
 _30409_/Y
 _30410_/Y
 _30411_/Y
 _30412_/X
 _30413_/Y
 _30414_/Y
 _30415_/X
 _30416_/Y
 _30417_/X
 _30418_/Y
 _30419_/Y
 _30420_/X
 _30421_/Y
 _30422_/Y
 _30423_/X
 _30424_/X
 _30425_/X
 _30426_/X
 _30427_/X
 _30428_/Y
 _30429_/Y
 _30430_/Y
 _30431_/Y
 _30432_/Y
 _30433_/Y
 _30434_/X
 _30435_/Y
 _30436_/X
 _30437_/Y
 _30438_/X
 _30439_/Y
 _30440_/X
 _30441_/X
 _30442_/Y
 _30443_/Y
 _30444_/X
 _30445_/X
 _30446_/Y
 _30447_/X
 _30448_/X
 _30449_/Y
 _30450_/X
 _30451_/Y
 _30452_/X
 _30453_/Y
 _30454_/X
 _30455_/Y
 _30456_/Y
 _30457_/Y
 _30458_/X
 _30459_/X
 _30460_/Y
 _30461_/Y
 _30462_/X
 _30463_/Y
 _30464_/Y
 _30465_/Y
 _30466_/Y
 _30467_/Y
 _30468_/X
 _30469_/X
 _30470_/Y
 _30471_/X
 _30472_/Y
 _30473_/X
 _30474_/X
 _30475_/X
 _30476_/Y
 _30477_/X
 _30478_/Y
 _30479_/Y
 _30480_/X
 _30481_/Y
 _30482_/X
 _30483_/X
 _30484_/X
 _30485_/X
 _30486_/X
 _30487_/Y
 _30488_/X
 _30489_/Y
 _30490_/Y
 _30491_/Y
 _30492_/Y
 _30493_/Y
 _30494_/Y
 _30495_/Y
 _30496_/Y
 _30497_/Y
 _30498_/Y
 _30499_/X
 _30500_/X
 _30501_/Y
 _30502_/X
 _30503_/X
 _30504_/Y
 _30505_/X
 _30506_/X
 _30507_/X
 _30508_/Y
 _30509_/Y
 _30510_/Y
 _30511_/X
 _30512_/X
 _30513_/X
 _30514_/Y
 _30515_/Y
 _30516_/Y
 _30517_/X
 _30518_/X
 _30519_/Y
 _30520_/X
 _30521_/Y
 _30522_/X
 _30523_/Y
 _30524_/X
 _30525_/X
 _30526_/X
 _30527_/X
 _30528_/X
 _30529_/X
 _30530_/X
 _30531_/X
 _30532_/X
 _30533_/X
 _30534_/X
 _30535_/Y
 _30536_/Y
 _30537_/Y
 _30538_/Y
 _30539_/Y
 _30540_/Y
 _30541_/Y
 _30542_/Y
 _30543_/Y
 _30544_/Y
 _30545_/Y
 _30546_/X
 _30547_/X
 _30548_/Y
 _30549_/X
 _30550_/X
 _30551_/Y
 _30552_/X
 _30553_/X
 _30554_/Y
 _30555_/Y
 _30556_/X
 _30557_/Y
 _30558_/X
 _30559_/X
 _30560_/X
 _30561_/Y
 _30562_/Y
 _30563_/X
 _30564_/X
 _30565_/Y
 _30566_/Y
 _30567_/Y
 _30568_/X
 _30569_/Y
 _30570_/X
 _30571_/X
 _30572_/Y
 _30573_/Y
 _30574_/X
 _30575_/Y
 _30576_/Y
 _30577_/Y
 _30578_/Y
 _30579_/X
 _30580_/Y
 _30581_/X
 _30582_/Y
 _30583_/Y
 _30584_/X
 _30585_/Y
 _30586_/Y
 _30587_/X
 _30588_/X
 _30589_/Y
 _30590_/Y
 _30591_/Y
 _30592_/X
 _30593_/Y
 _30594_/Y
 _30595_/X
 _30596_/Y
 _30597_/X
 _30598_/Y
 _30599_/X
 _30600_/Y
 _30601_/X
 _30602_/Y
 _30603_/Y
 _30604_/Y
 _30605_/Y
 _30606_/X
 _30607_/X
 _30608_/X
 _30609_/X
 _30610_/X
 _30611_/X
 _30612_/X
 _30613_/X
 _30614_/Y
 _30615_/X
 _30616_/Y
 _30617_/X
 _30618_/Y
 _30619_/X
 _30620_/X
 _30621_/X
 _30622_/Y
 _30623_/Y
 _30624_/Y
 _30625_/X
 _30626_/Y
 _30627_/Y
 _30628_/X
 _30629_/X
 _30630_/X
 _30631_/Y
 _30632_/Y
 _30633_/Y
 _30634_/Y
 _30635_/X
 _30636_/X
 _30637_/Y
 _30638_/Y
 _30639_/X
 _30640_/Y
 _30641_/Y
 _30642_/Y
 _30643_/X
 _30644_/Y
 _30645_/X
 _30646_/Y
 _30647_/Y
 _30648_/Y
 _30649_/Y
 _30650_/Y
 _30651_/X
 _30652_/Y
 _30653_/X
 _30654_/X
 _30655_/X
 _30656_/Y
 _30657_/Y
 _30658_/X
 _30659_/Y
 _30660_/X
 _30661_/Y
 _30662_/X
 _30663_/X
 _30664_/Y
 _30665_/X
 _30666_/X
 _30667_/X
 _30668_/Y
 _30669_/X
 _30670_/Y
 _30671_/Y
 _30672_/X
 _30673_/X
 _30674_/Y
 _30675_/X
 _30676_/X
 _30677_/X
 _30678_/Y
 _30679_/Y
 _30680_/X
 _30681_/X
 _30682_/X
 _30683_/Y
 _30684_/X
 _30685_/X
 _30686_/Y
 _30687_/X
 _30688_/X
 _30689_/Y
 _30690_/Y
 _30691_/X
 _30692_/Y
 _30693_/X
 _30694_/Y
 _30695_/Y
 _30696_/Y
 _30697_/X
 _30698_/X
 _30699_/X
 _30700_/Y
 _30701_/X
 _30702_/X
 _30703_/Y
 _30704_/Y
 _30705_/Y
 _30706_/X
 _30707_/Y
 _30708_/Y
 _30709_/Y
 _30710_/X
 _30711_/Y
 _30712_/X
 _30713_/X
 _30714_/X
 _30715_/Y
 _30716_/Y
 _30717_/Y
 _30718_/X
 _30719_/X
 _30720_/X
 _30721_/Y
 _30722_/X
 _30723_/X
 _30724_/Y
 _30725_/X
 _30726_/X
 _30727_/Y
 _30728_/Y
 _30729_/X
 _30730_/X
 _30731_/Y
 _30732_/X
 _30733_/X
 _30734_/Y
 _30735_/Y
 _30736_/Y
 _30737_/Y
 _30738_/Y
 _30739_/Y
 _30740_/X
 _30741_/X
 _30742_/Y
 _30743_/X
 _30744_/X
 _30745_/Y
 _30746_/X
 _30747_/Y
 _30748_/Y
 _30749_/X
 _30750_/X
 _30751_/Y
 _30752_/Y
 _30753_/X
 _30754_/X
 _30755_/Y
 _30756_/Y
 _30757_/Y
 _30758_/Y
 _30759_/Y
 _30760_/Y
 _30761_/Y
 _30762_/Y
 _30763_/X
 _30764_/Y
 _30765_/Y
 _30766_/X
 _30767_/Y
 _30768_/X
 _30769_/Y
 _30770_/Y
 _30771_/X
 _30772_/Y
 _30773_/X
 _30774_/Y
 _30775_/X
 _30776_/Y
 _30777_/X
 _30778_/X
 _30779_/X
 _30780_/X
 _30781_/X
 _30782_/X
 _30783_/Y
 _30784_/Y
 _30785_/Y
 _30786_/X
 _30787_/X
 _30788_/Y
 _30789_/Y
 _30790_/Y
 _30791_/Y
 _30792_/Y
 _30793_/Y
 _30794_/X
 _30795_/X
 _30796_/Y
 _30797_/Y
 _30798_/X
 _30799_/X
 _30800_/X
 _30801_/Y
 _30802_/Y
 _30803_/Y
 _30804_/Y
 _30805_/X
 _30806_/Y
 _30807_/Y
 _30808_/X
 _30809_/X
 _30810_/X
 _30811_/X
 _30812_/X
 _30813_/Y
 _30814_/Y
 _30815_/Y
 _30816_/Y
 _30817_/Y
 _30818_/X
 _30819_/Y
 _30820_/Y
 _30821_/Y
 _30822_/X
 _30823_/X
 _30824_/Y
 _30825_/X
 _30826_/X
 _30827_/X
 _30828_/X
 _30829_/X
 _30830_/Y
 _30831_/X
 _30832_/Y
 _30833_/Y
 _30834_/Y
 _30835_/X
 _30836_/Y
 _30837_/Y
 _30838_/Y
 _30839_/Y
 _30840_/Y
 _30841_/Y
 _30842_/Y
 _30843_/X
 _30844_/Y
 _30845_/Y
 _30846_/Y
 _30847_/Y
 _30848_/Y
 _30849_/Y
 _30850_/Y
 _30851_/Y
 _30852_/Y
 _30853_/X
 _30854_/Y
 _30855_/Y
 _30856_/Y
 _30857_/X
 _30858_/X
 _30859_/X
 _30860_/Y
 _30861_/Y
 _30862_/X
 _30863_/Y
 _30864_/Y
 _30865_/X
 _30866_/Y
 _30867_/Y
 _30868_/Y
 _30869_/Y
 _30870_/Y
 _30871_/X
 _30872_/X
 _30873_/Y
 _30874_/X
 _30875_/X
 _30876_/X
 _30877_/Y
 _30878_/Y
 _30879_/Y
 _30880_/Y
 _30881_/X
 _30882_/Y
 _30883_/Y
 _30884_/X
 _30885_/X
 _30886_/Y
 _30887_/Y
 _30888_/Y
 _30889_/X
 _30890_/Y
 _30891_/Y
 _30892_/Y
 _30893_/X
 _30894_/Y
 _30895_/Y
 _30896_/Y
 _30897_/X
 _30898_/Y
 _30899_/Y
 _30900_/Y
 _30901_/X
 _30902_/Y
 _30903_/X
 _30904_/Y
 _30905_/X
 _30906_/Y
 _30907_/Y
 _30908_/X
 _30909_/Y
 _30910_/Y
 _30911_/X
 _30912_/Y
 _30913_/Y
 _30914_/Y
 _30915_/Y
 _30916_/X
 _30917_/Y
 _30918_/X
 _30919_/Y
 _30920_/X
 _30921_/X
 _30922_/Y
 _30923_/X
 _30924_/X
 _30925_/Y
 _30926_/Y
 _30927_/X
 _30928_/X
 _30929_/Y
 _30930_/X
 _30931_/Y
 _30932_/Y
 _30933_/Y
 _30934_/Y
 _30935_/Y
 _30936_/Y
 _30937_/X
 _30938_/Y
 _30939_/Y
 _30940_/Y
 _30941_/Y
 _30942_/Y
 _30943_/X
 _30944_/Y
 _30945_/X
 _30946_/Y
 _30947_/Y
 _30948_/Y
 _30949_/Y
 _30950_/X
 _30951_/Y
 _30952_/X
 _30953_/X
 _30954_/Y
 _30955_/X
 _30956_/X
 _30957_/X
 _30958_/X
 _30959_/X
 _30960_/X
 _30961_/X
 _30962_/Y
 _30963_/Y
 _30964_/X
 _30965_/X
 _30966_/X
 _30967_/Y
 _30968_/Y
 _30969_/Y
 _30970_/Y
 _30971_/Y
 _30972_/Y
 _30973_/X
 _30974_/Y
 _30975_/Y
 _30976_/X
 _30977_/Y
 _30978_/Y
 _30979_/X
 _30980_/X
 _30981_/X
 _30982_/Y
 _30983_/Y
 _30984_/X
 _30985_/X
 _30986_/X
 _30987_/Y
 _30988_/X
 _30989_/X
 _30990_/X
 _30991_/X
 _30992_/Y
 _30993_/X
 _30994_/X
 _30995_/X
 _30996_/Y
 _30997_/Y
 _30998_/X
 _30999_/Y
 _31000_/Y
 _31001_/Y
 _31002_/Y
 _31003_/Y
 _31004_/X
 _31005_/X
 _31006_/Y
 _31007_/Y
 _31008_/Y
 _31009_/Y
 _31010_/Y
 _31011_/Y
 _31012_/Y
 _31013_/Y
 _31014_/X
 _31015_/Y
 _31016_/Y
 _31017_/X
 _31018_/X
 _31019_/X
 _31020_/X
 _31021_/Y
 _31022_/X
 _31023_/Y
 _31024_/X
 _31025_/Y
 _31026_/Y
 _31027_/Y
 _31028_/X
 _31029_/X
 _31030_/X
 _31031_/Y
 _31032_/X
 _31033_/X
 _31034_/Y
 _31035_/X
 _31036_/Y
 _31037_/X
 _31038_/Y
 _31039_/Y
 _31040_/X
 _31041_/Y
 _31042_/X
 _31043_/X
 _31044_/X
 _31045_/Y
 _31046_/Y
 _31047_/X
 _31048_/X
 _31049_/Y
 _31050_/Y
 _31051_/Y
 _31052_/X
 _31053_/Y
 _31054_/X
 _31055_/X
 _31056_/Y
 _31057_/X
 _31058_/X
 _31059_/Y
 _31060_/Y
 _31061_/Y
 _31062_/X
 _31063_/Y
 _31064_/Y
 _31065_/Y
 _31066_/X
 _31067_/Y
 _31068_/X
 _31069_/X
 _31070_/Y
 _31071_/Y
 _31072_/X
 _31073_/X
 _31074_/Y
 _31075_/Y
 _31076_/Y
 _31077_/X
 _31078_/Y
 _31079_/Y
 _31080_/Y
 _31081_/X
 _31082_/X
 _31083_/Y
 _31084_/X
 _31085_/X
 _31086_/X
 _31087_/X
 _31088_/Y
 _31089_/Y
 _31090_/Y
 _31091_/X
 _31092_/Y
 _31093_/X
 _31094_/Y
 _31095_/X
 _31096_/X
 _31097_/Y
 _31098_/Y
 _31099_/X
 _31100_/X
 _31101_/Y
 _31102_/X
 _31103_/X
 _31104_/X
 _31105_/Y
 _31106_/Y
 _31107_/X
 _31108_/X
 _31109_/Y
 _31110_/Y
 _31111_/X
 _31112_/X
 _31113_/X
 _31114_/Y
 _31115_/Y
 _31116_/Y
 _31117_/X
 _31118_/Y
 _31119_/X
 _31120_/X
 _31121_/Y
 _31122_/Y
 _31123_/X
 _31124_/Y
 _31125_/Y
 _31126_/Y
 _31127_/X
 _31128_/X
 _31129_/Y
 _31130_/X
 _31131_/X
 _31132_/X
 _31133_/X
 _31134_/X
 _31135_/Y
 _31136_/X
 _31137_/Y
 _31138_/Y
 _31139_/X
 _31140_/Y
 _31141_/Y
 _31142_/Y
 _31143_/Y
 _31144_/Y
 _31145_/Y
 _31146_/X
 _31147_/X
 _31148_/X
 _31149_/Y
 _31150_/X
 _31151_/X
 _31152_/X
 _31153_/X
 _31154_/Y
 _31155_/Y
 _31156_/X
 _31157_/Y
 _31158_/Y
 _31159_/Y
 _31160_/X
 _31161_/X
 _31162_/X
 _31163_/Y
 _31164_/X
 _31165_/X
 _31166_/X
 _31167_/X
 _31168_/Y
 _31169_/Y
 _31170_/Y
 _31171_/X
 _31172_/X
 _31173_/X
 _31174_/X
 _31175_/X
 _31176_/Y
 _31177_/X
 _31178_/X
 _31179_/X
 _31180_/Y
 _31181_/X
 _31182_/X
 _31183_/Y
 _31184_/Y
 _31185_/Y
 _31186_/X
 _31187_/X
 _31188_/Y
 _31189_/Y
 _31190_/Y
 _31191_/X
 _31192_/X
 _31193_/Y
 _31194_/X
 _31195_/Y
 _31196_/Y
 _31197_/Y
 _31198_/X
 _31199_/X
 _31200_/X
 _31201_/Y
 _31202_/X
 _31203_/X
 _31204_/X
 _31205_/X
 _31206_/Y
 _31207_/Y
 _31208_/Y
 _31209_/X
 _31210_/X
 _31211_/X
 _31212_/Y
 _31213_/X
 _31214_/X
 _31215_/X
 _31216_/X
 _31217_/X
 _31218_/X
 _31219_/Y
 _31220_/X
 _31221_/X
 _31222_/X
 _31223_/Y
 _31224_/X
 _31225_/Y
 _31226_/X
 _31227_/X
 _31228_/X
 _31229_/X
 _31230_/X
 _31231_/Y
 _31232_/Y
 _31233_/X
 _31234_/Y
 _31235_/Y
 _31236_/X
 _31237_/X
 _31238_/Y
 _31239_/X
 _31240_/X
 _31241_/X
 _31242_/Y
 _31243_/Y
 _31244_/X
 _31245_/Y
 _31246_/X
 _31247_/X
 _31248_/X
 _31249_/Y
 _31250_/Y
 _31251_/Y
 _31252_/X
 _31253_/X
 _31254_/X
 _31255_/Y
 _31256_/X
 _31257_/Y
 _31258_/X
 _31259_/X
 _31260_/Y
 _31261_/X
 _31262_/X
 _31263_/Y
 _31264_/Y
 _31265_/X
 _31266_/Y
 _31267_/X
 _31268_/Y
 _31269_/Y
 _31270_/Y
 _31271_/X
 _31272_/Y
 _31273_/X
 _31274_/Y
 _31275_/Y
 _31276_/X
 _31277_/Y
 _31278_/Y
 _31279_/Y
 _31280_/Y
 _31281_/X
 _31282_/Y
 _31283_/Y
 _31284_/X
 _31285_/X
 _31286_/X
 _31287_/Y
 _31288_/Y
 _31289_/Y
 _31290_/X
 _31291_/X
 _31292_/X
 _31293_/X
 _31294_/Y
 _31295_/X
 _31296_/X
 _31297_/X
 _31298_/Y
 _31299_/X
 _31300_/Y
 _31301_/Y
 _31302_/X
 _31303_/Y
 _31304_/Y
 _31305_/Y
 _31306_/X
 _31307_/X
 _31308_/Y
 _31309_/Y
 _31310_/X
 _31311_/Y
 _31312_/X
 _31313_/Y
 _31314_/Y
 _31315_/Y
 _31316_/X
 _31317_/Y
 _31318_/Y
 _31319_/Y
 _31320_/Y
 _31321_/X
 _31322_/Y
 _31323_/X
 _31324_/Y
 _31325_/Y
 _31326_/Y
 _31327_/Y
 _31328_/X
 _31329_/X
 _31330_/Y
 _31331_/Y
 _31332_/Y
 _31333_/Y
 _31334_/Y
 _31335_/X
 _31336_/X
 _31337_/Y
 _31338_/X
 _31339_/X
 _31340_/X
 _31341_/X
 _31342_/X
 _31343_/X
 _31344_/Y
 _31345_/Y
 _31346_/Y
 _31347_/X
 _31348_/Y
 _31349_/Y
 _31350_/Y
 _31351_/X
 _31352_/Y
 _31353_/X
 _31354_/Y
 _31355_/Y
 _31356_/X
 _31357_/Y
 _31358_/Y
 _31359_/X
 _31360_/X
 _31361_/Y
 _31362_/Y
 _31363_/Y
 _31364_/Y
 _31365_/Y
 _31366_/X
 _31367_/Y
 _31368_/X
 _31369_/Y
 _31370_/Y
 _31371_/Y
 _31372_/X
 _31373_/Y
 _31374_/X
 _31375_/Y
 _31376_/Y
 _31377_/X
 _31378_/X
 _31379_/X
 _31380_/Y
 _31381_/Y
 _31382_/Y
 _31383_/Y
 _31384_/Y
 _31385_/Y
 _31386_/Y
 _31387_/X
 _31388_/X
 _31389_/Y
 _31390_/X
 _31391_/X
 _31392_/X
 _31393_/Y
 _31394_/X
 _31395_/Y
 _31396_/Y
 _31397_/Y
 _31398_/Y
 _31399_/Y
 _31400_/X
 _31401_/Y
 _31402_/Y
 _31403_/Y
 _31404_/Y
 _31405_/Y
 _31406_/X
 _31407_/Y
 _31408_/X
 _31409_/Y
 _31410_/Y
 _31411_/Y
 _31412_/Y
 _31413_/Y
 _31414_/Y
 _31415_/X
 _31416_/Y
 _31417_/Y
 _31418_/X
 _31419_/X
 _31420_/Y
 _31421_/X
 _31422_/Y
 _31423_/X
 _31424_/Y
 _31425_/Y
 _31426_/X
 _31427_/X
 _31428_/X
 _31429_/X
 _31430_/X
 _31431_/X
 _31432_/X
 _31433_/Y
 _31434_/Y
 _31435_/X
 _31436_/X
 _31437_/X
 _31438_/X
 _31439_/X
 _31440_/Y
 _31441_/X
 _31442_/X
 _31443_/X
 _31444_/Y
 _31445_/Y
 _31446_/Y
 _31447_/Y
 _31448_/Y
 _31449_/Y
 _31450_/Y
 _31451_/X
 _31452_/X
 _31453_/Y
 _31454_/Y
 _31455_/X
 _31456_/Y
 _31457_/Y
 _31458_/Y
 _31459_/Y
 _31460_/Y
 _31461_/Y
 _31462_/Y
 _31463_/Y
 _31464_/X
 _31465_/X
 _31466_/X
 _31467_/Y
 _31468_/X
 _31469_/Y
 _31470_/Y
 _31471_/Y
 _31472_/X
 _31473_/Y
 _31474_/Y
 _31475_/Y
 _31476_/X
 _31477_/X
 _31478_/X
 _31479_/X
 _31480_/X
 _31481_/X
 _31482_/Y
 _31483_/X
 _31484_/X
 _31485_/X
 _31486_/Y
 _31487_/Y
 _31488_/X
 _31489_/Y
 _31490_/Y
 _31491_/Y
 _31492_/Y
 _31493_/Y
 _31494_/Y
 _31495_/Y
 _31496_/Y
 _31497_/X
 _31498_/Y
 _31499_/Y
 _31500_/Y
 _31501_/Y
 _31502_/Y
 _31503_/X
 _31504_/Y
 _31505_/Y
 _31506_/Y
 _31507_/Y
 _31508_/Y
 _31509_/Y
 _31510_/X
 _31511_/X
 _31512_/Y
 _31513_/Y
 _31514_/X
 _31515_/Y
 _31516_/Y
 _31517_/Y
 _31518_/X
 _31519_/X
 _31520_/Y
 _31521_/X
 _31522_/X
 _31523_/Y
 _31524_/X
 _31525_/X
 _31526_/X
 _31527_/X
 _31528_/X
 _31529_/X
 _31530_/Y
 _31531_/Y
 _31532_/X
 _31533_/Y
 _31534_/X
 _31535_/X
 _31536_/X
 _31537_/Y
 _31538_/X
 _31539_/X
 _31540_/Y
 _31541_/X
 _31542_/Y
 _31543_/X
 _31544_/Y
 _31545_/X
 _31546_/X
 _31547_/Y
 _31548_/X
 _31549_/X
 _31550_/X
 _31551_/Y
 _31552_/Y
 _31553_/Y
 _31554_/Y
 _31555_/Y
 _31556_/X
 _31557_/X
 _31558_/X
 _31559_/Y
 _31560_/Y
 _31561_/X
 _31562_/Y
 _31563_/Y
 _31564_/X
 _31565_/Y
 _31566_/Y
 _31567_/Y
 _31568_/X
 _31569_/Y
 _31570_/Y
 _31571_/Y
 _31572_/X
 _31573_/Y
 _31574_/Y
 _31575_/X
 _31576_/Y
 _31577_/X
 _31578_/Y
 _31579_/Y
 _31580_/Y
 _31581_/Y
 _31582_/Y
 _31583_/X
 _31584_/Y
 _31585_/Y
 _31586_/Y
 _31587_/Y
 _31588_/Y
 _31589_/Y
 _31590_/X
 _31591_/Y
 _31592_/Y
 _31593_/Y
 _31594_/X
 _31595_/X
 _31596_/X
 _31597_/Y
 _31598_/Y
 _31599_/X
 _31600_/Y
 _31601_/X
 _31602_/Y
 _31603_/Y
 _31604_/Y
 _31605_/Y
 _31606_/Y
 _31607_/Y
 _31608_/Y
 _31609_/Y
 _31610_/Y
 _31611_/Y
 _31612_/X
 _31613_/Y
 _31614_/X
 _31615_/Y
 _31616_/X
 _31617_/Y
 _31618_/Y
 _31619_/Y
 _31620_/Y
 _31621_/Y
 _31622_/Y
 _31623_/X
 _31624_/X
 _31625_/X
 _31626_/Y
 _31627_/Y
 _31628_/Y
 _31629_/Y
 _31630_/Y
 _31631_/X
 _31632_/Y
 _31633_/Y
 _31634_/X
 _31635_/X
 _31636_/Y
 _31637_/X
 _31638_/Y
 _31639_/Y
 _31640_/Y
 _31641_/Y
 _31642_/X
 _31643_/X
 _31644_/X
 _31645_/Y
 _31646_/X
 _31647_/X
 _31648_/X
 _31649_/X
 _31650_/Y
 _31651_/Y
 _31652_/Y
 _31653_/X
 _31654_/Y
 _31655_/Y
 _31656_/X
 _31657_/X
 _31658_/X
 _31659_/Y
 _31660_/X
 _31661_/Y
 _31662_/Y
 _31663_/X
 _31664_/X
 _31665_/Y
 _31666_/X
 _31667_/Y
 _31668_/X
 _31669_/X
 _31670_/Y
 _31671_/X
 _31672_/Y
 _31673_/Y
 _31674_/Y
 _31675_/Y
 _31676_/Y
 _31677_/X
 _31678_/X
 _31679_/Y
 _31680_/Y
 _31681_/X
 _31682_/X
 _31683_/Y
 _31684_/Y
 _31685_/X
 _31686_/Y
 _31687_/X
 _31688_/X
 _31689_/Y
 _31690_/X
 _31691_/X
 _31692_/X
 _31693_/Y
 _31694_/Y
 _31695_/X
 _31696_/X
 _31697_/X
 _31698_/Y
 _31699_/X
 _31700_/X
 _31701_/Y
 _31702_/Y
 _31703_/X
 _31704_/Y
 _31705_/Y
 _31706_/Y
 _31707_/Y
 _31708_/Y
 _31709_/X
 _31710_/Y
 _31711_/X
 _31712_/Y
 _31713_/Y
 _31714_/X
 _31715_/Y
 _31716_/X
 _31717_/X
 _31718_/X
 _31719_/Y
 _31720_/X
 _31721_/X
 _31722_/X
 _31723_/X
 _31724_/Y
 _31725_/X
 _31726_/X
 _31727_/Y
 _31728_/Y
 _31729_/X
 _31730_/X
 _31731_/Y
 _31732_/Y
 _31733_/Y
 _31734_/X
 _31735_/Y
 _31736_/X
 _31737_/X
 _31738_/X
 _31739_/X
 _31740_/Y
 _31741_/X
 _31742_/X
 _31743_/X
 _31744_/X
 _31745_/X
 _31746_/X
 _31747_/X
 _31748_/X
 _31749_/X
 _31750_/X
 _31751_/X
 _31752_/Y
 _31753_/X
 _31754_/Y
 _31755_/X
 _31756_/X
 _31757_/Y
 _31758_/Y
 _31759_/X
 _31760_/X
 _31761_/Y
 _31762_/X
 _31763_/Y
 _31764_/Y
 _31765_/X
 _31766_/Y
 _31767_/Y
 _31768_/X
 _31769_/Y
 _31770_/X
 _31771_/X
 _31772_/X
 _31773_/X
 _31774_/Y
 _31775_/X
 _31776_/Y
 _31777_/X
 _31778_/X
 _31779_/Y
 _31780_/Y
 _31781_/X
 _31782_/X
 _31783_/X
 _31784_/Y
 _31785_/X
 _31786_/X
 _31787_/Y
 _31788_/X
 _31789_/Y
 _31790_/Y
 _31791_/Y
 _31792_/Y
 _31793_/Y
 _31794_/Y
 _31795_/X
 _31796_/X
 _31797_/Y
 _31798_/Y
 _31799_/Y
 _31800_/Y
 _31801_/X
 _31802_/Y
 _31803_/X
 _31804_/X
 _31805_/Y
 _31806_/Y
 _31807_/Y
 _31808_/X
 _31809_/X
 _31810_/X
 _31811_/Y
 _31812_/Y
 _31813_/X
 _31814_/Y
 _31815_/X
 _31816_/Y
 _31817_/X
 _31818_/Y
 _31819_/Y
 _31820_/X
 _31821_/X
 _31822_/Y
 _31823_/Y
 _31824_/Y
 _31825_/Y
 _31826_/X
 _31827_/Y
 _31828_/Y
 _31829_/Y
 _31830_/Y
 _31831_/X
 _31832_/X
 _31833_/Y
 _31834_/X
 _31835_/Y
 _31836_/Y
 _31837_/X
 _31838_/X
 _31839_/X
 _31840_/Y
 _31841_/Y
 _31842_/Y
 _31843_/X
 _31844_/Y
 _31845_/Y
 _31846_/X
 _31847_/X
 _31848_/Y
 _31849_/X
 _31850_/Y
 _31851_/Y
 _31852_/Y
 _31853_/Y
 _31854_/Y
 _31855_/Y
 _31856_/Y
 _31857_/Y
 _31858_/X
 _31859_/Y
 _31860_/Y
 _31861_/X
 _31862_/X
 _31863_/Y
 _31864_/X
 _31865_/Y
 _31866_/Y
 _31867_/X
 _31868_/X
 _31869_/X
 _31870_/Y
 _31871_/Y
 _31872_/Y
 _31873_/Y
 _31874_/X
 _31875_/X
 _31876_/Y
 _31877_/X
 _31878_/X
 _31879_/Y
 _31880_/Y
 _31881_/Y
 _31882_/Y
 _31883_/Y
 _31884_/Y
 _31885_/X
 _31886_/X
 _31887_/Y
 _31888_/X
 _31889_/X
 _31890_/X
 _31891_/Y
 _31892_/X
 _31893_/X
 _31894_/X
 _31895_/X
 _31896_/X
 _31897_/Y
 _31898_/Y
 _31899_/Y
 _31900_/Y
 _31901_/X
 _31902_/Y
 _31903_/X
 _31904_/Y
 _31905_/Y
 _31906_/Y
 _31907_/X
 _31908_/X
 _31909_/Y
 _31910_/X
 _31911_/Y
 _31912_/X
 _31913_/X
 _31914_/Y
 _31915_/Y
 _31916_/Y
 _31917_/X
 _31918_/X
 _31919_/X
 _31920_/Y
 _31921_/Y
 _31922_/Y
 _31923_/Y
 _31924_/Y
 _31925_/X
 _31926_/X
 _31927_/X
 _31928_/X
 _31929_/X
 _31930_/Y
 _31931_/Y
 _31932_/Y
 _31933_/Y
 _31934_/Y
 _31935_/Y
 _31936_/Y
 _31937_/Y
 _31938_/Y
 _31939_/Y
 _31940_/Y
 _31941_/X
 _31942_/X
 _31943_/X
 _31944_/Y
 _31945_/Y
 _31946_/X
 _31947_/Y
 _31948_/Y
 _31949_/Y
 _31950_/X
 _31951_/X
 _31952_/Y
 _31953_/X
 _31954_/Y
 _31955_/Y
 _31956_/Y
 _31957_/Y
 _31958_/Y
 _31959_/X
 _31960_/Y
 _31961_/Y
 _31962_/X
 _31963_/X
 _31964_/X
 _31965_/X
 _31966_/X
 _31967_/Y
 _31968_/Y
 _31969_/Y
 _31970_/X
 _31971_/Y
 _31972_/Y
 _31973_/X
 _31974_/X
 _31975_/X
 _31976_/X
 _31977_/X
 _31978_/X
 _31979_/Y
 _31980_/Y
 _31981_/Y
 _31982_/Y
 _31983_/Y
 _31984_/Y
 _31985_/X
 _31986_/X
 _31987_/Y
 _31988_/Y
 _31989_/X
 _31990_/Y
 _31991_/Y
 _31992_/Y
 _31993_/X
 _31994_/X
 _31995_/Y
 _31996_/X
 _31997_/X
 _31998_/Y
 _31999_/X
 _32000_/Y
 _32001_/Y
 _32002_/Y
 _32003_/X
 _32004_/Y
 _32005_/X
 _32006_/X
 _32007_/X
 _32008_/X
 _32009_/Y
 _32010_/Y
 _32011_/Y
 _32012_/X
 _32013_/X
 _32014_/Y
 _32015_/Y
 _32016_/Y
 _32017_/X
 _32018_/Y
 _32019_/X
 _32020_/X
 _32021_/Y
 _32022_/Y
 _32023_/Y
 _32024_/X
 _32025_/X
 _32026_/X
 _32027_/X
 _32028_/Y
 _32029_/Y
 _32030_/X
 _32031_/Y
 _32032_/X
 _32033_/Y
 _32034_/Y
 _32035_/Y
 _32036_/X
 _32037_/X
 _32038_/Y
 _32039_/Y
 _32040_/X
 _32041_/Y
 _32042_/Y
 _32043_/X
 _32044_/Y
 _32045_/Y
 _32046_/X
 _32047_/Y
 _32048_/Y
 _32049_/Y
 _32050_/Y
 _32051_/Y
 _32052_/X
 _32053_/Y
 _32054_/X
 _32055_/X
 _32056_/Y
 _32057_/Y
 _32058_/Y
 _32059_/X
 _32060_/Y
 _32061_/Y
 _32062_/Y
 _32063_/Y
 _32064_/Y
 _32065_/Y
 _32066_/X
 _32067_/Y
 _32068_/Y
 _32069_/Y
 _32070_/X
 _32071_/X
 _32072_/X
 _32073_/Y
 _32074_/Y
 _32075_/X
 _32076_/Y
 _32077_/Y
 _32078_/X
 _32079_/Y
 _32080_/Y
 _32081_/Y
 _32082_/Y
 _32083_/Y
 _32084_/X
 _32085_/X
 _32086_/Y
 _32087_/X
 _32088_/Y
 _32089_/Y
 _32090_/X
 _32091_/Y
 _32092_/Y
 _32093_/X
 _32094_/Y
 _32095_/X
 _32096_/X
 _32097_/Y
 _32098_/Y
 _32099_/Y
 _32100_/Y
 _32101_/X
 _32102_/X
 _32103_/X
 _32104_/Y
 _32105_/Y
 _32106_/Y
 _32107_/Y
 _32108_/Y
 _32109_/Y
 _32110_/Y
 _32111_/X
 _32112_/Y
 _32113_/Y
 _32114_/X
 _32115_/X
 _32116_/Y
 _32117_/Y
 _32118_/X
 _32119_/X
 _32120_/X
 _32121_/Y
 _32122_/X
 _32123_/Y
 _32124_/X
 _32125_/X
 _32126_/Y
 _32127_/X
 _32128_/X
 _32129_/X
 _32130_/X
 _32131_/Y
 _32132_/Y
 _32133_/X
 _32134_/X
 _32135_/X
 _32136_/Y
 _32137_/Y
 _32138_/Y
 _32139_/Y
 _32140_/X
 _32141_/Y
 _32142_/X
 _32143_/X
 _32144_/X
 _32145_/Y
 _32146_/X
 _32147_/Y
 _32148_/Y
 _32149_/X
 _32150_/X
 _32151_/X
 _32152_/X
 _32153_/Y
 _32154_/X
 _32155_/X
 _32156_/X
 _32157_/X
 _32158_/X
 _32159_/Y
 _32160_/X
 _32161_/Y
 _32162_/Y
 _32163_/Y
 _32164_/X
 _32165_/X
 _32166_/X
 _32167_/Y
 _32168_/Y
 _32169_/Y
 _32170_/X
 _32171_/X
 _32172_/Y
 _32173_/Y
 _32174_/Y
 _32175_/X
 _32176_/X
 _32177_/Y
 _32178_/Y
 _32179_/X
 _32180_/X
 _32181_/X
 _32182_/Y
 _32183_/X
 _32184_/X
 _32185_/X
 _32186_/X
 _32187_/X
 _32188_/X
 _32189_/Y
 _32190_/Y
 _32191_/Y
 _32192_/X
 _32193_/Y
 _32194_/Y
 _32195_/X
 _32196_/Y
 _32197_/X
 _32198_/X
 _32199_/X
 _32200_/Y
 _32201_/Y
 _32202_/Y
 _32203_/X
 _32204_/X
 _32205_/X
 _32206_/X
 _32207_/X
 _32208_/X
 _32209_/X
 _32210_/X
 _32211_/X
 _32212_/X
 _32213_/X
 _32214_/Y
 _32215_/Y
 _32216_/X
 _32217_/X
 _32218_/Y
 _32219_/Y
 _32220_/X
 _32221_/X
 _32222_/Y
 _32223_/X
 _32224_/Y
 _32225_/Y
 _32226_/X
 _32227_/Y
 _32228_/Y
 _32229_/Y
 _32230_/Y
 _32231_/X
 _32232_/X
 _32233_/Y
 _32234_/Y
 _32235_/Y
 _32236_/Y
 _32237_/Y
 _32238_/Y
 _32239_/Y
 _32240_/X
 _32241_/X
 _32242_/X
 _32243_/X
 _32244_/Y
 _32245_/X
 _32246_/X
 _32247_/Y
 _32248_/Y
 _32249_/X
 _32250_/Y
 _32251_/Y
 _32252_/Y
 _32253_/Y
 _32254_/X
 _32255_/X
 _32256_/Y
 _32257_/Y
 _32258_/X
 _32259_/Y
 _32260_/Y
 _32261_/X
 _32262_/Y
 _32263_/Y
 _32264_/Y
 _32265_/Y
 _32266_/Y
 _32267_/Y
 _32268_/Y
 _32269_/Y
 _32270_/Y
 _32271_/Y
 _32272_/Y
 _32273_/Y
 _32274_/X
 _32275_/Y
 _32276_/X
 _32277_/Y
 _32278_/Y
 _32279_/Y
 _32280_/Y
 _32281_/Y
 _32282_/X
 _32283_/X
 _32284_/Y
 _32285_/Y
 _32286_/Y
 _32287_/X
 _32288_/X
 _32289_/X
 _32290_/X
 _32291_/X
 _32292_/X
 _32293_/X
 _32294_/X
 _32295_/Y
 _32296_/Y
 _32297_/Y
 _32298_/X
 _32299_/X
 _32300_/X
 _32301_/Y
 _32302_/Y
 _32303_/X
 _32304_/Y
 _32305_/Y
 _32306_/Y
 _32307_/X
 _32308_/Y
 _32309_/X
 _32310_/Y
 _32311_/Y
 _32312_/Y
 _32313_/X
 _32314_/X
 _32315_/Y
 _32316_/Y
 _32317_/Y
 _32318_/Y
 _32319_/Y
 _32320_/X
 _32321_/X
 _32322_/Y
 _32323_/X
 _32324_/Y
 _32325_/Y
 _32326_/X
 _32327_/Y
 _32328_/X
 _32329_/Y
 _32330_/Y
 _32331_/Y
 _32332_/X
 _32333_/X
 _32334_/Y
 _32335_/X
 _32336_/Y
 _32337_/Y
 _32338_/X
 _32339_/Y
 _32340_/X
 _32341_/X
 _32342_/Y
 _32343_/X
 _32344_/X
 _32345_/X
 _32346_/X
 _32347_/X
 _32348_/X
 _32349_/Y
 _32350_/Y
 _32351_/Y
 _32352_/Y
 _32353_/Y
 _32354_/X
 _32355_/Y
 _32356_/Y
 _32357_/X
 _32358_/Y
 _32359_/Y
 _32360_/Y
 _32361_/Y
 _32362_/Y
 _32363_/Y
 _32364_/X
 _32365_/X
 _32366_/Y
 _32367_/X
 _32368_/X
 _32369_/X
 _32370_/X
 _32371_/Y
 _32372_/X
 _32373_/Y
 _32374_/X
 _32375_/Y
 _32376_/X
 _32377_/X
 _32378_/Y
 _32379_/X
 _32380_/X
 _32381_/X
 _32382_/Y
 _32383_/Y
 _32384_/X
 _32385_/Y
 _32386_/Y
 _32387_/X
 _32388_/Y
 _32389_/Y
 _32390_/Y
 _32391_/Y
 _32392_/Y
 _32393_/Y
 _32394_/X
 _32395_/X
 _32396_/Y
 _32397_/Y
 _32398_/Y
 _32399_/Y
 _32400_/Y
 _32401_/X
 _32402_/X
 _32403_/Y
 _32404_/Y
 _32405_/Y
 _32406_/Y
 _32407_/Y
 _32408_/Y
 _32409_/Y
 _32410_/Y
 _32411_/X
 _32412_/Y
 _32413_/X
 _32414_/Y
 _32415_/Y
 _32416_/X
 _32417_/Y
 _32418_/X
 _32419_/Y
 _32420_/Y
 _32421_/Y
 _32422_/Y
 _32423_/Y
 _32424_/X
 _32425_/Y
 _32426_/X
 _32427_/Y
 _32428_/X
 _32429_/X
 _32430_/X
 _32431_/Y
 _32432_/Y
 _32433_/Y
 _32434_/Y
 _32435_/Y
 _32436_/Y
 _32437_/Y
 _32438_/Y
 _32439_/Y
 _32440_/Y
 _32441_/Y
 _32442_/Y
 _32443_/X
 _32444_/X
 _32445_/Y
 _32446_/Y
 _32447_/Y
 _32448_/Y
 _32449_/Y
 _32450_/Y
 _32451_/Y
 _32452_/X
 _32453_/X
 _32454_/Y
 _32455_/Y
 _32456_/X
 _32457_/Y
 _32458_/X
 _32459_/Y
 _32460_/Y
 _32461_/X
 _32462_/Y
 _32463_/Y
 _32464_/X
 _32465_/X
 _32466_/Y
 _32467_/Y
 _32468_/X
 _32469_/X
 _32470_/X
 _32471_/Y
 _32472_/X
 _32473_/X
 _32474_/Y
 _32475_/Y
 _32476_/X
 _32477_/X
 _32478_/X
 _32479_/Y
 _32480_/X
 _32481_/X
 _32482_/Y
 _32483_/Y
 _32484_/Y
 _32485_/X
 _32486_/Y
 _32487_/X
 _32488_/X
 _32489_/X
 _32490_/X
 _32491_/Y
 _32492_/Y
 _32493_/Y
 _32494_/Y
 _32495_/Y
 _32496_/X
 _32497_/X
 _32498_/Y
 _32499_/Y
 _32500_/Y
 _32501_/Y
 _32502_/Y
 _32503_/X
 _32504_/Y
 _32505_/Y
 _32506_/Y
 _32507_/X
 _32508_/X
 _32509_/Y
 _32510_/Y
 _32511_/Y
 _32512_/Y
 _32513_/Y
 _32514_/Y
 _32515_/Y
 _32516_/Y
 _32517_/Y
 _32518_/X
 _32519_/X
 _32520_/Y
 _32521_/Y
 _32522_/Y
 _32523_/Y
 _32524_/X
 _32525_/X
 _32526_/X
 _32527_/X
 _32528_/Y
 _32529_/Y
 _32530_/X
 _32531_/Y
 _32532_/Y
 _32533_/X
 _32534_/Y
 _32535_/Y
 _32536_/X
 _32537_/X
 _32538_/X
 _32539_/Y
 _32540_/Y
 _32541_/X
 _32542_/X
 _32543_/Y
 _32544_/Y
 _32545_/Y
 _32546_/Y
 _32547_/Y
 _32548_/Y
 _32549_/Y
 _32550_/X
 _32551_/Y
 _32552_/Y
 _32553_/Y
 _32554_/X
 _32555_/X
 _32556_/X
 _32557_/Y
 _32558_/Y
 _32559_/X
 _32560_/X
 _32561_/X
 _32562_/Y
 _32563_/X
 _32564_/X
 _32565_/X
 _32566_/X
 _32567_/Y
 _32568_/Y
 _32569_/Y
 _32570_/X
 _32571_/X
 _32572_/Y
 _32573_/X
 _32574_/Y
 _32575_/X
 _32576_/Y
 _32577_/X
 _32578_/X
 _32579_/X
 _32580_/X
 _32581_/Y
 _32582_/X
 _32583_/X
 _32584_/Y
 _32585_/Y
 _32586_/Y
 _32587_/X
 _32588_/Y
 _32589_/Y
 _32590_/Y
 _32591_/Y
 _32592_/Y
 _32593_/Y
 _32594_/X
 _32595_/X
 _32596_/X
 _32597_/Y
 _32598_/Y
 _32599_/Y
 _32600_/X
 _32601_/Y
 _32602_/X
 _32603_/Y
 _32604_/X
 _32605_/Y
 _32606_/Y
 _32607_/X
 _32608_/Y
 _32609_/Y
 _32610_/X
 _32611_/X
 _32612_/X
 _32613_/X
 _32614_/X
 _32615_/X
 _32616_/Y
 _32617_/X
 _32618_/X
 _32619_/Y
 _32620_/Y
 _32621_/Y
 _32622_/X
 _32623_/X
 _32624_/X
 _32625_/Y
 _32626_/Y
 _32627_/Y
 _32628_/X
 _32629_/Y
 _32630_/X
 _32631_/Y
 _32632_/X
 _32633_/Y
 _32634_/X
 _32635_/Y
 _32636_/Y
 _32637_/X
 _32638_/X
 _32639_/Y
 _32640_/X
 _32641_/X
 _32642_/Y
 _32643_/Y
 _32644_/X
 _32645_/Y
 _32646_/Y
 _32647_/Y
 _32648_/Y
 _32649_/X
 _32650_/X
 _32651_/X
 _32652_/Y
 _32653_/X
 _32654_/X
 _32655_/Y
 _32656_/X
 _32657_/X
 _32658_/X
 _32659_/Y
 _32660_/Y
 _32661_/Y
 _32662_/Y
 _32663_/X
 _32664_/X
 _32665_/Y
 _32666_/Y
 _32667_/X
 _32668_/X
 _32669_/Y
 _32670_/Y
 _32671_/X
 _32672_/X
 _32673_/X
 _32674_/Y
 _32675_/Y
 _32676_/X
 _32677_/X
 _32678_/X
 _32679_/X
 _32680_/X
 _32681_/X
 _32682_/X
 _32683_/X
 _32684_/Y
 _32685_/X
 _32686_/Y
 _32687_/Y
 _32688_/X
 _32689_/X
 _32690_/X
 _32691_/X
 _32692_/Y
 _32693_/Y
 _32694_/Y
 _32695_/X
 _32696_/X
 _32697_/X
 _32698_/Y
 _32699_/X
 _32700_/Y
 _32701_/X
 _32702_/X
 _32703_/Y
 _32704_/Y
 _32705_/X
 _32706_/X
 _32707_/Y
 _32708_/Y
 _32709_/X
 _32710_/X
 _32711_/Y
 _32712_/Y
 _32713_/X
 _32714_/Y
 _32715_/Y
 _32716_/X
 _32717_/X
 _32718_/Y
 _32719_/Y
 _32720_/Y
 _32721_/X
 _32722_/Y
 _32723_/X
 _32724_/Y
 _32725_/Y
 _32726_/Y
 _32727_/Y
 _32728_/Y
 _32729_/Y
 _32730_/X
 _32731_/X
 _32732_/Y
 _32733_/X
 _32734_/Y
 _32735_/Y
 _32736_/Y
 _32737_/X
 _32738_/X
 _32739_/Y
 _32740_/Y
 _32741_/Y
 _32742_/X
 _32743_/X
 _32744_/X
 _32745_/X
 _32746_/X
 _32747_/Y
 _32748_/X
 _32749_/X
 _32750_/X
 _32751_/Y
 _32752_/X
 _32753_/Y
 _32754_/X
 _32755_/X
 _32756_/Y
 _32757_/Y
 _32758_/X
 _32759_/Y
 _32760_/X
 _32761_/X
 _32762_/Y
 _32763_/X
 _32764_/Y
 _32765_/X
 _32766_/Y
 _32767_/Y
 _32768_/Y
 _32769_/Y
 _32770_/Y
 _32771_/X
 _32772_/Y
 _32773_/Y
 _32774_/X
 _32775_/X
 _32776_/Y
 _32777_/Y
 _32778_/X
 _32779_/X
 _32780_/X
 _32781_/X
 _32782_/Y
 _32783_/Y
 _32784_/Y
 _32785_/X
 _32786_/Y
 _32787_/Y
 _32788_/Y
 _32789_/Y
 _32790_/Y
 _32791_/X
 _32792_/X
 _32793_/X
 _32794_/X
 _32795_/Y
 _32796_/X
 _32797_/Y
 _32798_/Y
 _32799_/Y
 _32800_/X
 _32801_/X
 _32802_/Y
 _32803_/X
 _32804_/X
 _32805_/X
 _32806_/X
 _32807_/X
 _32808_/Y
 _32809_/Y
 _32810_/Y
 _32811_/X
 _32812_/Y
 _32813_/X
 _32814_/Y
 _32815_/Y
 _32816_/X
 _32817_/X
 _32818_/Y
 _32819_/X
 _32820_/X
 _32821_/Y
 _32822_/Y
 _32823_/X
 _32824_/Y
 _32825_/Y
 _32826_/Y
 _32827_/X
 _32828_/X
 _32829_/X
 _32830_/X
 _32831_/X
 _32832_/X
 _32833_/Y
 _32834_/Y
 _32835_/X
 _32836_/Y
 _32837_/Y
 _32838_/Y
 _32839_/Y
 _32840_/X
 _32841_/X
 _32842_/Y
 _32843_/X
 _32844_/Y
 _32845_/Y
 _32846_/Y
 _32847_/Y
 _32848_/Y
 _32849_/X
 _32850_/Y
 _32851_/X
 _32852_/Y
 _32853_/X
 _32854_/X
 _32855_/Y
 _32856_/X
 _32857_/Y
 _32858_/X
 _32859_/X
 _32860_/Y
 _32861_/Y
 _32862_/X
 _32863_/Y
 _32864_/Y
 _32865_/X
 _32866_/X
 _32867_/X
 _32868_/X
 _32869_/Y
 _32870_/X
 _32871_/Y
 _32872_/Y
 _32873_/Y
 _32874_/X
 _32875_/Y
 _32876_/X
 _32877_/Y
 _32878_/X
 _32879_/X
 _32880_/Y
 _32881_/X
 _32882_/X
 _32883_/X
 _32884_/Y
 _32885_/Y
 _32886_/X
 _32887_/X
 _32888_/Y
 _32889_/Y
 _32890_/X
 _32891_/X
 _32892_/X
 _32893_/X
 _32894_/Y
 _32895_/Y
 _32896_/Y
 _32897_/Y
 _32898_/Y
 _32899_/Y
 _32900_/Y
 _32901_/X
 _32902_/Y
 _32903_/X
 _32904_/X
 _32905_/X
 _32906_/Y
 _32907_/Y
 _32908_/Y
 _32909_/X
 _32910_/Y
 _32911_/X
 _32912_/X
 _32913_/X
 _32914_/Y
 _32915_/Y
 _32916_/X
 _32917_/Y
 _32918_/X
 _32919_/Y
 _32920_/Y
 _32921_/X
 _32922_/X
 _32923_/X
 _32924_/X
 _32925_/Y
 _32926_/X
 _32927_/Y
 _32928_/Y
 _32929_/X
 _32930_/X
 _32931_/Y
 _32932_/X
 _32933_/Y
 _32934_/X
 _32935_/X
 _32936_/Y
 _32937_/X
 _32938_/Y
 _32939_/X
 _32940_/X
 _32941_/X
 _32942_/X
 _32943_/Y
 _32944_/Y
 _32945_/Y
 _32946_/Y
 _32947_/Y
 _32948_/X
 _32949_/X
 _32950_/X
 _32951_/X
 _32952_/Y
 _32953_/Y
 _32954_/X
 _32955_/X
 _32956_/Y
 _32957_/X
 _32958_/Y
 _32959_/X
 _32960_/X
 _32961_/X
 _32962_/Y
 _32963_/Y
 _32964_/Y
 _32965_/Y
 _32966_/Y
 _32967_/Y
 _32968_/Y
 _32969_/Y
 _32970_/Y
 _32971_/Y
 _32972_/X
 _32973_/X
 _32974_/Y
 _32975_/Y
 _32976_/X
 _32977_/Y
 _32978_/Y
 _32979_/X
 _32980_/X
 _32981_/X
 _32982_/Y
 _32983_/Y
 _32984_/X
 _32985_/Y
 _32986_/Y
 _32987_/Y
 _32988_/X
 _32989_/X
 _32990_/X
 _32991_/X
 _32992_/X
 _32993_/X
 _32994_/Y
 _32995_/Y
 _32996_/X
 _32997_/Y
 _32998_/X
 _32999_/Y
 _33000_/X
 _33001_/X
 _33002_/X
 _33003_/X
 _33004_/Y
 _33005_/Y
 _33006_/Y
 _33007_/Y
 _33008_/Y
 _33009_/Y
 _33010_/Y
 _33011_/X
 _33012_/X
 _33013_/Y
 _33014_/X
 _33015_/X
 _33016_/Y
 _33017_/Y
 _33018_/Y
 _33019_/Y
 _33020_/Y
 _33021_/Y
 _33022_/X
 _33023_/X
 _33024_/Y
 _33025_/Y
 _33026_/Y
 _33027_/X
 _33028_/Y
 _33029_/X
 _33030_/Y
 _33031_/X
 _33032_/Y
 _33033_/X
 _33034_/X
 _33035_/Y
 _33036_/X
 _33037_/X
 _33038_/Y
 _33039_/Y
 _33040_/Y
 _33041_/Y
 _33042_/Y
 _33043_/X
 _33044_/Y
 _33045_/X
 _33046_/X
 _33047_/X
 _33048_/Y
 _33049_/X
 _33050_/X
 _33051_/X
 _33052_/Y
 _33053_/X
 _33054_/Y
 _33055_/Y
 _33056_/Y
 _33057_/Y
 _33058_/Y
 _33059_/Y
 _33060_/Y
 _33061_/X
 _33062_/Y
 _33063_/X
 _33064_/X
 _33065_/Y
 _33066_/Y
 _33067_/Y
 _33068_/Y
 _33069_/X
 _33070_/X
 _33071_/X
 _33072_/X
 _33073_/Y
 _33074_/X
 _33075_/Y
 _33076_/Y
 _33077_/X
 _33078_/Y
 _33079_/Y
 _33080_/Y
 _33081_/X
 _33082_/Y
 _33083_/X
 _33084_/X
 _33085_/X
 _33086_/X
 _33087_/X
 _33088_/Y
 _33089_/Y
 _33090_/X
 _33091_/Y
 _33092_/Y
 _33093_/Y
 _33094_/X
 _33095_/Y
 _33096_/X
 _33097_/X
 _33098_/X
 _33099_/X
 _33100_/X
 _33101_/X
 _33102_/Y
 _33103_/Y
 _33104_/X
 _33105_/Y
 _33106_/X
 _33107_/Y
 _33108_/X
 _33109_/Y
 _33110_/Y
 _33111_/Y
 _33112_/Y
 _33113_/Y
 _33114_/X
 _33115_/Y
 _33116_/Y
 _33117_/Y
 _33118_/Y
 _33119_/Y
 _33120_/X
 _33121_/X
 _33122_/X
 _33123_/Y
 _33124_/X
 _33125_/X
 _33126_/Y
 _33127_/X
 _33128_/X
 _33129_/Y
 _33130_/Y
 _33131_/X
 _33132_/X
 _33133_/X
 _33134_/X
 _33135_/X
 _33136_/Y
 _33137_/X
 _33138_/Y
 _33139_/X
 _33140_/Y
 _33141_/Y
 _33142_/Y
 _33143_/X
 _33144_/Y
 _33145_/X
 _33146_/X
 _33147_/X
 _33148_/Y
 _33149_/X
 _33150_/X
 _33151_/X
 _33152_/X
 _33153_/X
 _33154_/Y
 _33155_/Y
 _33156_/X
 _33157_/Y
 _33158_/Y
 _33159_/Y
 _33160_/Y
 _33161_/X
 _33162_/X
 _33163_/Y
 _33164_/X
 _33165_/X
 _33166_/X
 _33167_/Y
 _33168_/Y
 _33169_/X
 _33170_/Y
 _33171_/X
 _33172_/Y
 _33173_/X
 _33174_/X
 _33175_/X
 _33176_/X
 _33177_/Y
 _33178_/X
 _33179_/X
 _33180_/X
 _33181_/Y
 _33182_/X
 _33183_/X
 _33184_/X
 _33185_/X
 _33186_/Y
 _33187_/Y
 _33188_/X
 _33189_/X
 _33190_/Y
 _33191_/Y
 _33192_/Y
 _33193_/X
 _33194_/Y
 _33195_/X
 _33196_/X
 _33197_/X
 _33198_/X
 _33199_/Y
 _33200_/X
 _33201_/X
 _33202_/X
 _33203_/Y
 _33204_/X
 _33205_/X
 _33206_/X
 _33207_/X
 _33208_/Y
 _33209_/Y
 _33210_/Y
 _33211_/Y
 _33212_/Y
 _33213_/Y
 _33214_/X
 _33215_/X
 _33216_/X
 _33217_/Y
 _33218_/Y
 _33219_/Y
 _33220_/Y
 _33221_/X
 _33222_/X
 _33223_/Y
 _33224_/X
 _33225_/Y
 _33226_/Y
 _33227_/X
 _33228_/Y
 _33229_/Y
 _33230_/X
 _33231_/Y
 _33232_/X
 _33233_/X
 _33234_/X
 _33235_/X
 _33236_/X
 _33237_/Y
 _33238_/X
 _33239_/Y
 _33240_/X
 _33241_/X
 _33242_/Y
 _33243_/X
 _33244_/X
 _33245_/X
 _33246_/X
 _33247_/X
 _33248_/Y
 _33249_/X
 _33250_/Y
 _33251_/Y
 _33252_/X
 _33253_/X
 _33254_/X
 _33255_/X
 _33256_/Y
 _33257_/X
 _33258_/Y
 _33259_/Y
 _33260_/X
 _33261_/X
 _33262_/X
 _33263_/Y
 _33264_/X
 _33265_/Y
 _33266_/X
 _33267_/X
 _33268_/Y
 _33269_/X
 _33270_/X
 _33271_/Y
 _33272_/Y
 _33273_/Y
 _33274_/Y
 _33275_/Y
 _33276_/Y
 _33277_/X
 _33278_/X
 _33279_/Y
 _33280_/Y
 _33281_/Y
 _33282_/X
 _33283_/Y
 _33284_/Y
 _33285_/Y
 _33286_/X
 _33287_/X
 _33288_/X
 _33289_/Y
 _33290_/X
 _33291_/Y
 _33292_/X
 _33293_/Y
 _33294_/Y
 _33295_/Y
 _33296_/X
 _33297_/Y
 _33298_/X
 _33299_/X
 _33300_/Y
 _33301_/Y
 _33302_/X
 _33303_/X
 _33304_/Y
 _33305_/X
 _33306_/Y
 _33307_/Y
 _33308_/Y
 _33309_/Y
 _33310_/Y
 _33311_/Y
 _33312_/X
 _33313_/X
 _33314_/Y
 _33315_/X
 _33316_/Y
 _33317_/X
 _33318_/Y
 _33319_/Y
 _33320_/Y
 _33321_/Y
 _33322_/X
 _33323_/Y
 _33324_/Y
 _33325_/X
 _33326_/X
 _33327_/Y
 _33328_/X
 _33329_/X
 _33330_/X
 _33331_/Y
 _33332_/X
 _33333_/Y
 _33334_/X
 _33335_/Y
 _33336_/Y
 _33337_/X
 _33338_/X
 _33339_/X
 _33340_/Y
 _33341_/X
 _33342_/Y
 _33343_/X
 _33344_/X
 _33345_/X
 _33346_/X
 _33347_/Y
 _33348_/X
 _33349_/X
 _33350_/Y
 _33351_/Y
 _33352_/X
 _33353_/X
 _33354_/X
 _33355_/X
 _33356_/Y
 _33357_/Y
 _33358_/Y
 _33359_/Y
 _33360_/X
 _33361_/Y
 _33362_/X
 _33363_/X
 _33364_/X
 _33365_/Y
 _33366_/Y
 _33367_/X
 _33368_/X
 _33369_/Y
 _33370_/Y
 _33371_/X
 _33372_/Y
 _33373_/X
 _33374_/Y
 _33375_/Y
 _33376_/Y
 _33377_/Y
 _33378_/X
 _33379_/Y
 _33380_/Y
 _33381_/Y
 _33382_/X
 _33383_/Y
 _33384_/X
 _33385_/X
 _33386_/X
 _33387_/Y
 _33388_/Y
 _33389_/Y
 _33390_/X
 _33391_/Y
 _33392_/Y
 _33393_/X
 _33394_/Y
 _33395_/Y
 _33396_/Y
 _33397_/Y
 _33398_/Y
 _33399_/Y
 _33400_/Y
 _33401_/Y
 _33402_/X
 _33403_/Y
 _33404_/Y
 _33405_/Y
 _33406_/X
 _33407_/Y
 _33408_/Y
 _33409_/Y
 _33410_/Y
 _33411_/Y
 _33412_/Y
 _33413_/X
 _33414_/Y
 _33415_/Y
 _33416_/Y
 _33417_/X
 _33418_/Y
 _33419_/Y
 _33420_/Y
 _33421_/Y
 _33422_/X
 _33423_/X
 _33424_/Y
 _33425_/X
 _33426_/X
 _33427_/X
 _33428_/Y
 _33429_/Y
 _33430_/X
 _33431_/X
 _33432_/X
 _33433_/Y
 _33434_/X
 _33435_/X
 _33436_/Y
 _33437_/Y
 _33438_/Y
 _33439_/Y
 _33440_/Y
 _33441_/Y
 _33442_/X
 _33443_/Y
 _33444_/X
 _33445_/Y
 _33446_/Y
 _33447_/Y
 _33448_/X
 _33449_/Y
 _33450_/Y
 _33451_/Y
 _33452_/X
 _33453_/X
 _33454_/Y
 _33455_/Y
 _33456_/X
 _33457_/Y
 _33458_/Y
 _33459_/Y
 _33460_/X
 _33461_/Y
 _33462_/Y
 _33463_/X
 _33464_/Y
 _33465_/X
 _33466_/X
 _33467_/X
 _33468_/Y
 _33469_/X
 _33470_/X
 _33471_/X
 _33472_/X
 _33473_/X
 _33474_/X
 _33475_/Y
 _33476_/Y
 _33477_/Y
 _33478_/X
 _33479_/Y
 _33480_/X
 _33481_/X
 _33482_/Y
 _33483_/Y
 _33484_/Y
 _33485_/X
 _33486_/X
 _33487_/X
 _33488_/Y
 _33489_/X
 _33490_/Y
 _33491_/Y
 _33492_/Y
 _33493_/Y
 _33494_/Y
 _33495_/Y
 _33496_/X
 _33497_/X
 _33498_/X
 _33499_/Y
 _33500_/Y
 _33501_/Y
 _33502_/X
 _33503_/Y
 _33504_/X
 _33505_/X
 _33506_/X
 _33507_/X
 _33508_/X
 _33509_/Y
 _33510_/X
 _33511_/Y
 _33512_/Y
 _33513_/Y
 _33514_/X
 _33515_/Y
 _33516_/Y
 _33517_/X
 _33518_/X
 _33519_/X
 _33520_/Y
 _33521_/X
 _33522_/X
 _33523_/X
 _33524_/Y
 _33525_/Y
 _33526_/X
 _33527_/Y
 _33528_/Y
 _33529_/X
 _33530_/Y
 _33531_/X
 _33532_/X
 _33533_/X
 _33534_/X
 _33535_/Y
 _33536_/Y
 _33537_/X
 _33538_/Y
 _33539_/Y
 _33540_/Y
 _33541_/X
 _33542_/Y
 _33543_/X
 _33544_/X
 _33545_/Y
 _33546_/Y
 _33547_/X
 _33548_/X
 _33549_/X
 _33550_/X
 _33551_/Y
 _33552_/Y
 _33553_/Y
 _33554_/Y
 _33555_/X
 _33556_/X
 _33557_/Y
 _33558_/Y
 _33559_/X
 _33560_/X
 _33561_/X
 _33562_/X
 _33563_/X
 _33564_/X
 _33565_/X
 _33566_/Y
 _33567_/Y
 _33568_/X
 _33569_/X
 _33570_/Y
 _33571_/X
 _33572_/Y
 _33573_/Y
 _33574_/Y
 _33575_/X
 _33576_/X
 _33577_/Y
 _33578_/X
 _33579_/Y
 _33580_/Y
 _33581_/Y
 _33582_/Y
 _33583_/X
 _33584_/X
 _33585_/Y
 _33586_/Y
 _33587_/Y
 _33588_/X
 _33589_/Y
 _33590_/Y
 _33591_/X
 _33592_/Y
 _33593_/X
 _33594_/Y
 _33595_/X
 _33596_/X
 _33597_/X
 _33598_/X
 _33599_/Y
 _33600_/X
 _33601_/Y
 _33602_/X
 _33603_/X
 _33604_/Y
 _33605_/Y
 _33606_/Y
 _33607_/X
 _33608_/X
 _33609_/Y
 _33610_/Y
 _33611_/X
 _33612_/X
 _33613_/Y
 _33614_/X
 _33615_/X
 _33616_/Y
 _33617_/Y
 _33618_/X
 _33619_/X
 _33620_/Y
 _33621_/Y
 _33622_/Y
 _33623_/X
 _33624_/X
 _33625_/X
 _33626_/Y
 _33627_/Y
 _33628_/X
 _33629_/X
 _33630_/X
 _33631_/X
 _33632_/X
 _33633_/X
 _33634_/Y
 _33635_/Y
 _33636_/Y
 _33637_/X
 _33638_/X
 _33639_/Y
 _33640_/Y
 _33641_/X
 _33642_/X
 _33643_/X
 _33644_/X
 _33645_/Y
 _33646_/Y
 _33647_/Y
 _33648_/X
 _33649_/Y
 _33650_/Y
 _33651_/X
 _33652_/X
 _33653_/X
 _33654_/X
 _33655_/Y
 _33656_/Y
 _33657_/Y
 _33658_/X
 _33659_/X
 _33660_/X
 _33661_/Y
 _33662_/X
 _33663_/Y
 _33664_/X
 _33665_/X
 _33666_/Y
 _33667_/X
 _33668_/X
 _33669_/X
 _33670_/Y
 _33671_/X
 _33672_/Y
 _33673_/X
 _33674_/Y
 _33675_/Y
 _33676_/X
 _33677_/X
 _33678_/Y
 _33679_/Y
 _33680_/X
 _33681_/X
 _33682_/X
 _33683_/Y
 _33684_/X
 _33685_/X
 _33686_/X
 _33687_/Y
 _33688_/Y
 _33689_/X
 _33690_/Y
 _33691_/X
 _33692_/Y
 _33693_/Y
 _33694_/Y
 _33695_/X
 _33696_/X
 _33697_/X
 _33698_/X
 _33699_/X
 _33700_/Y
 _33701_/Y
 _33702_/Y
 _33703_/Y
 _33704_/X
 _33705_/X
 _33706_/Y
 _33707_/X
 _33708_/Y
 _33709_/Y
 _33710_/Y
 _33711_/Y
 _33712_/Y
 _33713_/Y
 _33714_/Y
 _33715_/X
 _33716_/Y
 _33717_/Y
 _33718_/Y
 _33719_/Y
 _33720_/X
 _33721_/X
 _33722_/X
 _33723_/Y
 _33724_/X
 _33725_/Y
 _33726_/Y
 _33727_/Y
 _33728_/X
 _33729_/Y
 _33730_/Y
 _33731_/X
 _33732_/X
 _33733_/Y
 _33734_/X
 _33735_/Y
 _33736_/Y
 _33737_/Y
 _33738_/Y
 _33739_/Y
 _33740_/Y
 _33741_/X
 _33742_/X
 _33743_/X
 _33744_/X
 _33745_/X
 _33746_/X
 _33747_/Y
 _33748_/Y
 _33749_/Y
 _33750_/Y
 _33751_/Y
 _33752_/Y
 _33753_/Y
 _33754_/X
 _33755_/X
 _33756_/X
 _33757_/Y
 _33758_/Y
 _33759_/X
 _33760_/X
 _33761_/Y
 _33762_/Y
 _33763_/X
 _33764_/Y
 _33765_/Y
 _33766_/Y
 _33767_/X
 _33768_/X
 _33769_/Y
 _33770_/Y
 _33771_/X
 _33772_/Y
 _33773_/X
 _33774_/Y
 _33775_/X
 _33776_/Y
 _33777_/X
 _33778_/Y
 _33779_/X
 _33780_/Y
 _33781_/X
 _33782_/Y
 _33783_/X
 _33784_/X
 _33785_/X
 _33786_/X
 _33787_/X
 _33788_/Y
 _33789_/X
 _33790_/X
 _33791_/Y
 _33792_/Y
 _33793_/Y
 _33794_/Y
 _33795_/Y
 _33796_/Y
 _33797_/X
 _33798_/Y
 _33799_/X
 _33800_/Y
 _33801_/X
 _33802_/Y
 _33803_/X
 _33804_/X
 _33805_/X
 _33806_/X
 _33807_/Y
 _33808_/Y
 _33809_/Y
 _33810_/Y
 _33811_/Y
 _33812_/X
 _33813_/Y
 _33814_/Y
 _33815_/Y
 _33816_/Y
 _33817_/Y
 _33818_/X
 _33819_/Y
 _33820_/Y
 _33821_/X
 _33822_/X
 _33823_/Y
 _33824_/Y
 _33825_/Y
 _33826_/X
 _33827_/Y
 _33828_/Y
 _33829_/Y
 _33830_/X
 _33831_/X
 _33832_/X
 _33833_/X
 _33834_/X
 _33835_/Y
 _33836_/X
 _33837_/Y
 _33838_/X
 _33839_/Y
 _33840_/X
 _33841_/X
 _33842_/Y
 _33843_/Y
 _33844_/Y
 _33845_/Y
 _33846_/Y
 _33847_/X
 _33848_/X
 _33849_/Y
 _33850_/X
 _33851_/X
 _33852_/Y
 _33853_/X
 _33854_/X
 _33855_/X
 _33856_/X
 _33857_/X
 _33858_/Y
 _33859_/Y
 _33860_/Y
 _33861_/Y
 _33862_/X
 _33863_/Y
 _33864_/X
 _33865_/X
 _33866_/X
 _33867_/X
 _33868_/X
 _33869_/Y
 _33870_/Y
 _33871_/Y
 _33872_/Y
 _33873_/Y
 _33874_/Y
 _33875_/Y
 _33876_/X
 _33877_/X
 _33878_/Y
 _33879_/Y
 _33880_/X
 _33881_/Y
 _33882_/X
 _33883_/Y
 _33884_/Y
 _33885_/Y
 _33886_/X
 _33887_/X
 _33888_/X
 _33889_/X
 _33890_/X
 _33891_/Y
 _33892_/Y
 _33893_/X
 _33894_/Y
 _33895_/X
 _33896_/Y
 _33897_/X
 _33898_/Y
 _33899_/X
 _33900_/X
 _33901_/Y
 _33902_/X
 _33903_/Y
 _33904_/X
 _33905_/X
 _33906_/X
 _33907_/X
 _33908_/Y
 _33909_/X
 _33910_/Y
 _33911_/Y
 _33912_/X
 _33913_/Y
 _33914_/Y
 _33915_/Y
 _33916_/Y
 _33917_/Y
 _33918_/Y
 _33919_/X
 _33920_/X
 _33921_/Y
 _33922_/X
 _33923_/Y
 _33924_/Y
 _33925_/Y
 _33926_/Y
 _33927_/Y
 _33928_/X
 _33929_/X
 _33930_/X
 _33931_/X
 _33932_/X
 _33933_/X
 _33934_/X
 _33935_/Y
 _33936_/X
 _33937_/X
 _33938_/X
 _33939_/X
 _33940_/X
 _33941_/Y
 _33942_/Y
 _33943_/X
 _33944_/X
 _33945_/X
 _33946_/X
 _33947_/X
 _33948_/X
 _33949_/Y
 _33950_/X
 _33951_/X
 _33952_/Y
 _33953_/Y
 _33954_/X
 _33955_/X
 _33956_/X
 _33957_/X
 _33958_/Y
 _33959_/Y
 _33960_/X
 _33961_/X
 _33962_/X
 _33963_/X
 _33964_/X
 _33965_/Y
 _33966_/Y
 _33967_/X
 _33968_/X
 _33969_/Y
 _33970_/X
 _33971_/X
 _33972_/X
 _33973_/Y
 _33974_/X
 _33975_/Y
 _33976_/X
 _33977_/X
 _33978_/X
 _33979_/X
 _33980_/X
 _33981_/Y
 _33982_/Y
 _33983_/Y
 _33984_/Y
 _33985_/Y
 _33986_/X
 _33987_/X
 _33988_/Y
 _33989_/Y
 _33990_/Y
 _33991_/Y
 _33992_/X
 _33993_/Y
 _33994_/X
 _33995_/Y
 _33996_/X
 _33997_/Y
 _33998_/Y
 _33999_/X
 _34000_/Y
 _34001_/Y
 _34002_/X
 _34003_/Y
 _34004_/Y
 _34005_/Y
 _34006_/X
 _34007_/Y
 _34008_/X
 _34009_/Y
 _34010_/Y
 _34011_/X
 _34012_/X
 _34013_/X
 _34014_/Y
 _34015_/X
 _34016_/Y
 _34017_/X
 _34018_/X
 _34019_/Y
 _34020_/Y
 _34021_/Y
 _34022_/X
 _34023_/Y
 _34024_/Y
 _34025_/Y
 _34026_/Y
 _34027_/Y
 _34028_/Y
 _34029_/Y
 _34030_/Y
 _34031_/X
 _34032_/X
 _34033_/Y
 _34034_/Y
 _34035_/Y
 _34036_/Y
 _34037_/X
 _34038_/Y
 _34039_/Y
 _34040_/X
 _34041_/X
 _34042_/X
 _34043_/Y
 _34044_/X
 _34045_/X
 _34046_/Y
 _34047_/X
 _34048_/X
 _34049_/X
 _34050_/X
 _34051_/X
 _34052_/Y
 _34053_/X
 _34054_/X
 _34055_/X
 _34056_/Y
 _34057_/X
 _34058_/Y
 _34059_/X
 _34060_/Y
 _34061_/Y
 _34062_/Y
 _34063_/Y
 _34064_/X
 _34065_/Y
 _34066_/Y
 _34067_/Y
 _34068_/Y
 _34069_/Y
 _34070_/Y
 _34071_/Y
 _34072_/Y
 _34073_/Y
 _34074_/X
 _34075_/Y
 _34076_/Y
 _34077_/Y
 _34078_/Y
 _34079_/X
 _34080_/X
 _34081_/Y
 _34082_/X
 _34083_/Y
 _34084_/X
 _34085_/Y
 _34086_/X
 _34087_/X
 _34088_/Y
 _34089_/Y
 _34090_/X
 _34091_/X
 _34092_/X
 _34093_/Y
 _34094_/Y
 _34095_/Y
 _34096_/X
 _34097_/Y
 _34098_/X
 _34099_/X
 _34100_/X
 _34101_/Y
 _34102_/X
 _34103_/X
 _34104_/Y
 _34105_/X
 _34106_/Y
 _34107_/X
 _34108_/X
 _34109_/X
 _34110_/X
 _34111_/X
 _34112_/Y
 _34113_/X
 _34114_/Y
 _34115_/X
 _34116_/X
 _34117_/Y
 _34118_/Y
 _34119_/X
 _34120_/X
 _34121_/X
 _34122_/X
 _34123_/Y
 _34124_/Y
 _34125_/X
 _34126_/X
 _34127_/X
 _34128_/X
 _34129_/X
 _34130_/Y
 _34131_/X
 _34132_/X
 _34133_/X
 _34134_/Y
 _34135_/X
 _34136_/X
 _34137_/Y
 _34138_/X
 _34139_/Y
 _34140_/X
 _34141_/X
 _34142_/X
 _34143_/X
 _34144_/X
 _34145_/X
 _34146_/Y
 _34147_/Y
 _34148_/Y
 _34149_/Y
 _34150_/Y
 _34151_/X
 _34152_/X
 _34153_/X
 _34154_/X
 _34155_/Y
 _34156_/Y
 _34157_/Y
 _34158_/X
 _34159_/Y
 _34160_/Y
 _34161_/X
 _34162_/X
 _34163_/X
 _34164_/X
 _34165_/Y
 _34166_/Y
 _34167_/Y
 _34168_/X
 _34169_/X
 _34170_/X
 _34171_/Y
 _34172_/X
 _34173_/Y
 _34174_/X
 _34175_/X
 _34176_/Y
 _34177_/X
 _34178_/X
 _34179_/X
 _34180_/X
 _34181_/Y
 _34182_/Y
 _34183_/X
 _34184_/Y
 _34185_/Y
 _34186_/X
 _34187_/Y
 _34188_/X
 _34189_/Y
 _34190_/Y
 _34191_/X
 _34192_/Y
 _34193_/Y
 _34194_/Y
 _34195_/Y
 _34196_/X
 _34197_/X
 _34198_/X
 _34199_/X
 _34200_/X
 _34201_/Y
 _34202_/Y
 _34203_/X
 _34204_/X
 _34205_/X
 _34206_/X
 _34207_/Y
 _34208_/X
 _34209_/X
 _34210_/X
 _34211_/X
 _34212_/X
 _34213_/Y
 _34214_/X
 _34215_/Y
 _34216_/Y
 _34217_/Y
 _34218_/Y
 _34219_/Y
 _34220_/Y
 _34221_/X
 _34222_/X
 _34223_/Y
 _34224_/Y
 _34225_/Y
 _34226_/Y
 _34227_/X
 _34228_/Y
 _34229_/Y
 _34230_/Y
 _34231_/Y
 _34232_/Y
 _34233_/Y
 _34234_/X
 _34235_/X
 _34236_/Y
 _34237_/Y
 _34238_/Y
 _34239_/Y
 _34240_/Y
 _34241_/Y
 _34242_/X
 _34243_/Y
 _34244_/Y
 _34245_/Y
 _34246_/X
 _34247_/X
 _34248_/X
 _34249_/Y
 _34250_/Y
 _34251_/X
 _34252_/X
 _34253_/Y
 _34254_/X
 _34255_/X
 _34256_/X
 _34257_/X
 _34258_/Y
 _34259_/X
 _34260_/Y
 _34261_/Y
 _34262_/Y
 _34263_/Y
 _34264_/X
 _34265_/X
 _34266_/X
 _34267_/Y
 _34268_/Y
 _34269_/Y
 _34270_/X
 _34271_/Y
 _34272_/X
 _34273_/Y
 _34274_/Y
 _34275_/X
 _34276_/Y
 _34277_/Y
 _34278_/Y
 _34279_/X
 _34280_/Y
 _34281_/Y
 _34282_/Y
 _34283_/X
 _34284_/X
 _34285_/Y
 _34286_/Y
 _34287_/Y
 _34288_/Y
 _34289_/Y
 _34290_/X
 _34291_/Y
 _34292_/X
 _34293_/Y
 _34294_/X
 _34295_/Y
 _34296_/X
 _34297_/X
 _34298_/X
 _34299_/Y
 _34300_/Y
 _34301_/X
 _34302_/X
 _34303_/X
 _34304_/Y
 _34305_/Y
 _34306_/Y
 _34307_/Y
 _34308_/X
 _34309_/X
 _34310_/Y
 _34311_/X
 _34312_/X
 _34313_/X
 _34314_/X
 _34315_/Y
 _34316_/X
 _34317_/Y
 _34318_/Y
 _34319_/Y
 _34320_/Y
 _34321_/Y
 _34322_/X
 _34323_/X
 _34324_/Y
 _34325_/X
 _34326_/Y
 _34327_/Y
 _34328_/X
 _34329_/X
 _34330_/X
 _34331_/Y
 _34332_/X
 _34333_/Y
 _34334_/Y
 _34335_/Y
 _34336_/Y
 _34337_/X
 _34338_/Y
 _34339_/Y
 _34340_/Y
 _34341_/Y
 _34342_/X
 _34343_/X
 _34344_/X
 _34345_/Y
 _34346_/Y
 _34347_/Y
 _34348_/X
 _34349_/X
 _34350_/Y
 _34351_/X
 _34352_/Y
 _34353_/X
 _34354_/X
 _34355_/X
 _34356_/X
 _34357_/Y
 _34358_/Y
 _34359_/Y
 _34360_/X
 _34361_/X
 _34362_/X
 _34363_/X
 _34364_/X
 _34365_/X
 _34366_/X
 _34367_/X
 _34368_/Y
 _34369_/Y
 _34370_/X
 _34371_/Y
 _34372_/Y
 _34373_/Y
 _34374_/Y
 _34375_/Y
 _34376_/X
 _34377_/Y
 _34378_/Y
 _34379_/Y
 _34380_/Y
 _34381_/Y
 _34382_/Y
 _34383_/Y
 _34384_/Y
 _34385_/X
 _34386_/Y
 _34387_/X
 _34388_/X
 _34389_/X
 _34390_/Y
 _34391_/X
 _34392_/Y
 _34393_/Y
 _34394_/Y
 _34395_/Y
 _34396_/Y
 _34397_/Y
 _34398_/X
 _34399_/X
 _34400_/X
 _34401_/X
 _34402_/X
 _34403_/Y
 _34404_/Y
 _34405_/X
 _34406_/Y
 _34407_/Y
 _34408_/Y
 _34409_/Y
 _34410_/Y
 _34411_/X
 _34412_/X
 _34413_/Y
 _34414_/Y
 _34415_/Y
 _34416_/X
 _34417_/Y
 _34418_/Y
 _34419_/X
 _34420_/X
 _34421_/Y
 _34422_/Y
 _34423_/X
 _34424_/Y
 _34425_/X
 _34426_/Y
 _34427_/X
 _34428_/X
 _34429_/Y
 _34430_/Y
 _34431_/X
 _34432_/X
 _34433_/Y
 _34434_/X
 _34435_/Y
 _34436_/X
 _34437_/Y
 _34438_/Y
 _34439_/Y
 _34440_/X
 _34441_/Y
 _34442_/Y
 _34443_/Y
 _34444_/X
 _34445_/X
 _34446_/X
 _34447_/Y
 _34448_/X
 _34449_/Y
 _34450_/Y
 _34451_/X
 _34452_/X
 _34453_/X
 _34454_/X
 _34455_/Y
 _34456_/Y
 _34457_/X
 _34458_/Y
 _34459_/X
 _34460_/Y
 _34461_/Y
 _34462_/X
 _34463_/X
 _34464_/Y
 _34465_/X
 _34466_/X
 _34467_/X
 _34468_/X
 _34469_/Y
 _34470_/X
 _34471_/X
 _34472_/Y
 _34473_/Y
 _34474_/Y
 _34475_/Y
 _34476_/Y
 _34477_/X
 _34478_/Y
 _34479_/Y
 _34480_/Y
 _34481_/X
 _34482_/X
 _34483_/Y
 _34484_/Y
 _34485_/Y
 _34486_/Y
 _34487_/Y
 _34488_/Y
 _34489_/Y
 _34490_/Y
 _34491_/X
 _34492_/Y
 _34493_/X
 _34494_/X
 _34495_/Y
 _34496_/Y
 _34497_/X
 _34498_/Y
 _34499_/X
 _34500_/Y
 _34501_/Y
 _34502_/Y
 _34503_/Y
 _34504_/Y
 _34505_/Y
 _34506_/Y
 _34507_/Y
 _34508_/X
 _34509_/Y
 _34510_/Y
 _34511_/Y
 _34512_/Y
 _34513_/Y
 _34514_/Y
 _34515_/X
 _34516_/Y
 _34517_/Y
 _34518_/Y
 _34519_/X
 _34520_/X
 _34521_/X
 _34522_/Y
 _34523_/Y
 _34524_/Y
 _34525_/X
 _34526_/X
 _34527_/Y
 _34528_/Y
 _34529_/Y
 _34530_/X
 _34531_/X
 _34532_/X
 _34533_/X
 _34534_/X
 _34535_/Y
 _34536_/Y
 _34537_/X
 _34538_/Y
 _34539_/X
 _34540_/X
 _34541_/X
 _34542_/X
 _34543_/X
 _34544_/Y
 _34545_/Y
 _34546_/Y
 _34547_/Y
 _34548_/Y
 _34549_/Y
 _34550_/X
 _34551_/X
 _34552_/X
 _34553_/Y
 _34554_/Y
 _34555_/Y
 _34556_/X
 _34557_/Y
 _34558_/X
 _34559_/X
 _34560_/Y
 _34561_/Y
 _34562_/Y
 _34563_/Y
 _34564_/X
 _34565_/Y
 _34566_/X
 _34567_/X
 _34568_/X
 _34569_/Y
 _34570_/X
 _34571_/X
 _34572_/X
 _34573_/X
 _34574_/Y
 _34575_/X
 _34576_/Y
 _34577_/X
 _34578_/Y
 _34579_/Y
 _34580_/X
 _34581_/X
 _34582_/X
 _34583_/Y
 _34584_/X
 _34585_/Y
 _34586_/Y
 _34587_/X
 _34588_/Y
 _34589_/X
 _34590_/Y
 _34591_/X
 _34592_/Y
 _34593_/X
 _34594_/X
 _34595_/Y
 _34596_/Y
 _34597_/Y
 _34598_/Y
 _34599_/X
 _34600_/Y
 _34601_/X
 _34602_/X
 _34603_/X
 _34604_/X
 _34605_/Y
 _34606_/X
 _34607_/Y
 _34608_/X
 _34609_/Y
 _34610_/X
 _34611_/X
 _34612_/Y
 _34613_/Y
 _34614_/Y
 _34615_/X
 _34616_/Y
 _34617_/X
 _34618_/X
 _34619_/Y
 _34620_/X
 _34621_/Y
 _34622_/X
 _34623_/Y
 _34624_/Y
 _34625_/Y
 _34626_/Y
 _34627_/X
 _34628_/Y
 _34629_/Y
 _34630_/X
 _34631_/Y
 _34632_/Y
 _34633_/X
 _34634_/X
 _34635_/X
 _34636_/X
 _34637_/X
 _34638_/Y
 _34639_/Y
 _34640_/Y
 _34641_/Y
 _34642_/X
 _34643_/X
 _34644_/Y
 _34645_/Y
 _34646_/Y
 _34647_/X
 _34648_/Y
 _34649_/Y
 _34650_/X
 _34651_/X
 _34652_/X
 _34653_/X
 _34654_/Y
 _34655_/Y
 _34656_/Y
 _34657_/X
 _34658_/X
 _34659_/X
 _34660_/Y
 _34661_/X
 _34662_/X
 _34663_/X
 _34664_/Y
 _34665_/X
 _34666_/X
 _34667_/X
 _34668_/Y
 _34669_/Y
 _34670_/Y
 _34671_/X
 _34672_/X
 _34673_/Y
 _34674_/Y
 _34675_/Y
 _34676_/Y
 _34677_/Y
 _34678_/X
 _34679_/X
 _34680_/X
 _34681_/Y
 _34682_/X
 _34683_/X
 _34684_/X
 _34685_/Y
 _34686_/Y
 _34687_/X
 _34688_/Y
 _34689_/Y
 _34690_/X
 _34691_/Y
 _34692_/Y
 _34693_/X
 _34694_/Y
 _34695_/X
 _34696_/Y
 _34697_/Y
 _34698_/Y
 _34699_/X
 _34700_/X
 _34701_/X
 _34702_/X
 _34703_/Y
 _34704_/Y
 _34705_/Y
 _34706_/Y
 _34707_/Y
 _34708_/Y
 _34709_/Y
 _34710_/X
 _34711_/X
 _34712_/Y
 _34713_/Y
 _34714_/X
 _34715_/X
 _34716_/X
 _34717_/Y
 _34718_/Y
 _34719_/Y
 _34720_/Y
 _34721_/X
 _34722_/X
 _34723_/Y
 _34724_/Y
 _34725_/Y
 _34726_/Y
 _34727_/Y
 _34728_/Y
 _34729_/Y
 _34730_/Y
 _34731_/X
 _34732_/Y
 _34733_/X
 _34734_/Y
 _34735_/Y
 _34736_/Y
 _34737_/X
 _34738_/X
 _34739_/Y
 _34740_/Y
 _34741_/Y
 _34742_/X
 _34743_/Y
 _34744_/Y
 _34745_/X
 _34746_/X
 _34747_/Y
 _34748_/X
 _34749_/Y
 _34750_/Y
 _34751_/Y
 _34752_/Y
 _34753_/Y
 _34754_/X
 _34755_/X
 _34756_/X
 _34757_/X
 _34758_/Y
 _34759_/X
 _34760_/Y
 _34761_/Y
 _34762_/Y
 _34763_/X
 _34764_/Y
 _34765_/X
 _34766_/Y
 _34767_/Y
 _34768_/X
 _34769_/Y
 _34770_/Y
 _34771_/X
 _34772_/X
 _34773_/Y
 _34774_/Y
 _34775_/Y
 _34776_/Y
 _34777_/Y
 _34778_/X
 _34779_/Y
 _34780_/X
 _34781_/Y
 _34782_/Y
 _34783_/Y
 _34784_/Y
 _34785_/X
 _34786_/Y
 _34787_/X
 _34788_/Y
 _34789_/Y
 _34790_/Y
 _34791_/Y
 _34792_/Y
 _34793_/X
 _34794_/Y
 _34795_/X
 _34796_/Y
 _34797_/Y
 _34798_/Y
 _34799_/X
 _34800_/X
 _34801_/X
 _34802_/X
 _34803_/Y
 _34804_/Y
 _34805_/Y
 _34806_/Y
 _34807_/Y
 _34808_/X
 _34809_/Y
 _34810_/Y
 _34811_/X
 _34812_/Y
 _34813_/Y
 _34814_/Y
 _34815_/Y
 _34816_/Y
 _34817_/Y
 _34818_/Y
 _34819_/Y
 _34820_/X
 _34821_/Y
 _34822_/Y
 _34823_/X
 _34824_/Y
 _34825_/Y
 _34826_/Y
 _34827_/X
 _34828_/X
 _34829_/Y
 _34830_/X
 _34831_/Y
 _34832_/X
 _34833_/X
 _34834_/Y
 _34835_/X
 _34836_/X
 _34837_/Y
 _34838_/Y
 _34839_/Y
 _34840_/Y
 _34841_/Y
 _34842_/X
 _34843_/X
 _34844_/Y
 _34845_/Y
 _34846_/Y
 _34847_/Y
 _34848_/Y
 _34849_/Y
 _34850_/X
 _34851_/X
 _34852_/Y
 _34853_/Y
 _34854_/Y
 _34855_/Y
 _34856_/Y
 _34857_/Y
 _34858_/X
 _34859_/X
 _34860_/X
 _34861_/Y
 _34862_/Y
 _34863_/X
 _34864_/Y
 _34865_/X
 _34866_/Y
 _34867_/Y
 _34868_/Y
 _34869_/X
 _34870_/X
 _34871_/X
 _34872_/X
 _34873_/X
 _34874_/Y
 _34875_/X
 _34876_/Y
 _34877_/X
 _34878_/Y
 _34879_/Y
 _34880_/Y
 _34881_/Y
 _34882_/X
 _34883_/X
 _34884_/X
 _34885_/Y
 _34886_/Y
 _34887_/X
 _34888_/X
 _34889_/Y
 _34890_/Y
 _34891_/Y
 _34892_/Y
 _34893_/Y
 _34894_/X
 _34895_/X
 _34896_/Y
 _34897_/X
 _34898_/X
 _34899_/Y
 _34900_/X
 _34901_/Y
 _34902_/X
 _34903_/Y
 _34904_/X
 _34905_/X
 _34906_/Y
 _34907_/Y
 _34908_/X
 _34909_/Y
 _34910_/Y
 _34911_/X
 _34912_/X
 _34913_/X
 _34914_/Y
 _34915_/X
 _34916_/X
 _34917_/Y
 _34918_/Y
 _34919_/Y
 _34920_/Y
 _34921_/Y
 _34922_/Y
 _34923_/Y
 _34924_/X
 _34925_/Y
 _34926_/Y
 _34927_/Y
 _34928_/Y
 _34929_/Y
 _34930_/Y
 _34931_/Y
 _34932_/Y
 _34933_/X
 _34934_/Y
 _34935_/X
 _34936_/X
 _34937_/X
 _34938_/Y
 _34939_/X
 _34940_/X
 _34941_/Y
 _34942_/Y
 _34943_/X
 _34944_/Y
 _34945_/Y
 _34946_/X
 _34947_/Y
 _34948_/Y
 _34949_/X
 _34950_/X
 _34951_/X
 _34952_/X
 _34953_/X
 _34954_/X
 _34955_/Y
 _34956_/Y
 _34957_/Y
 _34958_/Y
 _34959_/Y
 _34960_/Y
 _34961_/Y
 _34962_/Y
 _34963_/Y
 _34964_/Y
 _34965_/X
 _34966_/X
 _34967_/Y
 _34968_/Y
 _34969_/Y
 _34970_/X
 _34971_/Y
 _34972_/Y
 _34973_/Y
 _34974_/Y
 _34975_/Y
 _34976_/Y
 _34977_/Y
 _34978_/Y
 _34979_/X
 _34980_/X
 _34981_/Y
 _34982_/X
 _34983_/X
 _34984_/X
 _34985_/X
 _34986_/X
 _34987_/X
 _34988_/X
 _34989_/Y
 _34990_/Y
 _34991_/Y
 _34992_/X
 _34993_/Y
 _34994_/X
 _34995_/X
 _34996_/X
 _34997_/X
 _34998_/Y
 _34999_/Y
 _35000_/Y
 _35001_/Y
 _35002_/Y
 _35003_/Y
 _35004_/Y
 _35005_/X
 _35006_/Y
 _35007_/Y
 _35008_/Y
 _35009_/Y
 _35010_/Y
 _35011_/X
 _35012_/X
 _35013_/X
 _35014_/Y
 _35015_/Y
 _35016_/X
 _35017_/X
 _35018_/Y
 _35019_/Y
 _35020_/Y
 _35021_/Y
 _35022_/Y
 _35023_/Y
 _35024_/X
 _35025_/X
 _35026_/X
 _35027_/Y
 _35028_/Y
 _35029_/X
 _35030_/X
 _35031_/X
 _35032_/X
 _35033_/X
 _35034_/Y
 _35035_/Y
 _35036_/X
 _35037_/X
 _35038_/X
 _35039_/X
 _35040_/Y
 _35041_/X
 _35042_/X
 _35043_/X
 _35044_/Y
 _35045_/X
 _35046_/X
 _35047_/Y
 _35048_/Y
 _35049_/Y
 _35050_/Y
 _35051_/Y
 _35052_/X
 _35053_/Y
 _35054_/Y
 _35055_/Y
 _35056_/X
 _35057_/Y
 _35058_/Y
 _35059_/X
 _35060_/Y
 _35061_/Y
 _35062_/Y
 _35063_/Y
 _35064_/Y
 _35065_/X
 _35066_/X
 _35067_/X
 _35068_/X
 _35069_/X
 _35070_/X
 _35071_/X
 _35072_/Y
 _35073_/Y
 _35074_/Y
 _35075_/Y
 _35076_/Y
 _35077_/X
 _35078_/X
 _35079_/Y
 _35080_/X
 _35081_/Y
 _35082_/X
 _35083_/Y
 _35084_/Y
 _35085_/Y
 _35086_/Y
 _35087_/X
 _35088_/X
 _35089_/X
 _35090_/X
 _35091_/Y
 _35092_/X
 _35093_/Y
 _35094_/X
 _35095_/Y
 _35096_/X
 _35097_/X
 _35098_/Y
 _35099_/X
 _35100_/Y
 _35101_/X
 _35102_/X
 _35103_/X
 _35104_/X
 _35105_/Y
 _35106_/X
 _35107_/Y
 _35108_/Y
 _35109_/X
 _35110_/Y
 _35111_/Y
 _35112_/X
 _35113_/X
 _35114_/X
 _35115_/X
 _35116_/X
 _35117_/Y
 _35118_/Y
 _35119_/Y
 _35120_/X
 _35121_/X
 _35122_/X
 _35123_/Y
 _35124_/Y
 _35125_/X
 _35126_/X
 _35127_/X
 _35128_/X
 _35129_/X
 _35130_/X
 _35131_/Y
 _35132_/Y
 _35133_/X
 _35134_/X
 _35135_/Y
 _35136_/Y
 _35137_/Y
 _35138_/X
 _35139_/Y
 _35140_/X
 _35141_/X
 _35142_/X
 _35143_/X
 _35144_/Y
 _35145_/X
 _35146_/X
 _35147_/X
 _35148_/X
 _35149_/X
 _35150_/X
 _35151_/X
 _35152_/Y
 _35153_/X
 _35154_/X
 _35155_/X
 _35156_/Y
 _35157_/X
 _35158_/Y
 _35159_/X
 _35160_/X
 _35161_/Y
 _35162_/Y
 _35163_/X
 _35164_/X
 _35165_/X
 _35166_/X
 _35167_/Y
 _35168_/Y
 _35169_/X
 _35170_/Y
 _35171_/Y
 _35172_/Y
 _35173_/Y
 _35174_/Y
 _35175_/X
 _35176_/X
 _35177_/X
 _35178_/X
 _35179_/X
 _35180_/Y
 _35181_/Y
 _35182_/X
 _35183_/X
 _35184_/Y
 _35185_/Y
 _35186_/X
 _35187_/Y
 _35188_/Y
 _35189_/X
 _35190_/X
 _35191_/X
 _35192_/Y
 _35193_/Y
 _35194_/X
 _35195_/Y
 _35196_/X
 _35197_/X
 _35198_/X
 _35199_/X
 _35200_/X
 _35201_/X
 _35202_/X
 _35203_/X
 _35204_/X
 _35205_/X
 _35206_/Y
 _35207_/Y
 _35208_/X
 _35209_/Y
 _35210_/X
 _35211_/X
 _35212_/Y
 _35213_/X
 _35214_/Y
 _35215_/Y
 _35216_/X
 _35217_/Y
 _35218_/Y
 _35219_/Y
 _35220_/X
 _35221_/Y
 _35222_/Y
 _35223_/X
 _35224_/X
 _35225_/Y
 _35226_/X
 _35227_/X
 _35228_/Y
 _35229_/X
 _35230_/Y
 _35231_/Y
 _35232_/X
 _35233_/Y
 _35234_/X
 _35235_/X
 _35236_/X
 _35237_/Y
 _35238_/X
 _35239_/X
 _35240_/Y
 _35241_/Y
 _35242_/X
 _35243_/X
 _35244_/Y
 _35245_/Y
 _35246_/Y
 _35247_/Y
 _35248_/Y
 _35249_/Y
 _35250_/X
 _35251_/Y
 _35252_/Y
 _35253_/X
 _35254_/X
 _35255_/Y
 _35256_/Y
 _35257_/Y
 _35258_/Y
 _35259_/Y
 _35260_/X
 _35261_/Y
 _35262_/X
 _35263_/Y
 _35264_/Y
 _35265_/X
 _35266_/X
 _35267_/Y
 _35268_/X
 _35269_/Y
 _35270_/X
 _35271_/Y
 _35272_/X
 _35273_/Y
 _35274_/Y
 _35275_/Y
 _35276_/Y
 _35277_/X
 _35278_/X
 _35279_/X
 _35280_/X
 _35281_/X
 _35282_/X
 _35283_/Y
 _35284_/Y
 _35285_/Y
 _35286_/Y
 _35287_/Y
 _35288_/X
 _35289_/Y
 _35290_/X
 _35291_/X
 _35292_/X
 _35293_/X
 _35294_/X
 _35295_/Y
 _35296_/Y
 _35297_/Y
 _35298_/Y
 _35299_/Y
 _35300_/Y
 _35301_/Y
 _35302_/X
 _35303_/Y
 _35304_/Y
 _35305_/Y
 _35306_/Y
 _35307_/Y
 _35308_/X
 _35309_/Y
 _35310_/X
 _35311_/X
 _35312_/Y
 _35313_/Y
 _35314_/Y
 _35315_/X
 _35316_/Y
 _35317_/Y
 _35318_/Y
 _35319_/X
 _35320_/X
 _35321_/X
 _35322_/X
 _35323_/X
 _35324_/X
 _35325_/X
 _35326_/Y
 _35327_/Y
 _35328_/X
 _35329_/Y
 _35330_/Y
 _35331_/Y
 _35332_/X
 _35333_/Y
 _35334_/X
 _35335_/Y
 _35336_/X
 _35337_/Y
 _35338_/Y
 _35339_/Y
 _35340_/Y
 _35341_/X
 _35342_/Y
 _35343_/Y
 _35344_/Y
 _35345_/X
 _35346_/X
 _35347_/Y
 _35348_/X
 _35349_/X
 _35350_/X
 _35351_/Y
 _35352_/Y
 _35353_/Y
 _35354_/Y
 _35355_/Y
 _35356_/X
 _35357_/Y
 _35358_/Y
 _35359_/X
 _35360_/Y
 _35361_/Y
 _35362_/Y
 _35363_/Y
 _35364_/Y
 _35365_/Y
 _35366_/X
 _35367_/X
 _35368_/Y
 _35369_/Y
 _35370_/Y
 _35371_/X
 _35372_/Y
 _35373_/Y
 _35374_/X
 _35375_/X
 _35376_/Y
 _35377_/X
 _35378_/Y
 _35379_/Y
 _35380_/Y
 _35381_/X
 _35382_/Y
 _35383_/X
 _35384_/Y
 _35385_/X
 _35386_/Y
 _35387_/Y
 _35388_/X
 _35389_/Y
 _35390_/Y
 _35391_/X
 _35392_/X
 _35393_/X
 _35394_/Y
 _35395_/X
 _35396_/X
 _35397_/Y
 _35398_/Y
 _35399_/Y
 _35400_/Y
 _35401_/Y
 _35402_/X
 _35403_/Y
 _35404_/Y
 _35405_/Y
 _35406_/Y
 _35407_/Y
 _35408_/Y
 _35409_/X
 _35410_/X
 _35411_/X
 _35412_/Y
 _35413_/X
 _35414_/Y
 _35415_/Y
 _35416_/Y
 _35417_/X
 _35418_/Y
 _35419_/Y
 _35420_/Y
 _35421_/X
 _35422_/X
 _35423_/X
 _35424_/X
 _35425_/Y
 _35426_/Y
 _35427_/X
 _35428_/X
 _35429_/X
 _35430_/X
 _35431_/Y
 _35432_/Y
 _35433_/X
 _35434_/Y
 _35435_/Y
 _35436_/Y
 _35437_/X
 _35438_/Y
 _35439_/X
 _35440_/Y
 _35441_/Y
 _35442_/X
 _35443_/X
 _35444_/Y
 _35445_/X
 _35446_/Y
 _35447_/Y
 _35448_/Y
 _35449_/X
 _35450_/Y
 _35451_/X
 _35452_/Y
 _35453_/X
 _35454_/X
 _35455_/Y
 _35456_/X
 _35457_/Y
 _35458_/Y
 _35459_/Y
 _35460_/Y
 _35461_/Y
 _35462_/X
 _35463_/X
 _35464_/X
 _35465_/Y
 _35466_/X
 _35467_/X
 _35468_/Y
 _35469_/Y
 _35470_/Y
 _35471_/X
 _35472_/Y
 _35473_/X
 _35474_/Y
 _35475_/X
 _35476_/X
 _35477_/Y
 _35478_/X
 _35479_/X
 _35480_/X
 _35481_/Y
 _35482_/X
 _35483_/X
 _35484_/X
 _35485_/Y
 _35486_/X
 _35487_/Y
 _35488_/X
 _35489_/X
 _35490_/X
 _35491_/Y
 _35492_/Y
 _35493_/X
 _35494_/X
 _35495_/Y
 _35496_/X
 _35497_/X
 _35498_/Y
 _35499_/Y
 _35500_/Y
 _35501_/Y
 _35502_/X
 _35503_/Y
 _35504_/Y
 _35505_/Y
 _35506_/X
 _35507_/X
 _35508_/X
 _35509_/Y
 _35510_/X
 _35511_/X
 _35512_/Y
 _35513_/Y
 _35514_/Y
 _35515_/X
 _35516_/X
 _35517_/Y
 _35518_/Y
 _35519_/Y
 _35520_/X
 _35521_/Y
 _35522_/X
 _35523_/X
 _35524_/X
 _35525_/X
 _35526_/X
 _35527_/Y
 _35528_/X
 _35529_/Y
 _35530_/Y
 _35531_/X
 _35532_/X
 _35533_/X
 _35534_/Y
 _35535_/X
 _35536_/X
 _35537_/X
 _35538_/X
 _35539_/Y
 _35540_/Y
 _35541_/X
 _35542_/X
 _35543_/X
 _35544_/Y
 _35545_/X
 _35546_/Y
 _35547_/Y
 _35548_/Y
 _35549_/Y
 _35550_/Y
 _35551_/X
 _35552_/X
 _35553_/Y
 _35554_/Y
 _35555_/Y
 _35556_/X
 _35557_/X
 _35558_/X
 _35559_/Y
 _35560_/Y
 _35561_/Y
 _35562_/X
 _35563_/Y
 _35564_/Y
 _35565_/Y
 _35566_/X
 _35567_/X
 _35568_/X
 _35569_/X
 _35570_/X
 _35571_/X
 _35572_/X
 _35573_/X
 _35574_/X
 _35575_/X
 _35576_/Y
 _35577_/Y
 _35578_/Y
 _35579_/X
 _35580_/X
 _35581_/Y
 _35582_/Y
 _35583_/X
 _35584_/X
 _35585_/Y
 _35586_/Y
 _35587_/X
 _35588_/X
 _35589_/Y
 _35590_/X
 _35591_/Y
 _35592_/X
 _35593_/Y
 _35594_/X
 _35595_/Y
 _35596_/X
 _35597_/Y
 _35598_/Y
 _35599_/X
 _35600_/X
 _35601_/Y
 _35602_/X
 _35603_/Y
 _35604_/Y
 _35605_/Y
 _35606_/Y
 _35607_/X
 _35608_/Y
 _35609_/X
 _35610_/Y
 _35611_/X
 _35612_/Y
 _35613_/X
 _35614_/X
 _35615_/X
 _35616_/X
 _35617_/Y
 _35618_/X
 _35619_/X
 _35620_/X
 _35621_/Y
 _35622_/Y
 _35623_/X
 _35624_/X
 _35625_/X
 _35626_/X
 _35627_/Y
 _35628_/Y
 _35629_/Y
 _35630_/X
 _35631_/X
 _35632_/X
 _35633_/Y
 _35634_/X
 _35635_/X
 _35636_/X
 _35637_/X
 _35638_/Y
 _35639_/Y
 _35640_/X
 _35641_/X
 _35642_/Y
 _35643_/X
 _35644_/X
 _35645_/X
 _35646_/Y
 _35647_/Y
 _35648_/X
 _35649_/X
 _35650_/X
 _35651_/X
 _35652_/X
 _35653_/X
 _35654_/X
 _35655_/Y
 _35656_/Y
 _35657_/Y
 _35658_/X
 _35659_/Y
 _35660_/X
 _35661_/Y
 _35662_/Y
 _35663_/X
 _35664_/Y
 _35665_/Y
 _35666_/Y
 _35667_/Y
 _35668_/Y
 _35669_/Y
 _35670_/X
 _35671_/X
 _35672_/X
 _35673_/X
 _35674_/X
 _35675_/Y
 _35676_/X
 _35677_/X
 _35678_/Y
 _35679_/Y
 _35680_/Y
 _35681_/X
 _35682_/Y
 _35683_/X
 _35684_/Y
 _35685_/Y
 _35686_/X
 _35687_/X
 _35688_/X
 _35689_/Y
 _35690_/Y
 _35691_/Y
 _35692_/X
 _35693_/X
 _35694_/Y
 _35695_/X
 _35696_/Y
 _35697_/Y
 _35698_/X
 _35699_/Y
 _35700_/Y
 _35701_/Y
 _35702_/Y
 _35703_/Y
 _35704_/Y
 _35705_/Y
 _35706_/Y
 _35707_/Y
 _35708_/Y
 _35709_/Y
 _35710_/Y
 _35711_/X
 _35712_/Y
 _35713_/Y
 _35714_/X
 _35715_/Y
 _35716_/Y
 _35717_/X
 _35718_/X
 _35719_/Y
 _35720_/Y
 _35721_/Y
 _35722_/Y
 _35723_/X
 _35724_/X
 _35725_/X
 _35726_/Y
 _35727_/X
 _35728_/Y
 _35729_/Y
 _35730_/X
 _35731_/X
 _35732_/X
 _35733_/Y
 _35734_/X
 _35735_/X
 _35736_/X
 _35737_/X
 _35738_/X
 _35739_/Y
 _35740_/X
 _35741_/Y
 _35742_/Y
 _35743_/Y
 _35744_/Y
 _35745_/Y
 _35746_/Y
 _35747_/X
 _35748_/Y
 _35749_/Y
 _35750_/Y
 _35751_/Y
 _35752_/Y
 _35753_/Y
 _35754_/Y
 _35755_/X
 _35756_/Y
 _35757_/X
 _35758_/Y
 _35759_/Y
 _35760_/Y
 _35761_/Y
 _35762_/X
 _35763_/Y
 _35764_/Y
 _35765_/X
 _35766_/X
 _35767_/Y
 _35768_/X
 _35769_/X
 _35770_/Y
 _35771_/X
 _35772_/X
 _35773_/Y
 _35774_/X
 _35775_/X
 _35776_/Y
 _35777_/Y
 _35778_/X
 _35779_/X
 _35780_/X
 _35781_/X
 _35782_/Y
 _35783_/X
 _35784_/Y
 _35785_/X
 _35786_/Y
 _35787_/X
 _35788_/X
 _35789_/X
 _35790_/X
 _35791_/X
 _35792_/X
 _35793_/Y
 _35794_/X
 _35795_/Y
 _35796_/Y
 _35797_/X
 _35798_/Y
 _35799_/Y
 _35800_/X
 _35801_/Y
 _35802_/Y
 _35803_/Y
 _35804_/Y
 _35805_/Y
 _35806_/Y
 _35807_/X
 _35808_/Y
 _35809_/Y
 _35810_/Y
 _35811_/Y
 _35812_/Y
 _35813_/X
 _35814_/X
 _35815_/Y
 _35816_/X
 _35817_/Y
 _35818_/X
 _35819_/Y
 _35820_/Y
 _35821_/X
 _35822_/Y
 _35823_/X
 _35824_/Y
 _35825_/X
 _35826_/Y
 _35827_/X
 _35828_/X
 _35829_/X
 _35830_/Y
 _35831_/Y
 _35832_/X
 _35833_/X
 _35834_/Y
 _35835_/Y
 _35836_/X
 _35837_/X
 _35838_/X
 _35839_/X
 _35840_/X
 _35841_/X
 _35842_/X
 _35843_/X
 _35844_/Y
 _35845_/X
 _35846_/X
 _35847_/Y
 _35848_/Y
 _35849_/Y
 _35850_/Y
 _35851_/X
 _35852_/Y
 _35853_/Y
 _35854_/X
 _35855_/Y
 _35856_/Y
 _35857_/Y
 _35858_/Y
 _35859_/Y
 _35860_/Y
 _35861_/Y
 _35862_/X
 _35863_/Y
 _35864_/X
 _35865_/X
 _35866_/Y
 _35867_/Y
 _35868_/X
 _35869_/X
 _35870_/X
 _35871_/X
 _35872_/Y
 _35873_/Y
 _35874_/Y
 _35875_/Y
 _35876_/X
 _35877_/X
 _35878_/X
 _35879_/Y
 _35880_/Y
 _35881_/Y
 _35882_/X
 _35883_/X
 _35884_/Y
 _35885_/Y
 _35886_/X
 _35887_/X
 _35888_/Y
 _35889_/Y
 _35890_/Y
 _35891_/X
 _35892_/X
 _35893_/X
 _35894_/Y
 _35895_/X
 _35896_/X
 _35897_/X
 _35898_/X
 _35899_/Y
 _35900_/Y
 _35901_/X
 _35902_/X
 _35903_/Y
 _35904_/Y
 _35905_/Y
 _35906_/Y
 _35907_/Y
 _35908_/Y
 _35909_/Y
 _35910_/Y
 _35911_/Y
 _35912_/Y
 _35913_/Y
 _35914_/Y
 _35915_/Y
 _35916_/Y
 _35917_/X
 _35918_/X
 _35919_/Y
 _35920_/Y
 _35921_/Y
 _35922_/Y
 _35923_/X
 _35924_/Y
 _35925_/Y
 _35926_/Y
 _35927_/X
 _35928_/Y
 _35929_/X
 _35930_/Y
 _35931_/Y
 _35932_/X
 _35933_/X
 _35934_/Y
 _35935_/Y
 _35936_/X
 _35937_/Y
 _35938_/X
 _35939_/Y
 _35940_/Y
 _35941_/X
 _35942_/X
 _35943_/X
 _35944_/X
 _35945_/X
 _35946_/X
 _35947_/X
 _35948_/X
 _35949_/X
 _35950_/X
 _35951_/X
 _35952_/X
 _35953_/Y
 _35954_/X
 _35955_/X
 _35956_/Y
 _35957_/Y
 _35958_/Y
 _35959_/X
 _35960_/Y
 _35961_/Y
 _35962_/Y
 _35963_/X
 _35964_/X
 _35965_/X
 _35966_/X
 _35967_/Y
 _35968_/X
 _35969_/Y
 _35970_/X
 _35971_/Y
 _35972_/X
 _35973_/X
 _35974_/X
 _35975_/X
 _35976_/Y
 _35977_/Y
 _35978_/Y
 _35979_/Y
 _35980_/Y
 _35981_/Y
 _35982_/X
 _35983_/Y
 _35984_/X
 _35985_/X
 _35986_/Y
 _35987_/Y
 _35988_/X
 _35989_/Y
 _35990_/X
 _35991_/X
 _35992_/X
 _35993_/Y
 _35994_/Y
 _35995_/Y
 _35996_/Y
 _35997_/Y
 _35998_/X
 _35999_/Y
 _36000_/Y
 _36001_/Y
 _36002_/Y
 _36003_/Y
 _36004_/X
 _36005_/Y
 _36006_/Y
 _36007_/X
 _36008_/Y
 _36009_/X
 _36010_/X
 _36011_/X
 _36012_/X
 _36013_/Y
 _36014_/Y
 _36015_/Y
 _36016_/Y
 _36017_/Y
 _36018_/Y
 _36019_/Y
 _36020_/Y
 _36021_/X
 _36022_/X
 _36023_/X
 _36024_/X
 _36025_/X
 _36026_/X
 _36027_/Y
 _36028_/X
 _36029_/Y
 _36030_/Y
 _36031_/X
 _36032_/X
 _36033_/X
 _36034_/X
 _36035_/X
 _36036_/X
 _36037_/X
 _36038_/Y
 _36039_/Y
 _36040_/Y
 _36041_/Y
 _36042_/X
 _36043_/Y
 _36044_/Y
 _36045_/Y
 _36046_/Y
 _36047_/Y
 _36048_/X
 _36049_/Y
 _36050_/Y
 _36051_/X
 _36052_/X
 _36053_/X
 _36054_/Y
 _36055_/X
 _36056_/Y
 _36057_/Y
 _36058_/X
 _36059_/Y
 _36060_/X
 _36061_/Y
 _36062_/X
 _36063_/Y
 _36064_/Y
 _36065_/X
 _36066_/Y
 _36067_/X
 _36068_/Y
 _36069_/Y
 _36070_/X
 _36071_/Y
 _36072_/X
 _36073_/X
 _36074_/Y
 _36075_/Y
 _36076_/Y
 _36077_/X
 _36078_/Y
 _36079_/X
 _36080_/Y
 _36081_/X
 _36082_/Y
 _36083_/Y
 _36084_/X
 _36085_/X
 _36086_/Y
 _36087_/X
 _36088_/X
 _36089_/X
 _36090_/Y
 _36091_/Y
 _36092_/X
 _36093_/X
 _36094_/Y
 _36095_/X
 _36096_/Y
 _36097_/X
 _36098_/Y
 _36099_/X
 _36100_/Y
 _36101_/X
 _36102_/X
 _36103_/Y
 _36104_/Y
 _36105_/X
 _36106_/Y
 _36107_/Y
 _36108_/X
 _36109_/X
 _36110_/Y
 _36111_/Y
 _36112_/Y
 _36113_/Y
 _36114_/X
 _36115_/Y
 _36116_/Y
 _36117_/X
 _36118_/Y
 _36119_/X
 _36120_/X
 _36121_/X
 _36122_/X
 _36123_/X
 _36124_/Y
 _36125_/Y
 _36126_/X
 _36127_/X
 _36128_/Y
 _36129_/Y
 _36130_/X
 _36131_/Y
 _36132_/X
 _36133_/X
 _36134_/X
 _36135_/X
 _36136_/X
 _36137_/Y
 _36138_/X
 _36139_/X
 _36140_/X
 _36141_/X
 _36142_/Y
 _36143_/X
 _36144_/X
 _36145_/Y
 _36146_/X
 _36147_/X
 _36148_/X
 _36149_/Y
 _36150_/X
 _36151_/Y
 _36152_/X
 _36153_/X
 _36154_/Y
 _36155_/Y
 _36156_/Y
 _36157_/Y
 _36158_/Y
 _36159_/X
 _36160_/Y
 _36161_/Y
 _36162_/Y
 _36163_/X
 _36164_/X
 _36165_/Y
 _36166_/Y
 _36167_/X
 _36168_/X
 _36169_/X
 _36170_/Y
 _36171_/Y
 _36172_/X
 _36173_/Y
 _36174_/Y
 _36175_/Y
 _36176_/Y
 _36177_/X
 _36178_/X
 _36179_/Y
 _36180_/X
 _36181_/Y
 _36182_/Y
 _36183_/X
 _36184_/Y
 _36185_/X
 _36186_/X
 _36187_/X
 _36188_/X
 _36189_/X
 _36190_/Y
 _36191_/Y
 _36192_/X
 _36193_/X
 _36194_/Y
 _36195_/X
 _36196_/X
 _36197_/X
 _36198_/Y
 _36199_/X
 _36200_/Y
 _36201_/X
 _36202_/X
 _36203_/X
 _36204_/Y
 _36205_/Y
 _36206_/Y
 _36207_/X
 _36208_/Y
 _36209_/Y
 _36210_/X
 _36211_/Y
 _36212_/Y
 _36213_/Y
 _36214_/Y
 _36215_/Y
 _36216_/Y
 _36217_/X
 _36218_/X
 _36219_/Y
 _36220_/X
 _36221_/X
 _36222_/Y
 _36223_/Y
 _36224_/Y
 _36225_/Y
 _36226_/Y
 _36227_/Y
 _36228_/Y
 _36229_/Y
 _36230_/Y
 _36231_/Y
 _36232_/Y
 _36233_/X
 _36234_/X
 _36235_/X
 _36236_/Y
 _36237_/X
 _36238_/X
 _36239_/Y
 _36240_/Y
 _36241_/Y
 _36242_/Y
 _36243_/Y
 _36244_/Y
 _36245_/Y
 _36246_/X
 _36247_/X
 _36248_/X
 _36249_/Y
 _36250_/Y
 _36251_/X
 _36252_/Y
 _36253_/Y
 _36254_/X
 _36255_/Y
 _36256_/Y
 _36257_/Y
 _36258_/X
 _36259_/X
 _36260_/Y
 _36261_/X
 _36262_/X
 _36263_/Y
 _36264_/Y
 _36265_/Y
 _36266_/Y
 _36267_/X
 _36268_/X
 _36269_/X
 _36270_/X
 _36271_/X
 _36272_/Y
 _36273_/Y
 _36274_/X
 _36275_/Y
 _36276_/X
 _36277_/X
 _36278_/X
 _36279_/Y
 _36280_/X
 _36281_/X
 _36282_/X
 _36283_/Y
 _36284_/X
 _36285_/Y
 _36286_/Y
 _36287_/X
 _36288_/X
 _36289_/Y
 _36290_/Y
 _36291_/Y
 _36292_/X
 _36293_/X
 _36294_/X
 _36295_/Y
 _36296_/Y
 _36297_/Y
 _36298_/Y
 _36299_/Y
 _36300_/Y
 _36301_/Y
 _36302_/X
 _36303_/X
 _36304_/Y
 _36305_/Y
 _36306_/Y
 _36307_/Y
 _36308_/Y
 _36309_/Y
 _36310_/Y
 _36311_/Y
 _36312_/Y
 _36313_/X
 _36314_/X
 _36315_/Y
 _36316_/X
 _36317_/X
 _36318_/Y
 _36319_/X
 _36320_/X
 _36321_/Y
 _36322_/Y
 _36323_/Y
 _36324_/Y
 _36325_/Y
 _36326_/Y
 _36327_/X
 _36328_/Y
 _36329_/X
 _36330_/X
 _36331_/X
 _36332_/Y
 _36333_/Y
 _36334_/Y
 _36335_/Y
 _36336_/Y
 _36337_/Y
 _36338_/Y
 _36339_/X
 _36340_/Y
 _36341_/Y
 _36342_/X
 _36343_/Y
 _36344_/Y
 _36345_/Y
 _36346_/Y
 _36347_/Y
 _36348_/Y
 _36349_/Y
 _36350_/Y
 _36351_/Y
 _36352_/Y
 _36353_/Y
 _36354_/X
 _36355_/X
 _36356_/Y
 _36357_/X
 _36358_/Y
 _36359_/X
 _36360_/X
 _36361_/X
 _36362_/Y
 _36363_/Y
 _36364_/X
 _36365_/Y
 _36366_/X
 _36367_/Y
 _36368_/Y
 _36369_/Y
 _36370_/X
 _36371_/Y
 _36372_/X
 _36373_/Y
 _36374_/Y
 _36375_/X
 _36376_/X
 _36377_/X
 _36378_/X
 _36379_/Y
 _36380_/X
 _36381_/X
 _36382_/X
 _36383_/X
 _36384_/X
 _36385_/X
 _36386_/X
 _36387_/Y
 _36388_/Y
 _36389_/X
 _36390_/X
 _36391_/X
 _36392_/X
 _36393_/X
 _36394_/X
 _36395_/X
 _36396_/X
 _36397_/Y
 _36398_/Y
 _36399_/Y
 _36400_/Y
 _36401_/X
 _36402_/X
 _36403_/Y
 _36404_/X
 _36405_/X
 _36406_/X
 _36407_/Y
 _36408_/X
 _36409_/X
 _36410_/Y
 _36411_/Y
 _36412_/Y
 _36413_/Y
 _36414_/Y
 _36415_/Y
 _36416_/Y
 _36417_/X
 _36418_/Y
 _36419_/X
 _36420_/Y
 _36421_/Y
 _36422_/Y
 _36423_/Y
 _36424_/Y
 _36425_/Y
 _36426_/X
 _36427_/X
 _36428_/X
 _36429_/X
 _36430_/X
 _36431_/Y
 _36432_/X
 _36433_/Y
 _36434_/Y
 _36435_/X
 _36436_/X
 _36437_/X
 _36438_/Y
 _36439_/X
 _36440_/Y
 _36441_/X
 _36442_/Y
 _36443_/X
 _36444_/Y
 _36445_/Y
 _36446_/X
 _36447_/X
 _36448_/Y
 _36449_/Y
 _36450_/Y
 _36451_/X
 _36452_/Y
 _36453_/X
 _36454_/Y
 _36455_/X
 _36456_/X
 _36457_/Y
 _36458_/X
 _36459_/X
 _36460_/Y
 _36461_/X
 _36462_/Y
 _36463_/Y
 _36464_/Y
 _36465_/X
 _36466_/X
 _36467_/X
 _36468_/X
 _36469_/Y
 _36470_/X
 _36471_/Y
 _36472_/X
 _36473_/X
 _36474_/Y
 _36475_/Y
 _36476_/X
 _36477_/X
 _36478_/Y
 _36479_/Y
 _36480_/Y
 _36481_/Y
 _36482_/Y
 _36483_/Y
 _36484_/X
 _36485_/X
 _36486_/Y
 _36487_/X
 _36488_/X
 _36489_/Y
 _36490_/X
 _36491_/Y
 _36492_/X
 _36493_/Y
 _36494_/Y
 _36495_/Y
 _36496_/Y
 _36497_/X
 _36498_/Y
 _36499_/X
 _36500_/X
 _36501_/X
 _36502_/Y
 _36503_/Y
 _36504_/X
 _36505_/X
 _36506_/Y
 _36507_/X
 _36508_/Y
 _36509_/Y
 _36510_/X
 _36511_/X
 _36512_/X
 _36513_/X
 _36514_/X
 _36515_/X
 _36516_/Y
 _36517_/X
 _36518_/X
 _36519_/Y
 _36520_/Y
 _36521_/X
 _36522_/Y
 _36523_/Y
 _36524_/X
 _36525_/Y
 _36526_/Y
 _36527_/Y
 _36528_/X
 _36529_/Y
 _36530_/X
 _36531_/Y
 _36532_/Y
 _36533_/Y
 _36534_/X
 _36535_/X
 _36536_/Y
 _36537_/Y
 _36538_/Y
 _36539_/Y
 _36540_/Y
 _36541_/Y
 _36542_/Y
 _36543_/Y
 _36544_/X
 _36545_/Y
 _36546_/X
 _36547_/Y
 _36548_/Y
 _36549_/Y
 _36550_/Y
 _36551_/Y
 _36552_/Y
 _36553_/Y
 _36554_/X
 _36555_/Y
 _36556_/Y
 _36557_/Y
 _36558_/Y
 _36559_/Y
 _36560_/X
 _36561_/X
 _36562_/X
 _36563_/X
 _36564_/Y
 _36565_/X
 _36566_/X
 _36567_/X
 _36568_/X
 _36569_/X
 _36570_/X
 _36571_/X
 _36572_/Y
 _36573_/X
 _36574_/X
 _36575_/X
 _36576_/X
 _36577_/X
 _36578_/X
 _36579_/X
 _36580_/X
 _36581_/X
 _36582_/X
 _36583_/X
 _36584_/X
 _36585_/X
 _36586_/X
 _36587_/X
 _36588_/X
 _36589_/X
 _36590_/X
 _36591_/X
 _36592_/Y
 _36593_/Y
 _36594_/X
 _36595_/X
 _36596_/X
 _36597_/X
 _36598_/Y
 _36599_/Y
 _36600_/Y
 _36601_/X
 _36602_/Y
 _36603_/Y
 _36604_/X
 _36605_/X
 _36606_/X
 _36607_/X
 _36608_/Y
 _36609_/Y
 _36610_/Y
 _36611_/X
 _36612_/X
 _36613_/X
 _36614_/Y
 _36615_/X
 _36616_/Y
 _36617_/X
 _36618_/X
 _36619_/X
 _36620_/X
 _36621_/Y
 _36622_/Y
 _36623_/X
 _36624_/Y
 _36625_/X
 _36626_/Y
 _36627_/Y
 _36628_/X
 _36629_/X
 _36630_/X
 _36631_/X
 _36632_/X
 _36633_/X
 _36634_/X
 _36635_/X
 _36636_/X
 _36637_/Y
 _36638_/Y
 _36639_/X
 _36640_/Y
 _36641_/Y
 _36642_/Y
 _36643_/Y
 _36644_/Y
 _36645_/Y
 _36646_/Y
 _36647_/X
 _36648_/Y
 _36649_/Y
 _36650_/Y
 _36651_/X
 _36652_/X
 _36653_/Y
 _36654_/X
 _36655_/X
 _36656_/Y
 _36657_/X
 _36658_/Y
 _36659_/X
 _36660_/Y
 _36661_/X
 _36662_/Y
 _36663_/Y
 _36664_/X
 _36665_/X
 _36666_/X
 _36667_/Y
 _36668_/X
 _36669_/X
 _36670_/Y
 _36671_/X
 _36672_/X
 _36673_/X
 _36674_/Y
 _36675_/X
 _36676_/Y
 _36677_/X
 _36678_/X
 _36679_/Y
 _36680_/X
 _36681_/X
 _36682_/X
 _36683_/Y
 _36684_/Y
 _36685_/Y
 _36686_/X
 _36687_/Y
 _36688_/Y
 _36689_/Y
 _36690_/Y
 _36691_/Y
 _36692_/X
 _36693_/Y
 _36694_/Y
 _36695_/Y
 _36696_/X
 _36697_/X
 _36698_/Y
 _36699_/Y
 _36700_/Y
 _36701_/Y
 _36702_/Y
 _36703_/Y
 _36704_/Y
 _36705_/Y
 _36706_/X
 _36707_/X
 _36708_/X
 _36709_/Y
 _36710_/Y
 _36711_/Y
 _36712_/X
 _36713_/X
 _36714_/X
 _36715_/X
 _36716_/Y
 _36717_/Y
 _36718_/Y
 _36719_/X
 _36720_/X
 _36721_/Y
 _36722_/Y
 _36723_/X
 _36724_/X
 _36725_/X
 _36726_/X
 _36727_/X
 _36728_/Y
 _36729_/X
 _36730_/Y
 _36731_/X
 _36732_/Y
 _36733_/Y
 _36734_/Y
 _36735_/Y
 _36736_/Y
 _36737_/Y
 _36738_/Y
 _36739_/Y
 _36740_/X
 _36741_/Y
 _36742_/Y
 _36743_/X
 _36744_/X
 _36745_/Y
 _36746_/X
 _36747_/Y
 _36748_/Y
 _36749_/X
 _36750_/X
 _36751_/X
 _36752_/X
 _36753_/X
 _36754_/Y
 _36755_/X
 _36756_/Y
 _36757_/Y
 _36758_/Y
 _36759_/X
 _36760_/X
 _36761_/Y
 _36762_/Y
 _36763_/Y
 _36764_/X
 _36765_/X
 _36766_/Y
 _36767_/Y
 _36768_/X
 _36769_/Y
 _36770_/Y
 _36771_/Y
 _36772_/Y
 _36773_/Y
 _36774_/Y
 _36775_/Y
 _36776_/Y
 _36777_/Y
 _36778_/Y
 _36779_/X
 _36780_/Y
 _36781_/Y
 _36782_/X
 _36783_/Y
 _36784_/X
 _36785_/Y
 _36786_/Y
 _36787_/Y
 _36788_/X
 _36789_/X
 _36790_/X
 _36791_/Y
 _36792_/X
 _36793_/Y
 _36794_/Y
 _36795_/Y
 _36796_/Y
 _36797_/X
 _36798_/X
 _36799_/X
 _36800_/Y
 _36801_/X
 _36802_/Y
 _36803_/Y
 _36804_/X
 _36805_/Y
 _36806_/Y
 _36807_/Y
 _36808_/Y
 _36809_/X
 _36810_/X
 _36811_/X
 _36812_/X
 _36813_/Y
 _36814_/Y
 _36815_/Y
 _36816_/Y
 _36817_/Y
 _36818_/Y
 _36819_/X
 _36820_/X
 _36821_/Y
 _36822_/Y
 _36823_/X
 _36824_/Y
 _36825_/Y
 _36826_/Y
 _36827_/Y
 _36828_/Y
 _36829_/X
 _36830_/Y
 _36831_/X
 _36832_/X
 _36833_/Y
 _36834_/Y
 _36835_/Y
 _36836_/Y
 _36837_/Y
 _36838_/Y
 _36839_/Y
 _36840_/Y
 _36841_/X
 _36842_/Y
 _36843_/X
 _36844_/Y
 _36845_/Y
 _36846_/Y
 _36847_/X
 _36848_/Y
 _36849_/Y
 _36850_/X
 _36851_/X
 _36852_/Y
 _36853_/Y
 _36854_/X
 _36855_/Y
 _36856_/Y
 _36857_/Y
 _36858_/X
 _36859_/Y
 _36860_/Y
 _36861_/Y
 _36862_/Y
 _36863_/Y
 _36864_/Y
 _36865_/X
 _36866_/X
 _36867_/Y
 _36868_/Y
 _36869_/X
 _36870_/Y
 _36871_/X
 _36872_/Y
 _36873_/X
 _36874_/X
 _36875_/X
 _36876_/Y
 _36877_/X
 _36878_/X
 _36879_/Y
 _36880_/Y
 _36881_/X
 _36882_/Y
 _36883_/X
 _36884_/X
 _36885_/X
 _36886_/Y
 _36887_/Y
 _36888_/Y
 _36889_/Y
 _36890_/Y
 _36891_/X
 _36892_/Y
 _36893_/Y
 _36894_/Y
 _36895_/Y
 _36896_/X
 _36897_/X
 _36898_/X
 _36899_/Y
 _36900_/Y
 _36901_/X
 _36902_/X
 _36903_/X
 _36904_/X
 _36905_/X
 _36906_/X
 _36907_/X
 _36908_/X
 _36909_/X
 _36910_/Y
 _36911_/Y
 _36912_/X
 _36913_/X
 _36914_/X
 _36915_/X
 _36916_/Y
 _36917_/Y
 _36918_/Y
 _36919_/Y
 _36920_/Y
 _36921_/X
 _36922_/X
 _36923_/X
 _36924_/Y
 _36925_/X
 _36926_/Y
 _36927_/Y
 _36928_/X
 _36929_/Y
 _36930_/Y
 _36931_/X
 _36932_/Y
 _36933_/Y
 _36934_/Y
 _36935_/X
 _36936_/X
 _36937_/Y
 _36938_/X
 _36939_/X
 _36940_/X
 _36941_/Y
 _36942_/X
 _36943_/Y
 _36944_/X
 _36945_/X
 _36946_/Y
 _36947_/Y
 _36948_/Y
 _36949_/Y
 _36950_/X
 _36951_/Y
 _36952_/Y
 _36953_/X
 _36954_/Y
 _36955_/X
 _36956_/Y
 _36957_/X
 _36958_/Y
 _36959_/X
 _36960_/Y
 _36961_/X
 _36962_/X
 _36963_/X
 _36964_/Y
 _36965_/X
 _36966_/X
 _36967_/Y
 _36968_/Y
 _36969_/Y
 _36970_/X
 _36971_/Y
 _36972_/Y
 _36973_/Y
 _36974_/Y
 _36975_/X
 _36976_/Y
 _36977_/Y
 _36978_/Y
 _36979_/X
 _36980_/Y
 _36981_/X
 _36982_/X
 _36983_/Y
 _36984_/Y
 _36985_/X
 _36986_/X
 _36987_/X
 _36988_/Y
 _36989_/X
 _36990_/X
 _36991_/X
 _36992_/Y
 _36993_/Y
 _36994_/X
 _36995_/X
 _36996_/X
 _36997_/X
 _36998_/X
 _36999_/X
 _37000_/Y
 _37001_/Y
 _37002_/X
 _37003_/Y
 _37004_/X
 _37005_/Y
 _37006_/X
 _37007_/Y
 _37008_/Y
 _37009_/Y
 _37010_/X
 _37011_/Y
 _37012_/Y
 _37013_/Y
 _37014_/X
 _37015_/X
 _37016_/Y
 _37017_/Y
 _37018_/Y
 _37019_/Y
 _37020_/Y
 _37021_/X
 _37022_/Y
 _37023_/X
 _37024_/X
 _37025_/Y
 _37026_/X
 _37027_/Y
 _37028_/Y
 _37029_/X
 _37030_/X
 _37031_/X
 _37032_/Y
 _37033_/X
 _37034_/X
 _37035_/Y
 _37036_/Y
 _37037_/X
 _37038_/X
 _37039_/X
 _37040_/X
 _37041_/Y
 _37042_/Y
 _37043_/Y
 _37044_/X
 _37045_/X
 _37046_/X
 _37047_/X
 _37048_/Y
 _37049_/Y
 _37050_/X
 _37051_/Y
 _37052_/Y
 _37053_/X
 _37054_/X
 _37055_/X
 _37056_/X
 _37057_/X
 _37058_/X
 _37059_/Y
 _37060_/Y
 _37061_/X
 _37062_/X
 _37063_/Y
 _37064_/Y
 _37065_/X
 _37066_/Y
 _37067_/Y
 _37068_/Y
 _37069_/X
 _37070_/Y
 _37071_/X
 _37072_/Y
 _37073_/X
 _37074_/X
 _37075_/X
 _37076_/X
 _37077_/X
 _37078_/Y
 _37079_/X
 _37080_/X
 _37081_/X
 _37082_/X
 _37083_/X
 _37084_/X
 _37085_/Y
 _37086_/X
 _37087_/Y
 _37088_/X
 _37089_/X
 _37090_/X
 _37091_/Y
 _37092_/X
 _37093_/X
 _37094_/Y
 _37095_/X
 _37096_/X
 _37097_/X
 _37098_/Y
 _37099_/Y
 _37100_/X
 _37101_/Y
 _37102_/Y
 _37103_/X
 _37104_/X
 _37105_/X
 _37106_/X
 _37107_/X
 _37108_/X
 _37109_/Y
 _37110_/Y
 _37111_/X
 _37112_/X
 _37113_/X
 _37114_/X
 _37115_/X
 _37116_/X
 _37117_/X
 _37118_/X
 _37119_/Y
 _37120_/X
 _37121_/X
 _37122_/X
 _37123_/Y
 _37124_/Y
 _37125_/Y
 _37126_/Y
 _37127_/X
 _37128_/Y
 _37129_/X
 _37130_/X
 _37131_/Y
 _37132_/Y
 _37133_/Y
 _37134_/X
 _37135_/X
 _37136_/X
 _37137_/Y
 _37138_/Y
 _37139_/X
 _37140_/Y
 _37141_/Y
 _37142_/X
 _37143_/X
 _37144_/X
 _37145_/X
 _37146_/X
 _37147_/X
 _37148_/Y
 _37149_/Y
 _37150_/X
 _37151_/Y
 _37152_/X
 _37153_/Y
 _37154_/X
 _37155_/Y
 _37156_/X
 _37157_/Y
 _37158_/Y
 _37159_/Y
 _37160_/Y
 _37161_/X
 _37162_/Y
 _37163_/X
 _37164_/X
 _37165_/Y
 _37166_/Y
 _37167_/X
 _37168_/Y
 _37169_/Y
 _37170_/X
 _37171_/Y
 _37172_/X
 _37173_/Y
 _37174_/Y
 _37175_/X
 _37176_/X
 _37177_/Y
 _37178_/X
 _37179_/Y
 _37180_/X
 _37181_/Y
 _37182_/Y
 _37183_/Y
 _37184_/Y
 _37185_/Y
 _37186_/Y
 _37187_/Y
 _37188_/X
 _37189_/Y
 _37190_/X
 _37191_/X
 _37192_/Y
 _37193_/Y
 _37194_/X
 _37195_/Y
 _37196_/X
 _37197_/X
 _37198_/X
 _37199_/X
 _37200_/Y
 _37201_/Y
 _37202_/X
 _37203_/Y
 _37204_/Y
 _37205_/X
 _37206_/X
 _37207_/Y
 _37208_/X
 _37209_/X
 _37210_/X
 _37211_/Y
 _37212_/X
 _37213_/X
 _37214_/X
 _37215_/X
 _37216_/X
 _37217_/X
 _37218_/Y
 _37219_/Y
 _37220_/Y
 _37221_/Y
 _37222_/Y
 _37223_/Y
 _37224_/Y
 _37225_/X
 _37226_/X
 _37227_/Y
 _37228_/Y
 _37229_/Y
 _37230_/X
 _37231_/X
 _37232_/X
 _37233_/Y
 _37234_/X
 _37235_/X
 _37236_/X
 _37237_/Y
 _37238_/X
 _37239_/Y
 _37240_/Y
 _37241_/Y
 _37242_/Y
 _37243_/Y
 _37244_/X
 _37245_/Y
 _37246_/X
 _37247_/Y
 _37248_/Y
 _37249_/X
 _37250_/X
 _37251_/Y
 _37252_/Y
 _37253_/Y
 _37254_/Y
 _37255_/Y
 _37256_/X
 _37257_/Y
 _37258_/X
 _37259_/Y
 _37260_/X
 _37261_/Y
 _37262_/Y
 _37263_/Y
 _37264_/Y
 _37265_/X
 _37266_/Y
 _37267_/X
 _37268_/Y
 _37269_/X
 _37270_/X
 _37271_/X
 _37272_/X
 _37273_/X
 _37274_/Y
 _37275_/X
 _37276_/X
 _37277_/X
 _37278_/Y
 _37279_/Y
 _37280_/Y
 _37281_/Y
 _37282_/Y
 _37283_/X
 _37284_/X
 _37285_/X
 _37286_/Y
 _37287_/Y
 _37288_/X
 _37289_/X
 _37290_/X
 _37291_/Y
 _37292_/X
 _37293_/Y
 _37294_/Y
 _37295_/Y
 _37296_/Y
 _37297_/Y
 _37298_/X
 _37299_/X
 _37300_/Y
 _37301_/X
 _37302_/Y
 _37303_/Y
 _37304_/Y
 _37305_/Y
 _37306_/Y
 _37307_/X
 _37308_/Y
 _37309_/X
 _37310_/Y
 _37311_/Y
 _37312_/Y
 _37313_/Y
 _37314_/Y
 _37315_/Y
 _37316_/X
 _37317_/X
 _37318_/X
 _37319_/X
 _37320_/X
 _37321_/Y
 _37322_/Y
 _37323_/Y
 _37324_/X
 _37325_/X
 _37326_/X
 _37327_/Y
 _37328_/Y
 _37329_/X
 _37330_/X
 _37331_/X
 _37332_/X
 _37333_/Y
 _37334_/Y
 _37335_/Y
 _37336_/X
 _37337_/X
 _37338_/Y
 _37339_/X
 _37340_/Y
 _37341_/Y
 _37342_/Y
 _37343_/Y
 _37344_/Y
 _37345_/X
 _37346_/Y
 _37347_/X
 _37348_/Y
 _37349_/Y
 _37350_/X
 _37351_/Y
 _37352_/X
 _37353_/Y
 _37354_/Y
 _37355_/Y
 _37356_/Y
 _37357_/X
 _37358_/Y
 _37359_/Y
 _37360_/Y
 _37361_/X
 _37362_/Y
 _37363_/Y
 _37364_/X
 _37365_/Y
 _37366_/Y
 _37367_/Y
 _37368_/Y
 _37369_/X
 _37370_/X
 _37371_/X
 _37372_/X
 _37373_/Y
 _37374_/Y
 _37375_/Y
 _37376_/Y
 _37377_/Y
 _37378_/X
 _37379_/Y
 _37380_/Y
 _37381_/X
 _37382_/Y
 _37383_/X
 _37384_/X
 _37385_/X
 _37386_/X
 _37387_/Y
 _37388_/Y
 _37389_/Y
 _37390_/Y
 _37391_/Y
 _37392_/Y
 _37393_/X
 _37394_/X
 _37395_/Y
 _37396_/Y
 _37397_/X
 _37398_/Y
 _37399_/X
 _37400_/Y
 _37401_/Y
 _37402_/Y
 _37403_/Y
 _37404_/Y
 _37405_/X
 _37406_/X
 _37407_/Y
 _37408_/Y
 _37409_/Y
 _37410_/Y
 _37411_/Y
 _37412_/X
 _37413_/Y
 _37414_/Y
 _37415_/Y
 _37416_/X
 _37417_/Y
 _37418_/X
 _37419_/Y
 _37420_/X
 _37421_/X
 _37422_/X
 _37423_/X
 _37424_/X
 _37425_/Y
 _37426_/X
 _37427_/Y
 _37428_/Y
 _37429_/X
 _37430_/X
 _37431_/Y
 _37432_/Y
 _37433_/X
 _37434_/Y
 _37435_/Y
 _37436_/X
 _37437_/Y
 _37438_/X
 _37439_/X
 _37440_/X
 _37441_/Y
 _37442_/Y
 _37443_/Y
 _37444_/X
 _37445_/X
 _37446_/X
 _37447_/X
 _37448_/X
 _37449_/X
 _37450_/Y
 _37451_/Y
 _37452_/Y
 _37453_/X
 _37454_/X
 _37455_/Y
 _37456_/Y
 _37457_/X
 _37458_/Y
 _37459_/Y
 _37460_/X
 _37461_/Y
 _37462_/X
 _37463_/X
 _37464_/X
 _37465_/Y
 _37466_/Y
 _37467_/X
 _37468_/X
 _37469_/X
 _37470_/X
 _37471_/Y
 _37472_/X
 _37473_/X
 _37474_/X
 _37475_/X
 _37476_/Y
 _37477_/X
 _37478_/Y
 _37479_/Y
 _37480_/Y
 _37481_/Y
 _37482_/Y
 _37483_/Y
 _37484_/Y
 _37485_/Y
 _37486_/Y
 _37487_/X
 _37488_/X
 _37489_/X
 _37490_/Y
 _37491_/X
 _37492_/X
 _37493_/Y
 _37494_/Y
 _37495_/Y
 _37496_/Y
 _37497_/Y
 _37498_/X
 _37499_/X
 _37500_/X
 _37501_/Y
 _37502_/X
 _37503_/X
 _37504_/X
 _37505_/X
 _37506_/X
 _37507_/Y
 _37508_/Y
 _37509_/X
 _37510_/Y
 _37511_/X
 _37512_/Y
 _37513_/X
 _37514_/X
 _37515_/Y
 _37516_/X
 _37517_/Y
 _37518_/Y
 _37519_/Y
 _37520_/Y
 _37521_/X
 _37522_/Y
 _37523_/X
 _37524_/X
 _37525_/Y
 _37526_/Y
 _37527_/Y
 _37528_/Y
 _37529_/X
 _37530_/X
 _37531_/X
 _37532_/X
 _37533_/X
 _37534_/X
 _37535_/Y
 _37536_/X
 _37537_/X
 _37538_/Y
 _37539_/X
 _37540_/Y
 _37541_/X
 _37542_/X
 _37543_/X
 _37544_/X
 _37545_/X
 _37546_/X
 _37547_/Y
 _37548_/Y
 _37549_/Y
 _37550_/X
 _37551_/Y
 _37552_/X
 _37553_/X
 _37554_/X
 _37555_/Y
 _37556_/Y
 _37557_/X
 _37558_/X
 _37559_/X
 _37560_/X
 _37561_/Y
 _37562_/Y
 _37563_/Y
 _37564_/Y
 _37565_/Y
 _37566_/Y
 _37567_/X
 _37568_/X
 _37569_/Y
 _37570_/X
 _37571_/X
 _37572_/X
 _37573_/X
 _37574_/Y
 _37575_/Y
 _37576_/Y
 _37577_/X
 _37578_/Y
 _37579_/X
 _37580_/X
 _37581_/Y
 _37582_/Y
 _37583_/X
 _37584_/X
 _37585_/X
 _37586_/Y
 _37587_/Y
 _37588_/Y
 _37589_/Y
 _37590_/Y
 _37591_/X
 _37592_/X
 _37593_/Y
 _37594_/X
 _37595_/Y
 _37596_/Y
 _37597_/X
 _37598_/Y
 _37599_/X
 _37600_/X
 _37601_/X
 _37602_/X
 _37603_/Y
 _37604_/X
 _37605_/X
 _37606_/X
 _37607_/X
 _37608_/X
 _37609_/Y
 _37610_/X
 _37611_/Y
 _37612_/Y
 _37613_/Y
 _37614_/Y
 _37615_/X
 _37616_/X
 _37617_/Y
 _37618_/Y
 _37619_/Y
 _37620_/Y
 _37621_/X
 _37622_/Y
 _37623_/Y
 _37624_/Y
 _37625_/Y
 _37626_/Y
 _37627_/X
 _37628_/Y
 _37629_/X
 _37630_/X
 _37631_/Y
 _37632_/Y
 _37633_/Y
 _37634_/X
 _37635_/Y
 _37636_/X
 _37637_/X
 _37638_/X
 _37639_/X
 _37640_/Y
 _37641_/Y
 _37642_/X
 _37643_/Y
 _37644_/Y
 _37645_/Y
 _37646_/X
 _37647_/Y
 _37648_/X
 _37649_/Y
 _37650_/Y
 _37651_/Y
 _37652_/X
 _37653_/Y
 _37654_/Y
 _37655_/X
 _37656_/Y
 _37657_/Y
 _37658_/Y
 _37659_/X
 _37660_/X
 _37661_/Y
 _37662_/X
 _37663_/Y
 _37664_/X
 _37665_/X
 _37666_/Y
 _37667_/Y
 _37668_/X
 _37669_/X
 _37670_/Y
 _37671_/Y
 _37672_/X
 _37673_/X
 _37674_/X
 _37675_/Y
 _37676_/Y
 _37677_/Y
 _37678_/Y
 _37679_/Y
 _37680_/X
 _37681_/X
 _37682_/Y
 _37683_/Y
 _37684_/X
 _37685_/X
 _37686_/X
 _37687_/X
 _37688_/X
 _37689_/Y
 _37690_/Y
 _37691_/Y
 _37692_/Y
 _37693_/Y
 _37694_/Y
 _37695_/X
 _37696_/Y
 _37697_/Y
 _37698_/Y
 _37699_/Y
 _37700_/Y
 _37701_/X
 _37702_/Y
 _37703_/X
 _37704_/Y
 _37705_/Y
 _37706_/Y
 _37707_/X
 _37708_/Y
 _37709_/X
 _37710_/Y
 _37711_/X
 _37712_/X
 _37713_/Y
 _37714_/Y
 _37715_/Y
 _37716_/Y
 _37717_/Y
 _37718_/X
 _37719_/Y
 _37720_/Y
 _37721_/Y
 _37722_/X
 _37723_/X
 _37724_/Y
 _37725_/X
 _37726_/Y
 _37727_/X
 _37728_/Y
 _37729_/Y
 _37730_/Y
 _37731_/Y
 _37732_/Y
 _37733_/X
 _37734_/Y
 _37735_/X
 _37736_/X
 _37737_/Y
 _37738_/Y
 _37739_/X
 _37740_/Y
 _37741_/X
 _37742_/Y
 _37743_/X
 _37744_/Y
 _37745_/X
 _37746_/Y
 _37747_/Y
 _37748_/Y
 _37749_/Y
 _37750_/X
 _37751_/Y
 _37752_/Y
 _37753_/Y
 _37754_/Y
 _37755_/X
 _37756_/X
 _37757_/X
 _37758_/Y
 _37759_/X
 _37760_/X
 _37761_/Y
 _37762_/Y
 _37763_/Y
 _37764_/X
 _37765_/Y
 _37766_/X
 _37767_/X
 _37768_/Y
 _37769_/Y
 _37770_/X
 _37771_/X
 _37772_/Y
 _37773_/Y
 _37774_/Y
 _37775_/X
 _37776_/X
 _37777_/X
 _37778_/Y
 _37779_/Y
 _37780_/X
 _37781_/Y
 _37782_/X
 _37783_/Y
 _37784_/X
 _37785_/Y
 _37786_/Y
 _37787_/Y
 _37788_/X
 _37789_/X
 _37790_/Y
 _37791_/X
 _37792_/Y
 _37793_/Y
 _37794_/Y
 _37795_/Y
 _37796_/Y
 _37797_/X
 _37798_/X
 _37799_/Y
 _37800_/X
 _37801_/X
 _37802_/X
 _37803_/Y
 _37804_/Y
 _37805_/Y
 _37806_/X
 _37807_/Y
 _37808_/Y
 _37809_/Y
 _37810_/X
 _37811_/Y
 _37812_/Y
 _37813_/Y
 _37814_/X
 _37815_/Y
 _37816_/X
 _37817_/Y
 _37818_/Y
 _37819_/X
 _37820_/Y
 _37821_/Y
 _37822_/Y
 _37823_/X
 _37824_/Y
 _37825_/X
 _37826_/Y
 _37827_/X
 _37828_/Y
 _37829_/Y
 _37830_/Y
 _37831_/Y
 _37832_/Y
 _37833_/X
 _37834_/Y
 _37835_/Y
 _37836_/Y
 _37837_/Y
 _37838_/X
 _37839_/Y
 _37840_/Y
 _37841_/X
 _37842_/Y
 _37843_/Y
 _37844_/Y
 _37845_/Y
 _37846_/Y
 _37847_/Y
 _37848_/Y
 _37849_/Y
 _37850_/X
 _37851_/X
 _37852_/Y
 _37853_/X
 _37854_/X
 _37855_/X
 _37856_/Y
 _37857_/X
 _37858_/Y
 _37859_/X
 _37860_/X
 _37861_/Y
 _37862_/X
 _37863_/X
 _37864_/Y
 _37865_/X
 _37866_/Y
 _37867_/Y
 _37868_/X
 _37869_/Y
 _37870_/X
 _37871_/Y
 _37872_/Y
 _37873_/Y
 _37874_/Y
 _37875_/Y
 _37876_/Y
 _37877_/Y
 _37878_/Y
 _37879_/Y
 _37880_/Y
 _37881_/Y
 _37882_/Y
 _37883_/Y
 _37884_/X
 _37885_/X
 _37886_/X
 _37887_/Y
 _37888_/X
 _37889_/X
 _37890_/X
 _37891_/Y
 _37892_/X
 _37893_/X
 _37894_/X
 _37895_/X
 _37896_/X
 _37897_/Y
 _37898_/Y
 _37899_/X
 _37900_/X
 _37901_/X
 _37902_/X
 _37903_/X
 _37904_/Y
 _37905_/X
 _37906_/Y
 _37907_/X
 _37908_/Y
 _37909_/X
 _37910_/X
 _37911_/Y
 _37912_/X
 _37913_/X
 _37914_/Y
 _37915_/Y
 _37916_/X
 _37917_/X
 _37918_/Y
 _37919_/X
 _37920_/X
 _37921_/X
 _37922_/Y
 _37923_/X
 _37924_/Y
 _37925_/Y
 _37926_/Y
 _37927_/Y
 _37928_/Y
 _37929_/X
 _37930_/X
 _37931_/X
 _37932_/Y
 _37933_/X
 _37934_/X
 _37935_/Y
 _37936_/X
 _37937_/X
 _37938_/X
 _37939_/Y
 _37940_/X
 _37941_/Y
 _37942_/Y
 _37943_/X
 _37944_/X
 _37945_/Y
 _37946_/X
 _37947_/X
 _37948_/Y
 _37949_/X
 _37950_/X
 _37951_/Y
 _37952_/Y
 _37953_/X
 _37954_/Y
 _37955_/Y
 _37956_/Y
 _37957_/X
 _37958_/X
 _37959_/Y
 _37960_/Y
 _37961_/X
 _37962_/X
 _37963_/X
 _37964_/X
 _37965_/Y
 _37966_/Y
 _37967_/Y
 _37968_/X
 _37969_/Y
 _37970_/X
 _37971_/X
 _37972_/Y
 _37973_/Y
 _37974_/Y
 _37975_/Y
 _37976_/Y
 _37977_/Y
 _37978_/Y
 _37979_/X
 _37980_/Y
 _37981_/Y
 _37982_/Y
 _37983_/Y
 _37984_/Y
 _37985_/Y
 _37986_/Y
 _37987_/Y
 _37988_/X
 _37989_/X
 _37990_/Y
 _37991_/Y
 _37992_/X
 _37993_/Y
 _37994_/Y
 _37995_/Y
 _37996_/Y
 _37997_/Y
 _37998_/X
 _37999_/Y
 _38000_/X
 _38001_/Y
 _38002_/X
 _38003_/Y
 _38004_/X
 _38005_/X
 _38006_/Y
 _38007_/X
 _38008_/X
 _38009_/X
 _38010_/X
 _38011_/X
 _38012_/Y
 _38013_/Y
 _38014_/X
 _38015_/Y
 _38016_/Y
 _38017_/X
 _38018_/Y
 _38019_/X
 _38020_/X
 _38021_/X
 _38022_/X
 _38023_/Y
 _38024_/Y
 _38025_/X
 _38026_/Y
 _38027_/Y
 _38028_/Y
 _38029_/X
 _38030_/X
 _38031_/X
 _38032_/Y
 _38033_/Y
 _38034_/Y
 _38035_/X
 _38036_/Y
 _38037_/Y
 _38038_/Y
 _38039_/X
 _38040_/X
 _38041_/X
 _38042_/Y
 _38043_/X
 _38044_/Y
 _38045_/Y
 _38046_/Y
 _38047_/Y
 _38048_/Y
 _38049_/X
 _38050_/X
 _38051_/X
 _38052_/Y
 _38053_/Y
 _38054_/X
 _38055_/Y
 _38056_/X
 _38057_/X
 _38058_/X
 _38059_/X
 _38060_/Y
 _38061_/X
 _38062_/Y
 _38063_/Y
 _38064_/X
 _38065_/X
 _38066_/X
 _38067_/Y
 _38068_/Y
 _38069_/Y
 _38070_/Y
 _38071_/Y
 _38072_/Y
 _38073_/X
 _38074_/Y
 _38075_/Y
 _38076_/Y
 _38077_/X
 _38078_/Y
 _38079_/Y
 _38080_/X
 _38081_/Y
 _38082_/Y
 _38083_/Y
 _38084_/X
 _38085_/Y
 _38086_/Y
 _38087_/Y
 _38088_/Y
 _38089_/Y
 _38090_/Y
 _38091_/X
 _38092_/Y
 _38093_/X
 _38094_/Y
 _38095_/Y
 _38096_/Y
 _38097_/X
 _38098_/X
 _38099_/Y
 _38100_/Y
 _38101_/X
 _38102_/Y
 _38103_/X
 _38104_/Y
 _38105_/X
 _38106_/X
 _38107_/X
 _38108_/X
 _38109_/Y
 _38110_/Y
 _38111_/Y
 _38112_/Y
 _38113_/Y
 _38114_/X
 _38115_/Y
 _38116_/X
 _38117_/Y
 _38118_/X
 _38119_/X
 _38120_/Y
 _38121_/X
 _38122_/X
 _38123_/Y
 _38124_/Y
 _38125_/Y
 _38126_/Y
 _38127_/Y
 _38128_/Y
 _38129_/X
 _38130_/Y
 _38131_/Y
 _38132_/Y
 _38133_/Y
 _38134_/Y
 _38135_/X
 _38136_/X
 _38137_/Y
 _38138_/X
 _38139_/Y
 _38140_/X
 _38141_/Y
 _38142_/Y
 _38143_/X
 _38144_/X
 _38145_/Y
 _38146_/X
 _38147_/X
 _38148_/X
 _38149_/Y
 _38150_/Y
 _38151_/X
 _38152_/Y
 _38153_/Y
 _38154_/Y
 _38155_/X
 _38156_/Y
 _38157_/X
 _38158_/X
 _38159_/X
 _38160_/Y
 _38161_/Y
 _38162_/X
 _38163_/X
 _38164_/Y
 _38165_/Y
 _38166_/Y
 _38167_/Y
 _38168_/Y
 _38169_/Y
 _38170_/Y
 _38171_/Y
 _38172_/Y
 _38173_/X
 _38174_/X
 _38175_/X
 _38176_/Y
 _38177_/X
 _38178_/Y
 _38179_/X
 _38180_/X
 _38181_/X
 _38182_/Y
 _38183_/Y
 _38184_/X
 _38185_/X
 _38186_/Y
 _38187_/X
 _38188_/Y
 _38189_/X
 _38190_/X
 _38191_/X
 _38192_/Y
 _38193_/Y
 _38194_/X
 _38195_/X
 _38196_/Y
 _38197_/X
 _38198_/X
 _38199_/X
 _38200_/X
 _38201_/Y
 _38202_/Y
 _38203_/X
 _38204_/X
 _38205_/X
 _38206_/Y
 _38207_/Y
 _38208_/X
 _38209_/Y
 _38210_/Y
 _38211_/Y
 _38212_/X
 _38213_/Y
 _38214_/Y
 _38215_/Y
 _38216_/Y
 _38217_/Y
 _38218_/X
 _38219_/Y
 _38220_/X
 _38221_/X
 _38222_/Y
 _38223_/X
 _38224_/Y
 _38225_/X
 _38226_/X
 _38227_/X
 _38228_/X
 _38229_/Y
 _38230_/X
 _38231_/Y
 _38232_/Y
 _38233_/Y
 _38234_/Y
 _38235_/Y
 _38236_/X
 _38237_/X
 _38238_/X
 _38239_/Y
 _38240_/X
 _38241_/Y
 _38242_/Y
 _38243_/Y
 _38244_/Y
 _38245_/Y
 _38246_/Y
 _38247_/Y
 _38248_/Y
 _38249_/Y
 _38250_/Y
 _38251_/Y
 _38252_/Y
 _38253_/X
 _38254_/X
 _38255_/Y
 _38256_/X
 _38257_/X
 _38258_/X
 _38259_/X
 _38260_/X
 _38261_/X
 _38262_/X
 _38263_/X
 _38264_/X
 _38265_/X
 _38266_/X
 _38267_/Y
 _38268_/X
 _38269_/Y
 _38270_/X
 _38271_/X
 _38272_/X
 _38273_/Y
 _38274_/X
 _38275_/X
 _38276_/Y
 _38277_/Y
 _38278_/Y
 _38279_/Y
 _38280_/Y
 _38281_/Y
 _38282_/Y
 _38283_/Y
 _38284_/Y
 _38285_/X
 _38286_/Y
 _38287_/Y
 _38288_/Y
 _38289_/Y
 _38290_/Y
 _38291_/X
 _38292_/Y
 _38293_/X
 _38294_/Y
 _38295_/X
 _38296_/X
 _38297_/X
 _38298_/Y
 _38299_/Y
 _38300_/Y
 _38301_/Y
 _38302_/Y
 _38303_/Y
 _38304_/X
 _38305_/Y
 _38306_/Y
 _38307_/Y
 _38308_/X
 _38309_/Y
 _38310_/Y
 _38311_/X
 _38312_/Y
 _38313_/Y
 _38314_/Y
 _38315_/Y
 _38316_/Y
 _38317_/Y
 _38318_/X
 _38319_/Y
 _38320_/X
 _38321_/Y
 _38322_/X
 _38323_/X
 _38324_/X
 _38325_/Y
 _38326_/Y
 _38327_/X
 _38328_/X
 _38329_/Y
 _38330_/Y
 _38331_/Y
 _38332_/Y
 _38333_/Y
 _38334_/Y
 _38335_/Y
 _38336_/X
 _38337_/Y
 _38338_/X
 _38339_/Y
 _38340_/Y
 _38341_/Y
 _38342_/Y
 _38343_/Y
 _38344_/Y
 _38345_/Y
 _38346_/X
 _38347_/Y
 _38348_/Y
 _38349_/X
 _38350_/Y
 _38351_/Y
 _38352_/Y
 _38353_/Y
 _38354_/X
 _38355_/Y
 _38356_/Y
 _38357_/X
 _38358_/X
 _38359_/X
 _38360_/Y
 _38361_/Y
 _38362_/Y
 _38363_/Y
 _38364_/Y
 _38365_/X
 _38366_/X
 _38367_/X
 _38368_/Y
 _38369_/Y
 _38370_/Y
 _38371_/Y
 _38372_/Y
 _38373_/Y
 _38374_/X
 _38375_/Y
 _38376_/X
 _38377_/Y
 _38378_/Y
 _38379_/X
 _38380_/X
 _38381_/Y
 _38382_/Y
 _38383_/Y
 _38384_/X
 _38385_/X
 _38386_/X
 _38387_/Y
 _38388_/X
 _38389_/Y
 _38390_/Y
 _38391_/Y
 _38392_/X
 _38393_/Y
 _38394_/Y
 _38395_/X
 _38396_/X
 _38397_/Y
 _38398_/Y
 _38399_/Y
 _38400_/X
 _38401_/X
 _38402_/X
 _38403_/Y
 _38404_/X
 _38405_/X
 _38406_/X
 _38407_/Y
 _38408_/Y
 _38409_/X
 _38410_/Y
 _38411_/X
 _38412_/X
 _38413_/Y
 _38414_/Y
 _38415_/Y
 _38416_/Y
 _38417_/Y
 _38418_/X
 _38419_/X
 _38420_/Y
 _38421_/Y
 _38422_/Y
 _38423_/Y
 _38424_/Y
 _38425_/Y
 _38426_/Y
 _38427_/Y
 _38428_/Y
 _38429_/X
 _38430_/Y
 _38431_/X
 _38432_/X
 _38433_/Y
 _38434_/X
 _38435_/X
 _38436_/X
 _38437_/Y
 _38438_/X
 _38439_/X
 _38440_/X
 _38441_/Y
 _38442_/X
 _38443_/X
 _38444_/Y
 _38445_/Y
 _38446_/Y
 _38447_/X
 _38448_/X
 _38449_/Y
 _38450_/Y
 _38451_/X
 _38452_/X
 _38453_/Y
 _38454_/X
 _38455_/Y
 _38456_/Y
 _38457_/Y
 _38458_/Y
 _38459_/Y
 _38460_/X
 _38461_/Y
 _38462_/Y
 _38463_/Y
 _38464_/Y
 _38465_/Y
 _38466_/X
 _38467_/Y
 _38468_/Y
 _38469_/Y
 _38470_/X
 _38471_/Y
 _38472_/Y
 _38473_/X
 _38474_/Y
 _38475_/Y
 _38476_/Y
 _38477_/X
 _38478_/X
 _38479_/X
 _38480_/X
 _38481_/X
 _38482_/X
 _38483_/Y
 _38484_/X
 _38485_/X
 _38486_/X
 _38487_/X
 _38488_/Y
 _38489_/Y
 _38490_/X
 _38491_/Y
 _38492_/X
 _38493_/X
 _38494_/Y
 _38495_/X
 _38496_/X
 _38497_/Y
 _38498_/Y
 _38499_/Y
 _38500_/Y
 _38501_/Y
 _38502_/X
 _38503_/Y
 _38504_/X
 _38505_/X
 _38506_/Y
 _38507_/Y
 _38508_/Y
 _38509_/Y
 _38510_/Y
 _38511_/X
 _38512_/Y
 _38513_/Y
 _38514_/X
 _38515_/X
 _38516_/Y
 _38517_/X
 _38518_/X
 _38519_/X
 _38520_/Y
 _38521_/Y
 _38522_/X
 _38523_/Y
 _38524_/Y
 _38525_/X
 _38526_/X
 _38527_/X
 _38528_/X
 _38529_/X
 _38530_/Y
 _38531_/X
 _38532_/X
 _38533_/X
 _38534_/X
 _38535_/X
 _38536_/X
 _38537_/X
 _38538_/Y
 _38539_/Y
 _38540_/Y
 _38541_/Y
 _38542_/Y
 _38543_/Y
 _38544_/X
 _38545_/Y
 _38546_/X
 _38547_/Y
 _38548_/Y
 _38549_/Y
 _38550_/Y
 _38551_/Y
 _38552_/Y
 _38553_/Y
 _38554_/Y
 _38555_/Y
 _38556_/Y
 _38557_/X
 _38558_/Y
 _38559_/X
 _38560_/X
 _38561_/Y
 _38562_/Y
 _38563_/Y
 _38564_/Y
 _38565_/X
 _38566_/Y
 _38567_/X
 _38568_/X
 _38569_/X
 _38570_/Y
 _38571_/Y
 _38572_/Y
 _38573_/X
 _38574_/Y
 _38575_/X
 _38576_/X
 _38577_/Y
 _38578_/X
 _38579_/X
 _38580_/Y
 _38581_/X
 _38582_/Y
 _38583_/Y
 _38584_/X
 _38585_/Y
 _38586_/X
 _38587_/X
 _38588_/X
 _38589_/X
 _38590_/Y
 _38591_/Y
 _38592_/Y
 _38593_/Y
 _38594_/Y
 _38595_/Y
 _38596_/Y
 _38597_/X
 _38598_/X
 _38599_/X
 _38600_/Y
 _38601_/X
 _38602_/X
 _38603_/Y
 _38604_/Y
 _38605_/Y
 _38606_/X
 _38607_/Y
 _38608_/Y
 _38609_/Y
 _38610_/X
 _38611_/X
 _38612_/Y
 _38613_/Y
 _38614_/X
 _38615_/Y
 _38616_/Y
 _38617_/Y
 _38618_/Y
 _38619_/Y
 _38620_/X
 _38621_/X
 _38622_/Y
 _38623_/X
 _38624_/Y
 _38625_/Y
 _38626_/X
 _38627_/Y
 _38628_/X
 _38629_/X
 _38630_/X
 _38631_/Y
 _38632_/Y
 _38633_/Y
 _38634_/X
 _38635_/X
 _38636_/Y
 _38637_/Y
 _38638_/Y
 _38639_/Y
 _38640_/Y
 _38641_/Y
 _38642_/Y
 _38643_/Y
 _38644_/Y
 _38645_/X
 _38646_/X
 _38647_/Y
 _38648_/Y
 _38649_/X
 _38650_/Y
 _38651_/Y
 _38652_/Y
 _38653_/X
 _38654_/X
 _38655_/Y
 _38656_/X
 _38657_/Y
 _38658_/X
 _38659_/X
 _38660_/Y
 _38661_/Y
 _38662_/Y
 _38663_/Y
 _38664_/X
 _38665_/X
 _38666_/X
 _38667_/Y
 _38668_/Y
 _38669_/Y
 _38670_/Y
 _38671_/Y
 _38672_/X
 _38673_/Y
 _38674_/X
 _38675_/Y
 _38676_/Y
 _38677_/Y
 _38678_/X
 _38679_/X
 _38680_/Y
 _38681_/Y
 _38682_/X
 _38683_/Y
 _38684_/X
 _38685_/X
 _38686_/Y
 _38687_/X
 _38688_/Y
 _38689_/X
 _38690_/X
 _38691_/Y
 _38692_/Y
 _38693_/X
 _38694_/X
 _38695_/Y
 _38696_/Y
 _38697_/Y
 _38698_/Y
 _38699_/Y
 _38700_/X
 _38701_/X
 _38702_/Y
 _38703_/Y
 _38704_/X
 _38705_/X
 _38706_/X
 _38707_/X
 _38708_/Y
 _38709_/Y
 _38710_/X
 _38711_/X
 _38712_/X
 _38713_/X
 _38714_/X
 _38715_/Y
 _38716_/Y
 _38717_/Y
 _38718_/Y
 _38719_/Y
 _38720_/Y
 _38721_/Y
 _38722_/Y
 _38723_/Y
 _38724_/Y
 _38725_/Y
 _38726_/Y
 _38727_/X
 _38728_/Y
 _38729_/X
 _38730_/Y
 _38731_/Y
 _38732_/Y
 _38733_/X
 _38734_/Y
 _38735_/X
 _38736_/Y
 _38737_/X
 _38738_/X
 _38739_/Y
 _38740_/Y
 _38741_/Y
 _38742_/Y
 _38743_/Y
 _38744_/X
 _38745_/Y
 _38746_/Y
 _38747_/X
 _38748_/X
 _38749_/Y
 _38750_/X
 _38751_/Y
 _38752_/X
 _38753_/Y
 _38754_/Y
 _38755_/Y
 _38756_/Y
 _38757_/Y
 _38758_/X
 _38759_/Y
 _38760_/X
 _38761_/X
 _38762_/X
 _38763_/X
 _38764_/Y
 _38765_/Y
 _38766_/Y
 _38767_/X
 _38768_/Y
 _38769_/Y
 _38770_/Y
 _38771_/Y
 _38772_/Y
 _38773_/Y
 _38774_/Y
 _38775_/Y
 _38776_/X
 _38777_/X
 _38778_/X
 _38779_/Y
 _38780_/X
 _38781_/X
 _38782_/Y
 _38783_/Y
 _38784_/Y
 _38785_/X
 _38786_/Y
 _38787_/X
 _38788_/X
 _38789_/Y
 _38790_/Y
 _38791_/X
 _38792_/Y
 _38793_/Y
 _38794_/X
 _38795_/Y
 _38796_/X
 _38797_/Y
 _38798_/Y
 _38799_/Y
 _38800_/Y
 _38801_/Y
 _38802_/Y
 _38803_/Y
 _38804_/X
 _38805_/X
 _38806_/Y
 _38807_/Y
 _38808_/Y
 _38809_/Y
 _38810_/Y
 _38811_/Y
 _38812_/X
 _38813_/X
 _38814_/Y
 _38815_/X
 _38816_/X
 _38817_/Y
 _38818_/Y
 _38819_/Y
 _38820_/X
 _38821_/Y
 _38822_/Y
 _38823_/Y
 _38824_/X
 _38825_/Y
 _38826_/Y
 _38827_/Y
 _38828_/Y
 _38829_/Y
 _38830_/Y
 _38831_/X
 _38832_/X
 _38833_/Y
 _38834_/Y
 _38835_/X
 _38836_/Y
 _38837_/Y
 _38838_/Y
 _38839_/Y
 _38840_/X
 _38841_/Y
 _38842_/Y
 _38843_/Y
 _38844_/Y
 _38845_/Y
 _38846_/Y
 _38847_/Y
 _38848_/Y
 _38849_/X
 _38850_/Y
 _38851_/Y
 _38852_/X
 _38853_/X
 _38854_/Y
 _38855_/Y
 _38856_/X
 _38857_/Y
 _38858_/Y
 _38859_/X
 _38860_/Y
 _38861_/Y
 _38862_/Y
 _38863_/X
 _38864_/Y
 _38865_/Y
 _38866_/Y
 _38867_/Y
 _38868_/Y
 _38869_/Y
 _38870_/X
 _38871_/X
 _38872_/Y
 _38873_/X
 _38874_/X
 _38875_/X
 _38876_/Y
 _38877_/X
 _38878_/X
 _38879_/Y
 _38880_/Y
 _38881_/Y
 _38882_/Y
 _38883_/X
 _38884_/Y
 _38885_/Y
 _38886_/Y
 _38887_/Y
 _38888_/Y
 _38889_/Y
 _38890_/Y
 _38891_/Y
 _38892_/Y
 _38893_/Y
 _38894_/X
 _38895_/Y
 _38896_/X
 _38897_/X
 _38898_/Y
 _38899_/X
 _38900_/Y
 _38901_/Y
 _38902_/X
 _38903_/X
 _38904_/X
 _38905_/X
 _38906_/X
 _38907_/Y
 _38908_/Y
 _38909_/X
 _38910_/Y
 _38911_/X
 _38912_/Y
 _38913_/X
 _38914_/X
 _38915_/Y
 _38916_/X
 _38917_/X
 _38918_/X
 _38919_/Y
 _38920_/X
 _38921_/X
 _38922_/Y
 _38923_/X
 _38924_/Y
 _38925_/X
 _38926_/X
 _38927_/X
 _38928_/X
 _38929_/X
 _38930_/Y
 _38931_/Y
 _38932_/X
 _38933_/X
 _38934_/X
 _38935_/X
 _38936_/Y
 _38937_/Y
 _38938_/X
 _38939_/X
 _38940_/X
 _38941_/Y
 _38942_/X
 _38943_/Y
 _38944_/Y
 _38945_/X
 _38946_/X
 _38947_/Y
 _38948_/X
 _38949_/Y
 _38950_/Y
 _38951_/Y
 _38952_/Y
 _38953_/Y
 _38954_/Y
 _38955_/X
 _38956_/Y
 _38957_/Y
 _38958_/X
 _38959_/Y
 _38960_/Y
 _38961_/Y
 _38962_/X
 _38963_/X
 _38964_/Y
 _38965_/Y
 _38966_/Y
 _38967_/Y
 _38968_/Y
 _38969_/Y
 _38970_/Y
 _38971_/X
 _38972_/X
 _38973_/Y
 _38974_/Y
 _38975_/X
 _38976_/Y
 _38977_/X
 _38978_/X
 _38979_/Y
 _38980_/X
 _38981_/Y
 _38982_/X
 _38983_/X
 _38984_/X
 _38985_/Y
 _38986_/Y
 _38987_/X
 _38988_/Y
 _38989_/Y
 _38990_/Y
 _38991_/Y
 _38992_/X
 _38993_/Y
 _38994_/Y
 _38995_/Y
 _38996_/X
 _38997_/X
 _38998_/X
 _38999_/X
 _39000_/X
 _39001_/X
 _39002_/Y
 _39003_/Y
 _39004_/Y
 _39005_/Y
 _39006_/Y
 _39007_/Y
 _39008_/Y
 _39009_/X
 _39010_/X
 _39011_/Y
 _39012_/X
 _39013_/Y
 _39014_/Y
 _39015_/Y
 _39016_/Y
 _39017_/X
 _39018_/Y
 _39019_/X
 _39020_/X
 _39021_/Y
 _39022_/X
 _39023_/Y
 _39024_/Y
 _39025_/Y
 _39026_/Y
 _39027_/Y
 _39028_/Y
 _39029_/Y
 _39030_/X
 _39031_/Y
 _39032_/X
 _39033_/Y
 _39034_/Y
 _39035_/X
 _39036_/X
 _39037_/Y
 _39038_/Y
 _39039_/Y
 _39040_/X
 _39041_/X
 _39042_/Y
 _39043_/Y
 _39044_/Y
 _39045_/Y
 _39046_/Y
 _39047_/Y
 _39048_/X
 _39049_/Y
 _39050_/Y
 _39051_/Y
 _39052_/Y
 _39053_/Y
 _39054_/Y
 _39055_/Y
 _39056_/X
 _39057_/Y
 _39058_/X
 _39059_/Y
 _39060_/Y
 _39061_/X
 _39062_/Y
 _39063_/Y
 _39064_/Y
 _39065_/Y
 _39066_/Y
 _39067_/X
 _39068_/Y
 _39069_/Y
 _39070_/X
 _39071_/Y
 _39072_/Y
 _39073_/Y
 _39074_/Y
 _39075_/X
 _39076_/X
 _39077_/X
 _39078_/Y
 _39079_/X
 _39080_/Y
 _39081_/Y
 _39082_/X
 _39083_/Y
 _39084_/X
 _39085_/X
 _39086_/X
 _39087_/Y
 _39088_/Y
 _39089_/Y
 _39090_/Y
 _39091_/Y
 _39092_/Y
 _39093_/X
 _39094_/Y
 _39095_/X
 _39096_/Y
 _39097_/Y
 _39098_/X
 _39099_/X
 _39100_/X
 _39101_/Y
 _39102_/X
 _39103_/Y
 _39104_/Y
 _39105_/Y
 _39106_/Y
 _39107_/Y
 _39108_/Y
 _39109_/X
 _39110_/Y
 _39111_/Y
 _39112_/Y
 _39113_/Y
 _39114_/Y
 _39115_/Y
 _39116_/Y
 _39117_/Y
 _39118_/X
 _39119_/X
 _39120_/X
 _39121_/X
 _39122_/Y
 _39123_/Y
 _39124_/Y
 _39125_/X
 _39126_/X
 _39127_/X
 _39128_/Y
 _39129_/X
 _39130_/X
 _39131_/Y
 _39132_/X
 _39133_/X
 _39134_/Y
 _39135_/Y
 _39136_/Y
 _39137_/Y
 _39138_/X
 _39139_/Y
 _39140_/X
 _39141_/Y
 _39142_/X
 _39143_/Y
 _39144_/X
 _39145_/Y
 _39146_/Y
 _39147_/X
 _39148_/Y
 _39149_/Y
 _39150_/Y
 _39151_/Y
 _39152_/Y
 _39153_/Y
 _39154_/Y
 _39155_/X
 _39156_/Y
 _39157_/X
 _39158_/Y
 _39159_/Y
 _39160_/X
 _39161_/Y
 _39162_/Y
 _39163_/Y
 _39164_/X
 _39165_/X
 _39166_/X
 _39167_/Y
 _39168_/X
 _39169_/Y
 _39170_/X
 _39171_/Y
 _39172_/Y
 _39173_/Y
 _39174_/X
 _39175_/Y
 _39176_/X
 _39177_/Y
 _39178_/X
 _39179_/Y
 _39180_/X
 _39181_/Y
 _39182_/Y
 _39183_/X
 _39184_/Y
 _39185_/Y
 _39186_/X
 _39187_/Y
 _39188_/Y
 _39189_/Y
 _39190_/Y
 _39191_/Y
 _39192_/Y
 _39193_/Y
 _39194_/X
 _39195_/Y
 _39196_/Y
 _39197_/Y
 _39198_/X
 _39199_/Y
 _39200_/Y
 _39201_/X
 _39202_/Y
 _39203_/Y
 _39204_/Y
 _39205_/X
 _39206_/Y
 _39207_/X
 _39208_/Y
 _39209_/X
 _39210_/Y
 _39211_/Y
 _39212_/X
 _39213_/Y
 _39214_/X
 _39215_/Y
 _39216_/Y
 _39217_/Y
 _39218_/X
 _39219_/Y
 _39220_/Y
 _39221_/Y
 _39222_/X
 _39223_/Y
 _39224_/Y
 _39225_/Y
 _39226_/X
 _39227_/X
 _39228_/Y
 _39229_/Y
 _39230_/Y
 _39231_/Y
 _39232_/X
 _39233_/Y
 _39234_/Y
 _39235_/X
 _39236_/X
 _39237_/X
 _39238_/X
 _39239_/Y
 _39240_/Y
 _39241_/X
 _39242_/Y
 _39243_/Y
 _39244_/Y
 _39245_/X
 _39246_/Y
 _39247_/X
 _39248_/Y
 _39249_/X
 _39250_/Y
 _39251_/Y
 _39252_/Y
 _39253_/Y
 _39254_/X
 _39255_/X
 _39256_/Y
 _39257_/Y
 _39258_/X
 _39259_/Y
 _39260_/X
 _39261_/Y
 _39262_/Y
 _39263_/X
 _39264_/X
 _39265_/X
 _39266_/X
 _39267_/X
 _39268_/Y
 _39269_/X
 _39270_/Y
 _39271_/X
 _39272_/X
 _39273_/Y
 _39274_/Y
 _39275_/Y
 _39276_/X
 _39277_/Y
 _39278_/Y
 _39279_/Y
 _39280_/Y
 _39281_/Y
 _39282_/Y
 _39283_/Y
 _39284_/Y
 _39285_/Y
 _39286_/X
 _39287_/Y
 _39288_/X
 _39289_/X
 _39290_/X
 _39291_/Y
 _39292_/Y
 _39293_/Y
 _39294_/Y
 _39295_/X
 _39296_/X
 _39297_/X
 _39298_/X
 _39299_/X
 _39300_/X
 _39301_/X
 _39302_/X
 _39303_/Y
 _39304_/X
 _39305_/X
 _39306_/X
 _39307_/X
 _39308_/X
 _39309_/X
 _39310_/Y
 _39311_/Y
 _39312_/X
 _39313_/Y
 _39314_/Y
 _39315_/X
 _39316_/Y
 _39317_/X
 _39318_/X
 _39319_/Y
 _39320_/Y
 _39321_/Y
 _39322_/X
 _39323_/Y
 _39324_/X
 _39325_/Y
 _39326_/X
 _39327_/Y
 _39328_/Y
 _39329_/X
 _39330_/X
 _39331_/X
 _39332_/X
 _39333_/X
 _39334_/X
 _39335_/X
 _39336_/Y
 _39337_/X
 _39338_/Y
 _39339_/X
 _39340_/Y
 _39341_/X
 _39342_/X
 _39343_/Y
 _39344_/Y
 _39345_/X
 _39346_/Y
 _39347_/X
 _39348_/Y
 _39349_/Y
 _39350_/Y
 _39351_/Y
 _39352_/Y
 _39353_/Y
 _39354_/X
 _39355_/Y
 _39356_/X
 _39357_/X
 _39358_/Y
 _39359_/Y
 _39360_/Y
 _39361_/X
 _39362_/X
 _39363_/X
 _39364_/Y
 _39365_/Y
 _39366_/Y
 _39367_/X
 _39368_/Y
 _39369_/Y
 _39370_/Y
 _39371_/Y
 _39372_/Y
 _39373_/X
 _39374_/X
 _39375_/Y
 _39376_/X
 _39377_/Y
 _39378_/Y
 _39379_/X
 _39380_/Y
 _39381_/X
 _39382_/X
 _39383_/X
 _39384_/Y
 _39385_/Y
 _39386_/X
 _39387_/X
 _39388_/Y
 _39389_/Y
 _39390_/Y
 _39391_/Y
 _39392_/Y
 _39393_/Y
 _39394_/Y
 _39395_/Y
 _39396_/Y
 _39397_/X
 _39398_/X
 _39399_/Y
 _39400_/Y
 _39401_/X
 _39402_/Y
 _39403_/Y
 _39404_/Y
 _39405_/X
 _39406_/X
 _39407_/Y
 _39408_/X
 _39409_/Y
 _39410_/X
 _39411_/X
 _39412_/Y
 _39413_/Y
 _39414_/X
 _39415_/X
 _39416_/Y
 _39417_/Y
 _39418_/X
 _39419_/X
 _39420_/Y
 _39421_/Y
 _39422_/Y
 _39423_/Y
 _39424_/Y
 _39425_/X
 _39426_/Y
 _39427_/X
 _39428_/Y
 _39429_/Y
 _39430_/Y
 _39431_/X
 _39432_/X
 _39433_/Y
 _39434_/Y
 _39435_/X
 _39436_/Y
 _39437_/X
 _39438_/X
 _39439_/Y
 _39440_/X
 _39441_/Y
 _39442_/X
 _39443_/X
 _39444_/Y
 _39445_/Y
 _39446_/X
 _39447_/X
 _39448_/Y
 _39449_/Y
 _39450_/Y
 _39451_/Y
 _39452_/Y
 _39453_/X
 _39454_/X
 _39455_/Y
 _39456_/Y
 _39457_/X
 _39458_/X
 _39459_/X
 _39460_/X
 _39461_/Y
 _39462_/Y
 _39463_/X
 _39464_/X
 _39465_/X
 _39466_/X
 _39467_/X
 _39468_/Y
 _39469_/Y
 _39470_/Y
 _39471_/Y
 _39472_/Y
 _39473_/Y
 _39474_/Y
 _39475_/Y
 _39476_/Y
 _39477_/Y
 _39478_/Y
 _39479_/X
 _39480_/Y
 _39481_/X
 _39482_/Y
 _39483_/Y
 _39484_/Y
 _39485_/X
 _39486_/Y
 _39487_/X
 _39488_/Y
 _39489_/X
 _39490_/X
 _39491_/Y
 _39492_/Y
 _39493_/Y
 _39494_/Y
 _39495_/Y
 _39496_/X
 _39497_/Y
 _39498_/Y
 _39499_/X
 _39500_/X
 _39501_/Y
 _39502_/X
 _39503_/Y
 _39504_/X
 _39505_/Y
 _39506_/Y
 _39507_/Y
 _39508_/Y
 _39509_/Y
 _39510_/X
 _39511_/Y
 _39512_/X
 _39513_/X
 _39514_/X
 _39515_/X
 _39516_/Y
 _39517_/Y
 _39518_/Y
 _39519_/X
 _39520_/Y
 _39521_/Y
 _39522_/Y
 _39523_/Y
 _39524_/Y
 _39525_/Y
 _39526_/Y
 _39527_/Y
 _39528_/X
 _39529_/X
 _39530_/X
 _39531_/Y
 _39532_/X
 _39533_/X
 _39534_/Y
 _39535_/Y
 _39536_/Y
 _39537_/X
 _39538_/Y
 _39539_/X
 _39540_/X
 _39541_/Y
 _39542_/Y
 _39543_/X
 _39544_/X
 _39545_/Y
 _39546_/Y
 _39547_/Y
 _39548_/X
 _39549_/X
 _39550_/X
 _39551_/Y
 _39552_/Y
 _39553_/Y
 _39554_/Y
 _39555_/Y
 _39556_/Y
 _39557_/Y
 _39558_/X
 _39559_/X
 _39560_/Y
 _39561_/Y
 _39562_/Y
 _39563_/Y
 _39564_/Y
 _39565_/Y
 _39566_/X
 _39567_/X
 _39568_/Y
 _39569_/X
 _39570_/X
 _39571_/Y
 _39572_/Y
 _39573_/Y
 _39574_/X
 _39575_/Y
 _39576_/Y
 _39577_/Y
 _39578_/X
 _39579_/Y
 _39580_/Y
 _39581_/Y
 _39582_/X
 _39583_/Y
 _39584_/X
 _39585_/Y
 _39586_/Y
 _39587_/X
 _39588_/Y
 _39589_/Y
 _39590_/Y
 _39591_/X
 _39592_/Y
 _39593_/X
 _39594_/Y
 _39595_/Y
 _39596_/Y
 _39597_/Y
 _39598_/Y
 _39599_/Y
 _39600_/Y
 _39601_/Y
 _39602_/Y
 _39603_/Y
 _39604_/X
 _39605_/Y
 _39606_/Y
 _39607_/X
 _39608_/Y
 _39609_/Y
 _39610_/Y
 _39611_/Y
 _39612_/Y
 _39613_/Y
 _39614_/Y
 _39615_/Y
 _39616_/X
 _39617_/X
 _39618_/Y
 _39619_/X
 _39620_/X
 _39621_/X
 _39622_/X
 _39623_/X
 _39624_/Y
 _39625_/X
 _39626_/X
 _39627_/Y
 _39628_/Y
 _39629_/Y
 _39630_/Y
 _39631_/X
 _39632_/Y
 _39633_/Y
 _39634_/Y
 _39635_/Y
 _39636_/Y
 _39637_/Y
 _39638_/Y
 _39639_/Y
 _39640_/Y
 _39641_/Y
 _39642_/Y
 _39643_/Y
 _39644_/Y
 _39645_/X
 _39646_/X
 _39647_/X
 _39648_/Y
 _39649_/Y
 _39650_/Y
 _39651_/X
 _39652_/X
 _39653_/X
 _39654_/X
 _39655_/X
 _39656_/Y
 _39657_/Y
 _39658_/Y
 _39659_/Y
 _39660_/X
 _39661_/Y
 _39662_/X
 _39663_/Y
 _39664_/X
 _39665_/X
 _39666_/Y
 _39667_/Y
 _39668_/X
 _39669_/X
 _39670_/Y
 _39671_/Y
 _39672_/Y
 _39673_/X
 _39674_/X
 _39675_/Y
 _39676_/X
 _39677_/Y
 _39678_/Y
 _39679_/X
 _39680_/Y
 _39681_/X
 _39682_/X
 _39683_/X
 _39684_/X
 _39685_/X
 _39686_/X
 _39687_/Y
 _39688_/Y
 _39689_/Y
 _39690_/Y
 _39691_/Y
 _39692_/X
 _39693_/X
 _39694_/X
 _39695_/Y
 _39696_/X
 _39697_/X
 _39698_/Y
 _39699_/Y
 _39700_/X
 _39701_/X
 _39702_/X
 _39703_/Y
 _39704_/Y
 _39705_/X
 _39706_/Y
 _39707_/X
 _39708_/Y
 _39709_/Y
 _39710_/X
 _39711_/Y
 _39712_/Y
 _39713_/X
 _39714_/Y
 _39715_/X
 _39716_/X
 _39717_/Y
 _39718_/X
 _39719_/Y
 _39720_/Y
 _39721_/X
 _39722_/Y
 _39723_/Y
 _39724_/X
 _39725_/X
 _39726_/X
 _39727_/Y
 _39728_/X
 _39729_/X
 _39730_/Y
 _39731_/X
 _39732_/Y
 _39733_/Y
 _39734_/X
 _39735_/X
 _39736_/X
 _39737_/Y
 _39738_/Y
 _39739_/Y
 _39740_/Y
 _39741_/X
 _39742_/Y
 _39743_/Y
 _39744_/X
 _39745_/Y
 _39746_/Y
 _39747_/Y
 _39748_/Y
 _39749_/Y
 _39750_/Y
 _39751_/Y
 _39752_/Y
 _39753_/X
 _39754_/X
 _39755_/Y
 _39756_/Y
 _39757_/Y
 _39758_/Y
 _39759_/X
 _39760_/Y
 _39761_/X
 _39762_/Y
 _39763_/Y
 _39764_/Y
 _39765_/Y
 _39766_/Y
 _39767_/X
 _39768_/X
 _39769_/X
 _39770_/X
 _39771_/X
 _39772_/Y
 _39773_/X
 _39774_/Y
 _39775_/X
 _39776_/Y
 _39777_/X
 _39778_/X
 _39779_/X
 _39780_/X
 _39781_/Y
 _39782_/Y
 _39783_/Y
 _39784_/Y
 _39785_/Y
 _39786_/X
 _39787_/Y
 _39788_/Y
 _39789_/Y
 _39790_/X
 _39791_/Y
 _39792_/Y
 _39793_/Y
 _39794_/X
 _39795_/Y
 _39796_/Y
 _39797_/X
 _39798_/Y
 _39799_/X
 _39800_/X
 _39801_/X
 _39802_/Y
 _39803_/Y
 _39804_/Y
 _39805_/X
 _39806_/X
 _39807_/X
 _39808_/Y
 _39809_/X
 _39810_/Y
 _39811_/Y
 _39812_/Y
 _39813_/Y
 _39814_/Y
 _39815_/X
 _39816_/X
 _39817_/X
 _39818_/Y
 _39819_/X
 _39820_/Y
 _39821_/Y
 _39822_/Y
 _39823_/Y
 _39824_/Y
 _39825_/Y
 _39826_/Y
 _39827_/Y
 _39828_/X
 _39829_/X
 _39830_/Y
 _39831_/Y
 _39832_/X
 _39833_/Y
 _39834_/Y
 _39835_/Y
 _39836_/X
 _39837_/X
 _39838_/X
 _39839_/X
 _39840_/Y
 _39841_/Y
 _39842_/X
 _39843_/X
 _39844_/Y
 _39845_/Y
 _39846_/Y
 _39847_/X
 _39848_/Y
 _39849_/Y
 _39850_/Y
 _39851_/Y
 _39852_/Y
 _39853_/Y
 _39854_/X
 _39855_/X
 _39856_/Y
 _39857_/X
 _39858_/X
 _39859_/Y
 _39860_/Y
 _39861_/Y
 _39862_/X
 _39863_/X
 _39864_/X
 _39865_/X
 _39866_/X
 _39867_/X
 _39868_/X
 _39869_/X
 _39870_/Y
 _39871_/Y
 _39872_/Y
 _39873_/X
 _39874_/X
 _39875_/Y
 _39876_/Y
 _39877_/X
 _39878_/Y
 _39879_/X
 _39880_/X
 _39881_/X
 _39882_/X
 _39883_/Y
 _39884_/Y
 _39885_/X
 _39886_/Y
 _39887_/Y
 _39888_/Y
 _39889_/X
 _39890_/Y
 _39891_/Y
 _39892_/X
 _39893_/Y
 _39894_/Y
 _39895_/Y
 _39896_/Y
 _39897_/Y
 _39898_/X
 _39899_/X
 _39900_/Y
 _39901_/Y
 _39902_/Y
 _39903_/Y
 _39904_/Y
 _39905_/Y
 _39906_/X
 _39907_/X
 _39908_/X
 _39909_/X
 _39910_/X
 _39911_/Y
 _39912_/Y
 _39913_/Y
 _39914_/X
 _39915_/Y
 _39916_/Y
 _39917_/X
 _39918_/Y
 _39919_/X
 _39920_/Y
 _39921_/Y
 _39922_/Y
 _39923_/X
 _39924_/Y
 _39925_/X
 _39926_/Y
 _39927_/Y
 _39928_/X
 _39929_/X
 _39930_/Y
 _39931_/Y
 _39932_/Y
 _39933_/X
 _39934_/Y
 _39935_/Y
 _39936_/Y
 _39937_/Y
 _39938_/Y
 _39939_/Y
 _39940_/Y
 _39941_/Y
 _39942_/X
 _39943_/Y
 _39944_/X
 _39945_/Y
 _39946_/Y
 _39947_/Y
 _39948_/Y
 _39949_/X
 _39950_/Y
 _39951_/Y
 _39952_/Y
 _39953_/Y
 _39954_/Y
 _39955_/Y
 _39956_/X
 _39957_/X
 _39958_/X
 _39959_/Y
 _39960_/Y
 _39961_/X
 _39962_/Y
 _39963_/X
 _39964_/X
 _39965_/Y
 _39966_/X
 _39967_/X
 _39968_/Y
 _39969_/Y
 _39970_/Y
 _39971_/Y
 _39972_/X
 _39973_/Y
 _39974_/Y
 _39975_/Y
 _39976_/Y
 _39977_/Y
 _39978_/Y
 _39979_/X
 _39980_/X
 _39981_/Y
 _39982_/Y
 _39983_/X
 _39984_/X
 _39985_/X
 _39986_/Y
 _39987_/X
 _39988_/X
 _39989_/X
 _39990_/Y
 _39991_/X
 _39992_/X
 _39993_/X
 _39994_/Y
 _39995_/X
 _39996_/X
 _39997_/X
 _39998_/X
 _39999_/X
 _40000_/X
 _40001_/Y
 _40002_/Y
 _40003_/X
 _40004_/X
 _40005_/Y
 _40006_/X
 _40007_/Y
 _40008_/X
 _40009_/Y
 _40010_/Y
 _40011_/X
 _40012_/X
 _40013_/X
 _40014_/X
 _40015_/Y
 _40016_/X
 _40017_/Y
 _40018_/X
 _40019_/Y
 _40020_/X
 _40021_/Y
 _40022_/X
 _40023_/X
 _40024_/X
 _40025_/X
 _40026_/Y
 _40027_/X
 _40028_/X
 _40029_/Y
 _40030_/Y
 _40031_/X
 _40032_/X
 _40033_/X
 _40034_/Y
 _40035_/X
 _40036_/X
 _40037_/Y
 _40038_/X
 _40039_/Y
 _40040_/X
 _40041_/Y
 _40042_/X
 _40043_/Y
 _40044_/X
 _40045_/X
 _40046_/Y
 _40047_/Y
 _40048_/X
 _40049_/Y
 _40050_/X
 _40051_/X
 _40052_/X
 _40053_/X
 _40054_/Y
 _40055_/Y
 _40056_/X
 _40057_/X
 _40058_/Y
 _40059_/X
 _40060_/Y
 _40061_/Y
 _40062_/Y
 _40063_/Y
 _40064_/X
 _40065_/Y
 _40066_/X
 _40067_/Y
 _40068_/X
 _40069_/Y
 _40070_/Y
 _40071_/Y
 _40072_/Y
 _40073_/Y
 _40074_/X
 _40075_/X
 _40076_/Y
 _40077_/Y
 _40078_/Y
 _40079_/Y
 _40080_/X
 _40081_/Y
 _40082_/X
 _40083_/X
 _40084_/X
 _40085_/Y
 _40086_/Y
 _40087_/Y
 _40088_/Y
 _40089_/Y
 _40090_/X
 _40091_/Y
 _40092_/Y
 _40093_/X
 _40094_/X
 _40095_/Y
 _40096_/Y
 _40097_/X
 _40098_/Y
 _40099_/Y
 _40100_/Y
 _40101_/X
 _40102_/X
 _40103_/X
 _40104_/Y
 _40105_/Y
 _40106_/X
 _40107_/Y
 _40108_/X
 _40109_/Y
 _40110_/Y
 _40111_/Y
 _40112_/Y
 _40113_/Y
 _40114_/X
 _40115_/Y
 _40116_/X
 _40117_/X
 _40118_/Y
 _40119_/Y
 _40120_/Y
 _40121_/Y
 _40122_/Y
 _40123_/X
 _40124_/Y
 _40125_/Y
 _40126_/X
 _40127_/Y
 _40128_/Y
 _40129_/Y
 _40130_/X
 _40131_/Y
 _40132_/X
 _40133_/Y
 _40134_/X
 _40135_/X
 _40136_/Y
 _40137_/Y
 _40138_/Y
 _40139_/Y
 _40140_/Y
 _40141_/X
 _40142_/Y
 _40143_/Y
 _40144_/Y
 _40145_/Y
 _40146_/Y
 _40147_/X
 _40148_/Y
 _40149_/Y
 _40150_/Y
 _40151_/X
 _40152_/X
 _40153_/X
 _40154_/Y
 _40155_/X
 _40156_/Y
 _40157_/X
 _40158_/Y
 _40159_/X
 _40160_/Y
 _40161_/Y
 _40162_/Y
 _40163_/Y
 _40164_/Y
 _40165_/Y
 _40166_/Y
 _40167_/X
 _40168_/Y
 _40169_/Y
 _40170_/Y
 _40171_/Y
 _40172_/Y
 _40173_/Y
 _40174_/X
 _40175_/X
 _40176_/Y
 _40177_/Y
 _40178_/Y
 _40179_/Y
 _40180_/Y
 _40181_/Y
 _40182_/Y
 _40183_/Y
 _40184_/Y
 _40185_/Y
 _40186_/Y
 _40187_/Y
 _40188_/X
 _40189_/Y
 _40190_/Y
 _40191_/X
 _40192_/X
 _40193_/X
 _40194_/Y
 _40195_/Y
 _40196_/Y
 _40197_/Y
 _40198_/Y
 _40199_/X
 _40200_/Y
 _40201_/Y
 _40202_/Y
 _40203_/X
 _40204_/X
 _40205_/X
 _40206_/Y
 _40207_/X
 _40208_/X
 _40209_/Y
 _40210_/Y
 _40211_/Y
 _40212_/Y
 _40213_/Y
 _40214_/X
 _40215_/Y
 _40216_/Y
 _40217_/Y
 _40218_/Y
 _40219_/Y
 _40220_/Y
 _40221_/Y
 _40222_/X
 _40223_/Y
 _40224_/X
 _40225_/X
 _40226_/Y
 _40227_/Y
 _40228_/Y
 _40229_/Y
 _40230_/Y
 _40231_/Y
 _40232_/Y
 _40233_/X
 _40234_/X
 _40235_/Y
 _40236_/Y
 _40237_/Y
 _40238_/Y
 _40239_/Y
 _40240_/X
 _40241_/Y
 _40242_/X
 _40243_/Y
 _40244_/Y
 _40245_/Y
 _40246_/Y
 _40247_/Y
 _40248_/X
 _40249_/X
 _40250_/Y
 _40251_/Y
 _40252_/Y
 _40253_/Y
 _40254_/Y
 _40255_/Y
 _40256_/X
 _40257_/Y
 _40258_/Y
 _40259_/Y
 _40260_/Y
 _40261_/Y
 _40262_/Y
 _40263_/Y
 _40264_/Y
 _40265_/Y
 _40266_/Y
 _40267_/X
 _40268_/Y
 _40269_/Y
 _40270_/Y
 _40271_/Y
 _40272_/X
 _40273_/X
 _40274_/X
 _40275_/Y
 _40276_/X
 _40277_/X
 _40278_/Y
 _40279_/X
 _40280_/Y
 _40281_/X
 _40282_/X
 _40283_/X
 _40284_/X
 _40285_/Y
 _40286_/Y
 _40287_/X
 _40288_/X
 _40289_/X
 _40290_/X
 _40291_/Y
 _40292_/Y
 _40293_/Y
 _40294_/Y
 _40295_/Y
 _40296_/Y
 _40297_/Y
 _40298_/X
 _40299_/X
 _40300_/Y
 _40301_/Y
 _40302_/X
 _40303_/Y
 _40304_/X
 _40305_/X
 _40306_/Y
 _40307_/Y
 _40308_/X
 _40309_/Y
 _40310_/Y
 _40311_/Y
 _40312_/X
 _40313_/X
 _40314_/Y
 _40315_/X
 _40316_/X
 _40317_/Y
 _40318_/Y
 _40319_/Y
 _40320_/Y
 _40321_/Y
 _40322_/X
 _40323_/Y
 _40324_/X
 _40325_/Y
 _40326_/X
 _40327_/Y
 _40328_/X
 _40329_/Y
 _40330_/X
 _40331_/X
 _40332_/Y
 _40333_/X
 _40334_/X
 _40335_/Y
 _40336_/X
 _40337_/X
 _40338_/Y
 _40339_/Y
 _40340_/Y
 _40341_/Y
 _40342_/Y
 _40343_/Y
 _40344_/Y
 _40345_/Y
 _40346_/Y
 _40347_/Y
 _40348_/Y
 _40349_/Y
 _40350_/X
 _40351_/Y
 _40352_/Y
 _40353_/Y
 _40354_/X
 _40355_/X
 _40356_/Y
 _40357_/X
 _40358_/X
 _40359_/X
 _40360_/X
 _40361_/X
 _40362_/Y
 _40363_/Y
 _40364_/X
 _40365_/X
 _40366_/X
 _40367_/Y
 _40368_/X
 _40369_/X
 _40370_/Y
 _40371_/X
 _40372_/Y
 _40373_/Y
 _40374_/X
 _40375_/Y
 _40376_/X
 _40377_/Y
 _40378_/X
 _40379_/X
 _40380_/X
 _40381_/Y
 _40382_/X
 _40383_/Y
 _40384_/X
 _40385_/Y
 _40386_/Y
 _40387_/Y
 _40388_/Y
 _40389_/X
 _40390_/Y
 _40391_/Y
 _40392_/X
 _40393_/X
 _40394_/X
 _40395_/X
 _40396_/X
 _40397_/Y
 _40398_/Y
 _40399_/Y
 _40400_/X
 _40401_/X
 _40402_/Y
 _40403_/Y
 _40404_/X
 _40405_/X
 _40406_/X
 _40407_/X
 _40408_/X
 _40409_/Y
 _40410_/Y
 _40411_/Y
 _40412_/Y
 _40413_/X
 _40414_/Y
 _40415_/X
 _40416_/Y
 _40417_/X
 _40418_/Y
 _40419_/X
 _40420_/Y
 _40421_/Y
 _40422_/Y
 _40423_/X
 _40424_/X
 _40425_/X
 _40426_/X
 _40427_/Y
 _40428_/Y
 _40429_/Y
 _40430_/X
 _40431_/X
 _40432_/X
 _40433_/Y
 _40434_/Y
 _40435_/Y
 _40436_/X
 _40437_/X
 _40438_/Y
 _40439_/Y
 _40440_/X
 _40441_/X
 _40442_/X
 _40443_/X
 _40444_/X
 _40445_/Y
 _40446_/Y
 _40447_/X
 _40448_/Y
 _40449_/Y
 _40450_/Y
 _40451_/Y
 _40452_/Y
 _40453_/Y
 _40454_/X
 _40455_/Y
 _40456_/Y
 _40457_/Y
 _40458_/X
 _40459_/Y
 _40460_/X
 _40461_/Y
 _40462_/X
 _40463_/X
 _40464_/Y
 _40465_/Y
 _40466_/Y
 _40467_/X
 _40468_/Y
 _40469_/Y
 _40470_/X
 _40471_/X
 _40472_/Y
 _40473_/X
 _40474_/Y
 _40475_/X
 _40476_/Y
 _40477_/Y
 _40478_/X
 _40479_/Y
 _40480_/Y
 _40481_/Y
 _40482_/X
 _40483_/X
 _40484_/X
 _40485_/X
 _40486_/Y
 _40487_/Y
 _40488_/Y
 _40489_/Y
 _40490_/Y
 _40491_/X
 _40492_/Y
 _40493_/Y
 _40494_/Y
 _40495_/Y
 _40496_/Y
 _40497_/Y
 _40498_/X
 _40499_/X
 _40500_/X
 _40501_/X
 _40502_/X
 _40503_/Y
 _40504_/Y
 _40505_/Y
 _40506_/Y
 _40507_/Y
 _40508_/Y
 _40509_/Y
 _40510_/Y
 _40511_/Y
 _40512_/Y
 _40513_/X
 _40514_/X
 _40515_/Y
 _40516_/Y
 _40517_/X
 _40518_/X
 _40519_/Y
 _40520_/Y
 _40521_/Y
 _40522_/Y
 _40523_/X
 _40524_/X
 _40525_/X
 _40526_/Y
 _40527_/X
 _40528_/X
 _40529_/Y
 _40530_/Y
 _40531_/X
 _40532_/Y
 _40533_/Y
 _40534_/X
 _40535_/Y
 _40536_/Y
 _40537_/X
 _40538_/Y
 _40539_/X
 _40540_/X
 _40541_/X
 _40542_/Y
 _40543_/X
 _40544_/Y
 _40545_/Y
 _40546_/Y
 _40547_/Y
 _40548_/Y
 _40549_/Y
 _40550_/X
 _40551_/X
 _40552_/X
 _40553_/X
 _40554_/Y
 _40555_/Y
 _40556_/Y
 _40557_/Y
 _40558_/Y
 _40559_/Y
 _40560_/Y
 _40561_/X
 _40562_/X
 _40563_/Y
 _40564_/Y
 _40565_/Y
 _40566_/X
 _40567_/Y
 _40568_/Y
 _40569_/Y
 _40570_/Y
 _40571_/Y
 _40572_/Y
 _40573_/Y
 _40574_/X
 _40575_/X
 _40576_/Y
 _40577_/Y
 _40578_/X
 _40579_/X
 _40580_/Y
 _40581_/Y
 _40582_/X
 _40583_/X
 _40584_/Y
 _40585_/X
 _40586_/X
 _40587_/Y
 _40588_/Y
 _40589_/Y
 _40590_/X
 _40591_/Y
 _40592_/Y
 _40593_/Y
 _40594_/Y
 _40595_/Y
 _40596_/X
 _40597_/X
 _40598_/Y
 _40599_/Y
 _40600_/Y
 _40601_/X
 _40602_/Y
 _40603_/Y
 _40604_/Y
 _40605_/Y
 _40606_/Y
 _40607_/Y
 _40608_/X
 _40609_/Y
 _40610_/Y
 _40611_/X
 _40612_/Y
 _40613_/Y
 _40614_/X
 _40615_/Y
 _40616_/Y
 _40617_/X
 _40618_/Y
 _40619_/X
 _40620_/X
 _40621_/Y
 _40622_/Y
 _40623_/X
 _40624_/Y
 _40625_/X
 _40626_/Y
 _40627_/X
 _40628_/X
 _40629_/Y
 _40630_/Y
 _40631_/X
 _40632_/Y
 _40633_/Y
 _40634_/X
 _40635_/Y
 _40636_/X
 _40637_/X
 _40638_/Y
 _40639_/Y
 _40640_/Y
 _40641_/Y
 _40642_/Y
 _40643_/X
 _40644_/Y
 _40645_/Y
 _40646_/Y
 _40647_/Y
 _40648_/Y
 _40649_/Y
 _40650_/Y
 _40651_/X
 _40652_/Y
 _40653_/Y
 _40654_/Y
 _40655_/X
 _40656_/Y
 _40657_/Y
 _40658_/Y
 _40659_/X
 _40660_/X
 _40661_/X
 _40662_/Y
 _40663_/X
 _40664_/X
 _40665_/X
 _40666_/Y
 _40667_/Y
 _40668_/Y
 _40669_/Y
 _40670_/Y
 _40671_/Y
 _40672_/X
 _40673_/Y
 _40674_/Y
 _40675_/Y
 _40676_/Y
 _40677_/Y
 _40678_/Y
 _40679_/Y
 _40680_/Y
 _40681_/X
 _40682_/Y
 _40683_/X
 _40684_/X
 _40685_/Y
 _40686_/Y
 _40687_/Y
 _40688_/X
 _40689_/Y
 _40690_/Y
 _40691_/X
 _40692_/Y
 _40693_/Y
 _40694_/Y
 _40695_/X
 _40696_/Y
 _40697_/Y
 _40698_/Y
 _40699_/Y
 _40700_/Y
 _40701_/Y
 _40702_/X
 _40703_/X
 _40704_/X
 _40705_/X
 _40706_/Y
 _40707_/X
 _40708_/Y
 _40709_/X
 _40710_/Y
 _40711_/Y
 _40712_/Y
 _40713_/X
 _40714_/Y
 _40715_/X
 _40716_/X
 _40717_/Y
 _40718_/X
 _40719_/Y
 _40720_/X
 _40721_/X
 _40722_/X
 _40723_/Y
 _40724_/X
 _40725_/X
 _40726_/Y
 _40727_/X
 _40728_/Y
 _40729_/X
 _40730_/X
 _40731_/Y
 _40732_/Y
 _40733_/Y
 _40734_/Y
 _40735_/Y
 _40736_/Y
 _40737_/X
 _40738_/Y
 _40739_/X
 _40740_/Y
 _40741_/X
 _40742_/Y
 _40743_/Y
 _40744_/Y
 _40745_/X
 _40746_/Y
 _40747_/Y
 _40748_/Y
 _40749_/Y
 _40750_/X
 _40751_/Y
 _40752_/Y
 _40753_/Y
 _40754_/X
 _40755_/X
 _40756_/Y
 _40757_/X
 _40758_/Y
 _40759_/Y
 _40760_/Y
 _40761_/X
 _40762_/Y
 _40763_/X
 _40764_/Y
 _40765_/Y
 _40766_/Y
 _40767_/Y
 _40768_/Y
 _40769_/Y
 _40770_/X
 _40771_/Y
 _40772_/X
 _40773_/X
 _40774_/Y
 _40775_/Y
 _40776_/Y
 _40777_/Y
 _40778_/X
 _40779_/Y
 _40780_/Y
 _40781_/X
 _40782_/X
 _40783_/X
 _40784_/Y
 _40785_/Y
 _40786_/X
 _40787_/X
 _40788_/X
 _40789_/X
 _40790_/X
 _40791_/Y
 _40792_/Y
 _40793_/X
 _40794_/X
 _40795_/X
 _40796_/Y
 _40797_/X
 _40798_/X
 _40799_/X
 _40800_/X
 _40801_/X
 _40802_/X
 _40803_/X
 _40804_/Y
 _40805_/Y
 _40806_/X
 _40807_/Y
 _40808_/Y
 _40809_/Y
 _40810_/X
 _40811_/Y
 _40812_/Y
 _40813_/Y
 _40814_/X
 _40815_/X
 _40816_/Y
 _40817_/X
 _40818_/Y
 _40819_/X
 _40820_/X
 _40821_/X
 _40822_/X
 _40823_/Y
 _40824_/Y
 _40825_/X
 _40826_/X
 _40827_/Y
 _40828_/X
 _40829_/X
 _40830_/Y
 _40831_/X
 _40832_/X
 _40833_/X
 _40834_/Y
 _40835_/X
 _40836_/X
 _40837_/X
 _40838_/Y
 _40839_/X
 _40840_/X
 _40841_/X
 _40842_/Y
 _40843_/X
 _40844_/Y
 _40845_/Y
 _40846_/X
 _40847_/X
 _40848_/X
 _40849_/Y
 _40850_/Y
 _40851_/Y
 _40852_/X
 _40853_/X
 _40854_/Y
 _40855_/Y
 _40856_/X
 _40857_/X
 _40858_/Y
 _40859_/X
 _40860_/Y
 _40861_/Y
 _40862_/Y
 _40863_/Y
 _40864_/Y
 _40865_/Y
 _40866_/X
 _40867_/Y
 _40868_/X
 _40869_/Y
 _40870_/Y
 _40871_/X
 _40872_/X
 _40873_/X
 _40874_/X
 _40875_/X
 _40876_/X
 _40877_/Y
 _40878_/Y
 _40879_/X
 _40880_/Y
 _40881_/X
 _40882_/Y
 _40883_/X
 _40884_/Y
 _40885_/X
 _40886_/X
 _40887_/Y
 _40888_/Y
 _40889_/X
 _40890_/X
 _40891_/X
 _40892_/X
 _40893_/X
 _40894_/Y
 _40895_/Y
 _40896_/Y
 _40897_/Y
 _40898_/Y
 _40899_/Y
 _40900_/Y
 _40901_/Y
 _40902_/X
 _40903_/X
 _40904_/Y
 _40905_/X
 _40906_/X
 _40907_/X
 _40908_/Y
 _40909_/Y
 _40910_/Y
 _40911_/Y
 _40912_/Y
 _40913_/Y
 _40914_/X
 _40915_/Y
 _40916_/Y
 _40917_/Y
 _40918_/Y
 _40919_/Y
 _40920_/Y
 _40921_/X
 _40922_/Y
 _40923_/Y
 _40924_/Y
 _40925_/Y
 _40926_/X
 _40927_/Y
 _40928_/X
 _40929_/Y
 _40930_/X
 _40931_/X
 _40932_/Y
 _40933_/X
 _40934_/X
 _40935_/X
 _40936_/Y
 _40937_/X
 _40938_/X
 _40939_/Y
 _40940_/X
 _40941_/Y
 _40942_/Y
 _40943_/X
 _40944_/Y
 _40945_/X
 _40946_/Y
 _40947_/X
 _40948_/X
 _40949_/Y
 _40950_/X
 _40951_/Y
 _40952_/X
 _40953_/X
 _40954_/Y
 _40955_/Y
 _40956_/Y
 _40957_/Y
 _40958_/X
 _40959_/Y
 _40960_/Y
 _40961_/Y
 _40962_/Y
 _40963_/Y
 _40964_/Y
 _40965_/Y
 _40966_/Y
 _40967_/Y
 _40968_/Y
 _40969_/X
 _40970_/Y
 _40971_/X
 _40972_/Y
 _40973_/Y
 _40974_/Y
 _40975_/X
 _40976_/X
 _40977_/X
 _40978_/X
 _40979_/X
 _40980_/X
 _40981_/X
 _40982_/Y
 _40983_/X
 _40984_/X
 _40985_/X
 _40986_/X
 _40987_/Y
 _40988_/X
 _40989_/X
 _40990_/X
 _40991_/Y
 _40992_/X
 _40993_/X
 _40994_/X
 _40995_/Y
 _40996_/Y
 _40997_/X
 _40998_/Y
 _40999_/X
 _41000_/X
 _41001_/Y
 _41002_/X
 _41003_/X
 _41004_/Y
 _41005_/Y
 _41006_/Y
 _41007_/Y
 _41008_/Y
 _41009_/X
 _41010_/Y
 _41011_/Y
 _41012_/X
 _41013_/Y
 _41014_/Y
 _41015_/X
 _41016_/Y
 _41017_/X
 _41018_/Y
 _41019_/Y
 _41020_/X
 _41021_/Y
 _41022_/X
 _41023_/Y
 _41024_/Y
 _41025_/X
 _41026_/X
 _41027_/Y
 _41028_/X
 _41029_/X
 _41030_/X
 _41031_/X
 _41032_/X
 _41033_/Y
 _41034_/Y
 _41035_/X
 _41036_/Y
 _41037_/X
 _41038_/X
 _41039_/Y
 _41040_/Y
 _41041_/Y
 _41042_/Y
 _41043_/Y
 _41044_/Y
 _41045_/X
 _41046_/X
 _41047_/X
 _41048_/Y
 _41049_/X
 _41050_/Y
 _41051_/Y
 _41052_/Y
 _41053_/Y
 _41054_/Y
 _41055_/X
 _41056_/Y
 _41057_/X
 _41058_/X
 _41059_/Y
 _41060_/Y
 _41061_/Y
 _41062_/Y
 _41063_/Y
 _41064_/Y
 _41065_/X
 _41066_/Y
 _41067_/Y
 _41068_/Y
 _41069_/Y
 _41070_/Y
 _41071_/X
 _41072_/X
 _41073_/X
 _41074_/X
 _41075_/Y
 _41076_/Y
 _41077_/Y
 _41078_/X
 _41079_/X
 _41080_/X
 _41081_/X
 _41082_/Y
 _41083_/Y
 _41084_/Y
 _41085_/Y
 _41086_/Y
 _41087_/Y
 _41088_/X
 _41089_/Y
 _41090_/Y
 _41091_/Y
 _41092_/X
 _41093_/Y
 _41094_/Y
 _41095_/Y
 _41096_/Y
 _41097_/Y
 _41098_/Y
 _41099_/Y
 _41100_/Y
 _41101_/X
 _41102_/Y
 _41103_/Y
 _41104_/Y
 _41105_/X
 _41106_/Y
 _41107_/X
 _41108_/X
 _41109_/Y
 _41110_/Y
 _41111_/Y
 _41112_/Y
 _41113_/Y
 _41114_/X
 _41115_/Y
 _41116_/Y
 _41117_/Y
 _41118_/X
 _41119_/Y
 _41120_/X
 _41121_/X
 _41122_/Y
 _41123_/X
 _41124_/X
 _41125_/Y
 _41126_/X
 _41127_/Y
 _41128_/Y
 _41129_/Y
 _41130_/X
 _41131_/X
 _41132_/Y
 _41133_/X
 _41134_/Y
 _41135_/Y
 _41136_/X
 _41137_/X
 _41138_/X
 _41139_/X
 _41140_/X
 _41141_/Y
 _41142_/Y
 _41143_/X
 _41144_/Y
 _41145_/Y
 _41146_/X
 _41147_/Y
 _41148_/X
 _41149_/X
 _41150_/Y
 _41151_/Y
 _41152_/Y
 _41153_/X
 _41154_/Y
 _41155_/X
 _41156_/Y
 _41157_/X
 _41158_/Y
 _41159_/Y
 _41160_/X
 _41161_/X
 _41162_/X
 _41163_/X
 _41164_/X
 _41165_/X
 _41166_/X
 _41167_/X
 _41168_/Y
 _41169_/X
 _41170_/Y
 _41171_/X
 _41172_/X
 _41173_/Y
 _41174_/Y
 _41175_/X
 _41176_/Y
 _41177_/X
 _41178_/Y
 _41179_/Y
 _41180_/Y
 _41181_/Y
 _41182_/Y
 _41183_/Y
 _41184_/X
 _41185_/Y
 _41186_/X
 _41187_/X
 _41188_/Y
 _41189_/Y
 _41190_/Y
 _41191_/X
 _41192_/X
 _41193_/X
 _41194_/Y
 _41195_/Y
 _41196_/Y
 _41197_/X
 _41198_/Y
 _41199_/Y
 _41200_/Y
 _41201_/Y
 _41202_/Y
 _41203_/X
 _41204_/X
 _41205_/Y
 _41206_/X
 _41207_/Y
 _41208_/Y
 _41209_/X
 _41210_/Y
 _41211_/X
 _41212_/X
 _41213_/X
 _41214_/Y
 _41215_/Y
 _41216_/X
 _41217_/X
 _41218_/Y
 _41219_/Y
 _41220_/Y
 _41221_/Y
 _41222_/Y
 _41223_/Y
 _41224_/Y
 _41225_/Y
 _41226_/Y
 _41227_/X
 _41228_/X
 _41229_/Y
 _41230_/Y
 _41231_/X
 _41232_/Y
 _41233_/Y
 _41234_/Y
 _41235_/X
 _41236_/X
 _41237_/Y
 _41238_/X
 _41239_/Y
 _41240_/X
 _41241_/X
 _41242_/Y
 _41243_/Y
 _41244_/X
 _41245_/X
 _41246_/Y
 _41247_/Y
 _41248_/X
 _41249_/X
 _41250_/Y
 _41251_/Y
 _41252_/Y
 _41253_/Y
 _41254_/Y
 _41255_/X
 _41256_/Y
 _41257_/X
 _41258_/Y
 _41259_/Y
 _41260_/Y
 _41261_/X
 _41262_/X
 _41263_/Y
 _41264_/Y
 _41265_/X
 _41266_/Y
 _41267_/X
 _41268_/X
 _41269_/Y
 _41270_/X
 _41271_/Y
 _41272_/X
 _41273_/X
 _41274_/Y
 _41275_/Y
 _41276_/X
 _41277_/X
 _41278_/Y
 _41279_/Y
 _41280_/Y
 _41281_/Y
 _41282_/Y
 _41283_/X
 _41284_/X
 _41285_/Y
 _41286_/Y
 _41287_/X
 _41288_/X
 _41289_/X
 _41290_/X
 _41291_/Y
 _41292_/Y
 _41293_/X
 _41294_/X
 _41295_/X
 _41296_/X
 _41297_/X
 _41298_/Y
 _41299_/Y
 _41300_/Y
 _41301_/Y
 _41302_/Y
 _41303_/Y
 _41304_/Y
 _41305_/Y
 _41306_/Y
 _41307_/Y
 _41308_/Y
 _41309_/X
 _41310_/Y
 _41311_/X
 _41312_/Y
 _41313_/Y
 _41314_/Y
 _41315_/X
 _41316_/Y
 _41317_/X
 _41318_/Y
 _41319_/X
 _41320_/X
 _41321_/Y
 _41322_/Y
 _41323_/Y
 _41324_/Y
 _41325_/Y
 _41326_/X
 _41327_/Y
 _41328_/Y
 _41329_/X
 _41330_/X
 _41331_/Y
 _41332_/X
 _41333_/Y
 _41334_/X
 _41335_/Y
 _41336_/Y
 _41337_/Y
 _41338_/Y
 _41339_/Y
 _41340_/X
 _41341_/Y
 _41342_/X
 _41343_/X
 _41344_/X
 _41345_/X
 _41346_/Y
 _41347_/Y
 _41348_/Y
 _41349_/X
 _41350_/Y
 _41351_/Y
 _41352_/Y
 _41353_/Y
 _41354_/Y
 _41355_/Y
 _41356_/Y
 _41357_/Y
 _41358_/X
 _41359_/X
 _41360_/X
 _41361_/Y
 _41362_/X
 _41363_/X
 _41364_/Y
 _41365_/Y
 _41366_/Y
 _41367_/X
 _41368_/Y
 _41369_/X
 _41370_/X
 _41371_/Y
 _41372_/Y
 _41373_/X
 _41374_/Y
 _41375_/Y
 _41376_/X
 _41377_/Y
 _41378_/X
 _41379_/Y
 _41380_/Y
 _41381_/Y
 _41382_/Y
 _41383_/Y
 _41384_/Y
 _41385_/Y
 _41386_/X
 _41387_/X
 _41388_/Y
 _41389_/Y
 _41390_/Y
 _41391_/Y
 _41392_/Y
 _41393_/Y
 _41394_/X
 _41395_/X
 _41396_/Y
 _41397_/X
 _41398_/X
 _41399_/Y
 _41400_/Y
 _41401_/Y
 _41402_/X
 _41403_/Y
 _41404_/Y
 _41405_/Y
 _41406_/X
 _41407_/Y
 _41408_/Y
 _41409_/Y
 _41410_/Y
 _41411_/Y
 _41412_/Y
 _41413_/Y
 _41414_/X
 _41415_/Y
 _41416_/Y
 _41417_/X
 _41418_/Y
 _41419_/Y
 _41420_/Y
 _41421_/X
 _41422_/Y
 _41423_/X
 _41424_/Y
 _41425_/Y
 _41426_/Y
 _41427_/Y
 _41428_/Y
 _41429_/Y
 _41430_/Y
 _41431_/Y
 _41432_/Y
 _41433_/Y
 _41434_/X
 _41435_/Y
 _41436_/Y
 _41437_/X
 _41438_/X
 _41439_/Y
 _41440_/Y
 _41441_/Y
 _41442_/Y
 _41443_/Y
 _41444_/Y
 _41445_/X
 _41446_/X
 _41447_/Y
 _41448_/X
 _41449_/X
 _41450_/Y
 _41451_/X
 _41452_/X
 _41453_/X
 _41454_/Y
 _41455_/X
 _41456_/X
 _41457_/Y
 _41458_/Y
 _41459_/Y
 _41460_/Y
 _41461_/X
 _41462_/Y
 _41463_/Y
 _41464_/Y
 _41465_/Y
 _41466_/Y
 _41467_/Y
 _41468_/Y
 _41469_/X
 _41470_/Y
 _41471_/Y
 _41472_/X
 _41473_/Y
 _41474_/X
 _41475_/Y
 _41476_/X
 _41477_/Y
 _41478_/Y
 _41479_/Y
 _41480_/Y
 _41481_/X
 _41482_/X
 _41483_/X
 _41484_/X
 _41485_/X
 _41486_/Y
 _41487_/Y
 _41488_/X
 _41489_/Y
 _41490_/X
 _41491_/Y
 _41492_/X
 _41493_/Y
 _41494_/X
 _41495_/Y
 _41496_/X
 _41497_/Y
 _41498_/Y
 _41499_/Y
 _41500_/X
 _41501_/Y
 _41502_/Y
 _41503_/X
 _41504_/Y
 _41505_/Y
 _41506_/X
 _41507_/X
 _41508_/X
 _41509_/X
 _41510_/Y
 _41511_/X
 _41512_/Y
 _41513_/Y
 _41514_/X
 _41515_/Y
 _41516_/Y
 _41517_/X
 _41518_/X
 _41519_/Y
 _41520_/Y
 _41521_/Y
 _41522_/X
 _41523_/X
 _41524_/X
 _41525_/Y
 _41526_/X
 _41527_/Y
 _41528_/X
 _41529_/Y
 _41530_/X
 _41531_/X
 _41532_/Y
 _41533_/X
 _41534_/X
 _41535_/Y
 _41536_/X
 _41537_/Y
 _41538_/Y
 _41539_/Y
 _41540_/Y
 _41541_/X
 _41542_/Y
 _41543_/Y
 _41544_/Y
 _41545_/X
 _41546_/Y
 _41547_/Y
 _41548_/Y
 _41549_/Y
 _41550_/X
 _41551_/X
 _41552_/X
 _41553_/Y
 _41554_/Y
 _41555_/Y
 _41556_/Y
 _41557_/Y
 _41558_/X
 _41559_/X
 _41560_/X
 _41561_/Y
 _41562_/X
 _41563_/Y
 _41564_/Y
 _41565_/Y
 _41566_/X
 _41567_/X
 _41568_/X
 _41569_/Y
 _41570_/X
 _41571_/Y
 _41572_/Y
 _41573_/Y
 _41574_/Y
 _41575_/X
 _41576_/Y
 _41577_/X
 _41578_/Y
 _41579_/Y
 _41580_/Y
 _41581_/Y
 _41582_/Y
 _41583_/Y
 _41584_/X
 _41585_/X
 _41586_/X
 _41587_/Y
 _41588_/X
 _41589_/Y
 _41590_/Y
 _41591_/Y
 _41592_/X
 _41593_/X
 _41594_/X
 _41595_/Y
 _41596_/X
 _41597_/Y
 _41598_/Y
 _41599_/Y
 _41600_/Y
 _41601_/Y
 _41602_/Y
 _41603_/Y
 _41604_/Y
 _41605_/X
 _41606_/Y
 _41607_/Y
 _41608_/X
 _41609_/Y
 _41610_/X
 _41611_/Y
 _41612_/X
 _41613_/X
 _41614_/Y
 _41615_/Y
 _41616_/Y
 _41617_/Y
 _41618_/Y
 _41619_/X
 _41620_/X
 _41621_/Y
 _41622_/Y
 _41623_/Y
 _41624_/Y
 _41625_/X
 _41626_/Y
 _41627_/X
 _41628_/Y
 _41629_/X
 _41630_/Y
 _41631_/Y
 _41632_/X
 _41633_/Y
 _41634_/Y
 _41635_/X
 _41636_/X
 _41637_/X
 _41638_/Y
 _41639_/Y
 _41640_/Y
 _41641_/X
 _41642_/X
 _41643_/X
 _41644_/Y
 _41645_/Y
 _41646_/X
 _41647_/X
 _41648_/X
 _41649_/Y
 _41650_/Y
 _41651_/X
 _41652_/Y
 _41653_/X
 _41654_/Y
 _41655_/Y
 _41656_/X
 _41657_/Y
 _41658_/X
 _41659_/Y
 _41660_/X
 _41661_/Y
 _41662_/X
 _41663_/Y
 _41664_/X
 _41665_/Y
 _41666_/Y
 _41667_/Y
 _41668_/Y
 _41669_/Y
 _41670_/Y
 _41671_/Y
 _41672_/X
 _41673_/Y
 _41674_/Y
 _41675_/Y
 _41676_/X
 _41677_/Y
 _41678_/Y
 _41679_/Y
 _41680_/Y
 _41681_/Y
 _41682_/Y
 _41683_/X
 _41684_/X
 _41685_/X
 _41686_/X
 _41687_/X
 _41688_/Y
 _41689_/X
 _41690_/Y
 _41691_/Y
 _41692_/Y
 _41693_/X
 _41694_/Y
 _41695_/X
 _41696_/X
 _41697_/X
 _41698_/Y
 _41699_/Y
 _41700_/Y
 _41701_/Y
 _41702_/Y
 _41703_/Y
 _41704_/Y
 _41705_/X
 _41706_/Y
 _41707_/Y
 _41708_/Y
 _41709_/Y
 _41710_/Y
 _41711_/Y
 _41712_/Y
 _41713_/Y
 _41714_/Y
 _41715_/Y
 _41716_/Y
 _41717_/X
 _41718_/Y
 _41719_/X
 _41720_/Y
 _41721_/Y
 _41722_/Y
 _41723_/Y
 _41724_/X
 _41725_/X
 _41726_/Y
 _41727_/Y
 _41728_/Y
 _41729_/X
 _41730_/Y
 _41731_/Y
 _41732_/Y
 _41733_/Y
 _41734_/Y
 _41735_/X
 _41736_/X
 _41737_/X
 _41738_/X
 _41739_/X
 _41740_/Y
 _41741_/X
 _41742_/Y
 _41743_/Y
 _41744_/Y
 _41745_/X
 _41746_/Y
 _41747_/X
 _41748_/X
 _41749_/Y
 _41750_/Y
 _41751_/Y
 _41752_/X
 _41753_/Y
 _41754_/Y
 _41755_/Y
 _41756_/X
 _41757_/Y
 _41758_/Y
 _41759_/X
 _41760_/Y
 _41761_/Y
 _41762_/Y
 _41763_/Y
 _41764_/X
 _41765_/X
 _41766_/Y
 _41767_/Y
 _41768_/Y
 _41769_/Y
 _41770_/Y
 _41771_/Y
 _41772_/X
 _41773_/X
 _41774_/Y
 _41775_/X
 _41776_/X
 _41777_/Y
 _41778_/X
 _41779_/Y
 _41780_/X
 _41781_/X
 _41782_/X
 _41783_/Y
 _41784_/Y
 _41785_/X
 _41786_/Y
 _41787_/X
 _41788_/Y
 _41789_/Y
 _41790_/Y
 _41791_/Y
 _41792_/Y
 _41793_/Y
 _41794_/Y
 _41795_/Y
 _41796_/X
 _41797_/Y
 _41798_/Y
 _41799_/Y
 _41800_/X
 _41801_/Y
 _41802_/Y
 _41803_/X
 _41804_/X
 _41805_/X
 _41806_/X
 _41807_/X
 _41808_/Y
 _41809_/Y
 _41810_/X
 _41811_/X
 _41812_/X
 _41813_/Y
 _41814_/X
 _41815_/Y
 _41816_/Y
 _41817_/X
 _41818_/X
 _41819_/X
 _41820_/X
 _41821_/X
 _41822_/X
 _41823_/X
 _41824_/Y
 _41825_/X
 _41826_/X
 _41827_/Y
 _41828_/X
 _41829_/Y
 _41830_/X
 _41831_/X
 _41832_/X
 _41833_/X
 _41834_/Y
 _41835_/Y
 _41836_/X
 _41837_/Y
 _41838_/X
 _41839_/Y
 _41840_/Y
 _41841_/X
 _41842_/X
 _41843_/X
 _41844_/X
 _41845_/X
 _41846_/Y
 _41847_/X
 _41848_/Y
 _41849_/X
 _41850_/X
 _41851_/X
 _41852_/X
 _41853_/X
 _41854_/X
 _41855_/X
 _41856_/X
 _41857_/X
 _41858_/Y
 _41859_/Y
 _41860_/Y
 _41861_/X
 _41862_/X
 _41863_/Y
 _41864_/X
 _41865_/X
 _41866_/X
 _41867_/X
 _41868_/Y
 _41869_/X
 _41870_/Y
 _41871_/Y
 _41872_/Y
 _41873_/Y
 _41874_/Y
 _41875_/Y
 _41876_/Y
 _41877_/Y
 _41878_/Y
 _41879_/X
 _41880_/Y
 _41881_/Y
 _41882_/X
 _41883_/X
 _41884_/Y
 _41885_/X
 _41886_/Y
 _41887_/Y
 _41888_/Y
 _41889_/X
 _41890_/Y
 _41891_/X
 _41892_/Y
 _41893_/X
 _41894_/Y
 _41895_/Y
 _41896_/Y
 _41897_/Y
 _41898_/Y
 _41899_/Y
 _41900_/Y
 _41901_/X
 _41902_/X
 _41903_/X
 _41904_/X
 _41905_/Y
 _41906_/Y
 _41907_/Y
 _41908_/Y
 _41909_/Y
 _41910_/Y
 _41911_/Y
 _41912_/X
 _41913_/X
 _41914_/Y
 _41915_/Y
 _41916_/X
 _41917_/Y
 _41918_/X
 _41919_/X
 _41920_/X
 _41921_/Y
 _41922_/Y
 _41923_/Y
 _41924_/Y
 _41925_/X
 _41926_/X
 _41927_/X
 _41928_/X
 _41929_/Y
 _41930_/Y
 _41931_/Y
 _41932_/Y
 _41933_/Y
 _41934_/Y
 _41935_/Y
 _41936_/X
 _41937_/X
 _41938_/Y
 _41939_/Y
 _41940_/Y
 _41941_/X
 _41942_/Y
 _41943_/Y
 _41944_/X
 _41945_/Y
 _41946_/Y
 _41947_/Y
 _41948_/Y
 _41949_/Y
 _41950_/Y
 _41951_/X
 _41952_/X
 _41953_/Y
 _41954_/Y
 _41955_/X
 _41956_/Y
 _41957_/X
 _41958_/Y
 _41959_/X
 _41960_/X
 _41961_/Y
 _41962_/X
 _41963_/Y
 _41964_/Y
 _41965_/Y
 _41966_/Y
 _41967_/Y
 _41968_/Y
 _41969_/Y
 _41970_/Y
 _41971_/Y
 _41972_/Y
 _41973_/X
 _41974_/X
 _41975_/Y
 _41976_/Y
 _41977_/Y
 _41978_/Y
 _41979_/Y
 _41980_/Y
 _41981_/Y
 _41982_/Y
 _41983_/X
 _41984_/X
 _41985_/X
 _41986_/Y
 _41987_/Y
 _41988_/X
 _41989_/Y
 _41990_/X
 _41991_/Y
 _41992_/X
 _41993_/Y
 _41994_/X
 _41995_/Y
 _41996_/X
 _41997_/X
 _41998_/X
 _41999_/Y
 _42000_/Y
 _42001_/X
 _42002_/X
 _42003_/X
 _42004_/Y
 _42005_/Y
 _42006_/X
 _42007_/Y
 _42008_/X
 _42009_/X
 _42010_/Y
 _42011_/Y
 _42012_/Y
 _42013_/Y
 _42014_/Y
 _42015_/Y
 _42016_/X
 _42017_/X
 _42018_/Y
 _42019_/X
 _42020_/Y
 _42021_/Y
 _42022_/X
 _42023_/Y
 _42024_/Y
 _42025_/Y
 _42026_/Y
 _42027_/X
 _42028_/X
 _42029_/Y
 _42030_/Y
 _42031_/X
 _42032_/Y
 _42033_/X
 _42034_/Y
 _42035_/X
 _42036_/X
 _42037_/Y
 _42038_/Y
 _42039_/Y
 _42040_/Y
 _42041_/X
 _42042_/X
 _42043_/X
 _42044_/Y
 _42045_/X
 _42046_/Y
 _42047_/X
 _42048_/Y
 _42049_/X
 _42050_/Y
 _42051_/Y
 _42052_/X
 _42053_/X
 _42054_/X
 _42055_/Y
 _42056_/Y
 _42057_/Y
 _42058_/Y
 _42059_/Y
 _42060_/Y
 _42061_/Y
 _42062_/Y
 _42063_/X
 _42064_/Y
 _42065_/X
 _42066_/X
 _42067_/Y
 _42068_/Y
 _42069_/Y
 _42070_/X
 _42071_/Y
 _42072_/X
 _42073_/Y
 _42074_/Y
 _42075_/Y
 _42076_/X
 _42077_/X
 _42078_/Y
 _42079_/X
 _42080_/X
 _42081_/X
 _42082_/Y
 _42083_/X
 _42084_/X
 _42085_/X
 _42086_/Y
 _42087_/X
 _42088_/Y
 _42089_/X
 _42090_/X
 _42091_/Y
 _42092_/X
 _42093_/X
 _42094_/X
 _42095_/Y
 _42096_/Y
 _42097_/Y
 _42098_/Y
 _42099_/Y
 _42100_/Y
 _42101_/X
 _42102_/Y
 _42103_/Y
 _42104_/X
 _42105_/Y
 _42106_/X
 _42107_/Y
 _42108_/Y
 _42109_/Y
 _42110_/Y
 _42111_/X
 _42112_/Y
 _42113_/Y
 _42114_/X
 _42115_/X
 _42116_/X
 _42117_/Y
 _42118_/Y
 _42119_/Y
 _42120_/Y
 _42121_/X
 _42122_/X
 _42123_/Y
 _42124_/Y
 _42125_/X
 _42126_/X
 _42127_/Y
 _42128_/Y
 _42129_/Y
 _42130_/Y
 _42131_/Y
 _42132_/X
 _42133_/Y
 _42134_/Y
 _42135_/X
 _42136_/Y
 _42137_/Y
 _42138_/X
 _42139_/X
 _42140_/X
 _42141_/Y
 _42142_/X
 _42143_/X
 _42144_/X
 _42145_/X
 _42146_/Y
 _42147_/Y
 _42148_/Y
 _42149_/X
 _42150_/Y
 _42151_/Y
 _42152_/Y
 _42153_/Y
 _42154_/Y
 _42155_/Y
 _42156_/X
 _42157_/Y
 _42158_/X
 _42159_/Y
 _42160_/X
 _42161_/Y
 _42162_/X
 _42163_/Y
 _42164_/X
 _42165_/Y
 _42166_/Y
 _42167_/Y
 _42168_/Y
 _42169_/Y
 _42170_/Y
 _42171_/Y
 _42172_/Y
 _42173_/Y
 _42174_/Y
 _42175_/Y
 _42176_/X
 _42177_/Y
 _42178_/X
 _42179_/X
 _42180_/Y
 _42181_/Y
 _42182_/X
 _42183_/Y
 _42184_/Y
 _42185_/X
 _42186_/Y
 _42187_/Y
 _42188_/X
 _42189_/X
 _42190_/X
 _42191_/X
 _42192_/Y
 _42193_/X
 _42194_/Y
 _42195_/Y
 _42196_/Y
 _42197_/Y
 _42198_/X
 _42199_/X
 _42200_/X
 _42201_/Y
 _42202_/Y
 _42203_/X
 _42204_/Y
 _42205_/X
 _42206_/Y
 _42207_/Y
 _42208_/Y
 _42209_/X
 _42210_/Y
 _42211_/X
 _42212_/Y
 _42213_/Y
 _42214_/X
 _42215_/Y
 _42216_/X
 _42217_/Y
 _42218_/Y
 _42219_/X
 _42220_/X
 _42221_/Y
 _42222_/Y
 _42223_/Y
 _42224_/Y
 _42225_/Y
 _42226_/Y
 _42227_/X
 _42228_/Y
 _42229_/Y
 _42230_/Y
 _42231_/Y
 _42232_/Y
 _42233_/X
 _42234_/Y
 _42235_/Y
 _42236_/Y
 _42237_/X
 _42238_/X
 _42239_/Y
 _42240_/X
 _42241_/Y
 _42242_/X
 _42243_/Y
 _42244_/Y
 _42245_/Y
 _42246_/Y
 _42247_/Y
 _42248_/Y
 _42249_/Y
 _42250_/X
 _42251_/Y
 _42252_/Y
 _42253_/Y
 _42254_/Y
 _42255_/Y
 _42256_/Y
 _42257_/Y
 _42258_/X
 _42259_/X
 _42260_/Y
 _42261_/X
 _42262_/Y
 _42263_/Y
 _42264_/Y
 _42265_/Y
 _42266_/Y
 _42267_/Y
 _42268_/Y
 _42269_/X
 _42270_/X
 _42271_/Y
 _42272_/Y
 _42273_/X
 _42274_/X
 _42275_/Y
 _42276_/Y
 _42277_/X
 _42278_/Y
 _42279_/Y
 _42280_/Y
 _42281_/Y
 _42282_/X
 _42283_/X
 _42284_/Y
 _42285_/Y
 _42286_/X
 _42287_/Y
 _42288_/Y
 _42289_/Y
 _42290_/Y
 _42291_/Y
 _42292_/Y
 _42293_/X
 _42294_/Y
 _42295_/Y
 _42296_/Y
 _42297_/X
 _42298_/X
 _42299_/Y
 _42300_/X
 _42301_/X
 _42302_/X
 _42303_/Y
 _42304_/Y
 _42305_/Y
 _42306_/X
 _42307_/Y
 _42308_/X
 _42309_/Y
 _42310_/X
 _42311_/Y
 _42312_/X
 _42313_/X
 _42314_/Y
 _42315_/X
 _42316_/Y
 _42317_/Y
 _42318_/Y
 _42319_/Y
 _42320_/Y
 _42321_/Y
 _42322_/Y
 _42323_/Y
 _42324_/Y
 _42325_/X
 _42326_/X
 _42327_/Y
 _42328_/Y
 _42329_/Y
 _42330_/Y
 _42331_/Y
 _42332_/Y
 _42333_/X
 _42334_/Y
 _42335_/Y
 _42336_/Y
 _42337_/X
 _42338_/X
 _42339_/Y
 _42340_/Y
 _42341_/Y
 _42342_/X
 _42343_/X
 _42344_/Y
 _42345_/Y
 _42346_/Y
 _42347_/X
 _42348_/X
 _42349_/Y
 _42350_/Y
 _42351_/Y
 _42352_/X
 _42353_/X
 _42354_/X
 _42355_/Y
 _42356_/X
 _42357_/X
 _42358_/X
 _42359_/Y
 _42360_/X
 _42361_/X
 _42362_/X
 _42363_/Y
 _42364_/Y
 _42365_/Y
 _42366_/X
 _42367_/X
 _42368_/Y
 _42369_/Y
 _42370_/Y
 _42371_/Y
 _42372_/Y
 _42373_/Y
 _42374_/X
 _42375_/X
 _42376_/Y
 _42377_/Y
 _42378_/X
 _42379_/X
 _42380_/X
 _42381_/Y
 _42382_/X
 _42383_/Y
 _42384_/X
 _42385_/X
 _42386_/X
 _42387_/X
 _42388_/X
 _42389_/X
 _42390_/X
 _42391_/Y
 _42392_/Y
 _42393_/Y
 _42394_/X
 _42395_/Y
 _42396_/Y
 _42397_/Y
 _42398_/Y
 _42399_/Y
 _42400_/X
 _42401_/Y
 _42402_/X
 _42403_/X
 _42404_/X
 _42405_/Y
 _42406_/X
 _42407_/X
 _42408_/X
 _42409_/Y
 _42410_/Y
 _42411_/Y
 _42412_/X
 _42413_/Y
 _42414_/Y
 _42415_/X
 _42416_/Y
 _42417_/Y
 _42418_/Y
 _42419_/X
 _42420_/Y
 _42421_/Y
 _42422_/Y
 _42423_/X
 _42424_/X
 _42425_/Y
 _42426_/Y
 _42427_/Y
 _42428_/X
 _42429_/X
 _42430_/Y
 _42431_/X
 _42432_/Y
 _42433_/X
 _42434_/X
 _42435_/X
 _42436_/X
 _42437_/X
 _42438_/X
 _42439_/X
 _42440_/X
 _42441_/X
 _42442_/X
 _42443_/Y
 _42444_/X
 _42445_/Y
 _42446_/X
 _42447_/X
 _42448_/X
 _42449_/Y
 _42450_/Y
 _42451_/Y
 _42452_/X
 _42453_/X
 _42454_/X
 _42455_/X
 _42456_/Y
 _42457_/X
 _42458_/X
 _42459_/Y
 _42460_/X
 _42461_/X
 _42462_/Y
 _42463_/X
 _42464_/Y
 _42465_/X
 _42466_/X
 _42467_/X
 _42468_/X
 _42469_/X
 _42470_/Y
 _42471_/X
 _42472_/Y
 _42473_/X
 _42474_/X
 _42475_/X
 _42476_/Y
 _42477_/Y
 _42478_/X
 _42479_/X
 _42480_/X
 _42481_/X
 _42482_/X
 _42483_/Y
 _42484_/Y
 _42485_/Y
 _42486_/Y
 _42487_/X
 _42488_/X
 _42489_/X
 _42490_/X
 _42491_/X
 _42492_/Y
 _42493_/Y
 _42494_/X
 _42495_/Y
 _42496_/X
 _42497_/Y
 _42498_/X
 _42499_/Y
 _42500_/Y
 _42501_/Y
 _42502_/X
 _42503_/X
 _42504_/Y
 _42505_/Y
 _42506_/Y
 _42507_/Y
 _42508_/Y
 _42509_/X
 _42510_/X
 _42511_/Y
 _42512_/X
 _42513_/Y
 _42514_/Y
 _42515_/Y
 _42516_/X
 _42517_/Y
 _42518_/Y
 _42519_/X
 _42520_/Y
 _42521_/Y
 _42522_/X
 _42523_/X
 _42524_/Y
 _42525_/Y
 _42526_/X
 _42527_/X
 _42528_/X
 _42529_/Y
 _42530_/X
 _42531_/X
 _42532_/X
 _42533_/X
 _42534_/X
 _42535_/Y
 _42536_/X
 _42537_/X
 _42538_/Y
 _42539_/Y
 _42540_/Y
 _42541_/Y
 _42542_/X
 _42543_/Y
 _42544_/X
 _42545_/X
 _42546_/X
 _42547_/X
 _42548_/Y
 _42549_/Y
 _42550_/X
 _42551_/Y
 _42552_/X
 _42553_/X
 _42554_/Y
 _42555_/Y
 _42556_/Y
 _42557_/X
 _42558_/Y
 _42559_/X
 _42560_/X
 _42561_/Y
 _42562_/Y
 _42563_/Y
 _42564_/Y
 _42565_/Y
 _42566_/X
 _42567_/X
 _42568_/Y
 _42569_/X
 _42570_/Y
 _42571_/X
 _42572_/Y
 _42573_/Y
 _42574_/Y
 _42575_/X
 _42576_/X
 _42577_/Y
 _42578_/X
 _42579_/Y
 _42580_/Y
 _42581_/Y
 _42582_/Y
 _42583_/X
 _42584_/X
 _42585_/X
 _42586_/Y
 _42587_/Y
 _42588_/Y
 _42589_/Y
 _42590_/Y
 _42591_/Y
 _42592_/X
 _42593_/Y
 _42594_/Y
 _42595_/Y
 _42596_/Y
 _42597_/Y
 _42598_/Y
 _42599_/Y
 _42600_/X
 _42601_/Y
 _42602_/Y
 _42603_/Y
 _42604_/Y
 _42605_/Y
 _42606_/X
 _42607_/X
 _42608_/Y
 _42609_/X
 _42610_/Y
 _42611_/X
 _42612_/X
 _42613_/Y
 _42614_/Y
 _42615_/Y
 _42616_/X
 _42617_/Y
 _42618_/Y
 _42619_/Y
 _42620_/Y
 _42621_/Y
 _42622_/X
 _42623_/Y
 _42624_/Y
 _42625_/X
 _42626_/Y
 _42627_/Y
 _42628_/X
 _42629_/Y
 _42630_/X
 _42631_/X
 _42632_/X
 _42633_/X
 _42634_/X
 _42635_/Y
 _42636_/Y
 _42637_/X
 _42638_/X
 _42639_/X
 _42640_/X
 _42641_/X
 _42642_/Y
 _42643_/Y
 _42644_/Y
 _42645_/Y
 _42646_/Y
 _42647_/Y
 _42648_/Y
 _42649_/Y
 _42650_/Y
 _42651_/Y
 _42652_/Y
 _42653_/Y
 _42654_/X
 _42655_/Y
 _42656_/X
 _42657_/Y
 _42658_/Y
 _42659_/Y
 _42660_/Y
 _42661_/Y
 _42662_/X
 _42663_/Y
 _42664_/X
 _42665_/X
 _42666_/Y
 _42667_/Y
 _42668_/Y
 _42669_/Y
 _42670_/Y
 _42671_/X
 _42672_/Y
 _42673_/Y
 _42674_/Y
 _42675_/Y
 _42676_/Y
 _42677_/Y
 _42678_/X
 _42679_/X
 _42680_/X
 _42681_/Y
 _42682_/Y
 _42683_/Y
 _42684_/Y
 _42685_/X
 _42686_/Y
 _42687_/Y
 _42688_/X
 _42689_/Y
 _42690_/Y
 _42691_/X
 _42692_/X
 _42693_/Y
 _42694_/Y
 _42695_/Y
 _42696_/X
 _42697_/Y
 _42698_/Y
 _42699_/Y
 _42700_/Y
 _42701_/Y
 _42702_/Y
 _42703_/X
 _42704_/X
 _42705_/X
 _42706_/Y
 _42707_/Y
 _42708_/Y
 _42709_/Y
 _42710_/Y
 _42711_/Y
 _42712_/Y
 _42713_/Y
 _42714_/X
 _42715_/Y
 _42716_/X
 _42717_/Y
 _42718_/Y
 _42719_/X
 _42720_/X
 _42721_/X
 _42722_/Y
 _42723_/X
 _42724_/X
 _42725_/Y
 _42726_/Y
 _42727_/Y
 _42728_/Y
 _42729_/Y
 _42730_/Y
 _42731_/X
 _42732_/Y
 _42733_/Y
 _42734_/Y
 _42735_/Y
 _42736_/Y
 _42737_/Y
 _42738_/Y
 _42739_/Y
 _42740_/X
 _42741_/Y
 _42742_/X
 _42743_/Y
 _42744_/X
 _42745_/Y
 _42746_/Y
 _42747_/X
 _42748_/X
 _42749_/X
 _42750_/Y
 _42751_/Y
 _42752_/Y
 _42753_/Y
 _42754_/Y
 _42755_/Y
 _42756_/Y
 _42757_/X
 _42758_/X
 _42759_/X
 _42760_/Y
 _42761_/X
 _42762_/X
 _42763_/Y
 _42764_/X
 _42765_/Y
 _42766_/X
 _42767_/X
 _42768_/X
 _42769_/Y
 _42770_/Y
 _42771_/Y
 _42772_/Y
 _42773_/Y
 _42774_/Y
 _42775_/Y
 _42776_/X
 _42777_/Y
 _42778_/Y
 _42779_/Y
 _42780_/Y
 _42781_/Y
 _42782_/Y
 _42783_/X
 _42784_/Y
 _42785_/X
 _42786_/Y
 _42787_/Y
 _42788_/Y
 _42789_/Y
 _42790_/Y
 _42791_/Y
 _42792_/X
 _42793_/Y
 _42794_/Y
 _42795_/Y
 _42796_/Y
 _42797_/Y
 _42798_/X
 _42799_/Y
 _42800_/X
 _42801_/Y
 _42802_/X
 _42803_/X
 _42804_/Y
 _42805_/X
 _42806_/X
 _42807_/X
 _42808_/X
 _42809_/X
 _42810_/X
 _42811_/Y
 _42812_/Y
 _42813_/Y
 _42814_/Y
 _42815_/Y
 _42816_/X
 _42817_/Y
 _42818_/Y
 _42819_/X
 _42820_/Y
 _42821_/Y
 _42822_/X
 _42823_/X
 _42824_/Y
 _42825_/Y
 _42826_/Y
 _42827_/X
 _42828_/Y
 _42829_/X
 _42830_/Y
 _42831_/Y
 _42832_/Y
 _42833_/Y
 _42834_/X
 _42835_/X
 _42836_/X
 _42837_/X
 _42838_/X
 _42839_/Y
 _42840_/Y
 _42841_/X
 _42842_/Y
 _42843_/X
 _42844_/Y
 _42845_/Y
 _42846_/Y
 _42847_/Y
 _42848_/Y
 _42849_/Y
 _42850_/Y
 _42851_/X
 _42852_/X
 _42853_/Y
 _42854_/X
 _42855_/Y
 _42856_/Y
 _42857_/Y
 _42858_/X
 _42859_/Y
 _42860_/X
 _42861_/X
 _42862_/X
 _42863_/Y
 _42864_/X
 _42865_/X
 _42866_/Y
 _42867_/X
 _42868_/Y
 _42869_/Y
 _42870_/X
 _42871_/X
 _42872_/X
 _42873_/Y
 _42874_/X
 _42875_/X
 _42876_/Y
 _42877_/X
 _42878_/X
 _42879_/X
 _42880_/Y
 _42881_/X
 _42882_/Y
 _42883_/Y
 _42884_/X
 _42885_/Y
 _42886_/Y
 _42887_/Y
 _42888_/Y
 _42889_/Y
 _42890_/Y
 _42891_/Y
 _42892_/X
 _42893_/Y
 _42894_/Y
 _42895_/X
 _42896_/Y
 _42897_/Y
 _42898_/Y
 _42899_/Y
 _42900_/Y
 _42901_/Y
 _42902_/X
 _42903_/X
 _42904_/X
 _42905_/Y
 _42906_/Y
 _42907_/Y
 _42908_/Y
 _42909_/Y
 _42910_/Y
 _42911_/X
 _42912_/Y
 _42913_/X
 _42914_/Y
 _42915_/Y
 _42916_/X
 _42917_/Y
 _42918_/Y
 _42919_/Y
 _42920_/Y
 _42921_/Y
 _42922_/Y
 _42923_/Y
 _42924_/Y
 _42925_/Y
 _42926_/X
 _42927_/Y
 _42928_/X
 _42929_/X
 _42930_/X
 _42931_/Y
 _42932_/X
 _42933_/Y
 _42934_/X
 _42935_/X
 _42936_/Y
 _42937_/Y
 _42938_/Y
 _42939_/Y
 _42940_/Y
 _42941_/Y
 _42942_/X
 _42943_/Y
 _42944_/X
 _42945_/Y
 _42946_/Y
 _42947_/Y
 _42948_/Y
 _42949_/Y
 _42950_/Y
 _42951_/Y
 _42952_/X
 _42953_/Y
 _42954_/Y
 _42955_/X
 _42956_/Y
 _42957_/Y
 _42958_/Y
 _42959_/Y
 _42960_/Y
 _42961_/Y
 _42962_/Y
 _42963_/Y
 _42964_/Y
 _42965_/X
 _42966_/Y
 _42967_/X
 _42968_/X
 _42969_/X
 _42970_/X
 _42971_/Y
 _42972_/X
 _42973_/X
 _42974_/X
 _42975_/X
 _42976_/Y
 _42977_/X
 _42978_/X
 _42979_/X
 _42980_/Y
 _42981_/Y
 _42982_/Y
 _42983_/X
 _42984_/X
 _42985_/Y
 _42986_/Y
 _42987_/X
 _42988_/Y
 _42989_/Y
 _42990_/Y
 _42991_/Y
 _42992_/Y
 _42993_/Y
 _42994_/X
 _42995_/Y
 _42996_/Y
 _42997_/Y
 _42998_/Y
 _42999_/Y
 _43000_/Y
 _43001_/X
 _43002_/Y
 _43003_/X
 _43004_/Y
 _43005_/Y
 _43006_/Y
 _43007_/Y
 _43008_/Y
 _43009_/Y
 _43010_/X
 _43011_/X
 _43012_/X
 _43013_/X
 _43014_/Y
 _43015_/Y
 _43016_/Y
 _43017_/X
 _43018_/X
 _43019_/X
 _43020_/Y
 _43021_/X
 _43022_/Y
 _43023_/X
 _43024_/X
 _43025_/X
 _43026_/X
 _43027_/Y
 _43028_/Y
 _43029_/Y
 _43030_/Y
 _43031_/Y
 _43032_/X
 _43033_/Y
 _43034_/Y
 _43035_/Y
 _43036_/X
 _43037_/Y
 _43038_/Y
 _43039_/Y
 _43040_/Y
 _43041_/Y
 _43042_/X
 _43043_/X
 _43044_/Y
 _43045_/Y
 _43046_/Y
 _43047_/Y
 _43048_/Y
 _43049_/X
 _43050_/Y
 _43051_/Y
 _43052_/Y
 _43053_/Y
 _43054_/X
 _43055_/Y
 _43056_/Y
 _43057_/X
 _43058_/Y
 _43059_/X
 _43060_/Y
 _43061_/Y
 _43062_/X
 _43063_/Y
 _43064_/Y
 _43065_/Y
 _43066_/Y
 _43067_/X
 _43068_/X
 _43069_/Y
 _43070_/Y
 _43071_/Y
 _43072_/X
 _43073_/Y
 _43074_/Y
 _43075_/X
 _43076_/Y
 _43077_/Y
 _43078_/Y
 _43079_/Y
 _43080_/Y
 _43081_/Y
 _43082_/X
 _43083_/Y
 _43084_/Y
 _43085_/Y
 _43086_/X
 _43087_/Y
 _43088_/X
 _43089_/X
 _43090_/Y
 _43091_/X
 _43092_/Y
 _43093_/Y
 _43094_/Y
 _43095_/X
 _43096_/X
 _43097_/X
 _43098_/Y
 _43099_/X
 _43100_/X
 _43101_/Y
 _43102_/Y
 _43103_/Y
 _43104_/X
 _43105_/X
 _43106_/X
 _43107_/X
 _43108_/X
 _43109_/Y
 _43110_/X
 _43111_/X
 _43112_/X
 _43113_/X
 _43114_/X
 _43115_/Y
 _43116_/X
 _43117_/X
 _43118_/Y
 _43119_/X
 _43120_/Y
 _43121_/Y
 _43122_/Y
 _43123_/Y
 _43124_/Y
 _43125_/Y
 _43126_/Y
 _43127_/Y
 _43128_/X
 _43129_/Y
 _43130_/Y
 _43131_/X
 _43132_/Y
 _43133_/Y
 _43134_/Y
 _43135_/Y
 _43136_/X
 _43137_/X
 _43138_/Y
 _43139_/X
 _43140_/Y
 _43141_/Y
 _43142_/Y
 _43143_/Y
 _43144_/Y
 _43145_/Y
 _43146_/Y
 _43147_/Y
 _43148_/X
 _43149_/X
 _43150_/Y
 _43151_/X
 _43152_/Y
 _43153_/Y
 _43154_/X
 _43155_/X
 _43156_/Y
 _43157_/X
 _43158_/Y
 _43159_/X
 _43160_/Y
 _43161_/Y
 _43162_/Y
 _43163_/Y
 _43164_/Y
 _43165_/Y
 _43166_/Y
 _43167_/Y
 _43168_/Y
 _43169_/Y
 _43170_/X
 _43171_/Y
 _43172_/X
 _43173_/X
 _43174_/X
 _43175_/Y
 _43176_/X
 _43177_/Y
 _43178_/Y
 _43179_/Y
 _43180_/Y
 _43181_/X
 _43182_/Y
 _43183_/X
 _43184_/Y
 _43185_/Y
 _43186_/Y
 _43187_/X
 _43188_/X
 _43189_/X
 _43190_/X
 _43191_/X
 _43192_/Y
 _43193_/Y
 _43194_/X
 _43195_/X
 _43196_/X
 _43197_/Y
 _43198_/Y
 _43199_/Y
 _43200_/Y
 _43201_/X
 _43202_/X
 _43203_/X
 _43204_/Y
 _43205_/Y
 _43206_/X
 _43207_/X
 _43208_/Y
 _43209_/Y
 _43210_/X
 _43211_/X
 _43212_/X
 _43213_/X
 _43214_/X
 _43215_/Y
 _43216_/Y
 _43217_/Y
 _43218_/X
 _43219_/Y
 _43220_/Y
 _43221_/Y
 _43222_/Y
 _43223_/X
 _43224_/X
 _43225_/Y
 _43226_/X
 _43227_/X
 _43228_/Y
 _43229_/Y
 _43230_/Y
 _43231_/Y
 _43232_/Y
 _43233_/Y
 _43234_/Y
 _43235_/Y
 _43236_/Y
 _43237_/X
 _43238_/X
 _43239_/Y
 _43240_/Y
 _43241_/Y
 _43242_/Y
 _43243_/X
 _43244_/Y
 _43245_/Y
 _43246_/Y
 _43247_/Y
 _43248_/X
 _43249_/Y
 _43250_/X
 _43251_/X
 _43252_/X
 _43253_/X
 _43254_/X
 _43255_/X
 _43256_/Y
 _43257_/Y
 _43258_/Y
 _43259_/X
 _43260_/Y
 _43261_/Y
 _43262_/Y
 _43263_/Y
 _43264_/Y
 _43265_/Y
 _43266_/Y
 _43267_/Y
 _43268_/Y
 _43269_/Y
 _43270_/X
 _43271_/Y
 _43272_/Y
 _43273_/Y
 _43274_/Y
 _43275_/Y
 _43276_/Y
 _43277_/X
 _43278_/Y
 _43279_/X
 _43280_/X
 _43281_/Y
 _43282_/Y
 _43283_/Y
 _43284_/Y
 _43285_/Y
 _43286_/Y
 _43287_/X
 _43288_/Y
 _43289_/Y
 _43290_/Y
 _43291_/Y
 _43292_/X
 _43293_/Y
 _43294_/Y
 _43295_/X
 _43296_/Y
 _43297_/Y
 _43298_/Y
 _43299_/Y
 _43300_/Y
 _43301_/Y
 _43302_/X
 _43303_/X
 _43304_/Y
 _43305_/X
 _43306_/X
 _43307_/X
 _43308_/X
 _43309_/Y
 _43310_/Y
 _43311_/Y
 _43312_/Y
 _43313_/Y
 _43314_/Y
 _43315_/Y
 _43316_/X
 _43317_/Y
 _43318_/X
 _43319_/Y
 _43320_/Y
 _43321_/Y
 _43322_/Y
 _43323_/Y
 _43324_/Y
 _43325_/Y
 _43326_/Y
 _43327_/X
 _43328_/Y
 _43329_/Y
 _43330_/X
 _43331_/X
 _43332_/X
 _43333_/Y
 _43334_/Y
 _43335_/Y
 _43336_/X
 _43337_/Y
 _43338_/X
 _43339_/Y
 _43340_/X
 _43341_/X
 _43342_/X
 _43343_/X
 _43344_/Y
 _43345_/X
 _43346_/X
 _43347_/X
 _43348_/Y
 _43349_/X
 _43350_/X
 _43351_/Y
 _43352_/X
 _43353_/Y
 _43354_/X
 _43355_/X
 _43356_/Y
 _43357_/Y
 _43358_/Y
 _43359_/Y
 _43360_/Y
 _43361_/X
 _43362_/Y
 _43363_/Y
 _43364_/X
 _43365_/Y
 _43366_/Y
 _43367_/Y
 _43368_/Y
 _43369_/Y
 _43370_/Y
 _43371_/X
 _43372_/Y
 _43373_/X
 _43374_/Y
 _43375_/Y
 _43376_/X
 _43377_/Y
 _43378_/Y
 _43379_/X
 _43380_/X
 _43381_/X
 _43382_/Y
 _43383_/X
 _43384_/Y
 _43385_/X
 _43386_/Y
 _43387_/Y
 _43388_/Y
 _43389_/X
 _43390_/X
 _43391_/X
 _43392_/Y
 _43393_/Y
 _43394_/X
 _43395_/Y
 _43396_/X
 _43397_/X
 _43398_/X
 _43399_/X
 _43400_/Y
 _43401_/Y
 _43402_/X
 _43403_/Y
 _43404_/X
 _43405_/X
 _43406_/Y
 _43407_/Y
 _43408_/Y
 _43409_/Y
 _43410_/Y
 _43411_/Y
 _43412_/Y
 _43413_/Y
 _43414_/X
 _43415_/Y
 _43416_/Y
 _43417_/X
 _43418_/Y
 _43419_/X
 _43420_/Y
 _43421_/Y
 _43422_/Y
 _43423_/Y
 _43424_/X
 _43425_/X
 _43426_/Y
 _43427_/Y
 _43428_/X
 _43429_/X
 _43430_/X
 _43431_/Y
 _43432_/Y
 _43433_/Y
 _43434_/Y
 _43435_/Y
 _43436_/X
 _43437_/X
 _43438_/Y
 _43439_/Y
 _43440_/Y
 _43441_/Y
 _43442_/Y
 _43443_/Y
 _43444_/X
 _43445_/Y
 _43446_/Y
 _43447_/Y
 _43448_/Y
 _43449_/Y
 _43450_/Y
 _43451_/Y
 _43452_/X
 _43453_/X
 _43454_/X
 _43455_/Y
 _43456_/X
 _43457_/X
 _43458_/Y
 _43459_/Y
 _43460_/Y
 _43461_/X
 _43462_/X
 _43463_/X
 _43464_/Y
 _43465_/X
 _43466_/X
 _43467_/X
 _43468_/Y
 _43469_/X
 _43470_/X
 _43471_/X
 _43472_/X
 _43473_/Y
 _43474_/X
 _43475_/X
 _43476_/X
 _43477_/X
 _43478_/X
 _43479_/X
 _43480_/Y
 _43481_/X
 _43482_/X
 _43483_/X
 _43484_/X
 _43485_/Y
 _43486_/Y
 _43487_/Y
 _43488_/Y
 _43489_/Y
 _43490_/Y
 _43491_/Y
 _43492_/Y
 _43493_/X
 _43494_/X
 _43495_/Y
 _43496_/Y
 _43497_/X
 _43498_/Y
 _43499_/Y
 _43500_/Y
 _43501_/Y
 _43502_/X
 _43503_/X
 _43504_/X
 _43505_/Y
 _43506_/Y
 _43507_/Y
 _43508_/Y
 _43509_/Y
 _43510_/Y
 _43511_/X
 _43512_/X
 _43513_/Y
 _43514_/X
 _43515_/Y
 _43516_/X
 _43517_/Y
 _43518_/Y
 _43519_/Y
 _43520_/Y
 _43521_/Y
 _43522_/Y
 _43523_/Y
 _43524_/X
 _43525_/X
 _43526_/Y
 _43527_/X
 _43528_/X
 _43529_/X
 _43530_/Y
 _43531_/Y
 _43532_/Y
 _43533_/Y
 _43534_/Y
 _43535_/Y
 _43536_/Y
 _43537_/Y
 _43538_/X
 _43539_/X
 _43540_/Y
 _43541_/Y
 _43542_/Y
 _43543_/Y
 _43544_/Y
 _43545_/X
 _43546_/X
 _43547_/Y
 _43548_/Y
 _43549_/X
 _43550_/Y
 _43551_/Y
 _43552_/Y
 _43553_/Y
 _43554_/Y
 _43555_/Y
 _43556_/Y
 _43557_/Y
 _43558_/X
 _43559_/X
 _43560_/Y
 _43561_/X
 _43562_/Y
 _43563_/Y
 _43564_/Y
 _43565_/X
 _43566_/Y
 _43567_/X
 _43568_/X
 _43569_/X
 _43570_/Y
 _43571_/X
 _43572_/Y
 _43573_/X
 _43574_/Y
 _43575_/Y
 _43576_/X
 _43577_/X
 _43578_/X
 _43579_/Y
 _43580_/X
 _43581_/X
 _43582_/Y
 _43583_/Y
 _43584_/X
 _43585_/X
 _43586_/X
 _43587_/X
 _43588_/X
 _43589_/X
 _43590_/Y
 _43591_/Y
 _43592_/X
 _43593_/Y
 _43594_/Y
 _43595_/X
 _43596_/Y
 _43597_/X
 _43598_/Y
 _43599_/Y
 _43600_/Y
 _43601_/Y
 _43602_/Y
 _43603_/X
 _43604_/Y
 _43605_/Y
 _43606_/Y
 _43607_/X
 _43608_/X
 _43609_/Y
 _43610_/X
 _43611_/Y
 _43612_/Y
 _43613_/Y
 _43614_/Y
 _43615_/Y
 _43616_/Y
 _43617_/Y
 _43618_/Y
 _43619_/Y
 _43620_/X
 _43621_/Y
 _43622_/Y
 _43623_/Y
 _43624_/X
 _43625_/Y
 _43626_/X
 _43627_/Y
 _43628_/Y
 _43629_/Y
 _43630_/Y
 _43631_/Y
 _43632_/Y
 _43633_/X
 _43634_/Y
 _43635_/Y
 _43636_/Y
 _43637_/Y
 _43638_/X
 _43639_/Y
 _43640_/X
 _43641_/X
 _43642_/X
 _43643_/X
 _43644_/Y
 _43645_/Y
 _43646_/X
 _43647_/X
 _43648_/X
 _43649_/X
 _43650_/X
 _43651_/X
 _43652_/X
 _43653_/X
 _43654_/Y
 _43655_/Y
 _43656_/Y
 _43657_/Y
 _43658_/Y
 _43659_/Y
 _43660_/Y
 _43661_/X
 _43662_/Y
 _43663_/X
 _43664_/Y
 _43665_/Y
 _43666_/Y
 _43667_/Y
 _43668_/Y
 _43669_/Y
 _43670_/Y
 _43671_/X
 _43672_/Y
 _43673_/Y
 _43674_/X
 _43675_/X
 _43676_/X
 _43677_/Y
 _43678_/Y
 _43679_/X
 _43680_/Y
 _43681_/Y
 _43682_/Y
 _43683_/X
 _43684_/Y
 _43685_/Y
 _43686_/X
 _43687_/Y
 _43688_/Y
 _43689_/Y
 _43690_/Y
 _43691_/Y
 _43692_/Y
 _43693_/Y
 _43694_/X
 _43695_/Y
 _43696_/X
 _43697_/Y
 _43698_/Y
 _43699_/X
 _43700_/X
 _43701_/Y
 _43702_/Y
 _43703_/Y
 _43704_/Y
 _43705_/Y
 _43706_/X
 _43707_/Y
 _43708_/Y
 _43709_/Y
 _43710_/X
 _43711_/Y
 _43712_/X
 _43713_/Y
 _43714_/Y
 _43715_/X
 _43716_/X
 _43717_/Y
 _43718_/X
 _43719_/Y
 _43720_/Y
 _43721_/Y
 _43722_/X
 _43723_/X
 _43724_/Y
 _43725_/Y
 _43726_/X
 _43727_/X
 _43728_/X
 _43729_/X
 _43730_/X
 _43731_/X
 _43732_/X
 _43733_/Y
 _43734_/Y
 _43735_/X
 _43736_/Y
 _43737_/Y
 _43738_/X
 _43739_/Y
 _43740_/Y
 _43741_/Y
 _43742_/Y
 _43743_/Y
 _43744_/Y
 _43745_/Y
 _43746_/Y
 _43747_/Y
 _43748_/Y
 _43749_/X
 _43750_/Y
 _43751_/Y
 _43752_/X
 _43753_/Y
 _43754_/X
 _43755_/Y
 _43756_/Y
 _43757_/X
 _43758_/X
 _43759_/X
 _43760_/Y
 _43761_/X
 _43762_/Y
 _43763_/Y
 _43764_/Y
 _43765_/Y
 _43766_/Y
 _43767_/X
 _43768_/Y
 _43769_/Y
 _43770_/X
 _43771_/Y
 _43772_/Y
 _43773_/X
 _43774_/Y
 _43775_/Y
 _43776_/Y
 _43777_/Y
 _43778_/Y
 _43779_/Y
 _43780_/Y
 _43781_/X
 _43782_/X
 _43783_/X
 _43784_/Y
 _43785_/X
 _43786_/X
 _43787_/Y
 _43788_/X
 _43789_/X
 _43790_/Y
 _43791_/Y
 _43792_/Y
 _43793_/X
 _43794_/X
 _43795_/X
 _43796_/X
 _43797_/X
 _43798_/X
 _43799_/Y
 _43800_/Y
 _43801_/X
 _43802_/Y
 _43803_/X
 _43804_/Y
 _43805_/X
 _43806_/X
 _43807_/Y
 _43808_/X
 _43809_/X
 _43810_/X
 _43811_/Y
 _43812_/Y
 _43813_/X
 _43814_/Y
 _43815_/X
 _43816_/X
 _43817_/X
 _43818_/Y
 _43819_/X
 _43820_/X
 _43821_/X
 _43822_/Y
 _43823_/Y
 _43824_/Y
 _43825_/Y
 _43826_/Y
 _43827_/X
 _43828_/Y
 _43829_/Y
 _43830_/Y
 _43831_/X
 _43832_/Y
 _43833_/Y
 _43834_/X
 _43835_/Y
 _43836_/Y
 _43837_/X
 _43838_/Y
 _43839_/Y
 _43840_/Y
 _43841_/Y
 _43842_/Y
 _43843_/X
 _43844_/X
 _43845_/X
 _43846_/Y
 _43847_/X
 _43848_/Y
 _43849_/Y
 _43850_/Y
 _43851_/Y
 _43852_/Y
 _43853_/X
 _43854_/Y
 _43855_/Y
 _43856_/X
 _43857_/X
 _43858_/Y
 _43859_/Y
 _43860_/X
 _43861_/Y
 _43862_/X
 _43863_/Y
 _43864_/X
 _43865_/Y
 _43866_/Y
 _43867_/Y
 _43868_/Y
 _43869_/X
 _43870_/X
 _43871_/Y
 _43872_/Y
 _43873_/Y
 _43874_/X
 _43875_/Y
 _43876_/X
 _43877_/X
 _43878_/Y
 _43879_/X
 _43880_/X
 _43881_/Y
 _43882_/Y
 _43883_/X
 _43884_/Y
 _43885_/Y
 _43886_/Y
 _43887_/X
 _43888_/X
 _43889_/X
 _43890_/X
 _43891_/X
 _43892_/Y
 _43893_/Y
 _43894_/X
 _43895_/Y
 _43896_/X
 _43897_/X
 _43898_/X
 _43899_/X
 _43900_/Y
 _43901_/X
 _43902_/Y
 _43903_/X
 _43904_/Y
 _43905_/Y
 _43906_/Y
 _43907_/X
 _43908_/Y
 _43909_/X
 _43910_/Y
 _43911_/Y
 _43912_/X
 _43913_/Y
 _43914_/Y
 _43915_/Y
 _43916_/Y
 _43917_/X
 _43918_/Y
 _43919_/Y
 _43920_/Y
 _43921_/Y
 _43922_/Y
 _43923_/Y
 _43924_/Y
 _43925_/X
 _43926_/Y
 _43927_/Y
 _43928_/Y
 _43929_/X
 _43930_/Y
 _43931_/X
 _43932_/X
 _43933_/X
 _43934_/Y
 _43935_/Y
 _43936_/Y
 _43937_/X
 _43938_/Y
 _43939_/X
 _43940_/Y
 _43941_/X
 _43942_/X
 _43943_/Y
 _43944_/X
 _43945_/X
 _43946_/Y
 _43947_/X
 _43948_/Y
 _43949_/Y
 _43950_/Y
 _43951_/Y
 _43952_/X
 _43953_/Y
 _43954_/X
 _43955_/Y
 _43956_/Y
 _43957_/Y
 _43958_/X
 _43959_/Y
 _43960_/X
 _43961_/X
 _43962_/X
 _43963_/X
 _43964_/Y
 _43965_/Y
 _43966_/X
 _43967_/X
 _43968_/Y
 _43969_/X
 _43970_/X
 _43971_/X
 _43972_/Y
 _43973_/Y
 _43974_/Y
 _43975_/Y
 _43976_/Y
 _43977_/Y
 _43978_/X
 _43979_/Y
 _43980_/Y
 _43981_/Y
 _43982_/Y
 _43983_/Y
 _43984_/Y
 _43985_/Y
 _43986_/X
 _43987_/X
 _43988_/Y
 _43989_/X
 _43990_/Y
 _43991_/X
 _43992_/Y
 _43993_/Y
 _43994_/Y
 _43995_/X
 _43996_/Y
 _43997_/X
 _43998_/X
 _43999_/Y
 _44000_/Y
 _44001_/Y
 _44002_/Y
 _44003_/Y
 _44004_/Y
 _44005_/X
 _44006_/X
 _44007_/X
 _44008_/X
 _44009_/X
 _44010_/Y
 _44011_/X
 _44012_/Y
 _44013_/Y
 _44014_/Y
 _44015_/X
 _44016_/Y
 _44017_/Y
 _44018_/Y
 _44019_/X
 _44020_/Y
 _44021_/Y
 _44022_/Y
 _44023_/Y
 _44024_/X
 _44025_/Y
 _44026_/Y
 _44027_/Y
 _44028_/Y
 _44029_/Y
 _44030_/Y
 _44031_/X
 _44032_/X
 _44033_/Y
 _44034_/X
 _44035_/Y
 _44036_/Y
 _44037_/X
 _44038_/X
 _44039_/X
 _44040_/X
 _44041_/X
 _44042_/X
 _44043_/Y
 _44044_/Y
 _44045_/X
 _44046_/Y
 _44047_/Y
 _44048_/X
 _44049_/Y
 _44050_/X
 _44051_/X
 _44052_/Y
 _44053_/Y
 _44054_/Y
 _44055_/Y
 _44056_/Y
 _44057_/Y
 _44058_/X
 _44059_/Y
 _44060_/Y
 _44061_/Y
 _44062_/Y
 _44063_/Y
 _44064_/Y
 _44065_/X
 _44066_/X
 _44067_/Y
 _44068_/Y
 _44069_/Y
 _44070_/Y
 _44071_/X
 _44072_/Y
 _44073_/X
 _44074_/Y
 _44075_/X
 _44076_/Y
 _44077_/X
 _44078_/Y
 _44079_/X
 _44080_/Y
 _44081_/Y
 _44082_/X
 _44083_/X
 _44084_/X
 _44085_/Y
 _44086_/Y
 _44087_/X
 _44088_/Y
 _44089_/X
 _44090_/Y
 _44091_/X
 _44092_/Y
 _44093_/Y
 _44094_/Y
 _44095_/X
 _44096_/Y
 _44097_/Y
 _44098_/Y
 _44099_/Y
 _44100_/Y
 _44101_/Y
 _44102_/Y
 _44103_/X
 _44104_/Y
 _44105_/Y
 _44106_/Y
 _44107_/Y
 _44108_/Y
 _44109_/Y
 _44110_/Y
 _44111_/X
 _44112_/Y
 _44113_/Y
 _44114_/Y
 _44115_/Y
 _44116_/Y
 _44117_/X
 _44118_/X
 _44119_/X
 _44120_/X
 _44121_/Y
 _44122_/X
 _44123_/Y
 _44124_/X
 _44125_/X
 _44126_/X
 _44127_/Y
 _44128_/Y
 _44129_/Y
 _44130_/Y
 _44131_/X
 _44132_/X
 _44133_/X
 _44134_/X
 _44135_/X
 _44136_/Y
 _44137_/Y
 _44138_/Y
 _44139_/Y
 _44140_/Y
 _44141_/X
 _44142_/Y
 _44143_/X
 _44144_/Y
 _44145_/Y
 _44146_/Y
 _44147_/Y
 _44148_/X
 _44149_/Y
 _44150_/Y
 _44151_/Y
 _44152_/Y
 _44153_/X
 _44154_/Y
 _44155_/Y
 _44156_/Y
 _44157_/Y
 _44158_/X
 _44159_/X
 _44160_/Y
 _44161_/X
 _44162_/Y
 _44163_/Y
 _44164_/X
 _44165_/X
 _44166_/X
 _44167_/Y
 _44168_/X
 _44169_/Y
 _44170_/Y
 _44171_/Y
 _44172_/X
 _44173_/X
 _44174_/X
 _44175_/Y
 _44176_/Y
 _44177_/Y
 _44178_/Y
 _44179_/X
 _44180_/X
 _44181_/X
 _44182_/Y
 _44183_/Y
 _44184_/Y
 _44185_/Y
 _44186_/Y
 _44187_/X
 _44188_/Y
 _44189_/X
 _44190_/Y
 _44191_/Y
 _44192_/Y
 _44193_/Y
 _44194_/X
 _44195_/X
 _44196_/Y
 _44197_/X
 _44198_/Y
 _44199_/Y
 _44200_/Y
 _44201_/X
 _44202_/Y
 _44203_/X
 _44204_/X
 _44205_/Y
 _44206_/Y
 _44207_/Y
 _44208_/X
 _44209_/Y
 _44210_/Y
 _44211_/Y
 _44212_/Y
 _44213_/X
 _44214_/X
 _44215_/X
 _44216_/X
 _44217_/X
 _44218_/X
 _44219_/Y
 _44220_/Y
 _44221_/Y
 _44222_/Y
 _44223_/Y
 _44224_/Y
 _44225_/X
 _44226_/Y
 _44227_/Y
 _44228_/Y
 _44229_/Y
 _44230_/Y
 _44231_/Y
 _44232_/Y
 _44233_/Y
 _44234_/Y
 _44235_/X
 _44236_/X
 _44237_/Y
 _44238_/Y
 _44239_/Y
 _44240_/X
 _44241_/Y
 _44242_/X
 _44243_/X
 _44244_/X
 _44245_/X
 _44246_/X
 _44247_/Y
 _44248_/Y
 _44249_/Y
 _44250_/X
 _44251_/Y
 _44252_/X
 _44253_/Y
 _44254_/X
 _44255_/Y
 _44256_/X
 _44257_/Y
 _44258_/X
 _44259_/X
 _44260_/Y
 _44261_/Y
 _44262_/Y
 _44263_/Y
 _44264_/Y
 _44265_/Y
 _44266_/Y
 _44267_/Y
 _44268_/Y
 _44269_/Y
 _44270_/Y
 _44271_/X
 _44272_/Y
 _44273_/X
 _44274_/Y
 _44275_/X
 _44276_/X
 _44277_/Y
 _44278_/X
 _44279_/Y
 _44280_/Y
 _44281_/Y
 _44282_/X
 _44283_/X
 _44284_/Y
 _44285_/X
 _44286_/Y
 _44287_/X
 _44288_/X
 _44289_/X
 _44290_/Y
 _44291_/X
 _44292_/Y
 _44293_/X
 _44294_/Y
 _44295_/X
 _44296_/Y
 _44297_/X
 _44298_/X
 _44299_/X
 _44300_/X
 _44301_/X
 _44302_/Y
 _44303_/Y
 _44304_/Y
 _44305_/Y
 _44306_/Y
 _44307_/Y
 _44308_/Y
 _44309_/X
 _44310_/Y
 _44311_/Y
 _44312_/Y
 _44313_/X
 _44314_/Y
 _44315_/Y
 _44316_/Y
 _44317_/Y
 _44318_/Y
 _44319_/Y
 _44320_/Y
 _44321_/Y
 _44322_/Y
 _44323_/Y
 _44324_/Y
 _44325_/Y
 _44326_/Y
 _44327_/Y
 _44328_/Y
 _44329_/Y
 _44330_/X
 _44331_/Y
 _44332_/X
 _44333_/X
 _44334_/X
 _44335_/X
 _44336_/X
 _44337_/Y
 _44338_/Y
 _44339_/Y
 _44340_/Y
 _44341_/X
 _44342_/Y
 _44343_/Y
 _44344_/Y
 _44345_/X
 _44346_/X
 _44347_/Y
 _44348_/Y
 _44349_/Y
 _44350_/Y
 _44351_/Y
 _44352_/Y
 _44353_/Y
 _44354_/X
 _44355_/Y
 _44356_/Y
 _44357_/X
 _44358_/Y
 _44359_/Y
 _44360_/Y
 _44361_/X
 _44362_/Y
 _44363_/Y
 _44364_/Y
 _44365_/X
 _44366_/Y
 _44367_/Y
 _44368_/X
 _44369_/Y
 _44370_/Y
 _44371_/X
 _44372_/Y
 _44373_/Y
 _44374_/X
 _44375_/Y
 _44376_/Y
 _44377_/X
 _44378_/X
 _44379_/X
 _44380_/X
 _44381_/Y
 _44382_/Y
 _44383_/X
 _44384_/Y
 _44385_/Y
 _44386_/Y
 _44387_/Y
 _44388_/Y
 _44389_/Y
 _44390_/X
 _44391_/X
 _44392_/Y
 _44393_/Y
 _44394_/Y
 _44395_/Y
 _44396_/X
 _44397_/Y
 _44398_/X
 _44399_/Y
 _44400_/Y
 _44401_/X
 _44402_/Y
 _44403_/Y
 _44404_/X
 _44405_/X
 _44406_/X
 _44407_/Y
 _44408_/X
 _44409_/Y
 _44410_/Y
 _44411_/Y
 _44412_/Y
 _44413_/Y
 _44414_/X
 _44415_/X
 _44416_/X
 _44417_/Y
 _44418_/X
 _44419_/X
 _44420_/Y
 _44421_/Y
 _44422_/X
 _44423_/X
 _44424_/X
 _44425_/X
 _44426_/X
 _44427_/X
 _44428_/Y
 _44429_/Y
 _44430_/Y
 _44431_/Y
 _44432_/Y
 _44433_/Y
 _44434_/Y
 _44435_/X
 _44436_/Y
 _44437_/X
 _44438_/X
 _44439_/Y
 _44440_/X
 _44441_/Y
 _44442_/X
 _44443_/Y
 _44444_/Y
 _44445_/X
 _44446_/Y
 _44447_/X
 _44448_/Y
 _44449_/X
 _44450_/Y
 _44451_/Y
 _44452_/Y
 _44453_/Y
 _44454_/Y
 _44455_/X
 _44456_/Y
 _44457_/X
 _44458_/X
 _44459_/X
 _44460_/X
 _44461_/Y
 _44462_/Y
 _44463_/X
 _44464_/Y
 _44465_/Y
 _44466_/X
 _44467_/Y
 _44468_/Y
 _44469_/Y
 _44470_/Y
 _44471_/X
 _44472_/X
 _44473_/Y
 _44474_/Y
 _44475_/Y
 _44476_/Y
 _44477_/Y
 _44478_/Y
 _44479_/X
 _44480_/Y
 _44481_/X
 _44482_/Y
 _44483_/Y
 _44484_/Y
 _44485_/Y
 _44486_/Y
 _44487_/Y
 _44488_/X
 _44489_/Y
 _44490_/Y
 _44491_/X
 _44492_/Y
 _44493_/Y
 _44494_/Y
 _44495_/Y
 _44496_/Y
 _44497_/Y
 _44498_/Y
 _44499_/Y
 _44500_/X
 _44501_/Y
 _44502_/Y
 _44503_/X
 _44504_/Y
 _44505_/Y
 _44506_/X
 _44507_/Y
 _44508_/X
 _44509_/X
 _44510_/Y
 _44511_/X
 _44512_/Y
 _44513_/X
 _44514_/X
 _44515_/X
 _44516_/Y
 _44517_/Y
 _44518_/Y
 _44519_/X
 _44520_/Y
 _44521_/X
 _44522_/Y
 _44523_/Y
 _44524_/Y
 _44525_/X
 _44526_/Y
 _44527_/X
 _44528_/X
 _44529_/Y
 _44530_/Y
 _44531_/Y
 _44532_/Y
 _44533_/Y
 _44534_/Y
 _44535_/Y
 _44536_/X
 _44537_/X
 _44538_/Y
 _44539_/Y
 _44540_/Y
 _44541_/X
 _44542_/Y
 _44543_/Y
 _44544_/X
 _44545_/X
 _44546_/Y
 _44547_/Y
 _44548_/Y
 _44549_/Y
 _44550_/X
 _44551_/X
 _44552_/X
 _44553_/X
 _44554_/Y
 _44555_/Y
 _44556_/Y
 _44557_/X
 _44558_/X
 _44559_/X
 _44560_/X
 _44561_/Y
 _44562_/X
 _44563_/Y
 _44564_/X
 _44565_/X
 _44566_/X
 _44567_/Y
 _44568_/X
 _44569_/X
 _44570_/X
 _44571_/Y
 _44572_/X
 _44573_/Y
 _44574_/Y
 _44575_/Y
 _44576_/X
 _44577_/Y
 _44578_/Y
 _44579_/Y
 _44580_/X
 _44581_/Y
 _44582_/X
 _44583_/Y
 _44584_/Y
 _44585_/Y
 _44586_/Y
 _44587_/X
 _44588_/X
 _44589_/X
 _44590_/X
 _44591_/Y
 _44592_/X
 _44593_/X
 _44594_/X
 _44595_/X
 _44596_/Y
 _44597_/Y
 _44598_/Y
 _44599_/X
 _44600_/Y
 _44601_/Y
 _44602_/Y
 _44603_/Y
 _44604_/X
 _44605_/Y
 _44606_/X
 _44607_/Y
 _44608_/X
 _44609_/Y
 _44610_/Y
 _44611_/Y
 _44612_/X
 _44613_/X
 _44614_/X
 _44615_/X
 _44616_/X
 _44617_/Y
 _44618_/X
 _44619_/X
 _44620_/X
 _44621_/Y
 _44622_/X
 _44623_/X
 _44624_/Y
 _44625_/X
 _44626_/X
 _44627_/Y
 _44628_/X
 _44629_/Y
 _44630_/Y
 _44631_/Y
 _44632_/Y
 _44633_/Y
 _44634_/Y
 _44635_/Y
 _44636_/Y
 _44637_/X
 _44638_/Y
 _44639_/X
 _44640_/X
 _44641_/X
 _44642_/X
 _44643_/Y
 _44644_/X
 _44645_/Y
 _44646_/Y
 _44647_/Y
 _44648_/Y
 _44649_/X
 _44650_/X
 _44651_/Y
 _44652_/Y
 _44653_/Y
 _44654_/Y
 _44655_/Y
 _44656_/Y
 _44657_/Y
 _44658_/X
 _44659_/Y
 _44660_/Y
 _44661_/Y
 _44662_/X
 _44663_/Y
 _44664_/Y
 _44665_/X
 _44666_/X
 _44667_/Y
 _44668_/Y
 _44669_/Y
 _44670_/Y
 _44671_/Y
 _44672_/Y
 _44673_/Y
 _44674_/X
 _44675_/Y
 _44676_/Y
 _44677_/Y
 _44678_/Y
 _44679_/Y
 _44680_/Y
 _44681_/X
 _44682_/Y
 _44683_/X
 _44684_/Y
 _44685_/Y
 _44686_/X
 _44687_/Y
 _44688_/X
 _44689_/Y
 _44690_/Y
 _44691_/X
 _44692_/Y
 _44693_/Y
 _44694_/X
 _44695_/X
 _44696_/Y
 _44697_/Y
 _44698_/X
 _44699_/Y
 _44700_/X
 _44701_/Y
 _44702_/Y
 _44703_/Y
 _44704_/X
 _44705_/X
 _44706_/X
 _44707_/Y
 _44708_/Y
 _44709_/Y
 _44710_/Y
 _44711_/Y
 _44712_/Y
 _44713_/X
 _44714_/X
 _44715_/Y
 _44716_/Y
 _44717_/X
 _44718_/X
 _44719_/X
 _44720_/X
 _44721_/X
 _44722_/Y
 _44723_/Y
 _44724_/Y
 _44725_/Y
 _44726_/Y
 _44727_/Y
 _44728_/X
 _44729_/Y
 _44730_/Y
 _44731_/X
 _44732_/Y
 _44733_/X
 _44734_/X
 _44735_/Y
 _44736_/X
 _44737_/X
 _44738_/Y
 _44739_/X
 _44740_/Y
 _44741_/Y
 _44742_/Y
 _44743_/X
 _44744_/X
 _44745_/X
 _44746_/Y
 _44747_/Y
 _44748_/X
 _44749_/X
 _44750_/X
 _44751_/Y
 _44752_/Y
 _44753_/Y
 _44754_/Y
 _44755_/Y
 _44756_/X
 _44757_/Y
 _44758_/X
 _44759_/Y
 _44760_/Y
 _44761_/Y
 _44762_/Y
 _44763_/Y
 _44764_/Y
 _44765_/Y
 _44766_/Y
 _44767_/X
 _44768_/Y
 _44769_/Y
 _44770_/Y
 _44771_/Y
 _44772_/Y
 _44773_/Y
 _44774_/Y
 _44775_/Y
 _44776_/Y
 _44777_/X
 _44778_/X
 _44779_/X
 _44780_/Y
 _44781_/X
 _44782_/Y
 _44783_/X
 _44784_/X
 _44785_/X
 _44786_/Y
 _44787_/X
 _44788_/Y
 _44789_/X
 _44790_/X
 _44791_/X
 _44792_/Y
 _44793_/X
 _44794_/Y
 _44795_/Y
 _44796_/Y
 _44797_/Y
 _44798_/Y
 _44799_/X
 _44800_/X
 _44801_/Y
 _44802_/Y
 _44803_/X
 _44804_/Y
 _44805_/Y
 _44806_/Y
 _44807_/X
 _44808_/Y
 _44809_/X
 _44810_/X
 _44811_/Y
 _44812_/Y
 _44813_/Y
 _44814_/X
 _44815_/Y
 _44816_/Y
 _44817_/X
 _44818_/X
 _44819_/Y
 _44820_/X
 _44821_/X
 _44822_/X
 _44823_/Y
 _44824_/Y
 _44825_/Y
 _44826_/X
 _44827_/X
 _44828_/X
 _44829_/Y
 _44830_/Y
 _44831_/Y
 _44832_/Y
 _44833_/X
 _44834_/X
 _44835_/Y
 _44836_/Y
 _44837_/Y
 _44838_/Y
 _44839_/Y
 _44840_/Y
 _44841_/X
 _44842_/Y
 _44843_/Y
 _44844_/Y
 _44845_/X
 _44846_/Y
 _44847_/Y
 _44848_/X
 _44849_/Y
 _44850_/X
 _44851_/X
 _44852_/Y
 _44853_/X
 _44854_/Y
 _44855_/Y
 _44856_/Y
 _44857_/Y
 _44858_/X
 _44859_/X
 _44860_/Y
 _44861_/X
 _44862_/X
 _44863_/X
 _44864_/Y
 _44865_/X
 _44866_/Y
 _44867_/Y
 _44868_/X
 _44869_/Y
 _44870_/X
 _44871_/X
 _44872_/Y
 _44873_/X
 _44874_/Y
 _44875_/Y
 _44876_/Y
 _44877_/Y
 _44878_/X
 _44879_/Y
 _44880_/Y
 _44881_/X
 _44882_/Y
 _44883_/Y
 _44884_/X
 _44885_/X
 _44886_/Y
 _44887_/Y
 _44888_/Y
 _44889_/Y
 _44890_/Y
 _44891_/Y
 _44892_/Y
 _44893_/Y
 _44894_/X
 _44895_/Y
 _44896_/X
 _44897_/X
 _44898_/X
 _44899_/X
 _44900_/X
 _44901_/Y
 _44902_/Y
 _44903_/X
 _44904_/Y
 _44905_/Y
 _44906_/Y
 _44907_/Y
 _44908_/Y
 _44909_/Y
 _44910_/X
 _44911_/Y
 _44912_/Y
 _44913_/X
 _44914_/Y
 _44915_/X
 _44916_/Y
 _44917_/Y
 _44918_/X
 _44919_/X
 _44920_/X
 _44921_/Y
 _44922_/X
 _44923_/X
 _44924_/Y
 _44925_/Y
 _44926_/X
 _44927_/X
 _44928_/Y
 _44929_/X
 _44930_/Y
 _44931_/Y
 _44932_/Y
 _44933_/Y
 _44934_/Y
 _44935_/Y
 _44936_/Y
 _44937_/Y
 _44938_/Y
 _44939_/Y
 _44940_/Y
 _44941_/Y
 _44942_/X
 _44943_/Y
 _44944_/Y
 _44945_/X
 _44946_/Y
 _44947_/Y
 _44948_/Y
 _44949_/X
 _44950_/Y
 _44951_/X
 _44952_/X
 _44953_/X
 _44954_/X
 _44955_/Y
 _44956_/Y
 _44957_/Y
 _44958_/X
 _44959_/Y
 _44960_/X
 _44961_/X
 _44962_/X
 _44963_/Y
 _44964_/Y
 _44965_/Y
 _44966_/X
 _44967_/Y
 _44968_/Y
 _44969_/X
 _44970_/X
 _44971_/Y
 _44972_/Y
 _44973_/Y
 _44974_/X
 _44975_/Y
 _44976_/Y
 _44977_/X
 _44978_/X
 _44979_/X
 _44980_/Y
 _44981_/X
 _44982_/Y
 _44983_/X
 _44984_/Y
 _44985_/Y
 _44986_/X
 _44987_/Y
 _44988_/X
 _44989_/Y
 _44990_/Y
 _44991_/X
 _44992_/Y
 _44993_/Y
 _44994_/Y
 _44995_/Y
 _44996_/Y
 _44997_/Y
 _44998_/Y
 _44999_/X
 _45000_/X
 _45001_/X
 _45002_/Y
 _45003_/X
 _45004_/Y
 _45005_/Y
 _45006_/Y
 _45007_/Y
 _45008_/Y
 _45009_/Y
 _45010_/X
 _45011_/X
 _45012_/X
 _45013_/Y
 _45014_/Y
 _45015_/X
 _45016_/X
 _45017_/Y
 _45018_/X
 _45019_/Y
 _45020_/X
 _45021_/X
 _45022_/X
 _45023_/X
 _45024_/Y
 _45025_/Y
 _45026_/Y
 _45027_/Y
 _45028_/Y
 _45029_/Y
 _45030_/Y
 _45031_/Y
 _45032_/X
 _45033_/X
 _45034_/X
 _45035_/Y
 _45036_/X
 _45037_/Y
 _45038_/X
 _45039_/Y
 _45040_/Y
 _45041_/Y
 _45042_/Y
 _45043_/X
 _45044_/X
 _45045_/Y
 _45046_/X
 _45047_/X
 _45048_/X
 _45049_/Y
 _45050_/Y
 _45051_/Y
 _45052_/Y
 _45053_/Y
 _45054_/X
 _45055_/X
 _45056_/X
 _45057_/Y
 _45058_/Y
 _45059_/X
 _45060_/X
 _45061_/Y
 _45062_/Y
 _45063_/Y
 _45064_/Y
 _45065_/Y
 _45066_/Y
 _45067_/X
 _45068_/Y
 _45069_/Y
 _45070_/X
 _45071_/Y
 _45072_/Y
 _45073_/Y
 _45074_/Y
 _45075_/Y
 _45076_/Y
 _45077_/X
 _45078_/Y
 _45079_/Y
 _45080_/X
 _45081_/X
 _45082_/Y
 _45083_/Y
 _45084_/X
 _45085_/Y
 _45086_/Y
 _45087_/X
 _45088_/X
 _45089_/X
 _45090_/X
 _45091_/X
 _45092_/Y
 _45093_/X
 _45094_/Y
 _45095_/Y
 _45096_/X
 _45097_/Y
 _45098_/Y
 _45099_/X
 _45100_/X
 _45101_/Y
 _45102_/Y
 _45103_/Y
 _45104_/X
 _45105_/Y
 _45106_/Y
 _45107_/X
 _45108_/Y
 _45109_/Y
 _45110_/X
 _45111_/Y
 _45112_/Y
 _45113_/X
 _45114_/Y
 _45115_/Y
 _45116_/Y
 _45117_/X
 _45118_/Y
 _45119_/X
 _45120_/Y
 _45121_/Y
 _45122_/Y
 _45123_/Y
 _45124_/Y
 _45125_/Y
 _45126_/Y
 _45127_/X
 _45128_/X
 _45129_/X
 _45130_/Y
 _45131_/Y
 _45132_/X
 _45133_/Y
 _45134_/X
 _45135_/X
 _45136_/X
 _45137_/X
 _45138_/Y
 _45139_/Y
 _45140_/Y
 _45141_/Y
 _45142_/Y
 _45143_/Y
 _45144_/Y
 _45145_/X
 _45146_/Y
 _45147_/Y
 _45148_/Y
 _45149_/Y
 _45150_/Y
 _45151_/Y
 _45152_/Y
 _45153_/X
 _45154_/Y
 _45155_/Y
 _45156_/Y
 _45157_/X
 _45158_/Y
 _45159_/Y
 _45160_/X
 _45161_/Y
 _45162_/X
 _45163_/X
 _45164_/Y
 _45165_/X
 _45166_/Y
 _45167_/Y
 _45168_/Y
 _45169_/Y
 _45170_/Y
 _45171_/Y
 _45172_/X
 _45173_/Y
 _45174_/X
 _45175_/X
 _45176_/Y
 _45177_/Y
 _45178_/Y
 _45179_/Y
 _45180_/Y
 _45181_/X
 _45182_/Y
 _45183_/Y
 _45184_/X
 _45185_/Y
 _45186_/Y
 _45187_/Y
 _45188_/Y
 _45189_/Y
 _45190_/Y
 _45191_/Y
 _45192_/X
 _45193_/Y
 _45194_/X
 _45195_/X
 _45196_/Y
 _45197_/Y
 _45198_/Y
 _45199_/X
 _45200_/Y
 _45201_/X
 _45202_/X
 _45203_/X
 _45204_/Y
 _45205_/Y
 _45206_/X
 _45207_/X
 _45208_/Y
 _45209_/X
 _45210_/Y
 _45211_/X
 _45212_/X
 _45213_/X
 _45214_/Y
 _45215_/X
 _45216_/Y
 _45217_/Y
 _45218_/X
 _45219_/X
 _45220_/Y
 _45221_/X
 _45222_/Y
 _45223_/Y
 _45224_/X
 _45225_/Y
 _45226_/Y
 _45227_/Y
 _45228_/X
 _45229_/X
 _45230_/X
 _45231_/Y
 _45232_/Y
 _45233_/Y
 _45234_/X
 _45235_/Y
 _45236_/Y
 _45237_/Y
 _45238_/X
 _45239_/Y
 _45240_/X
 _45241_/X
 _45242_/Y
 _45243_/X
 _45244_/X
 _45245_/Y
 _45246_/X
 _45247_/Y
 _45248_/Y
 _45249_/Y
 _45250_/X
 _45251_/Y
 _45252_/Y
 _45253_/Y
 _45254_/Y
 _45255_/Y
 _45256_/X
 _45257_/X
 _45258_/Y
 _45259_/X
 _45260_/X
 _45261_/Y
 _45262_/X
 _45263_/X
 _45264_/Y
 _45265_/Y
 _45266_/X
 _45267_/Y
 _45268_/Y
 _45269_/Y
 _45270_/Y
 _45271_/Y
 _45272_/Y
 _45273_/Y
 _45274_/Y
 _45275_/Y
 _45276_/X
 _45277_/Y
 _45278_/Y
 _45279_/Y
 _45280_/X
 _45281_/X
 _45282_/Y
 _45283_/Y
 _45284_/X
 _45285_/X
 _45286_/Y
 _45287_/Y
 _45288_/Y
 _45289_/Y
 _45290_/Y
 _45291_/X
 _45292_/X
 _45293_/X
 _45294_/X
 _45295_/X
 _45296_/Y
 _45297_/Y
 _45298_/X
 _45299_/X
 _45300_/X
 _45301_/X
 _45302_/Y
 _45303_/X
 _45304_/X
 _45305_/X
 _45306_/X
 _45307_/Y
 _45308_/X
 _45309_/Y
 _45310_/Y
 _45311_/X
 _45312_/X
 _45313_/X
 _45314_/X
 _45315_/Y
 _45316_/Y
 _45317_/X
 _45318_/Y
 _45319_/Y
 _45320_/X
 _45321_/X
 _45322_/X
 _45323_/X
 _45324_/X
 _45325_/X
 _45326_/Y
 _45327_/X
 _45328_/X
 _45329_/X
 _45330_/X
 _45331_/X
 _45332_/Y
 _45333_/Y
 _45334_/Y
 _45335_/X
 _45336_/X
 _45337_/X
 _45338_/X
 _45339_/X
 _45340_/X
 _45341_/Y
 _45342_/X
 _45343_/X
 _45344_/Y
 _45345_/X
 _45346_/X
 _45347_/Y
 _45348_/Y
 _45349_/Y
 _45350_/Y
 _45351_/X
 _45352_/Y
 _45353_/Y
 _45354_/Y
 _45355_/X
 _45356_/Y
 _45357_/X
 _45358_/Y
 _45359_/Y
 _45360_/Y
 _45361_/Y
 _45362_/Y
 _45363_/Y
 _45364_/X
 _45365_/Y
 _45366_/Y
 _45367_/X
 _45368_/Y
 _45369_/X
 _45370_/Y
 _45371_/X
 _45372_/X
 _45373_/X
 _45374_/Y
 _45375_/Y
 _45376_/Y
 _45377_/Y
 _45378_/X
 _45379_/X
 _45380_/X
 _45381_/X
 _45382_/X
 _45383_/Y
 _45384_/Y
 _45385_/Y
 _45386_/Y
 _45387_/Y
 _45388_/X
 _45389_/Y
 _45390_/Y
 _45391_/Y
 _45392_/Y
 _45393_/Y
 _45394_/Y
 _45395_/Y
 _45396_/X
 _45397_/Y
 _45398_/X
 _45399_/Y
 _45400_/X
 _45401_/Y
 _45402_/Y
 _45403_/X
 _45404_/Y
 _45405_/X
 _45406_/Y
 _45407_/Y
 _45408_/Y
 _45409_/Y
 _45410_/Y
 _45411_/Y
 _45412_/Y
 _45413_/Y
 _45414_/Y
 _45415_/X
 _45416_/X
 _45417_/Y
 _45418_/Y
 _45419_/X
 _45420_/Y
 _45421_/Y
 _45422_/X
 _45423_/Y
 _45424_/X
 _45425_/X
 _45426_/Y
 _45427_/Y
 _45428_/Y
 _45429_/Y
 _45430_/Y
 _45431_/Y
 _45432_/X
 _45433_/Y
 _45434_/X
 _45435_/Y
 _45436_/Y
 _45437_/Y
 _45438_/X
 _45439_/X
 _45440_/X
 _45441_/X
 _45442_/Y
 _45443_/X
 _45444_/X
 _45445_/X
 _45446_/X
 _45447_/X
 _45448_/Y
 _45449_/X
 _45450_/X
 _45451_/X
 _45452_/X
 _45453_/X
 _45454_/Y
 _45455_/Y
 _45456_/Y
 _45457_/X
 _45458_/Y
 _45459_/Y
 _45460_/X
 _45461_/X
 _45462_/Y
 _45463_/Y
 _45464_/X
 _45465_/Y
 _45466_/Y
 _45467_/Y
 _45468_/X
 _45469_/Y
 _45470_/Y
 _45471_/Y
 _45472_/Y
 _45473_/Y
 _45474_/Y
 _45475_/Y
 _45476_/X
 _45477_/X
 _45478_/Y
 _45479_/Y
 _45480_/X
 _45481_/Y
 _45482_/Y
 _45483_/Y
 _45484_/Y
 _45485_/Y
 _45486_/Y
 _45487_/Y
 _45488_/Y
 _45489_/Y
 _45490_/X
 _45491_/Y
 _45492_/Y
 _45493_/Y
 _45494_/Y
 _45495_/X
 _45496_/Y
 _45497_/Y
 _45498_/Y
 _45499_/Y
 _45500_/Y
 _45501_/Y
 _45502_/X
 _45503_/Y
 _45504_/X
 _45505_/Y
 _45506_/Y
 _45507_/Y
 _45508_/Y
 _45509_/Y
 _45510_/Y
 _45511_/Y
 _45512_/Y
 _45513_/Y
 _45514_/X
 _45515_/Y
 _45516_/Y
 _45517_/Y
 _45518_/X
 _45519_/Y
 _45520_/Y
 _45521_/X
 _45522_/Y
 _45523_/Y
 _45524_/Y
 _45525_/X
 _45526_/Y
 _45527_/Y
 _45528_/Y
 _45529_/X
 _45530_/X
 _45531_/Y
 _45532_/Y
 _45533_/Y
 _45534_/X
 _45535_/X
 _45536_/Y
 _45537_/Y
 _45538_/Y
 _45539_/Y
 _45540_/Y
 _45541_/X
 _45542_/X
 _45543_/X
 _45544_/Y
 _45545_/Y
 _45546_/Y
 _45547_/Y
 _45548_/Y
 _45549_/Y
 _45550_/Y
 _45551_/X
 _45552_/X
 _45553_/Y
 _45554_/Y
 _45555_/X
 _45556_/Y
 _45557_/Y
 _45558_/Y
 _45559_/X
 _45560_/Y
 _45561_/Y
 _45562_/Y
 _45563_/X
 _45564_/Y
 _45565_/Y
 _45566_/X
 _45567_/Y
 _45568_/Y
 _45569_/Y
 _45570_/Y
 _45571_/X
 _45572_/Y
 _45573_/Y
 _45574_/Y
 _45575_/X
 _45576_/Y
 _45577_/X
 _45578_/X
 _45579_/X
 _45580_/Y
 _45581_/X
 _45582_/Y
 _45583_/X
 _45584_/Y
 _45585_/X
 _45586_/X
 _45587_/Y
 _45588_/Y
 _45589_/X
 _45590_/Y
 _45591_/X
 _45592_/X
 _45593_/Y
 _45594_/X
 _45595_/Y
 _45596_/Y
 _45597_/Y
 _45598_/X
 _45599_/X
 _45600_/Y
 _45601_/X
 _45602_/Y
 _45603_/Y
 _45604_/Y
 _45605_/Y
 _45606_/X
 _45607_/Y
 _45608_/Y
 _45609_/Y
 _45610_/Y
 _45611_/Y
 _45612_/Y
 _45613_/Y
 _45614_/Y
 _45615_/X
 _45616_/X
 _45617_/Y
 _45618_/Y
 _45619_/X
 _45620_/X
 _45621_/Y
 _45622_/Y
 _45623_/X
 _45624_/X
 _45625_/X
 _45626_/Y
 _45627_/X
 _45628_/Y
 _45629_/Y
 _45630_/X
 _45631_/Y
 _45632_/Y
 _45633_/Y
 _45634_/X
 _45635_/X
 _45636_/X
 _45637_/X
 _45638_/X
 _45639_/X
 _45640_/Y
 _45641_/Y
 _45642_/X
 _45643_/Y
 _45644_/Y
 _45645_/Y
 _45646_/Y
 _45647_/Y
 _45648_/X
 _45649_/X
 _45650_/X
 _45651_/X
 _45652_/X
 _45653_/Y
 _45654_/Y
 _45655_/X
 _45656_/X
 _45657_/Y
 _45658_/X
 _45659_/Y
 _45660_/X
 _45661_/Y
 _45662_/Y
 _45663_/Y
 _45664_/Y
 _45665_/Y
 _45666_/Y
 _45667_/X
 _45668_/X
 _45669_/X
 _45670_/Y
 _45671_/X
 _45672_/X
 _45673_/Y
 _45674_/X
 _45675_/Y
 _45676_/Y
 _45677_/Y
 _45678_/X
 _45679_/X
 _45680_/Y
 _45681_/Y
 _45682_/Y
 _45683_/Y
 _45684_/Y
 _45685_/Y
 _45686_/Y
 _45687_/Y
 _45688_/X
 _45689_/X
 _45690_/Y
 _45691_/Y
 _45692_/Y
 _45693_/X
 _45694_/Y
 _45695_/Y
 _45696_/Y
 _45697_/Y
 _45698_/Y
 _45699_/X
 _45700_/Y
 _45701_/X
 _45702_/X
 _45703_/Y
 _45704_/Y
 _45705_/Y
 _45706_/Y
 _45707_/Y
 _45708_/Y
 _45709_/X
 _45710_/Y
 _45711_/Y
 _45712_/Y
 _45713_/Y
 _45714_/Y
 _45715_/Y
 _45716_/Y
 _45717_/Y
 _45718_/X
 _45719_/X
 _45720_/Y
 _45721_/Y
 _45722_/X
 _45723_/X
 _45724_/X
 _45725_/X
 _45726_/Y
 _45727_/Y
 _45728_/Y
 _45729_/X
 _45730_/X
 _45731_/Y
 _45732_/Y
 _45733_/Y
 _45734_/Y
 _45735_/Y
 _45736_/Y
 _45737_/Y
 _45738_/Y
 _45739_/Y
 _45740_/Y
 _45741_/X
 _45742_/Y
 _45743_/X
 _45744_/Y
 _45745_/Y
 _45746_/X
 _45747_/Y
 _45748_/X
 _45749_/Y
 _45750_/X
 _45751_/Y
 _45752_/X
 _45753_/X
 _45754_/X
 _45755_/X
 _45756_/X
 _45757_/Y
 _45758_/Y
 _45759_/Y
 _45760_/Y
 _45761_/X
 _45762_/X
 _45763_/X
 _45764_/Y
 _45765_/Y
 _45766_/Y
 _45767_/X
 _45768_/Y
 _45769_/Y
 _45770_/X
 _45771_/Y
 _45772_/Y
 _45773_/X
 _45774_/X
 _45775_/X
 _45776_/Y
 _45777_/Y
 _45778_/Y
 _45779_/Y
 _45780_/Y
 _45781_/X
 _45782_/Y
 _45783_/X
 _45784_/X
 _45785_/Y
 _45786_/X
 _45787_/Y
 _45788_/Y
 _45789_/Y
 _45790_/Y
 _45791_/Y
 _45792_/Y
 _45793_/Y
 _45794_/Y
 _45795_/X
 _45796_/X
 _45797_/Y
 _45798_/X
 _45799_/X
 _45800_/X
 _45801_/X
 _45802_/X
 _45803_/X
 _45804_/Y
 _45805_/Y
 _45806_/Y
 _45807_/X
 _45808_/X
 _45809_/Y
 _45810_/Y
 _45811_/X
 _45812_/X
 _45813_/Y
 _45814_/Y
 _45815_/Y
 _45816_/Y
 _45817_/Y
 _45818_/X
 _45819_/X
 _45820_/Y
 _45821_/Y
 _45822_/Y
 _45823_/Y
 _45824_/Y
 _45825_/Y
 _45826_/Y
 _45827_/X
 _45828_/X
 _45829_/Y
 _45830_/Y
 _45831_/Y
 _45832_/Y
 _45833_/X
 _45834_/Y
 _45835_/X
 _45836_/Y
 _45837_/Y
 _45838_/Y
 _45839_/Y
 _45840_/Y
 _45841_/Y
 _45842_/Y
 _45843_/X
 _45844_/X
 _45845_/X
 _45846_/Y
 _45847_/X
 _45848_/X
 _45849_/X
 _45850_/Y
 _45851_/Y
 _45852_/X
 _45853_/Y
 _45854_/Y
 _45855_/Y
 _45856_/X
 _45857_/X
 _45858_/X
 _45859_/Y
 _45860_/Y
 _45861_/Y
 _45862_/Y
 _45863_/Y
 _45864_/Y
 _45865_/Y
 _45866_/Y
 _45867_/X
 _45868_/X
 _45869_/Y
 _45870_/Y
 _45871_/X
 _45872_/Y
 _45873_/Y
 _45874_/Y
 _45875_/X
 _45876_/X
 _45877_/Y
 _45878_/Y
 _45879_/Y
 _45880_/Y
 _45881_/X
 _45882_/Y
 _45883_/X
 _45884_/X
 _45885_/Y
 _45886_/X
 _45887_/X
 _45888_/X
 _45889_/Y
 _45890_/X
 _45891_/X
 _45892_/Y
 _45893_/Y
 _45894_/Y
 _45895_/X
 _45896_/X
 _45897_/Y
 _45898_/Y
 _45899_/Y
 _45900_/X
 _45901_/Y
 _45902_/Y
 _45903_/Y
 _45904_/Y
 _45905_/Y
 _45906_/Y
 _45907_/Y
 _45908_/X
 _45909_/X
 _45910_/Y
 _45911_/Y
 _45912_/Y
 _45913_/Y
 _45914_/Y
 _45915_/X
 _45916_/Y
 _45917_/Y
 _45918_/Y
 _45919_/X
 _45920_/Y
 _45921_/Y
 _45922_/X
 _45923_/Y
 _45924_/Y
 _45925_/Y
 _45926_/Y
 _45927_/Y
 _45928_/Y
 _45929_/X
 _45930_/X
 _45931_/X
 _45932_/X
 _45933_/X
 _45934_/X
 _45935_/Y
 _45936_/X
 _45937_/Y
 _45938_/Y
 _45939_/Y
 _45940_/X
 _45941_/Y
 _45942_/Y
 _45943_/X
 _45944_/X
 _45945_/X
 _45946_/Y
 _45947_/Y
 _45948_/Y
 _45949_/Y
 _45950_/Y
 _45951_/Y
 _45952_/Y
 _45953_/Y
 _45954_/Y
 _45955_/Y
 _45956_/Y
 _45957_/X
 _45958_/Y
 _45959_/Y
 _45960_/X
 _45961_/X
 _45962_/Y
 _45963_/Y
 _45964_/Y
 _45965_/Y
 _45966_/X
 _45967_/Y
 _45968_/X
 _45969_/Y
 _45970_/X
 _45971_/Y
 _45972_/Y
 _45973_/X
 _45974_/Y
 _45975_/Y
 _45976_/Y
 _45977_/Y
 _45978_/Y
 _45979_/Y
 _45980_/X
 _45981_/Y
 _45982_/Y
 _45983_/X
 _45984_/X
 _45985_/X
 _45986_/X
 _45987_/X
 _45988_/X
 _45989_/Y
 _45990_/X
 _45991_/X
 _45992_/Y
 _45993_/Y
 _45994_/Y
 _45995_/Y
 _45996_/X
 _45997_/X
 _45998_/Y
 _45999_/Y
 _46000_/Y
 _46001_/Y
 _46002_/Y
 _46003_/Y
 _46004_/Y
 _46005_/Y
 _46006_/Y
 _46007_/Y
 _46008_/Y
 _46009_/Y
 _46010_/Y
 _46011_/Y
 _46012_/Y
 _46013_/Y
 _46014_/X
 _46015_/X
 _46016_/X
 _46017_/Y
 _46018_/X
 _46019_/Y
 _46020_/X
 _46021_/X
 _46022_/X
 _46023_/X
 _46024_/Y
 _46025_/X
 _46026_/X
 _46027_/X
 _46028_/X
 _46029_/Y
 _46030_/Y
 _46031_/Y
 _46032_/X
 _46033_/X
 _46034_/Y
 _46035_/X
 _46036_/Y
 _46037_/Y
 _46038_/X
 _46039_/Y
 _46040_/Y
 _46041_/X
 _46042_/X
 _46043_/Y
 _46044_/Y
 _46045_/X
 _46046_/Y
 _46047_/Y
 _46048_/X
 _46049_/Y
 _46050_/X
 _46051_/Y
 _46052_/Y
 _46053_/Y
 _46054_/X
 _46055_/Y
 _46056_/X
 _46057_/Y
 _46058_/X
 _46059_/X
 _46060_/Y
 _46061_/X
 _46062_/X
 _46063_/X
 _46064_/X
 _46065_/Y
 _46066_/Y
 _46067_/Y
 _46068_/Y
 _46069_/Y
 _46070_/Y
 _46071_/Y
 _46072_/Y
 _46073_/Y
 _46074_/X
 _46075_/X
 _46076_/Y
 _46077_/X
 _46078_/X
 _46079_/X
 _46080_/Y
 _46081_/Y
 _46082_/X
 _46083_/Y
 _46084_/Y
 _46085_/Y
 _46086_/X
 _46087_/Y
 _46088_/X
 _46089_/Y
 _46090_/Y
 _46091_/Y
 _46092_/Y
 _46093_/Y
 _46094_/Y
 _46095_/Y
 _46096_/X
 _46097_/Y
 _46098_/Y
 _46099_/X
 _46100_/X
 _46101_/Y
 _46102_/X
 _46103_/Y
 _46104_/X
 _46105_/X
 _46106_/X
 _46107_/Y
 _46108_/Y
 _46109_/Y
 _46110_/Y
 _46111_/X
 _46112_/X
 _46113_/Y
 _46114_/Y
 _46115_/Y
 _46116_/Y
 _46117_/Y
 _46118_/Y
 _46119_/X
 _46120_/Y
 _46121_/X
 _46122_/Y
 _46123_/Y
 _46124_/X
 _46125_/Y
 _46126_/Y
 _46127_/X
 _46128_/Y
 _46129_/Y
 _46130_/Y
 _46131_/Y
 _46132_/Y
 _46133_/Y
 _46134_/Y
 _46135_/Y
 _46136_/Y
 _46137_/X
 _46138_/Y
 _46139_/X
 _46140_/X
 _46141_/Y
 _46142_/Y
 _46143_/X
 _46144_/Y
 _46145_/Y
 _46146_/X
 _46147_/X
 _46148_/X
 _46149_/X
 _46150_/X
 _46151_/X
 _46152_/X
 _46153_/Y
 _46154_/Y
 _46155_/Y
 _46156_/Y
 _46157_/Y
 _46158_/Y
 _46159_/X
 _46160_/Y
 _46161_/X
 _46162_/Y
 _46163_/Y
 _46164_/Y
 _46165_/Y
 _46166_/Y
 _46167_/Y
 _46168_/X
 _46169_/Y
 _46170_/Y
 _46171_/X
 _46172_/X
 _46173_/Y
 _46174_/X
 _46175_/Y
 _46176_/Y
 _46177_/Y
 _46178_/X
 _46179_/Y
 _46180_/X
 _46181_/Y
 _46182_/Y
 _46183_/Y
 _46184_/Y
 _46185_/Y
 _46186_/Y
 _46187_/Y
 _46188_/Y
 _46189_/Y
 _46190_/X
 _46191_/Y
 _46192_/X
 _46193_/Y
 _46194_/Y
 _46195_/X
 _46196_/X
 _46197_/Y
 _46198_/Y
 _46199_/Y
 _46200_/Y
 _46201_/Y
 _46202_/Y
 _46203_/Y
 _46204_/Y
 _46205_/Y
 _46206_/Y
 _46207_/Y
 _46208_/Y
 _46209_/Y
 _46210_/Y
 _46211_/X
 _46212_/Y
 _46213_/Y
 _46214_/X
 _46215_/X
 _46216_/X
 _46217_/Y
 _46218_/Y
 _46219_/Y
 _46220_/Y
 _46221_/Y
 _46222_/Y
 _46223_/X
 _46224_/X
 _46225_/Y
 _46226_/Y
 _46227_/Y
 _46228_/X
 _46229_/Y
 _46230_/Y
 _46231_/Y
 _46232_/Y
 _46233_/Y
 _46234_/Y
 _46235_/Y
 _46236_/Y
 _46237_/X
 _46238_/Y
 _46239_/Y
 _46240_/X
 _46241_/Y
 _46242_/Y
 _46243_/Y
 _46244_/Y
 _46245_/Y
 _46246_/Y
 _46247_/Y
 _46248_/X
 _46249_/Y
 _46250_/X
 _46251_/Y
 _46252_/Y
 _46253_/X
 _46254_/Y
 _46255_/Y
 _46256_/Y
 _46257_/X
 _46258_/X
 _46259_/X
 _46260_/Y
 _46261_/X
 _46262_/X
 _46263_/Y
 _46264_/Y
 _46265_/X
 _46266_/X
 _46267_/Y
 _46268_/Y
 _46269_/Y
 _46270_/X
 _46271_/Y
 _46272_/Y
 _46273_/X
 _46274_/Y
 _46275_/Y
 _46276_/X
 _46277_/Y
 _46278_/Y
 _46279_/X
 _46280_/Y
 _46281_/Y
 _46282_/Y
 _46283_/Y
 _46284_/Y
 _46285_/Y
 _46286_/Y
 _46287_/Y
 _46288_/X
 _46289_/Y
 _46290_/Y
 _46291_/Y
 _46292_/X
 _46293_/Y
 _46294_/Y
 _46295_/X
 _46296_/Y
 _46297_/Y
 _46298_/Y
 _46299_/X
 _46300_/Y
 _46301_/X
 _46302_/Y
 _46303_/X
 _46304_/X
 _46305_/Y
 _46306_/Y
 _46307_/Y
 _46308_/Y
 _46309_/X
 _46310_/Y
 _46311_/Y
 _46312_/Y
 _46313_/Y
 _46314_/X
 _46315_/X
 _46316_/X
 _46317_/X
 _46318_/X
 _46319_/Y
 _46320_/Y
 _46321_/X
 _46322_/Y
 _46323_/Y
 _46324_/X
 _46325_/X
 _46326_/Y
 _46327_/Y
 _46328_/Y
 _46329_/X
 _46330_/X
 _46331_/X
 _46332_/X
 _46333_/Y
 _46334_/Y
 _46335_/Y
 _46336_/Y
 _46337_/Y
 _46338_/Y
 _46339_/X
 _46340_/Y
 _46341_/Y
 _46342_/Y
 _46343_/X
 _46344_/Y
 _46345_/Y
 _46346_/X
 _46347_/X
 _46348_/X
 _46349_/Y
 _46350_/Y
 _46351_/Y
 _46352_/Y
 _46353_/X
 _46354_/X
 _46355_/Y
 _46356_/X
 _46357_/X
 _46358_/X
 _46359_/Y
 _46360_/X
 _46361_/X
 _46362_/X
 _46363_/Y
 _46364_/Y
 _46365_/Y
 _46366_/Y
 _46367_/X
 _46368_/Y
 _46369_/X
 _46370_/Y
 _46371_/Y
 _46372_/Y
 _46373_/Y
 _46374_/Y
 _46375_/Y
 _46376_/Y
 _46377_/X
 _46378_/X
 _46379_/Y
 _46380_/Y
 _46381_/X
 _46382_/X
 _46383_/Y
 _46384_/Y
 _46385_/Y
 _46386_/Y
 _46387_/Y
 _46388_/X
 _46389_/X
 _46390_/X
 _46391_/X
 _46392_/X
 _46393_/Y
 _46394_/Y
 _46395_/X
 _46396_/X
 _46397_/X
 _46398_/X
 _46399_/X
 _46400_/X
 _46401_/Y
 _46402_/Y
 _46403_/Y
 _46404_/Y
 _46405_/Y
 _46406_/Y
 _46407_/Y
 _46408_/Y
 _46409_/X
 _46410_/X
 _46411_/Y
 _46412_/X
 _46413_/Y
 _46414_/Y
 _46415_/Y
 _46416_/X
 _46417_/Y
 _46418_/X
 _46419_/Y
 _46420_/X
 _46421_/X
 _46422_/X
 _46423_/X
 _46424_/X
 _46425_/X
 _46426_/Y
 _46427_/Y
 _46428_/X
 _46429_/X
 _46430_/Y
 _46431_/Y
 _46432_/Y
 _46433_/X
 _46434_/X
 _46435_/Y
 _46436_/X
 _46437_/Y
 _46438_/Y
 _46439_/X
 _46440_/Y
 _46441_/Y
 _46442_/Y
 _46443_/Y
 _46444_/Y
 _46445_/Y
 _46446_/Y
 _46447_/Y
 _46448_/Y
 _46449_/X
 _46450_/Y
 _46451_/Y
 _46452_/Y
 _46453_/Y
 _46454_/Y
 _46455_/Y
 _46456_/X
 _46457_/X
 _46458_/X
 _46459_/Y
 _46460_/Y
 _46461_/Y
 _46462_/Y
 _46463_/Y
 _46464_/Y
 _46465_/X
 _46466_/Y
 _46467_/Y
 _46468_/Y
 _46469_/Y
 _46470_/X
 _46471_/X
 _46472_/Y
 _46473_/X
 _46474_/Y
 _46475_/Y
 _46476_/Y
 _46477_/Y
 _46478_/Y
 _46479_/Y
 _46480_/X
 _46481_/Y
 _46482_/X
 _46483_/X
 _46484_/Y
 _46485_/X
 _46486_/X
 _46487_/Y
 _46488_/Y
 _46489_/Y
 _46490_/Y
 _46491_/Y
 _46492_/Y
 _46493_/Y
 _46494_/Y
 _46495_/X
 _46496_/Y
 _46497_/X
 _46498_/Y
 _46499_/Y
 _46500_/Y
 _46501_/Y
 _46502_/Y
 _46503_/Y
 _46504_/Y
 _46505_/Y
 _46506_/X
 _46507_/Y
 _46508_/Y
 _46509_/X
 _46510_/X
 _46511_/X
 _46512_/Y
 _46513_/Y
 _46514_/Y
 _46515_/X
 _46516_/Y
 _46517_/X
 _46518_/Y
 _46519_/X
 _46520_/X
 _46521_/X
 _46522_/Y
 _46523_/Y
 _46524_/X
 _46525_/X
 _46526_/Y
 _46527_/X
 _46528_/Y
 _46529_/Y
 _46530_/X
 _46531_/Y
 _46532_/Y
 _46533_/X
 _46534_/X
 _46535_/X
 _46536_/Y
 _46537_/Y
 _46538_/Y
 _46539_/Y
 _46540_/Y
 _46541_/X
 _46542_/Y
 _46543_/Y
 _46544_/X
 _46545_/Y
 _46546_/Y
 _46547_/Y
 _46548_/Y
 _46549_/Y
 _46550_/Y
 _46551_/X
 _46552_/Y
 _46553_/X
 _46554_/Y
 _46555_/Y
 _46556_/X
 _46557_/Y
 _46558_/Y
 _46559_/X
 _46560_/X
 _46561_/X
 _46562_/Y
 _46563_/X
 _46564_/Y
 _46565_/Y
 _46566_/X
 _46567_/Y
 _46568_/X
 _46569_/X
 _46570_/X
 _46571_/Y
 _46572_/Y
 _46573_/X
 _46574_/Y
 _46575_/X
 _46576_/X
 _46577_/Y
 _46578_/X
 _46579_/Y
 _46580_/Y
 _46581_/Y
 _46582_/Y
 _46583_/Y
 _46584_/X
 _46585_/X
 _46586_/Y
 _46587_/Y
 _46588_/Y
 _46589_/Y
 _46590_/Y
 _46591_/Y
 _46592_/Y
 _46593_/Y
 _46594_/X
 _46595_/Y
 _46596_/Y
 _46597_/X
 _46598_/Y
 _46599_/X
 _46600_/Y
 _46601_/Y
 _46602_/Y
 _46603_/Y
 _46604_/X
 _46605_/Y
 _46606_/Y
 _46607_/Y
 _46608_/X
 _46609_/Y
 _46610_/Y
 _46611_/Y
 _46612_/Y
 _46613_/Y
 _46614_/X
 _46615_/Y
 _46616_/Y
 _46617_/X
 _46618_/X
 _46619_/Y
 _46620_/Y
 _46621_/Y
 _46622_/Y
 _46623_/Y
 _46624_/Y
 _46625_/X
 _46626_/Y
 _46627_/Y
 _46628_/Y
 _46629_/Y
 _46630_/Y
 _46631_/X
 _46632_/Y
 _46633_/Y
 _46634_/Y
 _46635_/X
 _46636_/X
 _46637_/X
 _46638_/Y
 _46639_/X
 _46640_/X
 _46641_/Y
 _46642_/Y
 _46643_/Y
 _46644_/X
 _46645_/X
 _46646_/X
 _46647_/X
 _46648_/X
 _46649_/Y
 _46650_/Y
 _46651_/X
 _46652_/Y
 _46653_/Y
 _46654_/Y
 _46655_/Y
 _46656_/X
 _46657_/Y
 _46658_/X
 _46659_/X
 _46660_/Y
 _46661_/Y
 _46662_/Y
 _46663_/Y
 _46664_/Y
 _46665_/Y
 _46666_/Y
 _46667_/X
 _46668_/X
 _46669_/Y
 _46670_/Y
 _46671_/X
 _46672_/X
 _46673_/Y
 _46674_/Y
 _46675_/Y
 _46676_/X
 _46677_/Y
 _46678_/X
 _46679_/X
 _46680_/Y
 _46681_/X
 _46682_/X
 _46683_/X
 _46684_/Y
 _46685_/Y
 _46686_/Y
 _46687_/Y
 _46688_/Y
 _46689_/Y
 _46690_/Y
 _46691_/Y
 _46692_/Y
 _46693_/X
 _46694_/X
 _46695_/Y
 _46696_/X
 _46697_/X
 _46698_/Y
 _46699_/X
 _46700_/X
 _46701_/Y
 _46702_/Y
 _46703_/Y
 _46704_/X
 _46705_/Y
 _46706_/Y
 _46707_/Y
 _46708_/Y
 _46709_/Y
 _46710_/Y
 _46711_/Y
 _46712_/Y
 _46713_/Y
 _46714_/X
 _46715_/X
 _46716_/Y
 _46717_/X
 _46718_/Y
 _46719_/X
 _46720_/Y
 _46721_/Y
 _46722_/Y
 _46723_/X
 _46724_/X
 _46725_/Y
 _46726_/Y
 _46727_/Y
 _46728_/Y
 _46729_/X
 _46730_/Y
 _46731_/X
 _46732_/X
 _46733_/X
 _46734_/Y
 _46735_/X
 _46736_/Y
 _46737_/Y
 _46738_/X
 _46739_/X
 _46740_/X
 _46741_/X
 _46742_/X
 _46743_/Y
 _46744_/Y
 _46745_/X
 _46746_/Y
 _46747_/X
 _46748_/Y
 _46749_/Y
 _46750_/Y
 _46751_/Y
 _46752_/Y
 _46753_/Y
 _46754_/Y
 _46755_/X
 _46756_/X
 _46757_/Y
 _46758_/X
 _46759_/Y
 _46760_/Y
 _46761_/Y
 _46762_/X
 _46763_/Y
 _46764_/X
 _46765_/X
 _46766_/X
 _46767_/Y
 _46768_/X
 _46769_/X
 _46770_/Y
 _46771_/X
 _46772_/Y
 _46773_/Y
 _46774_/X
 _46775_/X
 _46776_/X
 _46777_/Y
 _46778_/X
 _46779_/X
 _46780_/Y
 _46781_/X
 _46782_/X
 _46783_/X
 _46784_/Y
 _46785_/X
 _46786_/Y
 _46787_/Y
 _46788_/X
 _46789_/Y
 _46790_/Y
 _46791_/Y
 _46792_/Y
 _46793_/Y
 _46794_/Y
 _46795_/Y
 _46796_/Y
 _46797_/Y
 _46798_/X
 _46799_/Y
 _46800_/Y
 _46801_/Y
 _46802_/Y
 _46803_/Y
 _46804_/Y
 _46805_/X
 _46806_/X
 _46807_/X
 _46808_/Y
 _46809_/Y
 _46810_/Y
 _46811_/Y
 _46812_/Y
 _46813_/Y
 _46814_/X
 _46815_/Y
 _46816_/Y
 _46817_/Y
 _46818_/Y
 _46819_/X
 _46820_/X
 _46821_/Y
 _46822_/X
 _46823_/Y
 _46824_/Y
 _46825_/Y
 _46826_/Y
 _46827_/Y
 _46828_/Y
 _46829_/X
 _46830_/Y
 _46831_/X
 _46832_/X
 _46833_/Y
 _46834_/X
 _46835_/Y
 _46836_/X
 _46837_/X
 _46838_/Y
 _46839_/Y
 _46840_/Y
 _46841_/Y
 _46842_/Y
 _46843_/Y
 _46844_/X
 _46845_/Y
 _46846_/X
 _46847_/Y
 _46848_/Y
 _46849_/Y
 _46850_/Y
 _46851_/Y
 _46852_/Y
 _46853_/Y
 _46854_/Y
 _46855_/X
 _46856_/Y
 _46857_/Y
 _46858_/X
 _46859_/X
 _46860_/X
 _46861_/Y
 _46862_/Y
 _46863_/Y
 _46864_/X
 _46865_/Y
 _46866_/X
 _46867_/Y
 _46868_/X
 _46869_/X
 _46870_/X
 _46871_/X
 _46872_/Y
 _46873_/X
 _46874_/X
 _46875_/Y
 _46876_/X
 _46877_/Y
 _46878_/Y
 _46879_/X
 _46880_/Y
 _46881_/Y
 _46882_/X
 _46883_/X
 _46884_/X
 _46885_/Y
 _46886_/Y
 _46887_/Y
 _46888_/Y
 _46889_/Y
 _46890_/X
 _46891_/Y
 _46892_/Y
 _46893_/X
 _46894_/Y
 _46895_/Y
 _46896_/Y
 _46897_/Y
 _46898_/Y
 _46899_/Y
 _46900_/X
 _46901_/Y
 _46902_/X
 _46903_/Y
 _46904_/Y
 _46905_/X
 _46906_/Y
 _46907_/Y
 _46908_/X
 _46909_/X
 _46910_/X
 _46911_/Y
 _46912_/X
 _46913_/Y
 _46914_/X
 _46915_/Y
 _46916_/Y
 _46917_/Y
 _46918_/X
 _46919_/X
 _46920_/X
 _46921_/Y
 _46922_/Y
 _46923_/X
 _46924_/Y
 _46925_/Y
 _46926_/Y
 _46927_/X
 _46928_/Y
 _46929_/Y
 _46930_/Y
 _46931_/Y
 _46932_/Y
 _46933_/X
 _46934_/X
 _46935_/Y
 _46936_/Y
 _46937_/Y
 _46938_/Y
 _46939_/Y
 _46940_/Y
 _46941_/Y
 _46942_/Y
 _46943_/X
 _46944_/Y
 _46945_/Y
 _46946_/X
 _46947_/Y
 _46948_/X
 _46949_/Y
 _46950_/Y
 _46951_/X
 _46952_/Y
 _46953_/X
 _46954_/Y
 _46955_/X
 _46956_/X
 _46957_/Y
 _46958_/X
 _46959_/Y
 _46960_/X
 _46961_/Y
 _46962_/Y
 _46963_/X
 _46964_/X
 _46965_/Y
 _46966_/Y
 _46967_/Y
 _46968_/X
 _46969_/Y
 _46970_/Y
 _46971_/X
 _46972_/Y
 _46973_/Y
 _46974_/Y
 _46975_/Y
 _46976_/Y
 _46977_/Y
 _46978_/Y
 _46979_/X
 _46980_/Y
 _46981_/X
 _46982_/X
 _46983_/X
 _46984_/Y
 _46985_/X
 _46986_/X
 _46987_/Y
 _46988_/Y
 _46989_/Y
 _46990_/X
 _46991_/X
 _46992_/X
 _46993_/Y
 _46994_/Y
 _46995_/Y
 _46996_/Y
 _46997_/Y
 _46998_/X
 _46999_/X
 _47000_/Y
 _47001_/X
 _47002_/X
 _47003_/X
 _47004_/Y
 _47005_/X
 _47006_/Y
 _47007_/Y
 _47008_/X
 _47009_/X
 _47010_/X
 _47011_/Y
 _47012_/X
 _47013_/X
 _47014_/Y
 _47015_/X
 _47016_/Y
 _47017_/Y
 _47018_/Y
 _47019_/Y
 _47020_/Y
 _47021_/Y
 _47022_/Y
 _47023_/X
 _47024_/X
 _47025_/Y
 _47026_/Y
 _47027_/X
 _47028_/Y
 _47029_/Y
 _47030_/Y
 _47031_/Y
 _47032_/X
 _47033_/X
 _47034_/X
 _47035_/Y
 _47036_/Y
 _47037_/Y
 _47038_/Y
 _47039_/Y
 _47040_/Y
 _47041_/Y
 _47042_/Y
 _47043_/Y
 _47044_/X
 _47045_/X
 _47046_/Y
 _47047_/X
 _47048_/X
 _47049_/Y
 _47050_/X
 _47051_/X
 _47052_/Y
 _47053_/Y
 _47054_/Y
 _47055_/X
 _47056_/Y
 _47057_/Y
 _47058_/Y
 _47059_/Y
 _47060_/Y
 _47061_/Y
 _47062_/Y
 _47063_/Y
 _47064_/Y
 _47065_/Y
 _47066_/Y
 _47067_/Y
 _47068_/Y
 _47069_/Y
 _47070_/Y
 _47071_/X
 _47072_/X
 _47073_/X
 _47074_/Y
 _47075_/Y
 _47076_/Y
 _47077_/X
 _47078_/Y
 _47079_/X
 _47080_/Y
 _47081_/Y
 _47082_/Y
 _47083_/X
 _47084_/X
 _47085_/X
 _47086_/X
 _47087_/X
 _47088_/Y
 _47089_/Y
 _47090_/X
 _47091_/Y
 _47092_/X
 _47093_/Y
 _47094_/Y
 _47095_/Y
 _47096_/Y
 _47097_/Y
 _47098_/Y
 _47099_/Y
 _47100_/X
 _47101_/X
 _47102_/Y
 _47103_/X
 _47104_/Y
 _47105_/Y
 _47106_/Y
 _47107_/X
 _47108_/Y
 _47109_/X
 _47110_/X
 _47111_/X
 _47112_/Y
 _47113_/X
 _47114_/X
 _47115_/Y
 _47116_/X
 _47117_/X
 _47118_/Y
 _47119_/Y
 _47120_/Y
 _47121_/X
 _47122_/X
 _47123_/X
 _47124_/Y
 _47125_/Y
 _47126_/Y
 _47127_/Y
 _47128_/Y
 _47129_/X
 _47130_/X
 _47131_/Y
 _47132_/X
 _47133_/Y
 _47134_/Y
 _47135_/X
 _47136_/Y
 _47137_/Y
 _47138_/Y
 _47139_/Y
 _47140_/Y
 _47141_/Y
 _47142_/Y
 _47143_/Y
 _47144_/Y
 _47145_/X
 _47146_/Y
 _47147_/Y
 _47148_/Y
 _47149_/Y
 _47150_/Y
 _47151_/Y
 _47152_/X
 _47153_/X
 _47154_/X
 _47155_/Y
 _47156_/Y
 _47157_/Y
 _47158_/Y
 _47159_/Y
 _47160_/Y
 _47161_/X
 _47162_/Y
 _47163_/Y
 _47164_/Y
 _47165_/Y
 _47166_/X
 _47167_/X
 _47168_/Y
 _47169_/X
 _47170_/Y
 _47171_/Y
 _47172_/Y
 _47173_/Y
 _47174_/Y
 _47175_/Y
 _47176_/X
 _47177_/Y
 _47178_/X
 _47179_/X
 _47180_/Y
 _47181_/X
 _47182_/Y
 _47183_/X
 _47184_/X
 _47185_/Y
 _47186_/Y
 _47187_/Y
 _47188_/Y
 _47189_/Y
 _47190_/Y
 _47191_/X
 _47192_/Y
 _47193_/X
 _47194_/Y
 _47195_/Y
 _47196_/Y
 _47197_/Y
 _47198_/Y
 _47199_/Y
 _47200_/Y
 _47201_/Y
 _47202_/X
 _47203_/Y
 _47204_/Y
 _47205_/X
 _47206_/X
 _47207_/X
 _47208_/Y
 _47209_/Y
 _47210_/Y
 _47211_/X
 _47212_/Y
 _47213_/X
 _47214_/Y
 _47215_/X
 _47216_/X
 _47217_/X
 _47218_/X
 _47219_/Y
 _47220_/X
 _47221_/X
 _47222_/Y
 _47223_/X
 _47224_/Y
 _47225_/Y
 _47226_/X
 _47227_/Y
 _47228_/Y
 _47229_/X
 _47230_/X
 _47231_/X
 _47232_/Y
 _47233_/Y
 _47234_/Y
 _47235_/Y
 _47236_/Y
 _47237_/X
 _47238_/Y
 _47239_/Y
 _47240_/X
 _47241_/Y
 _47242_/Y
 _47243_/Y
 _47244_/Y
 _47245_/Y
 _47246_/Y
 _47247_/X
 _47248_/Y
 _47249_/X
 _47250_/Y
 _47251_/Y
 _47252_/X
 _47253_/Y
 _47254_/Y
 _47255_/X
 _47256_/X
 _47257_/X
 _47258_/Y
 _47259_/X
 _47260_/Y
 _47261_/X
 _47262_/Y
 _47263_/Y
 _47264_/Y
 _47265_/X
 _47266_/X
 _47267_/X
 _47268_/Y
 _47269_/Y
 _47270_/X
 _47271_/Y
 _47272_/Y
 _47273_/Y
 _47274_/X
 _47275_/Y
 _47276_/Y
 _47277_/Y
 _47278_/Y
 _47279_/Y
 _47280_/X
 _47281_/X
 _47282_/Y
 _47283_/Y
 _47284_/Y
 _47285_/Y
 _47286_/Y
 _47287_/Y
 _47288_/Y
 _47289_/Y
 _47290_/X
 _47291_/Y
 _47292_/Y
 _47293_/X
 _47294_/Y
 _47295_/X
 _47296_/Y
 _47297_/Y
 _47298_/X
 _47299_/Y
 _47300_/X
 _47301_/Y
 _47302_/X
 _47303_/X
 _47304_/Y
 _47305_/X
 _47306_/Y
 _47307_/X
 _47308_/Y
 _47309_/Y
 _47310_/X
 _47311_/X
 _47312_/Y
 _47313_/Y
 _47314_/Y
 _47315_/X
 _47316_/Y
 _47317_/Y
 _47318_/X
 _47319_/Y
 _47320_/Y
 _47321_/Y
 _47322_/Y
 _47323_/Y
 _47324_/Y
 _47325_/Y
 _47326_/X
 _47327_/Y
 _47328_/X
 _47329_/X
 _47330_/X
 _47331_/Y
 _47332_/X
 _47333_/X
 _47334_/Y
 _47335_/Y
 _47336_/Y
 _47337_/X
 _47338_/X
 _47339_/X
 _47340_/Y
 _47341_/Y
 _47342_/Y
 _47343_/Y
 _47344_/Y
 _47345_/X
 _47346_/X
 _47347_/Y
 _47348_/X
 _47349_/X
 _47350_/X
 _47351_/Y
 _47352_/X
 _47353_/Y
 _47354_/Y
 _47355_/X
 _47356_/X
 _47357_/X
 _47358_/Y
 _47359_/X
 _47360_/X
 _47361_/Y
 _47362_/X
 _47363_/Y
 _47364_/Y
 _47365_/Y
 _47366_/Y
 _47367_/Y
 _47368_/Y
 _47369_/Y
 _47370_/X
 _47371_/X
 _47372_/Y
 _47373_/Y
 _47374_/X
 _47375_/Y
 _47376_/Y
 _47377_/Y
 _47378_/Y
 _47379_/X
 _47380_/X
 _47381_/X
 _47382_/Y
 _47383_/Y
 _47384_/Y
 _47385_/Y
 _47386_/Y
 _47387_/Y
 _47388_/Y
 _47389_/Y
 _47390_/Y
 _47391_/X
 _47392_/X
 _47393_/Y
 _47394_/X
 _47395_/X
 _47396_/Y
 _47397_/X
 _47398_/X
 _47399_/Y
 _47400_/Y
 _47401_/Y
 _47402_/X
 _47403_/Y
 _47404_/Y
 _47405_/Y
 _47406_/Y
 _47407_/Y
 _47408_/Y
 _47409_/Y
 _47410_/Y
 _47411_/Y
 _47412_/Y
 _47413_/Y
 _47414_/Y
 _47415_/Y
 _47416_/Y
 _47417_/Y
 _47418_/X
 _47419_/X
 _47420_/X
 _47421_/Y
 _47422_/X
 _47423_/Y
 _47424_/X
 _47425_/X
 _47426_/X
 _47427_/X
 _47428_/X
 _47429_/Y
 _47430_/Y
 _47431_/X
 _47432_/X
 _47433_/X
 _47434_/X
 _47435_/X
 _47436_/Y
 _47437_/Y
 _47438_/X
 _47439_/Y
 _47440_/Y
 _47441_/X
 _47442_/X
 _47443_/Y
 _47444_/X
 _47445_/X
 _47446_/Y
 _47447_/Y
 _47448_/Y
 _47449_/Y
 _47450_/X
 _47451_/Y
 _47452_/X
 _47453_/Y
 _47454_/Y
 _47455_/X
 _47456_/X
 _47457_/Y
 _47458_/Y
 _47459_/Y
 _47460_/X
 _47461_/X
 _47462_/X
 _47463_/X
 _47464_/X
 _47465_/X
 _47466_/X
 _47467_/X
 _47468_/X
 _47469_/Y
 _47470_/Y
 _47471_/X
 _47472_/X
 _47473_/Y
 _47474_/X
 _47475_/X
 _47476_/X
 _47477_/X
 _47478_/X
 _47479_/X
 _47480_/X
 _47481_/X
 _47482_/X
 _47483_/Y
 _47484_/Y
 _47485_/X
 _47486_/Y
 _47487_/Y
 _47488_/Y
 _47489_/X
 _47490_/Y
 _47491_/X
 _47492_/Y
 _47493_/Y
 _47494_/Y
 _47495_/Y
 _47496_/X
 _47497_/Y
 _47498_/X
 _47499_/Y
 _47500_/Y
 _47501_/Y
 _47502_/X
 _47503_/Y
 _47504_/Y
 _47505_/Y
 _47506_/X
 _47507_/Y
 _47508_/X
 _47509_/X
 _47510_/X
 _47511_/X
 _47512_/X
 _47513_/Y
 _47514_/Y
 _47515_/Y
 _47516_/Y
 _47517_/Y
 _47518_/Y
 _47519_/Y
 _47520_/Y
 _47521_/Y
 _47522_/Y
 _47523_/Y
 _47524_/X
 _47525_/Y
 _47526_/X
 _47527_/Y
 _47528_/Y
 _47529_/X
 _47530_/Y
 _47531_/X
 _47532_/X
 _47533_/Y
 _47534_/X
 _47535_/Y
 _47536_/Y
 _47537_/Y
 _47538_/Y
 _47539_/X
 _47540_/X
 _47541_/X
 _47542_/Y
 _47543_/X
 _47544_/Y
 _47545_/X
 _47546_/X
 _47547_/X
 _47548_/X
 _47549_/X
 _47550_/X
 _47551_/X
 _47552_/Y
 _47553_/Y
 _47554_/Y
 _47555_/Y
 _47556_/X
 _47557_/Y
 _47558_/Y
 _47559_/Y
 _47560_/Y
 _47561_/X
 _47562_/Y
 _47563_/X
 _47564_/Y
 _47565_/Y
 _47566_/Y
 _47567_/Y
 _47568_/Y
 _47569_/X
 _47570_/X
 _47571_/Y
 _47572_/Y
 _47573_/Y
 _47574_/Y
 _47575_/Y
 _47576_/Y
 _47577_/Y
 _47578_/X
 _47579_/Y
 _47580_/Y
 _47581_/X
 _47582_/Y
 _47583_/X
 _47584_/Y
 _47585_/X
 _47586_/Y
 _47587_/X
 _47588_/X
 _47589_/Y
 _47590_/Y
 _47591_/Y
 _47592_/Y
 _47593_/X
 _47594_/Y
 _47595_/X
 _47596_/Y
 _47597_/X
 _47598_/X
 _47599_/Y
 _47600_/Y
 _47601_/Y
 _47602_/Y
 _47603_/Y
 _47604_/Y
 _47605_/Y
 _47606_/Y
 _47607_/Y
 _47608_/Y
 _47609_/X
 _47610_/Y
 _47611_/X
 _47612_/Y
 _47613_/Y
 _47614_/Y
 _47615_/X
 _47616_/X
 _47617_/Y
 _47618_/Y
 _47619_/X
 _47620_/X
 _47621_/X
 _47622_/X
 _47623_/X
 _47624_/Y
 _47625_/Y
 _47626_/X
 _47627_/Y
 _47628_/X
 _47629_/X
 _47630_/X
 _47631_/X
 _47632_/Y
 _47633_/X
 _47634_/X
 _47635_/X
 _47636_/Y
 _47637_/Y
 _47638_/X
 _47639_/Y
 _47640_/X
 _47641_/X
 _47642_/Y
 _47643_/Y
 _47644_/Y
 _47645_/Y
 _47646_/Y
 _47647_/Y
 _47648_/Y
 _47649_/X
 _47650_/Y
 _47651_/Y
 _47652_/X
 _47653_/X
 _47654_/Y
 _47655_/Y
 _47656_/Y
 _47657_/X
 _47658_/Y
 _47659_/X
 _47660_/Y
 _47661_/Y
 _47662_/X
 _47663_/Y
 _47664_/Y
 _47665_/Y
 _47666_/X
 _47667_/X
 _47668_/X
 _47669_/Y
 _47670_/X
 _47671_/X
 _47672_/Y
 _47673_/Y
 _47674_/Y
 _47675_/Y
 _47676_/Y
 _47677_/Y
 _47678_/Y
 _47679_/X
 _47680_/Y
 _47681_/Y
 _47682_/Y
 _47683_/X
 _47684_/Y
 _47685_/Y
 _47686_/Y
 _47687_/X
 _47688_/X
 _47689_/Y
 _47690_/X
 _47691_/X
 _47692_/Y
 _47693_/X
 _47694_/X
 _47695_/Y
 _47696_/Y
 _47697_/Y
 _47698_/Y
 _47699_/Y
 _47700_/Y
 _47701_/X
 _47702_/X
 _47703_/X
 _47704_/Y
 _47705_/Y
 _47706_/X
 _47707_/X
 _47708_/X
 _47709_/Y
 _47710_/Y
 _47711_/Y
 _47712_/Y
 _47713_/Y
 _47714_/Y
 _47715_/X
 _47716_/X
 _47717_/Y
 _47718_/Y
 _47719_/Y
 _47720_/Y
 _47721_/Y
 _47722_/Y
 _47723_/Y
 _47724_/Y
 _47725_/Y
 _47726_/X
 _47727_/Y
 _47728_/Y
 _47729_/Y
 _47730_/X
 _47731_/X
 _47732_/X
 _47733_/X
 _47734_/X
 _47735_/Y
 _47736_/Y
 _47737_/Y
 _47738_/X
 _47739_/X
 _47740_/Y
 _47741_/Y
 _47742_/X
 _47743_/Y
 _47744_/X
 _47745_/X
 _47746_/Y
 _47747_/X
 _47748_/Y
 _47749_/Y
 _47750_/Y
 _47751_/X
 _47752_/Y
 _47753_/Y
 _47754_/X
 _47755_/X
 _47756_/X
 _47757_/X
 _47758_/X
 _47759_/X
 _47760_/Y
 _47761_/Y
 _47762_/Y
 _47763_/Y
 _47764_/Y
 _47765_/X
 _47766_/Y
 _47767_/X
 _47768_/Y
 _47769_/X
 _47770_/X
 _47771_/Y
 _47772_/Y
 _47773_/X
 _47774_/X
 _47775_/Y
 _47776_/Y
 _47777_/Y
 _47778_/Y
 _47779_/X
 _47780_/Y
 _47781_/X
 _47782_/X
 _47783_/X
 _47784_/Y
 _47785_/Y
 _47786_/Y
 _47787_/X
 _47788_/Y
 _47789_/Y
 _47790_/Y
 _47791_/X
 _47792_/Y
 _47793_/Y
 _47794_/X
 _47795_/Y
 _47796_/Y
 _47797_/X
 _47798_/Y
 _47799_/X
 _47800_/X
 _47801_/X
 _47802_/Y
 _47803_/Y
 _47804_/Y
 _47805_/Y
 _47806_/X
 _47807_/Y
 _47808_/Y
 _47809_/Y
 _47810_/X
 _47811_/Y
 _47812_/X
 _47813_/X
 _47814_/Y
 _47815_/X
 _47816_/Y
 _47817_/X
 _47818_/X
 _47819_/X
 _47820_/Y
 _47821_/X
 _47822_/X
 _47823_/X
 _47824_/Y
 _47825_/Y
 _47826_/X
 _47827_/Y
 _47828_/Y
 _47829_/Y
 _47830_/X
 _47831_/Y
 _47832_/X
 _47833_/Y
 _47834_/Y
 _47835_/Y
 _47836_/X
 _47837_/Y
 _47838_/Y
 _47839_/X
 _47840_/Y
 _47841_/Y
 _47842_/X
 _47843_/Y
 _47844_/X
 _47845_/X
 _47846_/X
 _47847_/Y
 _47848_/Y
 _47849_/Y
 _47850_/Y
 _47851_/Y
 _47852_/Y
 _47853_/X
 _47854_/X
 _47855_/Y
 _47856_/Y
 _47857_/Y
 _47858_/Y
 _47859_/Y
 _47860_/X
 _47861_/Y
 _47862_/X
 _47863_/Y
 _47864_/Y
 _47865_/Y
 _47866_/X
 _47867_/X
 _47868_/Y
 _47869_/X
 _47870_/Y
 _47871_/X
 _47872_/X
 _47873_/Y
 _47874_/X
 _47875_/Y
 _47876_/X
 _47877_/Y
 _47878_/X
 _47879_/Y
 _47880_/Y
 _47881_/Y
 _47882_/Y
 _47883_/X
 _47884_/Y
 _47885_/Y
 _47886_/Y
 _47887_/Y
 _47888_/Y
 _47889_/Y
 _47890_/Y
 _47891_/Y
 _47892_/X
 _47893_/X
 _47894_/Y
 _47895_/Y
 _47896_/X
 _47897_/Y
 _47898_/Y
 _47899_/X
 _47900_/X
 _47901_/X
 _47902_/X
 _47903_/X
 _47904_/Y
 _47905_/X
 _47906_/Y
 _47907_/X
 _47908_/X
 _47909_/X
 _47910_/Y
 _47911_/X
 _47912_/X
 _47913_/Y
 _47914_/Y
 _47915_/X
 _47916_/Y
 _47917_/X
 _47918_/X
 _47919_/Y
 _47920_/Y
 _47921_/Y
 _47922_/Y
 _47923_/X
 _47924_/Y
 _47925_/Y
 _47926_/Y
 _47927_/Y
 _47928_/Y
 _47929_/Y
 _47930_/X
 _47931_/X
 _47932_/X
 _47933_/Y
 _47934_/Y
 _47935_/Y
 _47936_/X
 _47937_/Y
 _47938_/X
 _47939_/X
 _47940_/Y
 _47941_/Y
 _47942_/Y
 _47943_/X
 _47944_/X
 _47945_/Y
 _47946_/Y
 _47947_/X
 _47948_/X
 _47949_/Y
 _47950_/Y
 _47951_/Y
 _47952_/Y
 _47953_/Y
 _47954_/Y
 _47955_/Y
 _47956_/X
 _47957_/Y
 _47958_/Y
 _47959_/Y
 _47960_/X
 _47961_/Y
 _47962_/Y
 _47963_/Y
 _47964_/Y
 _47965_/Y
 _47966_/Y
 _47967_/Y
 _47968_/X
 _47969_/Y
 _47970_/Y
 _47971_/Y
 _47972_/Y
 _47973_/Y
 _47974_/Y
 _47975_/Y
 _47976_/X
 _47977_/Y
 _47978_/X
 _47979_/X
 _47980_/X
 _47981_/X
 _47982_/X
 _47983_/Y
 _47984_/Y
 _47985_/X
 _47986_/Y
 _47987_/Y
 _47988_/Y
 _47989_/X
 _47990_/Y
 _47991_/X
 _47992_/X
 _47993_/X
 _47994_/Y
 _47995_/Y
 _47996_/Y
 _47997_/Y
 _47998_/Y
 _47999_/X
 _48000_/X
 _48001_/X
 _48002_/Y
 _48003_/X
 _48004_/Y
 _48005_/X
 _48006_/Y
 _48007_/Y
 _48008_/X
 _48009_/Y
 _48010_/Y
 _48011_/Y
 _48012_/Y
 _48013_/X
 _48014_/X
 _48015_/Y
 _48016_/Y
 _48017_/X
 _48018_/Y
 _48019_/Y
 _48020_/X
 _48021_/Y
 _48022_/X
 _48023_/Y
 _48024_/Y
 _48025_/Y
 _48026_/X
 _48027_/X
 _48028_/X
 _48029_/X
 _48030_/X
 _48031_/Y
 _48032_/Y
 _48033_/X
 _48034_/Y
 _48035_/X
 _48036_/X
 _48037_/X
 _48038_/Y
 _48039_/X
 _48040_/X
 _48041_/X
 _48042_/Y
 _48043_/Y
 _48044_/X
 _48045_/Y
 _48046_/Y
 _48047_/X
 _48048_/Y
 _48049_/X
 _48050_/Y
 _48051_/Y
 _48052_/Y
 _48053_/Y
 _48054_/X
 _48055_/Y
 _48056_/Y
 _48057_/X
 _48058_/Y
 _48059_/Y
 _48060_/Y
 _48061_/Y
 _48062_/Y
 _48063_/Y
 _48064_/X
 _48065_/X
 _48066_/Y
 _48067_/X
 _48068_/X
 _48069_/Y
 _48070_/X
 _48071_/Y
 _48072_/Y
 _48073_/Y
 _48074_/X
 _48075_/X
 _48076_/X
 _48077_/Y
 _48078_/Y
 _48079_/X
 _48080_/Y
 _48081_/X
 _48082_/X
 _48083_/X
 _48084_/Y
 _48085_/X
 _48086_/X
 _48087_/X
 _48088_/Y
 _48089_/Y
 _48090_/Y
 _48091_/Y
 _48092_/Y
 _48093_/Y
 _48094_/X
 _48095_/X
 _48096_/Y
 _48097_/Y
 _48098_/X
 _48099_/X
 _48100_/X
 _48101_/Y
 _48102_/Y
 _48103_/X
 _48104_/X
 _48105_/Y
 _48106_/Y
 _48107_/Y
 _48108_/Y
 _48109_/X
 _48110_/X
 _48111_/Y
 _48112_/X
 _48113_/X
 _48114_/X
 _48115_/Y
 _48116_/Y
 _48117_/Y
 _48118_/X
 _48119_/X
 _48120_/Y
 _48121_/Y
 _48122_/Y
 _48123_/Y
 _48124_/Y
 _48125_/X
 _48126_/Y
 _48127_/X
 _48128_/Y
 _48129_/Y
 _48130_/Y
 _48131_/Y
 _48132_/Y
 _48133_/Y
 _48134_/Y
 _48135_/Y
 _48136_/Y
 _48137_/X
 _48138_/X
 _48139_/Y
 _48140_/X
 _48141_/Y
 _48142_/Y
 _48143_/Y
 _48144_/X
 _48145_/Y
 _48146_/Y
 _48147_/Y
 _48148_/X
 _48149_/Y
 _48150_/Y
 _48151_/Y
 _48152_/X
 _48153_/Y
 _48154_/X
 _48155_/Y
 _48156_/Y
 _48157_/Y
 _48158_/X
 _48159_/X
 _48160_/X
 _48161_/Y
 _48162_/Y
 _48163_/Y
 _48164_/Y
 _48165_/Y
 _48166_/Y
 _48167_/Y
 _48168_/Y
 _48169_/Y
 _48170_/X
 _48171_/X
 _48172_/Y
 _48173_/Y
 _48174_/X
 _48175_/Y
 _48176_/X
 _48177_/X
 _48178_/Y
 _48179_/X
 _48180_/Y
 _48181_/Y
 _48182_/Y
 _48183_/Y
 _48184_/Y
 _48185_/Y
 _48186_/Y
 _48187_/X
 _48188_/Y
 _48189_/Y
 _48190_/Y
 _48191_/X
 _48192_/Y
 _48193_/Y
 _48194_/Y
 _48195_/Y
 _48196_/X
 _48197_/Y
 _48198_/Y
 _48199_/Y
 _48200_/Y
 _48201_/X
 _48202_/X
 _48203_/X
 _48204_/Y
 _48205_/Y
 _48206_/Y
 _48207_/Y
 _48208_/Y
 _48209_/Y
 _48210_/X
 _48211_/X
 _48212_/X
 _48213_/Y
 _48214_/Y
 _48215_/Y
 _48216_/X
 _48217_/X
 _48218_/X
 _48219_/X
 _48220_/X
 _48221_/Y
 _48222_/Y
 _48223_/X
 _48224_/Y
 _48225_/X
 _48226_/Y
 _48227_/X
 _48228_/Y
 _48229_/X
 _48230_/X
 _48231_/Y
 _48232_/Y
 _48233_/X
 _48234_/Y
 _48235_/Y
 _48236_/Y
 _48237_/Y
 _48238_/Y
 _48239_/Y
 _48240_/Y
 _48241_/X
 _48242_/Y
 _48243_/Y
 _48244_/Y
 _48245_/Y
 _48246_/Y
 _48247_/Y
 _48248_/Y
 _48249_/Y
 _48250_/X
 _48251_/Y
 _48252_/Y
 _48253_/Y
 _48254_/X
 _48255_/Y
 _48256_/Y
 _48257_/Y
 _48258_/X
 _48259_/X
 _48260_/X
 _48261_/X
 _48262_/Y
 _48263_/Y
 _48264_/X
 _48265_/X
 _48266_/Y
 _48267_/Y
 _48268_/Y
 _48269_/Y
 _48270_/X
 _48271_/X
 _48272_/X
 _48273_/Y
 _48274_/Y
 _48275_/Y
 _48276_/Y
 _48277_/Y
 _48278_/Y
 _48279_/X
 _48280_/Y
 _48281_/Y
 _48282_/Y
 _48283_/X
 _48284_/Y
 _48285_/Y
 _48286_/Y
 _48287_/Y
 _48288_/Y
 _48289_/Y
 _48290_/Y
 _48291_/Y
 _48292_/X
 _48293_/Y
 _48294_/Y
 _48295_/Y
 _48296_/X
 _48297_/Y
 _48298_/X
 _48299_/X
 _48300_/Y
 _48301_/Y
 _48302_/X
 _48303_/Y
 _48304_/X
 _48305_/Y
 _48306_/Y
 _48307_/Y
 _48308_/Y
 _48309_/X
 _48310_/Y
 _48311_/Y
 _48312_/Y
 _48313_/Y
 _48314_/Y
 _48315_/Y
 _48316_/Y
 _48317_/Y
 _48318_/Y
 _48319_/Y
 _48320_/X
 _48321_/Y
 _48322_/X
 _48323_/Y
 _48324_/X
 _48325_/Y
 _48326_/Y
 _48327_/Y
 _48328_/Y
 _48329_/Y
 _48330_/Y
 _48331_/X
 _48332_/Y
 _48333_/Y
 _48334_/Y
 _48335_/Y
 _48336_/X
 _48337_/X
 _48338_/Y
 _48339_/X
 _48340_/X
 _48341_/X
 _48342_/X
 _48343_/X
 _48344_/Y
 _48345_/Y
 _48346_/Y
 _48347_/Y
 _48348_/Y
 _48349_/X
 _48350_/X
 _48351_/X
 _48352_/Y
 _48353_/Y
 _48354_/X
 _48355_/Y
 _48356_/X
 _48357_/X
 _48358_/X
 _48359_/X
 _48360_/Y
 _48361_/X
 _48362_/X
 _48363_/X
 _48364_/X
 _48365_/Y
 _48366_/X
 _48367_/Y
 _48368_/Y
 _48369_/X
 _48370_/X
 _48371_/Y
 _48372_/Y
 _48373_/Y
 _48374_/Y
 _48375_/Y
 _48376_/Y
 _48377_/X
 _48378_/Y
 _48379_/X
 _48380_/Y
 _48381_/Y
 _48382_/Y
 _48383_/X
 _48384_/Y
 _48385_/Y
 _48386_/Y
 _48387_/Y
 _48388_/Y
 _48389_/Y
 _48390_/Y
 _48391_/Y
 _48392_/Y
 _48393_/Y
 _48394_/Y
 _48395_/Y
 _48396_/X
 _48397_/X
 _48398_/X
 _48399_/X
 _48400_/X
 _48401_/Y
 _48402_/Y
 _48403_/Y
 _48404_/Y
 _48405_/X
 _48406_/Y
 _48407_/Y
 _48408_/X
 _48409_/Y
 _48410_/Y
 _48411_/Y
 _48412_/X
 _48413_/X
 _48414_/Y
 _48415_/Y
 _48416_/Y
 _48417_/X
 _48418_/X
 _48419_/X
 _48420_/Y
 _48421_/Y
 _48422_/X
 _48423_/X
 _48424_/Y
 _48425_/Y
 _48426_/Y
 _48427_/Y
 _48428_/X
 _48429_/Y
 _48430_/X
 _48431_/X
 _48432_/X
 _48433_/Y
 _48434_/Y
 _48435_/X
 _48436_/X
 _48437_/Y
 _48438_/Y
 _48439_/X
 _48440_/Y
 _48441_/Y
 _48442_/X
 _48443_/Y
 _48444_/Y
 _48445_/X
 _48446_/Y
 _48447_/X
 _48448_/X
 _48449_/X
 _48450_/Y
 _48451_/Y
 _48452_/Y
 _48453_/Y
 _48454_/Y
 _48455_/X
 _48456_/Y
 _48457_/X
 _48458_/Y
 _48459_/Y
 _48460_/Y
 _48461_/X
 _48462_/Y
 _48463_/Y
 _48464_/Y
 _48465_/X
 _48466_/Y
 _48467_/Y
 _48468_/Y
 _48469_/Y
 _48470_/Y
 _48471_/X
 _48472_/Y
 _48473_/Y
 _48474_/X
 _48475_/Y
 _48476_/Y
 _48477_/Y
 _48478_/Y
 _48479_/Y
 _48480_/Y
 _48481_/X
 _48482_/Y
 _48483_/Y
 _48484_/X
 _48485_/X
 _48486_/Y
 _48487_/X
 _48488_/Y
 _48489_/Y
 _48490_/Y
 _48491_/X
 _48492_/Y
 _48493_/X
 _48494_/Y
 _48495_/Y
 _48496_/Y
 _48497_/X
 _48498_/X
 _48499_/Y
 _48500_/X
 _48501_/Y
 _48502_/Y
 _48503_/Y
 _48504_/Y
 _48505_/Y
 _48506_/Y
 _48507_/Y
 _48508_/X
 _48509_/X
 _48510_/Y
 _48511_/X
 _48512_/Y
 _48513_/X
 _48514_/X
 _48515_/Y
 _48516_/Y
 _48517_/Y
 _48518_/Y
 _48519_/Y
 _48520_/Y
 _48521_/Y
 _48522_/X
 _48523_/X
 _48524_/Y
 _48525_/X
 _48526_/X
 _48527_/X
 _48528_/X
 _48529_/Y
 _48530_/X
 _48531_/X
 _48532_/Y
 _48533_/Y
 _48534_/Y
 _48535_/Y
 _48536_/X
 _48537_/Y
 _48538_/Y
 _48539_/X
 _48540_/X
 _48541_/Y
 _48542_/Y
 _48543_/Y
 _48544_/X
 _48545_/Y
 _48546_/Y
 _48547_/Y
 _48548_/X
 _48549_/Y
 _48550_/Y
 _48551_/X
 _48552_/Y
 _48553_/Y
 _48554_/Y
 _48555_/Y
 _48556_/Y
 _48557_/Y
 _48558_/Y
 _48559_/X
 _48560_/Y
 _48561_/Y
 _48562_/Y
 _48563_/X
 _48564_/Y
 _48565_/Y
 _48566_/X
 _48567_/X
 _48568_/Y
 _48569_/Y
 _48570_/Y
 _48571_/X
 _48572_/X
 _48573_/Y
 _48574_/X
 _48575_/Y
 _48576_/X
 _48577_/Y
 _48578_/Y
 _48579_/Y
 _48580_/Y
 _48581_/Y
 _48582_/X
 _48583_/X
 _48584_/Y
 _48585_/Y
 _48586_/Y
 _48587_/Y
 _48588_/Y
 _48589_/Y
 _48590_/X
 _48591_/Y
 _48592_/Y
 _48593_/Y
 _48594_/Y
 _48595_/Y
 _48596_/Y
 _48597_/X
 _48598_/X
 _48599_/Y
 _48600_/Y
 _48601_/Y
 _48602_/X
 _48603_/Y
 _48604_/Y
 _48605_/Y
 _48606_/X
 _48607_/Y
 _48608_/X
 _48609_/X
 _48610_/Y
 _48611_/Y
 _48612_/Y
 _48613_/Y
 _48614_/Y
 _48615_/Y
 _48616_/X
 _48617_/Y
 _48618_/Y
 _48619_/Y
 _48620_/X
 _48621_/Y
 _48622_/Y
 _48623_/Y
 _48624_/Y
 _48625_/Y
 _48626_/Y
 _48627_/Y
 _48628_/X
 _48629_/Y
 _48630_/X
 _48631_/X
 _48632_/Y
 _48633_/X
 _48634_/Y
 _48635_/Y
 _48636_/Y
 _48637_/Y
 _48638_/Y
 _48639_/Y
 _48640_/X
 _48641_/Y
 _48642_/X
 _48643_/Y
 _48644_/Y
 _48645_/Y
 _48646_/X
 _48647_/Y
 _48648_/Y
 _48649_/Y
 _48650_/Y
 _48651_/X
 _48652_/X
 _48653_/X
 _48654_/Y
 _48655_/Y
 _48656_/X
 _48657_/X
 _48658_/X
 _48659_/Y
 _48660_/Y
 _48661_/X
 _48662_/X
 _48663_/X
 _48664_/Y
 _48665_/X
 _48666_/X
 _48667_/Y
 _48668_/Y
 _48669_/X
 _48670_/X
 _48671_/Y
 _48672_/Y
 _48673_/Y
 _48674_/Y
 _48675_/Y
 _48676_/Y
 _48677_/Y
 _48678_/Y
 _48679_/Y
 _48680_/Y
 _48681_/Y
 _48682_/X
 _48683_/Y
 _48684_/X
 _48685_/Y
 _48686_/Y
 _48687_/Y
 _48688_/Y
 _48689_/X
 _48690_/Y
 _48691_/X
 _48692_/X
 _48693_/X
 _48694_/Y
 _48695_/Y
 _48696_/X
 _48697_/Y
 _48698_/X
 _48699_/X
 _48700_/Y
 _48701_/Y
 _48702_/X
 _48703_/Y
 _48704_/Y
 _48705_/Y
 _48706_/X
 _48707_/X
 _48708_/X
 _48709_/X
 _48710_/X
 _48711_/X
 _48712_/Y
 _48713_/Y
 _48714_/Y
 _48715_/X
 _48716_/Y
 _48717_/Y
 _48718_/Y
 _48719_/Y
 _48720_/Y
 _48721_/X
 _48722_/Y
 _48723_/X
 _48724_/X
 _48725_/Y
 _48726_/Y
 _48727_/Y
 _48728_/X
 _48729_/X
 _48730_/Y
 _48731_/Y
 _48732_/Y
 _48733_/X
 _48734_/Y
 _48735_/Y
 _48736_/Y
 _48737_/X
 _48738_/Y
 _48739_/X
 _48740_/X
 _48741_/X
 _48742_/Y
 _48743_/Y
 _48744_/X
 _48745_/X
 _48746_/Y
 _48747_/Y
 _48748_/X
 _48749_/Y
 _48750_/X
 _48751_/Y
 _48752_/Y
 _48753_/X
 _48754_/X
 _48755_/X
 _48756_/X
 _48757_/Y
 _48758_/X
 _48759_/X
 _48760_/Y
 _48761_/Y
 _48762_/Y
 _48763_/Y
 _48764_/X
 _48765_/Y
 _48766_/Y
 _48767_/X
 _48768_/X
 _48769_/Y
 _48770_/X
 _48771_/Y
 _48772_/Y
 _48773_/Y
 _48774_/Y
 _48775_/Y
 _48776_/X
 _48777_/Y
 _48778_/X
 _48779_/Y
 _48780_/Y
 _48781_/Y
 _48782_/X
 _48783_/X
 _48784_/X
 _48785_/X
 _48786_/X
 _48787_/Y
 _48788_/X
 _48789_/X
 _48790_/X
 _48791_/X
 _48792_/X
 _48793_/X
 _48794_/X
 _48795_/X
 _48796_/X
 _48797_/X
 _48798_/X
 _48799_/X
 _48800_/X
 _48801_/X
 _48802_/X
 _48803_/X
 _48804_/X
 _48805_/X
 _48806_/X
 _48807_/X
 _48808_/X
 _48809_/X
 _48810_/X
 _48811_/X
 _48812_/X
 _48813_/X
 _48814_/X
 _48815_/X
 _48816_/X
 _48817_/X
 _48818_/X
 _48819_/X
 _48820_/X
 _48821_/X
 _48822_/X
 _48823_/X
 _48824_/X
 _48825_/X
 _48826_/X
 _48827_/X
 _48828_/X
 _48829_/X
 _48830_/X
 _48831_/X
 _48832_/X
 _48833_/X
 _48834_/X
 _48835_/X
 _48836_/X
 _48837_/X
 _48838_/X
 _48839_/X
 _48840_/X
 _48841_/X
 _48842_/X
 _48843_/X
 _48844_/X
 _48845_/X
 _48846_/X
 _48847_/X
 _48848_/X
 _48849_/X
 _48850_/X
 _48851_/X
 _48852_/X
 _48853_/X
 _48854_/X
 _48855_/X
 _48856_/X
 _48857_/X
 _48858_/Y
 _48859_/Y
 _48860_/X
 _48861_/X
 _48862_/X
 _48863_/X
 _48864_/X
 _48865_/X
 _48866_/X
 _48867_/X
 _48868_/X
 _48869_/X
 _48870_/X
 _48871_/X
 _48872_/Y
 _48873_/Y
 _48874_/Y
 _48875_/X
 _48876_/X
 _48877_/Y
 _48878_/Y
 _48879_/X
 _48880_/X
 _48881_/X
 _48882_/Y
 _48883_/X
 _48884_/X
 _48885_/Y
 _48886_/Y
 _48887_/X
 _48888_/X
 _48889_/X
 _48890_/X
 _48891_/X
 _48892_/X
 _48893_/X
 _48894_/Y
 _48895_/X
 _48896_/X
 _48897_/X
 _48898_/X
 _48899_/X
 _48900_/X
 _48901_/X
 _48902_/X
 _48903_/X
 _48904_/Y
 _48905_/Y
 _48906_/Y
 _48907_/X
 _48908_/X
 _48909_/Y
 _48910_/Y
 _48911_/Y
 _48912_/X
 _48913_/X
 _48914_/X
 _48915_/X
 _48916_/Y
 _48917_/X
 _48918_/X
 _48919_/X
 _48920_/Y
 _48921_/Y
 _48922_/Y
 _48923_/Y
 _48924_/Y
 _48925_/X
 _48926_/X
 _48927_/X
 _48928_/Y
 _48929_/X
 _48930_/Y
 _48931_/X
 _48932_/X
 _48933_/X
 _48934_/Y
 _48935_/Y
 _48936_/X
 _48937_/Y
 _48938_/X
 _48939_/X
 _48940_/Y
 _48941_/X
 _48942_/X
 _48943_/Y
 _48944_/Y
 _48945_/X
 _48946_/X
 _48947_/X
 _48948_/Y
 _48949_/Y
 _48950_/X
 _48951_/X
 _48952_/X
 _48953_/X
 _48954_/X
 _48955_/Y
 _48956_/X
 _48957_/Y
 _48958_/X
 _48959_/X
 _48960_/X
 _48961_/Y
 _48962_/Y
 _48963_/Y
 _48964_/X
 _48965_/Y
 _48966_/X
 _48967_/Y
 _48968_/X
 _48969_/Y
 _48970_/Y
 _48971_/X
 _48972_/X
 _48973_/Y
 _48974_/Y
 _48975_/Y
 _48976_/Y
 _48977_/Y
 _48978_/Y
 _48979_/X
 _48980_/Y
 _48981_/Y
 _48982_/X
 _48983_/Y
 _48984_/Y
 _48985_/X
 _48986_/Y
 _48987_/Y
 _48988_/Y
 _48989_/Y
 _48990_/X
 _48991_/X
 _48992_/X
 _48993_/Y
 _48994_/X
 _48995_/Y
 _48996_/Y
 _48997_/Y
 _48998_/Y
 _48999_/Y
 _49000_/X
 _49001_/X
 _49002_/Y
 _49003_/Y
 _49004_/Y
 _49005_/Y
 _49006_/X
 _49007_/Y
 _49008_/Y
 _49009_/Y
 _49010_/X
 _49011_/X
 _49012_/Y
 _49013_/X
 _49014_/Y
 _49015_/X
 _49016_/Y
 _49017_/X
 _49018_/X
 _49019_/X
 _49020_/X
 _49021_/X
 _49022_/X
 _49023_/X
 _49024_/X
 _49025_/X
 _49026_/X
 _49027_/X
 _49028_/X
 _49029_/X
 _49030_/X
 _49031_/X
 _49032_/Y
 _49033_/Y
 _49034_/Y
 _49035_/Y
 _49036_/Y
 _49037_/X
 _49038_/X
 _49039_/Y
 _49040_/Y
 _49041_/X
 _49042_/X
 _49043_/X
 _49044_/Y
 _49045_/Y
 _49046_/Y
 _49047_/Y
 _49048_/Y
 _49049_/X
 _49050_/X
 _49051_/X
 _49052_/X
 _49053_/X
 _49054_/X
 _49055_/Y
 _49056_/Y
 _49057_/Y
 _49058_/X
 _49059_/Y
 _49060_/Y
 _49061_/Y
 _49062_/X
 _49063_/X
 _49064_/X
 _49065_/X
 _49066_/X
 _49067_/X
 _49068_/Y
 _49069_/Y
 _49070_/Y
 _49071_/X
 _49072_/Y
 _49073_/Y
 _49074_/Y
 _49075_/X
 _49076_/Y
 _49077_/X
 _49078_/Y
 _49079_/Y
 _49080_/X
 _49081_/Y
 _49082_/X
 _49083_/Y
 _49084_/X
 _49085_/X
 _49086_/X
 _49087_/X
 _49088_/Y
 _49089_/X
 _49090_/Y
 _49091_/Y
 _49092_/Y
 _49093_/X
 _49094_/X
 _49095_/X
 _49096_/Y
 _49097_/Y
 _49098_/Y
 _49099_/X
 _49100_/Y
 _49101_/X
 _49102_/X
 _49103_/Y
 _49104_/Y
 _49105_/X
 _49106_/X
 _49107_/Y
 _49108_/Y
 _49109_/X
 _49110_/X
 _49111_/Y
 _49112_/Y
 _49113_/X
 _49114_/Y
 _49115_/Y
 _49116_/X
 _49117_/X
 _49118_/Y
 _49119_/Y
 _49120_/X
 _49121_/Y
 _49122_/Y
 _49123_/X
 _49124_/Y
 _49125_/X
 _49126_/Y
 _49127_/Y
 _49128_/X
 _49129_/Y
 _49130_/Y
 _49131_/Y
 _49132_/Y
 _49133_/Y
 _49134_/Y
 _49135_/X
 _49136_/X
 _49137_/Y
 _49138_/Y
 _49139_/Y
 _49140_/X
 _49141_/Y
 _49142_/X
 _49143_/X
 _49144_/X
 _49145_/X
 _49146_/Y
 _49147_/Y
 _49148_/X
 _49149_/Y
 _49150_/Y
 _49151_/Y
 _49152_/Y
 _49153_/Y
 _49154_/X
 _49155_/Y
 _49156_/Y
 _49157_/Y
 _49158_/Y
 _49159_/Y
 _49160_/X
 _49161_/X
 _49162_/Y
 _49163_/Y
 _49164_/X
 _49165_/Y
 _49166_/Y
 _49167_/Y
 _49168_/Y
 _49169_/X
 _49170_/Y
 _49171_/Y
 _49172_/X
 _49173_/Y
 _49174_/Y
 _49175_/Y
 _49176_/X
 _49177_/Y
 _49178_/Y
 _49179_/Y
 _49180_/X
 _49181_/Y
 _49182_/Y
 _49183_/X
 _49184_/X
 _49185_/Y
 _49186_/Y
 _49187_/X
 _49188_/X
 _49189_/Y
 _49190_/X
 _49191_/X
 _49192_/X
 _49193_/Y
 _49194_/X
 _49195_/Y
 _49196_/X
 _49197_/Y
 _49198_/Y
 _49199_/X
 _49200_/X
 _49201_/X
 _49202_/X
 _49203_/X
 _49204_/X
 _49205_/X
 _49206_/Y
 _49207_/X
 _49208_/X
 _49209_/Y
 _49210_/Y
 _49211_/Y
 _49212_/Y
 _49213_/X
 _49214_/X
 _49215_/Y
 _49216_/Y
 _49217_/X
 _49218_/Y
 _49219_/Y
 _49220_/X
 _49221_/X
 _49222_/Y
 _49223_/Y
 _49224_/X
 _49225_/Y
 _49226_/Y
 _49227_/Y
 _49228_/X
 _49229_/X
 _49230_/X
 _49231_/X
 _49232_/Y
 _49233_/Y
 _49234_/X
 _49235_/Y
 _49236_/Y
 _49237_/X
 _49238_/Y
 _49239_/Y
 _49240_/X
 _49241_/X
 _49242_/X
 _49243_/Y
 _49244_/Y
 _49245_/Y
 _49246_/X
 _49247_/Y
 _49248_/X
 _49249_/X
 _49250_/Y
 _49251_/X
 _49252_/X
 _49253_/X
 _49254_/Y
 _49255_/X
 _49256_/X
 _49257_/Y
 _49258_/X
 _49259_/Y
 _49260_/X
 _49261_/X
 _49262_/X
 _49263_/X
 _49264_/Y
 _49265_/X
 _49266_/X
 _49267_/X
 _49268_/Y
 _49269_/X
 _49270_/Y
 _49271_/Y
 _49272_/Y
 _49273_/Y
 _49274_/Y
 _49275_/Y
 _49276_/X
 _49277_/X
 _49278_/Y
 _49279_/X
 _49280_/Y
 _49281_/X
 _49282_/X
 _49283_/X
 _49284_/X
 _49285_/Y
 _49286_/Y
 _49287_/Y
 _49288_/X
 _49289_/X
 _49290_/Y
 _49291_/Y
 _49292_/Y
 _49293_/Y
 _49294_/X
 _49295_/X
 _49296_/X
 _49297_/X
 _49298_/X
 _49299_/X
 _49300_/X
 _49301_/Y
 _49302_/Y
 _49303_/X
 _49304_/X
 _49305_/X
 _49306_/Y
 _49307_/Y
 _49308_/Y
 _49309_/X
 _49310_/Y
 _49311_/Y
 _49312_/Y
 _49313_/Y
 _49314_/X
 _49315_/Y
 _49316_/Y
 _49317_/X
 _49318_/X
 _49319_/Y
 _49320_/Y
 _49321_/Y
 _49322_/Y
 _49323_/X
 _49324_/Y
 _49325_/X
 _49326_/X
 _49327_/X
 _49328_/X
 _49329_/Y
 _49330_/X
 _49331_/Y
 _49332_/X
 _49333_/X
 _49334_/Y
 _49335_/X
 _49336_/Y
 _49337_/Y
 _49338_/Y
 _49339_/Y
 _49340_/X
 _49341_/Y
 _49342_/X
 _49343_/X
 _49344_/X
 _49345_/X
 _49346_/X
 _49347_/X
 _49348_/Y
 _49349_/X
 _49350_/Y
 _49351_/Y
 _49352_/Y
 _49353_/Y
 _49354_/Y
 _49355_/Y
 _49356_/X
 _49357_/X
 _49358_/Y
 _49359_/X
 _49360_/X
 _49361_/X
 _49362_/Y
 _49363_/X
 _49364_/X
 _49365_/X
 _49366_/X
 _49367_/X
 _49368_/X
 _49369_/X
 _49370_/X
 _49371_/Y
 _49372_/X
 _49373_/X
 _49374_/X
 _49375_/X
 _49376_/X
 _49377_/X
 _49378_/X
 _49379_/X
 _49380_/X
 _49381_/X
 _49382_/X
 _49383_/X
 _49384_/X
 _49385_/X
 _49386_/X
 _49387_/Y
 _49388_/Y
 _49389_/Y
 _49390_/Y
 _49391_/X
 _49392_/Y
 _49393_/X
 _49394_/X
 _49395_/X
 _49396_/Y
 _49397_/Y
 _49398_/Y
 _49399_/X
 _49400_/X
 _49401_/X
 _49402_/Y
 _49403_/X
 _49404_/X
 _49405_/X
 _49406_/X
 _49407_/X
 _49408_/X
 _49409_/X
 _49410_/X
 _49411_/X
 _49412_/X
 _49413_/X
 _49414_/Y
 _49415_/X
 _49416_/X
 _49417_/X
 _49418_/X
 _49419_/X
 _49420_/Y
 _49421_/X
 _49422_/Y
 _49423_/Y
 _49424_/X
 _49425_/Y
 _49426_/X
 _49427_/X
 _49428_/X
 _49429_/Y
 _49430_/Y
 _49431_/X
 _49432_/X
 _49433_/X
 _49434_/X
 _49435_/X
 _49436_/Y
 _49437_/Y
 _49438_/X
 _49439_/Y
 _49440_/X
 _49441_/X
 _49442_/X
 _49443_/Y
 _49444_/X
 _49445_/X
 _49446_/X
 _49447_/X
 _49448_/Y
 _49449_/Y
 _49450_/Y
 _49451_/X
 _49452_/X
 _49453_/Y
 _49454_/X
 _49455_/X
 _49456_/X
 _49457_/X
 _49458_/Y
 _49459_/X
 _49460_/X
 _49461_/X
 _49462_/X
 _49463_/Y
 _49464_/X
 _49465_/Y
 _49466_/Y
 _49467_/X
 _49468_/Y
 _49469_/X
 _49470_/X
 _49471_/X
 _49472_/Y
 _49473_/X
 _49474_/X
 _49475_/X
 _49476_/X
 _49477_/Y
 _49478_/Y
 _49479_/Y
 _49480_/Y
 _49481_/Y
 _49482_/Y
 _49483_/X
 _49484_/Y
 _49485_/X
 _49486_/X
 _49487_/Y
 _49488_/Y
 _49489_/Y
 _49490_/Y
 _49491_/Y
 _49492_/Y
 _49493_/X
 _49494_/Y
 _49495_/X
 _49496_/X
 _49497_/X
 _49498_/X
 _49499_/X
 _49500_/X
 _49501_/Y
 _49502_/Y
 _49503_/X
 _49504_/X
 _49505_/X
 _49506_/Y
 _49507_/Y
 _49508_/Y
 _49509_/Y
 _49510_/X
 _49511_/Y
 _49512_/Y
 _49513_/X
 _49514_/X
 _49515_/X
 _49516_/X
 _49517_/X
 _49518_/Y
 _49519_/Y
 _49520_/X
 _49521_/Y
 _49522_/X
 _49523_/X
 _49524_/X
 _49525_/Y
 _49526_/X
 _49527_/X
 _49528_/Y
 _49529_/X
 _49530_/X
 _49531_/Y
 _49532_/Y
 _49533_/Y
 _49534_/Y
 _49535_/Y
 _49536_/Y
 _49537_/Y
 _49538_/Y
 _49539_/X
 _49540_/X
 _49541_/Y
 _49542_/X
 _49543_/X
 _49544_/Y
 _49545_/Y
 _49546_/Y
 _49547_/Y
 _49548_/X
 _49549_/Y
 _49550_/X
 _49551_/X
 _49552_/X
 _49553_/X
 _49554_/X
 _49555_/X
 _49556_/X
 _49557_/Y
 _49558_/X
 _49559_/Y
 _49560_/Y
 _49561_/Y
 _49562_/Y
 _49563_/Y
 _49564_/Y
 _49565_/Y
 _49566_/Y
 _49567_/X
 _49568_/X
 _49569_/Y
 _49570_/X
 _49571_/X
 _49572_/X
 _49573_/Y
 _49574_/Y
 _49575_/Y
 _49576_/X
 _49577_/X
 _49578_/Y
 _49579_/Y
 _49580_/X
 _49581_/Y
 _49582_/X
 _49583_/Y
 _49584_/X
 _49585_/X
 _49586_/X
 _49587_/X
 _49588_/X
 _49589_/X
 _49590_/Y
 _49591_/X
 _49592_/X
 _49593_/Y
 _49594_/X
 _49595_/Y
 _49596_/Y
 _49597_/Y
 _49598_/Y
 _49599_/Y
 _49600_/Y
 _49601_/Y
 _49602_/X
 _49603_/X
 _49604_/X
 _49605_/X
 _49606_/X
 _49607_/X
 _49608_/X
 _49609_/X
 _49610_/Y
 _49611_/Y
 _49612_/X
 _49613_/Y
 _49614_/Y
 _49615_/X
 _49616_/Y
 _49617_/Y
 _49618_/Y
 _49619_/X
 _49620_/X
 _49621_/Y
 _49622_/Y
 _49623_/X
 _49624_/Y
 _49625_/Y
 _49626_/Y
 _49627_/Y
 _49628_/Y
 _49629_/Y
 _49630_/Y
 _49631_/Y
 _49632_/Y
 _49633_/X
 _49634_/X
 _49635_/X
 _49636_/Y
 _49637_/Y
 _49638_/Y
 _49639_/Y
 _49640_/Y
 _49641_/Y
 _49642_/Y
 _49643_/X
 _49644_/X
 _49645_/X
 _49646_/X
 _49647_/Y
 _49648_/X
 _49649_/Y
 _49650_/Y
 _49651_/X
 _49652_/Y
 _49653_/Y
 _49654_/Y
 _49655_/Y
 _49656_/Y
 _49657_/Y
 _49658_/Y
 _49659_/X
 _49660_/X
 _49661_/X
 _49662_/X
 _49663_/X
 _49664_/X
 _49665_/Y
 _49666_/X
 _49667_/X
 _49668_/Y
 _49669_/Y
 _49670_/Y
 _49671_/Y
 _49672_/X
 _49673_/Y
 _49674_/Y
 _49675_/X
 _49676_/Y
 _49677_/X
 _49678_/Y
 _49679_/Y
 _49680_/Y
 _49681_/Y
 _49682_/Y
 _49683_/Y
 _49684_/Y
 _49685_/X
 _49686_/X
 _49687_/Y
 _49688_/Y
 _49689_/X
 _49690_/Y
 _49691_/Y
 _49692_/Y
 _49693_/Y
 _49694_/X
 _49695_/X
 _49696_/Y
 _49697_/Y
 _49698_/Y
 _49699_/Y
 _49700_/Y
 _49701_/X
 _49702_/X
 _49703_/Y
 _49704_/X
 _49705_/X
 _49706_/X
 _49707_/X
 _49708_/Y
 _49709_/X
 _49710_/X
 _49711_/X
 _49712_/Y
 _49713_/X
 _49714_/X
 _49715_/Y
 _49716_/X
 _49717_/Y
 _49718_/X
 _49719_/Y
 _49720_/Y
 _49721_/Y
 _49722_/Y
 _49723_/X
 _49724_/X
 _49725_/Y
 _49726_/X
 _49727_/Y
 _49728_/X
 _49729_/X
 _49730_/X
 _49731_/X
 _49732_/Y
 _49733_/Y
 _49734_/X
 _49735_/Y
 _49736_/Y
 _49737_/Y
 _49738_/X
 _49739_/Y
 _49740_/Y
 _49741_/Y
 _49742_/X
 _49743_/Y
 _49744_/Y
 _49745_/X
 _49746_/Y
 _49747_/Y
 _49748_/Y
 _49749_/X
 _49750_/Y
 _49751_/Y
 _49752_/Y
 _49753_/X
 _49754_/Y
 _49755_/X
 _49756_/X
 _49757_/X
 _49758_/Y
 _49759_/X
 _49760_/Y
 _49761_/X
 _49762_/Y
 _49763_/X
 _49764_/Y
 _49765_/Y
 _49766_/X
 _49767_/Y
 _49768_/Y
 _49769_/Y
 _49770_/X
 _49771_/Y
 _49772_/Y
 _49773_/Y
 _49774_/X
 _49775_/X
 _49776_/Y
 _49777_/Y
 _49778_/Y
 _49779_/Y
 _49780_/Y
 _49781_/Y
 _49782_/X
 _49783_/Y
 _49784_/Y
 _49785_/Y
 _49786_/X
 _49787_/Y
 _49788_/Y
 _49789_/Y
 _49790_/X
 _49791_/X
 _49792_/Y
 _49793_/Y
 _49794_/X
 _49795_/X
 _49796_/Y
 _49797_/X
 _49798_/Y
 _49799_/X
 _49800_/Y
 _49801_/Y
 _49802_/Y
 _49803_/X
 _49804_/X
 _49805_/Y
 _49806_/Y
 _49807_/Y
 _49808_/X
 _49809_/Y
 _49810_/X
 _49811_/X
 _49812_/X
 _49813_/X
 _49814_/X
 _49815_/Y
 _49816_/Y
 _49817_/Y
 _49818_/Y
 _49819_/Y
 _49820_/X
 _49821_/X
 _49822_/X
 _49823_/Y
 _49824_/Y
 _49825_/Y
 _49826_/Y
 _49827_/Y
 _49828_/X
 _49829_/Y
 _49830_/X
 _49831_/X
 _49832_/Y
 _49833_/Y
 _49834_/X
 _49835_/X
 _49836_/X
 _49837_/X
 _49838_/X
 _49839_/X
 _49840_/X
 _49841_/Y
 _49842_/X
 _49843_/X
 _49844_/X
 _49845_/Y
 _49846_/X
 _49847_/Y
 _49848_/Y
 _49849_/X
 _49850_/X
 _49851_/X
 _49852_/X
 _49853_/Y
 _49854_/Y
 _49855_/X
 _49856_/Y
 _49857_/X
 _49858_/X
 _49859_/X
 _49860_/X
 _49861_/X
 _49862_/Y
 _49863_/X
 _49864_/Y
 _49865_/Y
 _49866_/X
 _49867_/X
 _49868_/X
 _49869_/Y
 _49870_/X
 _49871_/Y
 _49872_/Y
 _49873_/Y
 _49874_/X
 _49875_/Y
 _49876_/X
 _49877_/X
 _49878_/X
 _49879_/X
 _49880_/X
 _49881_/Y
 _49882_/X
 _49883_/Y
 _49884_/X
 _49885_/Y
 _49886_/Y
 _49887_/Y
 _49888_/Y
 _49889_/Y
 _49890_/X
 _49891_/Y
 _49892_/Y
 _49893_/X
 _49894_/Y
 _49895_/Y
 _49896_/X
 _49897_/X
 _49898_/X
 _49899_/X
 _49900_/Y
 _49901_/Y
 _49902_/X
 _49903_/X
 _49904_/X
 _49905_/X
 _49906_/X
 _49907_/Y
 _49908_/Y
 _49909_/X
 _49910_/X
 _49911_/X
 _49912_/X
 _49913_/Y
 _49914_/Y
 _49915_/X
 _49916_/X
 _49917_/X
 _49918_/X
 _49919_/X
 _49920_/Y
 _49921_/X
 _49922_/X
 _49923_/X
 _49924_/Y
 _49925_/Y
 _49926_/X
 _49927_/Y
 _49928_/X
 _49929_/X
 _49930_/X
 _49931_/X
 _49932_/Y
 _49933_/Y
 _49934_/X
 _49935_/Y
 _49936_/Y
 _49937_/Y
 _49938_/Y
 _49939_/Y
 _49940_/X
 _49941_/Y
 _49942_/X
 _49943_/Y
 _49944_/Y
 _49945_/Y
 _49946_/Y
 _49947_/Y
 _49948_/Y
 _49949_/Y
 _49950_/X
 _49951_/X
 _49952_/X
 _49953_/Y
 _49954_/X
 _49955_/Y
 _49956_/X
 _49957_/Y
 _49958_/X
 _49959_/Y
 _49960_/Y
 _49961_/Y
 _49962_/Y
 _49963_/X
 _49964_/X
 _49965_/Y
 _49966_/Y
 _49967_/Y
 _49968_/Y
 _49969_/Y
 _49970_/Y
 _49971_/X
 _49972_/X
 _49973_/X
 _49974_/Y
 _49975_/X
 _49976_/Y
 _49977_/Y
 _49978_/Y
 _49979_/Y
 _49980_/Y
 _49981_/Y
 _49982_/Y
 _49983_/Y
 _49984_/X
 _49985_/Y
 _49986_/X
 _49987_/X
 _49988_/Y
 _49989_/Y
 _49990_/X
 _49991_/Y
 _49992_/X
 _49993_/Y
 _49994_/Y
 _49995_/Y
 _49996_/Y
 _49997_/X
 _49998_/Y
 _49999_/X
 _50000_/Y
 _50001_/Y
 _50002_/X
 _50003_/Y
 _50004_/Y
 _50005_/X
 _50006_/Y
 _50007_/Y
 _50008_/Y
 _50009_/X
 _50010_/Y
 _50011_/Y
 _50012_/X
 _50013_/X
 _50014_/X
 _50015_/Y
 _50016_/X
 _50017_/X
 _50018_/Y
 _50019_/X
 _50020_/Y
 _50021_/Y
 _50022_/X
 _50023_/Y
 _50024_/Y
 _50025_/Y
 _50026_/Y
 _50027_/Y
 _50028_/Y
 _50029_/X
 _50030_/Y
 _50031_/X
 _50032_/Y
 _50033_/Y
 _50034_/X
 _50035_/Y
 _50036_/X
 _50037_/Y
 _50038_/Y
 _50039_/Y
 _50040_/Y
 _50041_/X
 _50042_/Y
 _50043_/X
 _50044_/Y
 _50045_/X
 _50046_/X
 _50047_/X
 _50048_/X
 _50049_/Y
 _50050_/X
 _50051_/Y
 _50052_/Y
 _50053_/X
 _50054_/X
 _50055_/Y
 _50056_/Y
 _50057_/Y
 _50058_/Y
 _50059_/Y
 _50060_/Y
 _50061_/Y
 _50062_/Y
 _50063_/Y
 _50064_/Y
 _50065_/X
 _50066_/X
 _50067_/Y
 _50068_/X
 _50069_/X
 _50070_/X
 _50071_/Y
 _50072_/X
 _50073_/X
 _50074_/X
 _50075_/X
 _50076_/Y
 _50077_/Y
 _50078_/Y
 _50079_/Y
 _50080_/Y
 _50081_/X
 _50082_/Y
 _50083_/Y
 _50084_/X
 _50085_/Y
 _50086_/X
 _50087_/X
 _50088_/X
 _50089_/X
 _50090_/Y
 _50091_/X
 _50092_/X
 _50093_/Y
 _50094_/X
 _50095_/X
 _50096_/Y
 _50097_/X
 _50098_/X
 _50099_/X
 _50100_/X
 _50101_/X
 _50102_/Y
 _50103_/Y
 _50104_/X
 _50105_/X
 _50106_/X
 _50107_/Y
 _50108_/X
 _50109_/X
 _50110_/X
 _50111_/Y
 _50112_/X
 _50113_/Y
 _50114_/X
 _50115_/Y
 _50116_/X
 _50117_/Y
 _50118_/X
 _50119_/Y
 _50120_/Y
 _50121_/X
 _50122_/X
 _50123_/Y
 _50124_/X
 _50125_/Y
 _50126_/Y
 _50127_/X
 _50128_/Y
 _50129_/X
 _50130_/Y
 _50131_/Y
 _50132_/X
 _50133_/Y
 _50134_/X
 _50135_/X
 _50136_/X
 _50137_/X
 _50138_/Y
 _50139_/Y
 _50140_/X
 _50141_/X
 _50142_/Y
 _50143_/Y
 _50144_/Y
 _50145_/Y
 _50146_/Y
 _50147_/Y
 _50148_/Y
 _50149_/X
 _50150_/Y
 _50151_/X
 _50152_/X
 _50153_/X
 _50154_/X
 _50155_/Y
 _50156_/X
 _50157_/X
 _50158_/X
 _50159_/Y
 _50160_/Y
 _50161_/Y
 _50162_/X
 _50163_/X
 _50164_/Y
 _50165_/Y
 _50166_/X
 _50167_/X
 _50168_/Y
 _50169_/Y
 _50170_/Y
 _50171_/Y
 _50172_/Y
 _50173_/Y
 _50174_/X
 _50175_/X
 _50176_/Y
 _50177_/Y
 _50178_/X
 _50179_/Y
 _50180_/Y
 _50181_/X
 _50182_/Y
 _50183_/Y
 _50184_/Y
 _50185_/Y
 _50186_/Y
 _50187_/X
 _50188_/X
 _50189_/X
 _50190_/X
 _50191_/X
 _50192_/X
 _50193_/X
 _50194_/Y
 _50195_/X
 _50196_/X
 _50197_/X
 _50198_/Y
 _50199_/X
 _50200_/X
 _50201_/X
 _50202_/X
 _50203_/X
 _50204_/Y
 _50205_/X
 _50206_/Y
 _50207_/X
 _50208_/Y
 _50209_/X
 _50210_/Y
 _50211_/Y
 _50212_/X
 _50213_/X
 _50214_/Y
 _50215_/X
 _50216_/X
 _50217_/X
 _50218_/X
 _50219_/X
 _50220_/X
 _50221_/X
 _50222_/Y
 _50223_/Y
 _50224_/X
 _50225_/X
 _50226_/X
 _50227_/X
 _50228_/X
 _50229_/X
 _50230_/X
 _50231_/X
 _50232_/X
 _50233_/X
 _50234_/Y
 _50235_/X
 _50236_/Y
 _50237_/Y
 _50238_/Y
 _50239_/Y
 _50240_/Y
 _50241_/X
 _50242_/Y
 _50243_/Y
 _50244_/Y
 _50245_/Y
 _50246_/X
 _50247_/Y
 _50248_/X
 _50249_/Y
 _50250_/Y
 _50251_/X
 _50252_/X
 _50253_/X
 _50254_/Y
 _50255_/X
 _50256_/Y
 _50257_/X
 _50258_/Y
 _50259_/Y
 _50260_/X
 _50261_/X
 _50262_/Y
 _50263_/Y
 _50264_/Y
 _50265_/X
 _50266_/X
 _50267_/Y
 _50268_/Y
 _50269_/Y
 _50270_/X
 _50271_/X
 _50272_/Y
 _50273_/Y
 _50274_/Y
 _50275_/Y
 _50276_/Y
 _50277_/Y
 _50278_/X
 _50279_/Y
 _50280_/Y
 _50281_/Y
 _50282_/Y
 _50283_/X
 _50284_/Y
 _50285_/Y
 _50286_/X
 _50287_/X
 _50288_/Y
 _50289_/X
 _50290_/Y
 _50291_/X
 _50292_/X
 _50293_/Y
 _50294_/Y
 _50295_/Y
 _50296_/Y
 _50297_/Y
 _50298_/X
 _50299_/Y
 _50300_/X
 _50301_/X
 _50302_/X
 _50303_/X
 _50304_/Y
 _50305_/Y
 _50306_/X
 _50307_/Y
 _50308_/X
 _50309_/X
 _50310_/X
 _50311_/X
 _50312_/Y
 _50313_/Y
 _50314_/X
 _50315_/Y
 _50316_/X
 _50317_/Y
 _50318_/Y
 _50319_/Y
 _50320_/X
 _50321_/Y
 _50322_/X
 _50323_/Y
 _50324_/Y
 _50325_/Y
 _50326_/Y
 _50327_/Y
 _50328_/X
 _50329_/X
 _50330_/Y
 _50331_/Y
 _50332_/X
 _50333_/X
 _50334_/X
 _50335_/X
 _50336_/X
 _50337_/X
 _50338_/X
 _50339_/X
 _50340_/Y
 _50341_/Y
 _50342_/X
 _50343_/Y
 _50344_/Y
 _50345_/X
 _50346_/Y
 _50347_/Y
 _50348_/Y
 _50349_/Y
 _50350_/Y
 _50351_/X
 _50352_/Y
 _50353_/X
 _50354_/Y
 _50355_/Y
 _50356_/Y
 _50357_/Y
 _50358_/X
 _50359_/X
 _50360_/Y
 _50361_/Y
 _50362_/Y
 _50363_/Y
 _50364_/X
 _50365_/Y
 _50366_/X
 _50367_/Y
 _50368_/X
 _50369_/Y
 _50370_/Y
 _50371_/X
 _50372_/X
 _50373_/Y
 _50374_/X
 _50375_/X
 _50376_/X
 _50377_/Y
 _50378_/Y
 _50379_/Y
 _50380_/X
 _50381_/X
 _50382_/X
 _50383_/X
 _50384_/X
 _50385_/X
 _50386_/X
 _50387_/X
 _50388_/X
 _50389_/X
 _50390_/X
 _50391_/Y
 _50392_/Y
 _50393_/Y
 _50394_/X
 _50395_/X
 _50396_/X
 _50397_/X
 _50398_/X
 _50399_/Y
 _50400_/X
 _50401_/Y
 _50402_/X
 _50403_/Y
 _50404_/X
 _50405_/X
 _50406_/X
 _50407_/X
 _50408_/Y
 _50409_/X
 _50410_/X
 _50411_/X
 _50412_/X
 _50413_/X
 _50414_/X
 _50415_/X
 _50416_/X
 _50417_/X
 _50418_/X
 _50419_/Y
 _50420_/Y
 _50421_/X
 _50422_/X
 _50423_/Y
 _50424_/Y
 _50425_/Y
 _50426_/X
 _50427_/X
 _50428_/Y
 _50429_/X
 _50430_/X
 _50431_/X
 _50432_/Y
 _50433_/X
 _50434_/X
 _50435_/X
 _50436_/Y
 _50437_/Y
 _50438_/X
 _50439_/Y
 _50440_/Y
 _50441_/Y
 _50442_/Y
 _50443_/Y
 _50444_/Y
 _50445_/Y
 _50446_/X
 _50447_/Y
 _50448_/X
 _50449_/X
 _50450_/Y
 _50451_/X
 _50452_/Y
 _50453_/Y
 _50454_/Y
 _50455_/Y
 _50456_/X
 _50457_/X
 _50458_/Y
 _50459_/X
 _50460_/X
 _50461_/X
 _50462_/Y
 _50463_/Y
 _50464_/X
 _50465_/X
 _50466_/Y
 _50467_/Y
 _50468_/Y
 _50469_/Y
 _50470_/Y
 _50471_/X
 _50472_/Y
 _50473_/Y
 _50474_/X
 _50475_/X
 _50476_/Y
 _50477_/X
 _50478_/Y
 _50479_/X
 _50480_/X
 _50481_/X
 _50482_/Y
 _50483_/Y
 _50484_/X
 _50485_/Y
 _50486_/Y
 _50487_/X
 _50488_/Y
 _50489_/X
 _50490_/Y
 _50491_/X
 _50492_/X
 _50493_/X
 _50494_/X
 _50495_/Y
 _50496_/X
 _50497_/X
 _50498_/Y
 _50499_/Y
 _50500_/X
 _50501_/Y
 _50502_/Y
 _50503_/X
 _50504_/Y
 _50505_/Y
 _50506_/X
 _50507_/Y
 _50508_/X
 _50509_/Y
 _50510_/Y
 _50511_/X
 _50512_/X
 _50513_/X
 _50514_/X
 _50515_/Y
 _50516_/X
 _50517_/Y
 _50518_/X
 _50519_/X
 _50520_/Y
 _50521_/Y
 _50522_/X
 _50523_/Y
 _50524_/X
 _50525_/X
 _50526_/X
 _50527_/Y
 _50528_/X
 _50529_/X
 _50530_/X
 _50531_/X
 _50532_/X
 _50533_/X
 _50534_/Y
 _50535_/X
 _50536_/Y
 _50537_/Y
 _50538_/Y
 _50539_/Y
 _50540_/X
 _50541_/X
 _50542_/Y
 _50543_/Y
 _50544_/X
 _50545_/Y
 _50546_/X
 _50547_/X
 _50548_/X
 _50549_/Y
 _50550_/Y
 _50551_/X
 _50552_/X
 _50553_/X
 _50554_/Y
 _50555_/Y
 _50556_/Y
 _50557_/X
 _50558_/Y
 _50559_/Y
 _50560_/X
 _50561_/Y
 _50562_/Y
 _50563_/Y
 _50564_/X
 _50565_/Y
 _50566_/X
 _50567_/X
 _50568_/X
 _50569_/Y
 _50570_/Y
 _50571_/X
 _50572_/X
 _50573_/X
 _50574_/X
 _50575_/Y
 _50576_/X
 _50577_/X
 _50578_/Y
 _50579_/Y
 _50580_/X
 _50581_/Y
 _50582_/Y
 _50583_/X
 _50584_/Y
 _50585_/X
 _50586_/Y
 _50587_/Y
 _50588_/Y
 _50589_/Y
 _50590_/Y
 _50591_/Y
 _50592_/Y
 _50593_/X
 _50594_/X
 _50595_/X
 _50596_/X
 _50597_/X
 _50598_/Y
 _50599_/X
 _50600_/X
 _50601_/Y
 _50602_/Y
 _50603_/Y
 _50604_/Y
 _50605_/Y
 _50606_/Y
 _50607_/X
 _50608_/X
 _50609_/Y
 _50610_/X
 _50611_/Y
 _50612_/Y
 _50613_/X
 _50614_/Y
 _50615_/Y
 _50616_/X
 _50617_/Y
 _50618_/Y
 _50619_/Y
 _50620_/Y
 _50621_/Y
 _50622_/Y
 _50623_/X
 _50624_/Y
 _50625_/X
 _50626_/X
 _50627_/X
 _50628_/X
 _50629_/X
 _50630_/X
 _50631_/Y
 _50632_/Y
 _50633_/X
 _50634_/X
 _50635_/Y
 _50636_/X
 _50637_/Y
 _50638_/X
 _50639_/Y
 _50640_/Y
 _50641_/Y
 _50642_/X
 _50643_/Y
 _50644_/Y
 _50645_/Y
 _50646_/Y
 _50647_/Y
 _50648_/X
 _50649_/Y
 _50650_/Y
 _50651_/Y
 _50652_/X
 _50653_/Y
 _50654_/X
 _50655_/X
 _50656_/X
 _50657_/Y
 _50658_/Y
 _50659_/X
 _50660_/X
 _50661_/X
 _50662_/X
 _50663_/Y
 _50664_/Y
 _50665_/X
 _50666_/Y
 _50667_/Y
 _50668_/X
 _50669_/X
 _50670_/X
 _50671_/X
 _50672_/Y
 _50673_/Y
 _50674_/Y
 _50675_/Y
 _50676_/X
 _50677_/Y
 _50678_/X
 _50679_/Y
 _50680_/Y
 _50681_/X
 _50682_/Y
 _50683_/X
 _50684_/X
 _50685_/X
 _50686_/X
 _50687_/Y
 _50688_/Y
 _50689_/Y
 _50690_/Y
 _50691_/Y
 _50692_/X
 _50693_/X
 _50694_/X
 _50695_/Y
 _50696_/Y
 _50697_/X
 _50698_/X
 _50699_/Y
 _50700_/Y
 _50701_/Y
 _50702_/X
 _50703_/Y
 _50704_/X
 _50705_/Y
 _50706_/Y
 _50707_/Y
 _50708_/X
 _50709_/Y
 _50710_/Y
 _50711_/Y
 _50712_/Y
 _50713_/X
 _50714_/X
 _50715_/X
 _50716_/X
 _50717_/X
 _50718_/X
 _50719_/Y
 _50720_/Y
 _50721_/Y
 _50722_/X
 _50723_/Y
 _50724_/Y
 _50725_/X
 _50726_/Y
 _50727_/X
 _50728_/X
 _50729_/Y
 _50730_/Y
 _50731_/X
 _50732_/X
 _50733_/Y
 _50734_/Y
 _50735_/Y
 _50736_/Y
 _50737_/X
 _50738_/X
 _50739_/X
 _50740_/X
 _50741_/X
 _50742_/Y
 _50743_/Y
 _50744_/Y
 _50745_/Y
 _50746_/Y
 _50747_/Y
 _50748_/X
 _50749_/Y
 _50750_/Y
 _50751_/Y
 _50752_/Y
 _50753_/Y
 _50754_/Y
 _50755_/Y
 _50756_/Y
 _50757_/Y
 _50758_/X
 _50759_/X
 _50760_/Y
 _50761_/Y
 _50762_/Y
 _50763_/Y
 _50764_/Y
 _50765_/Y
 _50766_/X
 _50767_/Y
 _50768_/Y
 _50769_/X
 _50770_/Y
 _50771_/Y
 _50772_/X
 _50773_/Y
 _50774_/Y
 _50775_/Y
 _50776_/Y
 _50777_/Y
 _50778_/Y
 _50779_/X
 _50780_/X
 _50781_/X
 _50782_/X
 _50783_/Y
 _50784_/X
 _50785_/Y
 _50786_/Y
 _50787_/Y
 _50788_/Y
 _50789_/Y
 _50790_/Y
 _50791_/Y
 _50792_/X
 _50793_/X
 _50794_/Y
 _50795_/X
 _50796_/X
 _50797_/Y
 _50798_/X
 _50799_/Y
 _50800_/Y
 _50801_/X
 _50802_/Y
 _50803_/Y
 _50804_/Y
 _50805_/Y
 _50806_/X
 _50807_/X
 _50808_/X
 _50809_/X
 _50810_/X
 _50811_/X
 _50812_/Y
 _50813_/Y
 _50814_/Y
 _50815_/Y
 _50816_/X
 _50817_/Y
 _50818_/X
 _50819_/Y
 _50820_/X
 _50821_/X
 _50822_/Y
 _50823_/Y
 _50824_/X
 _50825_/X
 _50826_/X
 _50827_/Y
 _50828_/X
 _50829_/Y
 _50830_/X
 _50831_/X
 _50832_/X
 _50833_/X
 _50834_/X
 _50835_/X
 _50836_/X
 _50837_/X
 _50838_/Y
 _50839_/Y
 _50840_/X
 _50841_/X
 _50842_/X
 _50843_/Y
 _50844_/Y
 _50845_/X
 _50846_/Y
 _50847_/Y
 _50848_/Y
 _50849_/X
 _50850_/Y
 _50851_/Y
 _50852_/X
 _50853_/Y
 _50854_/Y
 _50855_/X
 _50856_/X
 _50857_/X
 _50858_/Y
 _50859_/X
 _50860_/Y
 _50861_/Y
 _50862_/X
 _50863_/X
 _50864_/Y
 _50865_/Y
 _50866_/X
 _50867_/X
 _50868_/X
 _50869_/Y
 _50870_/Y
 _50871_/Y
 _50872_/X
 _50873_/X
 _50874_/X
 _50875_/X
 _50876_/X
 _50877_/X
 _50878_/Y
 _50879_/Y
 _50880_/Y
 _50881_/X
 _50882_/Y
 _50883_/X
 _50884_/Y
 _50885_/Y
 _50886_/Y
 _50887_/X
 _50888_/X
 _50889_/Y
 _50890_/X
 _50891_/Y
 _50892_/X
 _50893_/Y
 _50894_/X
 _50895_/Y
 _50896_/X
 _50897_/X
 _50898_/Y
 _50899_/Y
 _50900_/X
 _50901_/Y
 _50902_/Y
 _50903_/Y
 _50904_/X
 _50905_/X
 _50906_/Y
 _50907_/X
 _50908_/X
 _50909_/X
 _50910_/X
 _50911_/X
 _50912_/X
 _50913_/X
 _50914_/Y
 _50915_/X
 _50916_/X
 _50917_/X
 _50918_/Y
 _50919_/X
 _50920_/X
 _50921_/Y
 _50922_/Y
 _50923_/Y
 _50924_/X
 _50925_/X
 _50926_/X
 _50927_/Y
 _50928_/Y
 _50929_/X
 _50930_/Y
 _50931_/X
 _50932_/X
 _50933_/X
 _50934_/Y
 _50935_/Y
 _50936_/Y
 _50937_/X
 _50938_/X
 _50939_/X
 _50940_/X
 _50941_/X
 _50942_/X
 _50943_/X
 _50944_/X
 _50945_/X
 _50946_/X
 _50947_/X
 _50948_/X
 _50949_/Y
 _50950_/Y
 _50951_/X
 _50952_/Y
 _50953_/Y
 _50954_/X
 _50955_/Y
 _50956_/Y
 _50957_/X
 _50958_/Y
 _50959_/X
 _50960_/X
 _50961_/Y
 _50962_/X
 _50963_/X
 _50964_/X
 _50965_/Y
 _50966_/X
 _50967_/Y
 _50968_/X
 _50969_/X
 _50970_/X
 _50971_/Y
 _50972_/Y
 _50973_/X
 _50974_/X
 _50975_/X
 _50976_/Y
 _50977_/Y
 _50978_/Y
 _50979_/X
 _50980_/X
 _50981_/Y
 _50982_/Y
 _50983_/X
 _50984_/X
 _50985_/X
 _50986_/X
 _50987_/X
 _50988_/X
 _50989_/X
 _50990_/Y
 _50991_/X
 _50992_/Y
 _50993_/Y
 _50994_/Y
 _50995_/Y
 _50996_/Y
 _50997_/X
 _50998_/X
 _50999_/X
 _51000_/X
 _51001_/X
 _51002_/Y
 _51003_/Y
 _51004_/X
 _51005_/X
 _51006_/X
 _51007_/X
 _51008_/Y
 _51009_/Y
 _51010_/Y
 _51011_/Y
 _51012_/Y
 _51013_/Y
 _51014_/Y
 _51015_/X
 _51016_/Y
 _51017_/Y
 _51018_/Y
 _51019_/Y
 _51020_/Y
 _51021_/Y
 _51022_/X
 _51023_/Y
 _51024_/Y
 _51025_/Y
 _51026_/Y
 _51027_/X
 _51028_/Y
 _51029_/Y
 _51030_/Y
 _51031_/X
 _51032_/X
 _51033_/X
 _51034_/X
 _51035_/Y
 _51036_/X
 _51037_/X
 _51038_/X
 _51039_/Y
 _51040_/X
 _51041_/Y
 _51042_/Y
 _51043_/Y
 _51044_/Y
 _51045_/X
 _51046_/X
 _51047_/Y
 _51048_/Y
 _51049_/Y
 _51050_/Y
 _51051_/Y
 _51052_/X
 _51053_/Y
 _51054_/Y
 _51055_/X
 _51056_/X
 _51057_/Y
 _51058_/Y
 _51059_/Y
 _51060_/Y
 _51061_/Y
 _51062_/Y
 _51063_/Y
 _51064_/X
 _51065_/Y
 _51066_/Y
 _51067_/X
 _51068_/X
 _51069_/Y
 _51070_/X
 _51071_/Y
 _51072_/Y
 _51073_/X
 _51074_/X
 _51075_/Y
 _51076_/X
 _51077_/X
 _51078_/X
 _51079_/X
 _51080_/X
 _51081_/Y
 _51082_/Y
 _51083_/Y
 _51084_/Y
 _51085_/Y
 _51086_/Y
 _51087_/Y
 _51088_/Y
 _51089_/X
 _51090_/Y
 _51091_/X
 _51092_/X
 _51093_/X
 _51094_/X
 _51095_/X
 _51096_/Y
 _51097_/X
 _51098_/X
 _51099_/Y
 _51100_/X
 _51101_/Y
 _51102_/Y
 _51103_/Y
 _51104_/Y
 _51105_/Y
 _51106_/X
 _51107_/Y
 _51108_/X
 _51109_/X
 _51110_/X
 _51111_/X
 _51112_/Y
 _51113_/X
 _51114_/X
 _51115_/X
 _51116_/X
 _51117_/Y
 _51118_/X
 _51119_/Y
 _51120_/Y
 _51121_/X
 _51122_/Y
 _51123_/Y
 _51124_/X
 _51125_/Y
 _51126_/X
 _51127_/Y
 _51128_/X
 _51129_/Y
 _51130_/X
 _51131_/Y
 _51132_/X
 _51133_/Y
 _51134_/X
 _51135_/X
 _51136_/Y
 _51137_/X
 _51138_/X
 _51139_/X
 _51140_/Y
 _51141_/Y
 _51142_/X
 _51143_/Y
 _51144_/Y
 _51145_/Y
 _51146_/Y
 _51147_/Y
 _51148_/Y
 _51149_/Y
 _51150_/Y
 _51151_/Y
 _51152_/Y
 _51153_/Y
 _51154_/Y
 _51155_/Y
 _51156_/Y
 _51157_/Y
 _51158_/Y
 _51159_/Y
 _51160_/Y
 _51161_/X
 _51162_/X
 _51163_/X
 _51164_/Y
 _51165_/Y
 _51166_/Y
 _51167_/Y
 _51168_/Y
 _51169_/Y
 _51170_/Y
 _51171_/Y
 _51172_/X
 _51173_/X
 _51174_/Y
 _51175_/X
 _51176_/X
 _51177_/X
 _51178_/Y
 _51179_/Y
 _51180_/Y
 _51181_/Y
 _51182_/Y
 _51183_/X
 _51184_/Y
 _51185_/Y
 _51186_/X
 _51187_/X
 _51188_/X
 _51189_/Y
 _51190_/Y
 _51191_/Y
 _51192_/Y
 _51193_/Y
 _51194_/Y
 _51195_/X
 _51196_/X
 _51197_/Y
 _51198_/Y
 _51199_/X
 _51200_/Y
 _51201_/Y
 _51202_/Y
 _51203_/X
 _51204_/X
 _51205_/Y
 _51206_/X
 _51207_/X
 _51208_/Y
 _51209_/Y
 _51210_/Y
 _51211_/Y
 _51212_/X
 _51213_/Y
 _51214_/Y
 _51215_/X
 _51216_/X
 _51217_/X
 _51218_/X
 _51219_/Y
 _51220_/X
 _51221_/X
 _51222_/Y
 _51223_/Y
 _51224_/Y
 _51225_/Y
 _51226_/X
 _51227_/X
 _51228_/Y
 _51229_/Y
 _51230_/Y
 _51231_/X
 _51232_/X
 _51233_/Y
 _51234_/Y
 _51235_/X
 _51236_/X
 _51237_/Y
 _51238_/Y
 _51239_/X
 _51240_/X
 _51241_/Y
 _51242_/X
 _51243_/Y
 _51244_/X
 _51245_/X
 _51246_/Y
 _51247_/Y
 _51248_/Y
 _51249_/Y
 _51250_/Y
 _51251_/X
 _51252_/X
 _51253_/X
 _51254_/Y
 _51255_/Y
 _51256_/X
 _51257_/Y
 _51258_/Y
 _51259_/X
 _51260_/Y
 _51261_/Y
 _51262_/Y
 _51263_/X
 _51264_/Y
 _51265_/Y
 _51266_/Y
 _51267_/Y
 _51268_/Y
 _51269_/X
 _51270_/Y
 _51271_/X
 _51272_/X
 _51273_/Y
 _51274_/X
 _51275_/Y
 _51276_/Y
 _51277_/Y
 _51278_/Y
 _51279_/Y
 _51280_/Y
 _51281_/Y
 _51282_/X
 _51283_/Y
 _51284_/Y
 _51285_/Y
 _51286_/X
 _51287_/X
 _51288_/X
 _51289_/Y
 _51290_/Y
 _51291_/X
 _51292_/Y
 _51293_/Y
 _51294_/Y
 _51295_/Y
 _51296_/Y
 _51297_/Y
 _51298_/Y
 _51299_/Y
 _51300_/X
 _51301_/X
 _51302_/X
 _51303_/Y
 _51304_/Y
 _51305_/Y
 _51306_/X
 _51307_/X
 _51308_/X
 _51309_/X
 _51310_/Y
 _51311_/Y
 _51312_/X
 _51313_/Y
 _51314_/X
 _51315_/Y
 _51316_/X
 _51317_/X
 _51318_/Y
 _51319_/Y
 _51320_/Y
 _51321_/Y
 _51322_/Y
 _51323_/X
 _51324_/X
 _51325_/Y
 _51326_/X
 _51327_/X
 _51328_/Y
 _51329_/Y
 _51330_/X
 _51331_/X
 _51332_/X
 _51333_/Y
 _51334_/Y
 _51335_/Y
 _51336_/X
 _51337_/Y
 _51338_/Y
 _51339_/X
 _51340_/X
 _51341_/Y
 _51342_/X
 _51343_/X
 _51344_/X
 _51345_/X
 _51346_/X
 _51347_/Y
 _51348_/Y
 _51349_/Y
 _51350_/X
 _51351_/Y
 _51352_/Y
 _51353_/X
 _51354_/Y
 _51355_/Y
 _51356_/X
 _51357_/Y
 _51358_/X
 _51359_/Y
 _51360_/X
 _51361_/Y
 _51362_/Y
 _51363_/Y
 _51364_/X
 _51365_/Y
 _51366_/X
 _51367_/Y
 _51368_/X
 _51369_/Y
 _51370_/Y
 _51371_/X
 _51372_/Y
 _51373_/X
 _51374_/X
 _51375_/X
 _51376_/X
 _51377_/X
 _51378_/Y
 _51379_/X
 _51380_/X
 _51381_/Y
 _51382_/Y
 _51383_/Y
 _51384_/X
 _51385_/X
 _51386_/Y
 _51387_/X
 _51388_/X
 _51389_/Y
 _51390_/X
 _51391_/X
 _51392_/Y
 _51393_/X
 _51394_/Y
 _51395_/X
 _51396_/X
 _51397_/X
 _51398_/X
 _51399_/Y
 _51400_/Y
 _51401_/Y
 _51402_/Y
 _51403_/Y
 _51404_/Y
 _51405_/X
 _51406_/X
 _51407_/Y
 _51408_/Y
 _51409_/X
 _51410_/Y
 _51411_/X
 _51412_/Y
 _51413_/X
 _51414_/X
 _51415_/X
 _51416_/Y
 _51417_/Y
 _51418_/X
 _51419_/X
 _51420_/X
 _51421_/X
 _51422_/Y
 _51423_/Y
 _51424_/X
 _51425_/X
 _51426_/X
 _51427_/X
 _51428_/X
 _51429_/X
 _51430_/X
 _51431_/X
 _51432_/X
 _51433_/X
 _51434_/X
 _51435_/Y
 _51436_/X
 _51437_/Y
 _51438_/Y
 _51439_/Y
 _51440_/X
 _51441_/Y
 _51442_/X
 _51443_/X
 _51444_/X
 _51445_/X
 _51446_/X
 _51447_/X
 _51448_/Y
 _51449_/X
 _51450_/Y
 _51451_/Y
 _51452_/X
 _51453_/X
 _51454_/X
 _51455_/X
 _51456_/Y
 _51457_/X
 _51458_/X
 _51459_/X
 _51460_/X
 _51461_/X
 _51462_/X
 _51463_/X
 _51464_/X
 _51465_/X
 _51466_/X
 _51467_/Y
 _51468_/X
 _51469_/Y
 _51470_/X
 _51471_/X
 _51472_/X
 _51473_/X
 _51474_/Y
 _51475_/Y
 _51476_/X
 _51477_/Y
 _51478_/Y
 _51479_/X
 _51480_/Y
 _51481_/X
 _51482_/X
 _51483_/X
 _51484_/X
 _51485_/X
 _51486_/X
 _51487_/Y
 _51488_/Y
 _51489_/Y
 _51490_/Y
 _51491_/Y
 _51492_/X
 _51493_/X
 _51494_/X
 _51495_/X
 _51496_/Y
 _51497_/Y
 _51498_/Y
 _51499_/Y
 _51500_/Y
 _51501_/X
 _51502_/X
 _51503_/Y
 _51504_/Y
 _51505_/X
 _51506_/Y
 _51507_/Y
 _51508_/X
 _51509_/Y
 _51510_/X
 _51511_/Y
 _51512_/X
 _51513_/X
 _51514_/X
 _51515_/Y
 _51516_/Y
 _51517_/X
 _51518_/X
 _51519_/X
 _51520_/Y
 _51521_/X
 _51522_/X
 _51523_/Y
 _51524_/X
 _51525_/Y
 _51526_/X
 _51527_/Y
 _51528_/Y
 _51529_/X
 _51530_/X
 _51531_/Y
 _51532_/X
 _51533_/X
 _51534_/X
 _51535_/Y
 _51536_/X
 _51537_/X
 _51538_/Y
 _51539_/Y
 _51540_/Y
 _51541_/Y
 _51542_/X
 _51543_/X
 _51544_/Y
 _51545_/X
 _51546_/Y
 _51547_/Y
 _51548_/Y
 _51549_/X
 _51550_/Y
 _51551_/X
 _51552_/Y
 _51553_/X
 _51554_/Y
 _51555_/Y
 _51556_/X
 _51557_/X
 _51558_/X
 _51559_/Y
 _51560_/X
 _51561_/X
 _51562_/Y
 _51563_/Y
 _51564_/X
 _51565_/Y
 _51566_/X
 _51567_/Y
 _51568_/Y
 _51569_/X
 _51570_/X
 _51571_/X
 _51572_/Y
 _51573_/X
 _51574_/X
 _51575_/X
 _51576_/Y
 _51577_/X
 _51578_/X
 _51579_/Y
 _51580_/X
 _51581_/X
 _51582_/X
 _51583_/Y
 _51584_/Y
 _51585_/Y
 _51586_/X
 _51587_/X
 _51588_/X
 _51589_/Y
 _51590_/X
 _51591_/Y
 _51592_/X
 _51593_/Y
 _51594_/X
 _51595_/Y
 _51596_/Y
 _51597_/Y
 _51598_/X
 _51599_/Y
 _51600_/Y
 _51601_/Y
 _51602_/Y
 _51603_/X
 _51604_/X
 _51605_/Y
 _51606_/X
 _51607_/X
 _51608_/Y
 _51609_/X
 _51610_/Y
 _51611_/Y
 _51612_/X
 _51613_/Y
 _51614_/X
 _51615_/Y
 _51616_/Y
 _51617_/X
 _51618_/Y
 _51619_/Y
 _51620_/Y
 _51621_/Y
 _51622_/X
 _51623_/Y
 _51624_/X
 _51625_/X
 _51626_/Y
 _51627_/Y
 _51628_/X
 _51629_/Y
 _51630_/Y
 _51631_/X
 _51632_/Y
 _51633_/X
 _51634_/X
 _51635_/Y
 _51636_/Y
 _51637_/Y
 _51638_/Y
 _51639_/Y
 _51640_/Y
 _51641_/Y
 _51642_/X
 _51643_/X
 _51644_/X
 _51645_/X
 _51646_/Y
 _51647_/Y
 _51648_/Y
 _51649_/Y
 _51650_/Y
 _51651_/X
 _51652_/Y
 _51653_/X
 _51654_/X
 _51655_/Y
 _51656_/Y
 _51657_/Y
 _51658_/X
 _51659_/Y
 _51660_/Y
 _51661_/X
 _51662_/Y
 _51663_/X
 _51664_/Y
 _51665_/X
 _51666_/Y
 _51667_/X
 _51668_/Y
 _51669_/Y
 _51670_/X
 _51671_/Y
 _51672_/X
 _51673_/X
 _51674_/X
 _51675_/X
 _51676_/X
 _51677_/Y
 _51678_/Y
 _51679_/Y
 _51680_/Y
 _51681_/Y
 _51682_/X
 _51683_/X
 _51684_/Y
 _51685_/X
 _51686_/X
 _51687_/Y
 _51688_/Y
 _51689_/Y
 _51690_/X
 _51691_/X
 _51692_/Y
 _51693_/Y
 _51694_/Y
 _51695_/X
 _51696_/Y
 _51697_/Y
 _51698_/Y
 _51699_/Y
 _51700_/Y
 _51701_/Y
 _51702_/Y
 _51703_/Y
 _51704_/Y
 _51705_/X
 _51706_/Y
 _51707_/Y
 _51708_/X
 _51709_/X
 _51710_/X
 _51711_/Y
 _51712_/Y
 _51713_/X
 _51714_/Y
 _51715_/Y
 _51716_/X
 _51717_/X
 _51718_/X
 _51719_/X
 _51720_/Y
 _51721_/Y
 _51722_/Y
 _51723_/Y
 _51724_/X
 _51725_/X
 _51726_/X
 _51727_/Y
 _51728_/Y
 _51729_/X
 _51730_/Y
 _51731_/Y
 _51732_/X
 _51733_/X
 _51734_/X
 _51735_/Y
 _51736_/X
 _51737_/X
 _51738_/Y
 _51739_/X
 _51740_/X
 _51741_/X
 _51742_/Y
 _51743_/Y
 _51744_/X
 _51745_/X
 _51746_/Y
 _51747_/X
 _51748_/Y
 _51749_/X
 _51750_/Y
 _51751_/Y
 _51752_/Y
 _51753_/X
 _51754_/Y
 _51755_/Y
 _51756_/X
 _51757_/X
 _51758_/X
 _51759_/X
 _51760_/Y
 _51761_/X
 _51762_/X
 _51763_/Y
 _51764_/Y
 _51765_/X
 _51766_/Y
 _51767_/Y
 _51768_/X
 _51769_/Y
 _51770_/X
 _51771_/Y
 _51772_/X
 _51773_/Y
 _51774_/X
 _51775_/Y
 _51776_/Y
 _51777_/X
 _51778_/Y
 _51779_/Y
 _51780_/X
 _51781_/X
 _51782_/X
 _51783_/X
 _51784_/Y
 _51785_/Y
 _51786_/X
 _51787_/Y
 _51788_/X
 _51789_/Y
 _51790_/Y
 _51791_/Y
 _51792_/Y
 _51793_/Y
 _51794_/X
 _51795_/Y
 _51796_/X
 _51797_/X
 _51798_/Y
 _51799_/X
 _51800_/X
 _51801_/Y
 _51802_/Y
 _51803_/Y
 _51804_/Y
 _51805_/Y
 _51806_/X
 _51807_/Y
 _51808_/Y
 _51809_/X
 _51810_/Y
 _51811_/Y
 _51812_/Y
 _51813_/X
 _51814_/Y
 _51815_/Y
 _51816_/Y
 _51817_/Y
 _51818_/X
 _51819_/Y
 _51820_/Y
 _51821_/X
 _51822_/Y
 _51823_/Y
 _51824_/X
 _51825_/Y
 _51826_/Y
 _51827_/Y
 _51828_/X
 _51829_/X
 _51830_/X
 _51831_/Y
 _51832_/Y
 _51833_/X
 _51834_/Y
 _51835_/X
 _51836_/Y
 _51837_/X
 _51838_/X
 _51839_/Y
 _51840_/Y
 _51841_/X
 _51842_/X
 _51843_/X
 _51844_/X
 _51845_/Y
 _51846_/Y
 _51847_/Y
 _51848_/X
 _51849_/X
 _51850_/Y
 _51851_/X
 _51852_/Y
 _51853_/X
 _51854_/X
 _51855_/Y
 _51856_/X
 _51857_/Y
 _51858_/X
 _51859_/X
 _51860_/Y
 _51861_/Y
 _51862_/Y
 _51863_/Y
 _51864_/Y
 _51865_/Y
 _51866_/X
 _51867_/Y
 _51868_/X
 _51869_/Y
 _51870_/Y
 _51871_/Y
 _51872_/Y
 _51873_/Y
 _51874_/X
 _51875_/X
 _51876_/Y
 _51877_/Y
 _51878_/X
 _51879_/X
 _51880_/X
 _51881_/X
 _51882_/Y
 _51883_/X
 _51884_/X
 _51885_/X
 _51886_/Y
 _51887_/Y
 _51888_/Y
 _51889_/Y
 _51890_/Y
 _51891_/Y
 _51892_/X
 _51893_/Y
 _51894_/Y
 _51895_/Y
 _51896_/Y
 _51897_/X
 _51898_/Y
 _51899_/Y
 _51900_/Y
 _51901_/X
 _51902_/Y
 _51903_/X
 _51904_/Y
 _51905_/X
 _51906_/Y
 _51907_/X
 _51908_/X
 _51909_/X
 _51910_/Y
 _51911_/Y
 _51912_/Y
 _51913_/Y
 _51914_/X
 _51915_/X
 _51916_/X
 _51917_/X
 _51918_/X
 _51919_/X
 _51920_/Y
 _51921_/X
 _51922_/X
 _51923_/Y
 _51924_/Y
 _51925_/Y
 _51926_/X
 _51927_/Y
 _51928_/Y
 _51929_/X
 _51930_/X
 _51931_/X
 _51932_/X
 _51933_/X
 _51934_/Y
 _51935_/X
 _51936_/X
 _51937_/Y
 _51938_/Y
 _51939_/Y
 _51940_/X
 _51941_/X
 _51942_/X
 _51943_/X
 _51944_/Y
 _51945_/Y
 _51946_/X
 _51947_/Y
 _51948_/X
 _51949_/X
 _51950_/X
 _51951_/X
 _51952_/Y
 _51953_/X
 _51954_/X
 _51955_/Y
 _51956_/Y
 _51957_/X
 _51958_/X
 _51959_/X
 _51960_/X
 _51961_/Y
 _51962_/X
 _51963_/Y
 _51964_/Y
 _51965_/Y
 _51966_/Y
 _51967_/Y
 _51968_/Y
 _51969_/X
 _51970_/X
 _51971_/X
 _51972_/Y
 _51973_/Y
 _51974_/Y
 _51975_/X
 _51976_/Y
 _51977_/Y
 _51978_/X
 _51979_/Y
 _51980_/Y
 _51981_/X
 _51982_/X
 _51983_/Y
 _51984_/Y
 _51985_/X
 _51986_/X
 _51987_/X
 _51988_/X
 _51989_/X
 _51990_/Y
 _51991_/Y
 _51992_/X
 _51993_/Y
 _51994_/X
 _51995_/X
 _51996_/X
 _51997_/Y
 _51998_/Y
 _51999_/Y
 _52000_/X
 _52001_/X
 _52002_/X
 _52003_/Y
 _52004_/X
 _52005_/X
 _52006_/Y
 _52007_/X
 _52008_/X
 _52009_/X
 _52010_/Y
 _52011_/Y
 _52012_/X
 _52013_/X
 _52014_/Y
 _52015_/Y
 _52016_/Y
 _52017_/Y
 _52018_/X
 _52019_/Y
 _52020_/Y
 _52021_/Y
 _52022_/X
 _52023_/Y
 _52024_/X
 _52025_/X
 _52026_/X
 _52027_/Y
 _52028_/X
 _52029_/Y
 _52030_/Y
 _52031_/X
 _52032_/X
 _52033_/X
 _52034_/X
 _52035_/X
 _52036_/Y
 _52037_/Y
 _52038_/Y
 _52039_/Y
 _52040_/Y
 _52041_/Y
 _52042_/X
 _52043_/Y
 _52044_/X
 _52045_/X
 _52046_/X
 _52047_/Y
 _52048_/Y
 _52049_/X
 _52050_/Y
 _52051_/Y
 _52052_/Y
 _52053_/Y
 _52054_/X
 _52055_/Y
 _52056_/Y
 _52057_/X
 _52058_/X
 _52059_/Y
 _52060_/Y
 _52061_/Y
 _52062_/X
 _52063_/X
 _52064_/Y
 _52065_/Y
 _52066_/Y
 _52067_/X
 _52068_/X
 _52069_/Y
 _52070_/Y
 _52071_/X
 _52072_/X
 _52073_/X
 _52074_/X
 _52075_/Y
 _52076_/X
 _52077_/X
 _52078_/X
 _52079_/X
 _52080_/Y
 _52081_/Y
 _52082_/Y
 _52083_/Y
 _52084_/Y
 _52085_/Y
 _52086_/X
 _52087_/X
 _52088_/X
 _52089_/Y
 _52090_/Y
 _52091_/X
 _52092_/Y
 _52093_/Y
 _52094_/Y
 _52095_/Y
 _52096_/X
 _52097_/X
 _52098_/X
 _52099_/X
 _52100_/Y
 _52101_/X
 _52102_/Y
 _52103_/X
 _52104_/X
 _52105_/X
 _52106_/Y
 _52107_/X
 _52108_/X
 _52109_/X
 _52110_/Y
 _52111_/Y
 _52112_/X
 _52113_/Y
 _52114_/Y
 _52115_/Y
 _52116_/Y
 _52117_/Y
 _52118_/X
 _52119_/X
 _52120_/X
 _52121_/Y
 _52122_/Y
 _52123_/Y
 _52124_/Y
 _52125_/Y
 _52126_/Y
 _52127_/X
 _52128_/Y
 _52129_/Y
 _52130_/Y
 _52131_/X
 _52132_/X
 _52133_/X
 _52134_/X
 _52135_/Y
 _52136_/X
 _52137_/X
 _52138_/X
 _52139_/X
 _52140_/Y
 _52141_/X
 _52142_/X
 _52143_/Y
 _52144_/X
 _52145_/Y
 _52146_/X
 _52147_/X
 _52148_/Y
 _52149_/X
 _52150_/X
 _52151_/Y
 _52152_/Y
 _52153_/Y
 _52154_/Y
 _52155_/Y
 _52156_/X
 _52157_/X
 _52158_/Y
 _52159_/Y
 _52160_/Y
 _52161_/Y
 _52162_/X
 _52163_/Y
 _52164_/Y
 _52165_/Y
 _52166_/Y
 _52167_/X
 _52168_/Y
 _52169_/Y
 _52170_/X
 _52171_/Y
 _52172_/Y
 _52173_/Y
 _52174_/Y
 _52175_/Y
 _52176_/Y
 _52177_/Y
 _52178_/Y
 _52179_/X
 _52180_/Y
 _52181_/Y
 _52182_/Y
 _52183_/X
 _52184_/X
 _52185_/Y
 _52186_/Y
 _52187_/X
 _52188_/X
 _52189_/Y
 _52190_/Y
 _52191_/X
 _52192_/X
 _52193_/X
 _52194_/X
 _52195_/X
 _52196_/Y
 _52197_/Y
 _52198_/X
 _52199_/X
 _52200_/X
 _52201_/X
 _52202_/X
 _52203_/X
 _52204_/X
 _52205_/X
 _52206_/X
 _52207_/X
 _52208_/X
 _52209_/Y
 _52210_/Y
 _52211_/X
 _52212_/X
 _52213_/Y
 _52214_/X
 _52215_/Y
 _52216_/Y
 _52217_/Y
 _52218_/Y
 _52219_/Y
 _52220_/Y
 _52221_/Y
 _52222_/Y
 _52223_/X
 _52224_/X
 _52225_/Y
 _52226_/X
 _52227_/X
 _52228_/X
 _52229_/X
 _52230_/X
 _52231_/Y
 _52232_/Y
 _52233_/Y
 _52234_/Y
 _52235_/Y
 _52236_/X
 _52237_/Y
 _52238_/X
 _52239_/Y
 _52240_/Y
 _52241_/X
 _52242_/Y
 _52243_/X
 _52244_/Y
 _52245_/Y
 _52246_/X
 _52247_/Y
 _52248_/Y
 _52249_/X
 _52250_/X
 _52251_/X
 _52252_/Y
 _52253_/X
 _52254_/X
 _52255_/X
 _52256_/X
 _52257_/X
 _52258_/X
 _52259_/Y
 _52260_/X
 _52261_/X
 _52262_/Y
 _52263_/Y
 _52264_/Y
 _52265_/Y
 _52266_/Y
 _52267_/X
 _52268_/Y
 _52269_/Y
 _52270_/Y
 _52271_/X
 _52272_/Y
 _52273_/Y
 _52274_/Y
 _52275_/Y
 _52276_/X
 _52277_/Y
 _52278_/Y
 _52279_/Y
 _52280_/X
 _52281_/Y
 _52282_/Y
 _52283_/X
 _52284_/Y
 _52285_/X
 _52286_/X
 _52287_/X
 _52288_/X
 _52289_/X
 _52290_/X
 _52291_/X
 _52292_/Y
 _52293_/Y
 _52294_/Y
 _52295_/X
 _52296_/Y
 _52297_/X
 _52298_/X
 _52299_/X
 _52300_/Y
 _52301_/Y
 _52302_/X
 _52303_/Y
 _52304_/Y
 _52305_/Y
 _52306_/X
 _52307_/X
 _52308_/X
 _52309_/X
 _52310_/X
 _52311_/Y
 _52312_/Y
 _52313_/Y
 _52314_/Y
 _52315_/Y
 _52316_/Y
 _52317_/Y
 _52318_/Y
 _52319_/Y
 _52320_/Y
 _52321_/Y
 _52322_/Y
 _52323_/X
 _52324_/X
 _52325_/X
 _52326_/Y
 _52327_/Y
 _52328_/Y
 _52329_/Y
 _52330_/Y
 _52331_/X
 _52332_/Y
 _52333_/Y
 _52334_/Y
 _52335_/X
 _52336_/Y
 _52337_/Y
 _52338_/X
 _52339_/Y
 _52340_/Y
 _52341_/Y
 _52342_/Y
 _52343_/X
 _52344_/Y
 _52345_/Y
 _52346_/X
 _52347_/Y
 _52348_/Y
 _52349_/X
 _52350_/Y
 _52351_/Y
 _52352_/Y
 _52353_/Y
 _52354_/Y
 _52355_/Y
 _52356_/Y
 _52357_/Y
 _52358_/X
 _52359_/X
 _52360_/X
 _52361_/X
 _52362_/Y
 _52363_/Y
 _52364_/X
 _52365_/Y
 _52366_/Y
 _52367_/X
 _52368_/Y
 _52369_/X
 _52370_/X
 _52371_/X
 _52372_/X
 _52373_/X
 _52374_/Y
 _52375_/Y
 _52376_/X
 _52377_/Y
 _52378_/X
 _52379_/Y
 _52380_/X
 _52381_/X
 _52382_/X
 _52383_/X
 _52384_/X
 _52385_/Y
 _52386_/X
 _52387_/X
 _52388_/X
 _52389_/Y
 _52390_/Y
 _52391_/X
 _52392_/Y
 _52393_/Y
 _52394_/Y
 _52395_/X
 _52396_/Y
 _52397_/X
 _52398_/Y
 _52399_/Y
 _52400_/Y
 _52401_/X
 _52402_/X
 _52403_/X
 _52404_/X
 _52405_/Y
 _52406_/Y
 _52407_/Y
 _52408_/Y
 _52409_/X
 _52410_/Y
 _52411_/X
 _52412_/X
 _52413_/Y
 _52414_/Y
 _52415_/X
 _52416_/Y
 _52417_/X
 _52418_/Y
 _52419_/X
 _52420_/X
 _52421_/Y
 _52422_/X
 _52423_/X
 _52424_/Y
 _52425_/Y
 _52426_/X
 _52427_/X
 _52428_/Y
 _52429_/Y
 _52430_/X
 _52431_/X
 _52432_/X
 _52433_/Y
 _52434_/X
 _52435_/Y
 _52436_/Y
 _52437_/Y
 _52438_/X
 _52439_/Y
 _52440_/X
 _52441_/Y
 _52442_/Y
 _52443_/Y
 _52444_/Y
 _52445_/X
 _52446_/Y
 _52447_/Y
 _52448_/X
 _52449_/Y
 _52450_/X
 _52451_/Y
 _52452_/Y
 _52453_/Y
 _52454_/X
 _52455_/X
 _52456_/X
 _52457_/X
 _52458_/Y
 _52459_/X
 _52460_/Y
 _52461_/Y
 _52462_/Y
 _52463_/X
 _52464_/X
 _52465_/X
 _52466_/X
 _52467_/Y
 _52468_/X
 _52469_/X
 _52470_/X
 _52471_/X
 _52472_/X
 _52473_/Y
 _52474_/X
 _52475_/X
 _52476_/X
 _52477_/X
 _52478_/X
 _52479_/X
 _52480_/Y
 _52481_/Y
 _52482_/X
 _52483_/X
 _52484_/X
 _52485_/X
 _52486_/Y
 _52487_/Y
 _52488_/X
 _52489_/X
 _52490_/Y
 _52491_/Y
 _52492_/Y
 _52493_/X
 _52494_/Y
 _52495_/Y
 _52496_/X
 _52497_/X
 _52498_/X
 _52499_/X
 _52500_/Y
 _52501_/Y
 _52502_/Y
 _52503_/X
 _52504_/X
 _52505_/X
 _52506_/Y
 _52507_/X
 _52508_/X
 _52509_/X
 _52510_/Y
 _52511_/Y
 _52512_/X
 _52513_/X
 _52514_/X
 _52515_/X
 _52516_/X
 _52517_/X
 _52518_/Y
 _52519_/X
 _52520_/Y
 _52521_/Y
 _52522_/X
 _52523_/Y
 _52524_/X
 _52525_/Y
 _52526_/Y
 _52527_/Y
 _52528_/Y
 _52529_/Y
 _52530_/X
 _52531_/Y
 _52532_/Y
 _52533_/X
 _52534_/Y
 _52535_/Y
 _52536_/X
 _52537_/X
 _52538_/Y
 _52539_/Y
 _52540_/X
 _52541_/X
 _52542_/Y
 _52543_/X
 _52544_/X
 _52545_/X
 _52546_/X
 _52547_/X
 _52548_/X
 _52549_/X
 _52550_/Y
 _52551_/Y
 _52552_/Y
 _52553_/Y
 _52554_/Y
 _52555_/Y
 _52556_/X
 _52557_/X
 _52558_/Y
 _52559_/Y
 _52560_/X
 _52561_/X
 _52562_/Y
 _52563_/Y
 _52564_/X
 _52565_/Y
 _52566_/X
 _52567_/X
 _52568_/Y
 _52569_/X
 _52570_/Y
 _52571_/Y
 _52572_/Y
 _52573_/Y
 _52574_/Y
 _52575_/Y
 _52576_/X
 _52577_/X
 _52578_/Y
 _52579_/Y
 _52580_/X
 _52581_/X
 _52582_/X
 _52583_/Y
 _52584_/Y
 _52585_/Y
 _52586_/X
 _52587_/Y
 _52588_/Y
 _52589_/X
 _52590_/Y
 _52591_/Y
 _52592_/X
 _52593_/X
 _52594_/X
 _52595_/X
 _52596_/Y
 _52597_/X
 _52598_/X
 _52599_/X
 _52600_/Y
 _52601_/Y
 _52602_/Y
 _52603_/Y
 _52604_/Y
 _52605_/X
 _52606_/Y
 _52607_/Y
 _52608_/X
 _52609_/X
 _52610_/Y
 _52611_/X
 _52612_/X
 _52613_/Y
 _52614_/Y
 _52615_/Y
 _52616_/Y
 _52617_/Y
 _52618_/X
 _52619_/Y
 _52620_/X
 _52621_/Y
 _52622_/X
 _52623_/X
 _52624_/X
 _52625_/X
 _52626_/Y
 _52627_/X
 _52628_/Y
 _52629_/Y
 _52630_/X
 _52631_/X
 _52632_/X
 _52633_/X
 _52634_/X
 _52635_/Y
 _52636_/Y
 _52637_/Y
 _52638_/X
 _52639_/Y
 _52640_/Y
 _52641_/X
 _52642_/X
 _52643_/Y
 _52644_/X
 _52645_/X
 _52646_/X
 _52647_/X
 _52648_/X
 _52649_/X
 _52650_/X
 _52651_/Y
 _52652_/X
 _52653_/Y
 _52654_/Y
 _52655_/Y
 _52656_/Y
 _52657_/Y
 _52658_/X
 _52659_/X
 _52660_/X
 _52661_/X
 _52662_/X
 _52663_/X
 _52664_/X
 _52665_/Y
 _52666_/X
 _52667_/Y
 _52668_/X
 _52669_/Y
 _52670_/X
 _52671_/Y
 _52672_/Y
 _52673_/Y
 _52674_/Y
 _52675_/X
 _52676_/Y
 _52677_/X
 _52678_/Y
 _52679_/X
 _52680_/Y
 _52681_/X
 _52682_/X
 _52683_/X
 _52684_/Y
 _52685_/Y
 _52686_/Y
 _52687_/X
 _52688_/X
 _52689_/Y
 _52690_/X
 _52691_/Y
 _52692_/Y
 _52693_/Y
 _52694_/Y
 _52695_/Y
 _52696_/X
 _52697_/Y
 _52698_/Y
 _52699_/Y
 _52700_/Y
 _52701_/X
 _52702_/Y
 _52703_/Y
 _52704_/Y
 _52705_/Y
 _52706_/X
 _52707_/Y
 _52708_/X
 _52709_/Y
 _52710_/X
 _52711_/X
 _52712_/X
 _52713_/Y
 _52714_/X
 _52715_/Y
 _52716_/X
 _52717_/Y
 _52718_/Y
 _52719_/Y
 _52720_/Y
 _52721_/X
 _52722_/X
 _52723_/X
 _52724_/X
 _52725_/X
 _52726_/Y
 _52727_/Y
 _52728_/Y
 _52729_/Y
 _52730_/X
 _52731_/Y
 _52732_/Y
 _52733_/X
 _52734_/Y
 _52735_/X
 _52736_/X
 _52737_/Y
 _52738_/X
 _52739_/X
 _52740_/Y
 _52741_/Y
 _52742_/Y
 _52743_/Y
 _52744_/Y
 _52745_/Y
 _52746_/Y
 _52747_/X
 _52748_/X
 _52749_/Y
 _52750_/Y
 _52751_/X
 _52752_/Y
 _52753_/Y
 _52754_/Y
 _52755_/X
 _52756_/Y
 _52757_/X
 _52758_/Y
 _52759_/X
 _52760_/X
 _52761_/Y
 _52762_/Y
 _52763_/X
 _52764_/X
 _52765_/X
 _52766_/X
 _52767_/X
 _52768_/X
 _52769_/Y
 _52770_/Y
 _52771_/X
 _52772_/X
 _52773_/X
 _52774_/Y
 _52775_/Y
 _52776_/X
 _52777_/Y
 _52778_/X
 _52779_/X
 _52780_/X
 _52781_/X
 _52782_/X
 _52783_/X
 _52784_/Y
 _52785_/Y
 _52786_/X
 _52787_/Y
 _52788_/X
 _52789_/Y
 _52790_/Y
 _52791_/X
 _52792_/X
 _52793_/Y
 _52794_/X
 _52795_/X
 _52796_/X
 _52797_/Y
 _52798_/Y
 _52799_/Y
 _52800_/Y
 _52801_/X
 _52802_/X
 _52803_/Y
 _52804_/Y
 _52805_/Y
 _52806_/Y
 _52807_/Y
 _52808_/X
 _52809_/Y
 _52810_/Y
 _52811_/Y
 _52812_/Y
 _52813_/Y
 _52814_/Y
 _52815_/Y
 _52816_/X
 _52817_/X
 _52818_/Y
 _52819_/X
 _52820_/X
 _52821_/X
 _52822_/X
 _52823_/Y
 _52824_/Y
 _52825_/X
 _52826_/Y
 _52827_/Y
 _52828_/Y
 _52829_/X
 _52830_/X
 _52831_/X
 _52832_/X
 _52833_/X
 _52834_/Y
 _52835_/Y
 _52836_/Y
 _52837_/Y
 _52838_/Y
 _52839_/Y
 _52840_/X
 _52841_/Y
 _52842_/Y
 _52843_/Y
 _52844_/X
 _52845_/X
 _52846_/X
 _52847_/X
 _52848_/X
 _52849_/X
 _52850_/X
 _52851_/X
 _52852_/Y
 _52853_/X
 _52854_/Y
 _52855_/Y
 _52856_/X
 _52857_/Y
 _52858_/X
 _52859_/X
 _52860_/X
 _52861_/X
 _52862_/X
 _52863_/X
 _52864_/Y
 _52865_/Y
 _52866_/X
 _52867_/Y
 _52868_/X
 _52869_/X
 _52870_/X
 _52871_/X
 _52872_/X
 _52873_/X
 _52874_/Y
 _52875_/X
 _52876_/Y
 _52877_/Y
 _52878_/Y
 _52879_/Y
 _52880_/Y
 _52881_/Y
 _52882_/X
 _52883_/X
 _52884_/X
 _52885_/Y
 _52886_/X
 _52887_/X
 _52888_/Y
 _52889_/X
 _52890_/Y
 _52891_/Y
 _52892_/Y
 _52893_/X
 _52894_/X
 _52895_/Y
 _52896_/X
 _52897_/X
 _52898_/Y
 _52899_/X
 _52900_/X
 _52901_/X
 _52902_/X
 _52903_/Y
 _52904_/X
 _52905_/Y
 _52906_/Y
 _52907_/Y
 _52908_/Y
 _52909_/Y
 _52910_/Y
 _52911_/Y
 _52912_/X
 _52913_/X
 _52914_/X
 _52915_/Y
 _52916_/Y
 _52917_/Y
 _52918_/X
 _52919_/X
 _52920_/Y
 _52921_/X
 _52922_/X
 _52923_/X
 _52924_/X
 _52925_/Y
 _52926_/Y
 _52927_/X
 _52928_/X
 _52929_/Y
 _52930_/X
 _52931_/X
 _52932_/Y
 _52933_/X
 _52934_/X
 _52935_/X
 _52936_/Y
 _52937_/Y
 _52938_/X
 _52939_/Y
 _52940_/X
 _52941_/X
 _52942_/X
 _52943_/X
 _52944_/Y
 _52945_/Y
 _52946_/Y
 _52947_/X
 _52948_/X
 _52949_/X
 _52950_/X
 _52951_/X
 _52952_/Y
 _52953_/Y
 _52954_/X
 _52955_/Y
 _52956_/Y
 _52957_/X
 _52958_/X
 _52959_/X
 _52960_/X
 _52961_/X
 _52962_/X
 _52963_/Y
 _52964_/Y
 _52965_/Y
 _52966_/X
 _52967_/Y
 _52968_/X
 _52969_/X
 _52970_/X
 _52971_/X
 _52972_/Y
 _52973_/Y
 _52974_/X
 _52975_/X
 _52976_/X
 _52977_/X
 _52978_/X
 _52979_/Y
 _52980_/Y
 _52981_/Y
 _52982_/X
 _52983_/Y
 _52984_/X
 _52985_/Y
 _52986_/X
 _52987_/Y
 _52988_/X
 _52989_/Y
 _52990_/Y
 _52991_/Y
 _52992_/X
 _52993_/X
 _52994_/X
 _52995_/Y
 _52996_/X
 _52997_/X
 _52998_/X
 _52999_/X
 _53000_/X
 _53001_/Y
 _53002_/Y
 _53003_/X
 _53004_/Y
 _53005_/X
 _53006_/Y
 _53007_/Y
 _53008_/Y
 _53009_/Y
 _53010_/Y
 _53011_/X
 _53012_/X
 _53013_/Y
 _53014_/Y
 _53015_/X
 _53016_/Y
 _53017_/Y
 _53018_/X
 _53019_/X
 _53020_/X
 _53021_/X
 _53022_/Y
 _53023_/Y
 _53024_/Y
 _53025_/Y
 _53026_/Y
 _53027_/Y
 _53028_/X
 _53029_/X
 _53030_/Y
 _53031_/Y
 _53032_/X
 _53033_/X
 _53034_/X
 _53035_/Y
 _53036_/X
 _53037_/Y
 _53038_/X
 _53039_/X
 _53040_/Y
 _53041_/Y
 _53042_/X
 _53043_/Y
 _53044_/Y
 _53045_/Y
 _53046_/Y
 _53047_/Y
 _53048_/X
 _53049_/Y
 _53050_/Y
 _53051_/Y
 _53052_/Y
 _53053_/Y
 _53054_/Y
 _53055_/X
 _53056_/Y
 _53057_/Y
 _53058_/Y
 _53059_/X
 _53060_/Y
 _53061_/X
 _53062_/X
 _53063_/X
 _53064_/Y
 _53065_/X
 _53066_/Y
 _53067_/Y
 _53068_/X
 _53069_/Y
 _53070_/Y
 _53071_/X
 _53072_/Y
 _53073_/X
 _53074_/Y
 _53075_/Y
 _53076_/Y
 _53077_/X
 _53078_/Y
 _53079_/Y
 _53080_/X
 _53081_/Y
 _53082_/X
 _53083_/Y
 _53084_/Y
 _53085_/X
 _53086_/Y
 _53087_/Y
 _53088_/Y
 _53089_/X
 _53090_/Y
 _53091_/X
 _53092_/Y
 _53093_/X
 _53094_/X
 _53095_/Y
 _53096_/Y
 _53097_/Y
 _53098_/X
 _53099_/X
 _53100_/X
 _53101_/Y
 _53102_/Y
 _53103_/Y
 _53104_/Y
 _53105_/Y
 _53106_/X
 _53107_/X
 _53108_/X
 _53109_/Y
 _53110_/Y
 _53111_/X
 _53112_/X
 _53113_/Y
 _53114_/X
 _53115_/X
 _53116_/X
 _53117_/Y
 _53118_/X
 _53119_/Y
 _53120_/Y
 _53121_/Y
 _53122_/Y
 _53123_/Y
 _53124_/Y
 _53125_/Y
 _53126_/Y
 _53127_/Y
 _53128_/Y
 _53129_/Y
 _53130_/X
 _53131_/Y
 _53132_/Y
 _53133_/X
 _53134_/X
 _53135_/X
 _53136_/X
 _53137_/X
 _53138_/Y
 _53139_/X
 _53140_/Y
 _53141_/X
 _53142_/Y
 _53143_/X
 _53144_/Y
 _53145_/Y
 _53146_/Y
 _53147_/Y
 _53148_/Y
 _53149_/Y
 _53150_/Y
 _53151_/Y
 _53152_/X
 _53153_/X
 _53154_/X
 _53155_/X
 _53156_/X
 _53157_/X
 _53158_/X
 _53159_/X
 _53160_/X
 _53161_/Y
 _53162_/Y
 _53163_/Y
 _53164_/Y
 _53165_/Y
 _53166_/Y
 _53167_/Y
 _53168_/X
 _53169_/X
 _53170_/Y
 _53171_/Y
 _53172_/Y
 _53173_/Y
 _53174_/Y
 _53175_/Y
 _53176_/X
 _53177_/X
 _53178_/X
 _53179_/X
 _53180_/Y
 _53181_/X
 _53182_/Y
 _53183_/X
 _53184_/Y
 _53185_/Y
 _53186_/Y
 _53187_/Y
 _53188_/X
 _53189_/Y
 _53190_/X
 _53191_/X
 _53192_/X
 _53193_/X
 _53194_/Y
 _53195_/Y
 _53196_/Y
 _53197_/X
 _53198_/X
 _53199_/Y
 _53200_/Y
 _53201_/Y
 _53202_/Y
 _53203_/Y
 _53204_/Y
 _53205_/Y
 _53206_/Y
 _53207_/X
 _53208_/Y
 _53209_/Y
 _53210_/Y
 _53211_/Y
 _53212_/Y
 _53213_/X
 _53214_/Y
 _53215_/X
 _53216_/Y
 _53217_/Y
 _53218_/Y
 _53219_/Y
 _53220_/Y
 _53221_/Y
 _53222_/X
 _53223_/X
 _53224_/Y
 _53225_/Y
 _53226_/X
 _53227_/Y
 _53228_/Y
 _53229_/Y
 _53230_/Y
 _53231_/X
 _53232_/Y
 _53233_/Y
 _53234_/Y
 _53235_/X
 _53236_/Y
 _53237_/Y
 _53238_/X
 _53239_/X
 _53240_/Y
 _53241_/X
 _53242_/X
 _53243_/Y
 _53244_/Y
 _53245_/X
 _53246_/Y
 _53247_/Y
 _53248_/X
 _53249_/X
 _53250_/Y
 _53251_/Y
 _53252_/X
 _53253_/Y
 _53254_/Y
 _53255_/X
 _53256_/X
 _53257_/Y
 _53258_/Y
 _53259_/Y
 _53260_/Y
 _53261_/Y
 _53262_/Y
 _53263_/X
 _53264_/Y
 _53265_/Y
 _53266_/Y
 _53267_/X
 _53268_/Y
 _53269_/Y
 _53270_/X
 _53271_/Y
 _53272_/X
 _53273_/X
 _53274_/Y
 _53275_/X
 _53276_/Y
 _53277_/Y
 _53278_/Y
 _53279_/X
 _53280_/Y
 _53281_/Y
 _53282_/Y
 _53283_/X
 _53284_/Y
 _53285_/X
 _53286_/X
 _53287_/X
 _53288_/X
 _53289_/X
 _53290_/X
 _53291_/Y
 _53292_/Y
 _53293_/Y
 _53294_/Y
 _53295_/Y
 _53296_/Y
 _53297_/X
 _53298_/Y
 _53299_/Y
 _53300_/Y
 _53301_/Y
 _53302_/X
 _53303_/Y
 _53304_/Y
 _53305_/Y
 _53306_/Y
 _53307_/Y
 _53308_/Y
 _53309_/Y
 _53310_/Y
 _53311_/X
 _53312_/X
 _53313_/X
 _53314_/Y
 _53315_/X
 _53316_/Y
 _53317_/Y
 _53318_/Y
 _53319_/X
 _53320_/Y
 _53321_/X
 _53322_/X
 _53323_/X
 _53324_/X
 _53325_/X
 _53326_/X
 _53327_/X
 _53328_/Y
 _53329_/Y
 _53330_/X
 _53331_/Y
 _53332_/Y
 _53333_/X
 _53334_/Y
 _53335_/X
 _53336_/X
 _53337_/Y
 _53338_/X
 _53339_/Y
 _53340_/Y
 _53341_/Y
 _53342_/X
 _53343_/Y
 _53344_/Y
 _53345_/X
 _53346_/Y
 _53347_/Y
 _53348_/X
 _53349_/Y
 _53350_/Y
 _53351_/X
 _53352_/X
 _53353_/Y
 _53354_/X
 _53355_/X
 _53356_/X
 _53357_/Y
 _53358_/Y
 _53359_/X
 _53360_/Y
 _53361_/X
 _53362_/X
 _53363_/Y
 _53364_/X
 _53365_/X
 _53366_/X
 _53367_/X
 _53368_/Y
 _53369_/Y
 _53370_/Y
 _53371_/Y
 _53372_/X
 _53373_/X
 _53374_/Y
 _53375_/X
 _53376_/X
 _53377_/X
 _53378_/X
 _53379_/X
 _53380_/X
 _53381_/X
 _53382_/X
 _53383_/Y
 _53384_/X
 _53385_/X
 _53386_/X
 _53387_/X
 _53388_/Y
 _53389_/Y
 _53390_/X
 _53391_/Y
 _53392_/Y
 _53393_/Y
 _53394_/X
 _53395_/X
 _53396_/X
 _53397_/X
 _53398_/Y
 _53399_/X
 _53400_/X
 _53401_/Y
 _53402_/X
 _53403_/X
 _53404_/X
 _53405_/Y
 _53406_/X
 _53407_/X
 _53408_/Y
 _53409_/X
 _53410_/X
 _53411_/X
 _53412_/X
 _53413_/X
 _53414_/X
 _53415_/X
 _53416_/X
 _53417_/Y
 _53418_/X
 _53419_/X
 _53420_/X
 _53421_/Y
 _53422_/X
 _53423_/X
 _53424_/X
 _53425_/X
 _53426_/Y
 _53427_/X
 _53428_/X
 _53429_/Y
 _53430_/Y
 _53431_/X
 _53432_/Y
 _53433_/Y
 _53434_/X
 _53435_/Y
 _53436_/X
 _53437_/X
 _53438_/X
 _53439_/X
 _53440_/X
 _53441_/Y
 _53442_/X
 _53443_/X
 _53444_/X
 _53445_/X
 _53446_/X
 _53447_/X
 _53448_/X
 _53449_/X
 _53450_/X
 _53451_/X
 _53452_/Y
 _53453_/X
 _53454_/Y
 _53455_/X
 _53456_/X
 _53457_/Y
 _53458_/Y
 _53459_/X
 _53460_/X
 _53461_/X
 _53462_/Y
 _53463_/Y
 _53464_/Y
 _53465_/Y
 _53466_/Y
 _53467_/Y
 _53468_/Y
 _53469_/X
 _53470_/Y
 _53471_/X
 _53472_/X
 _53473_/X
 _53474_/Y
 _53475_/Y
 _53476_/Y
 _53477_/X
 _53478_/X
 _53479_/Y
 _53480_/X
 _53481_/Y
 _53482_/Y
 _53483_/X
 _53484_/X
 _53485_/X
 _53486_/X
 _53487_/Y
 _53488_/Y
 _53489_/Y
 _53490_/Y
 _53491_/Y
 _53492_/Y
 _53493_/Y
 _53494_/X
 _53495_/Y
 _53496_/Y
 _53497_/X
 _53498_/Y
 _53499_/X
 _53500_/Y
 _53501_/X
 _53502_/Y
 _53503_/X
 _53504_/X
 _53505_/Y
 _53506_/Y
 _53507_/Y
 _53508_/Y
 _53509_/X
 _53510_/Y
 _53511_/Y
 _53512_/Y
 _53513_/Y
 _53514_/X
 _53515_/Y
 _53516_/Y
 _53517_/Y
 _53518_/Y
 _53519_/X
 _53520_/X
 _53521_/X
 _53522_/Y
 _53523_/Y
 _53524_/Y
 _53525_/X
 _53526_/Y
 _53527_/Y
 _53528_/X
 _53529_/Y
 _53530_/X
 _53531_/X
 _53532_/X
 _53533_/X
 _53534_/Y
 _53535_/X
 _53536_/Y
 _53537_/Y
 _53538_/Y
 _53539_/Y
 _53540_/X
 _53541_/Y
 _53542_/X
 _53543_/Y
 _53544_/Y
 _53545_/X
 _53546_/X
 _53547_/Y
 _53548_/Y
 _53549_/Y
 _53550_/Y
 _53551_/Y
 _53552_/Y
 _53553_/X
 _53554_/Y
 _53555_/Y
 _53556_/X
 _53557_/X
 _53558_/Y
 _53559_/Y
 _53560_/Y
 _53561_/Y
 _53562_/X
 _53563_/Y
 _53564_/X
 _53565_/X
 _53566_/Y
 _53567_/X
 _53568_/Y
 _53569_/X
 _53570_/X
 _53571_/Y
 _53572_/Y
 _53573_/Y
 _53574_/Y
 _53575_/X
 _53576_/X
 _53577_/X
 _53578_/X
 _53579_/Y
 _53580_/Y
 _53581_/Y
 _53582_/X
 _53583_/X
 _53584_/X
 _53585_/X
 _53586_/X
 _53587_/X
 _53588_/X
 _53589_/X
 _53590_/X
 _53591_/X
 _53592_/Y
 _53593_/Y
 _53594_/Y
 _53595_/Y
 _53596_/Y
 _53597_/X
 _53598_/Y
 _53599_/Y
 _53600_/Y
 _53601_/X
 _53602_/Y
 _53603_/X
 _53604_/X
 _53605_/Y
 _53606_/X
 _53607_/X
 _53608_/X
 _53609_/X
 _53610_/X
 _53611_/Y
 _53612_/X
 _53613_/Y
 _53614_/X
 _53615_/Y
 _53616_/X
 _53617_/Y
 _53618_/Y
 _53619_/X
 _53620_/X
 _53621_/X
 _53622_/X
 _53623_/X
 _53624_/Y
 _53625_/X
 _53626_/Y
 _53627_/Y
 _53628_/X
 _53629_/X
 _53630_/Y
 _53631_/Y
 _53632_/X
 _53633_/Y
 _53634_/X
 _53635_/Y
 _53636_/Y
 _53637_/X
 _53638_/Y
 _53639_/Y
 _53640_/Y
 _53641_/Y
 _53642_/Y
 _53643_/X
 _53644_/X
 _53645_/Y
 _53646_/X
 _53647_/Y
 _53648_/Y
 _53649_/X
 _53650_/Y
 _53651_/Y
 _53652_/Y
 _53653_/Y
 _53654_/X
 _53655_/Y
 _53656_/X
 _53657_/Y
 _53658_/X
 _53659_/Y
 _53660_/Y
 _53661_/X
 _53662_/X
 _53663_/Y
 _53664_/X
 _53665_/Y
 _53666_/X
 _53667_/X
 _53668_/X
 _53669_/Y
 _53670_/X
 _53671_/X
 _53672_/Y
 _53673_/X
 _53674_/Y
 _53675_/Y
 _53676_/Y
 _53677_/Y
 _53678_/Y
 _53679_/X
 _53680_/X
 _53681_/X
 _53682_/X
 _53683_/Y
 _53684_/Y
 _53685_/Y
 _53686_/X
 _53687_/X
 _53688_/X
 _53689_/X
 _53690_/Y
 _53691_/Y
 _53692_/X
 _53693_/X
 _53694_/Y
 _53695_/X
 _53696_/X
 _53697_/Y
 _53698_/X
 _53699_/X
 _53700_/Y
 _53701_/Y
 _53702_/Y
 _53703_/Y
 _53704_/Y
 _53705_/Y
 _53706_/Y
 _53707_/X
 _53708_/X
 _53709_/Y
 _53710_/Y
 _53711_/X
 _53712_/Y
 _53713_/Y
 _53714_/Y
 _53715_/Y
 _53716_/X
 _53717_/Y
 _53718_/X
 _53719_/Y
 _53720_/X
 _53721_/X
 _53722_/Y
 _53723_/X
 _53724_/Y
 _53725_/Y
 _53726_/Y
 _53727_/Y
 _53728_/X
 _53729_/X
 _53730_/X
 _53731_/Y
 _53732_/Y
 _53733_/X
 _53734_/Y
 _53735_/X
 _53736_/Y
 _53737_/X
 _53738_/Y
 _53739_/X
 _53740_/X
 _53741_/Y
 _53742_/Y
 _53743_/Y
 _53744_/Y
 _53745_/Y
 _53746_/X
 _53747_/X
 _53748_/X
 _53749_/Y
 _53750_/Y
 _53751_/X
 _53752_/Y
 _53753_/Y
 _53754_/X
 _53755_/Y
 _53756_/Y
 _53757_/Y
 _53758_/Y
 _53759_/Y
 _53760_/Y
 _53761_/X
 _53762_/X
 _53763_/Y
 _53764_/Y
 _53765_/Y
 _53766_/X
 _53767_/X
 _53768_/X
 _53769_/Y
 _53770_/Y
 _53771_/Y
 _53772_/Y
 _53773_/Y
 _53774_/X
 _53775_/Y
 _53776_/Y
 _53777_/Y
 _53778_/X
 _53779_/X
 _53780_/Y
 _53781_/X
 _53782_/X
 _53783_/Y
 _53784_/X
 _53785_/X
 _53786_/Y
 _53787_/Y
 _53788_/Y
 _53789_/Y
 _53790_/Y
 _53791_/Y
 _53792_/X
 _53793_/Y
 _53794_/Y
 _53795_/Y
 _53796_/X
 _53797_/X
 _53798_/X
 _53799_/Y
 _53800_/Y
 _53801_/Y
 _53802_/Y
 _53803_/Y
 _53804_/Y
 _53805_/X
 _53806_/X
 _53807_/X
 _53808_/Y
 _53809_/X
 _53810_/X
 _53811_/Y
 _53812_/Y
 _53813_/Y
 _53814_/Y
 _53815_/Y
 _53816_/Y
 _53817_/X
 _53818_/X
 _53819_/Y
 _53820_/Y
 _53821_/Y
 _53822_/Y
 _53823_/Y
 _53824_/X
 _53825_/X
 _53826_/Y
 _53827_/X
 _53828_/Y
 _53829_/X
 _53830_/Y
 _53831_/X
 _53832_/Y
 _53833_/Y
 _53834_/X
 _53835_/Y
 _53836_/X
 _53837_/X
 _53838_/Y
 _53839_/X
 _53840_/X
 _53841_/X
 _53842_/Y
 _53843_/Y
 _53844_/X
 _53845_/X
 _53846_/X
 _53847_/X
 _53848_/X
 _53849_/X
 _53850_/X
 _53851_/X
 _53852_/Y
 _53853_/Y
 _53854_/Y
 _53855_/Y
 _53856_/X
 _53857_/Y
 _53858_/X
 _53859_/Y
 _53860_/X
 _53861_/Y
 _53862_/X
 _53863_/Y
 _53864_/X
 _53865_/X
 _53866_/Y
 _53867_/X
 _53868_/X
 _53869_/X
 _53870_/Y
 _53871_/Y
 _53872_/X
 _53873_/Y
 _53874_/X
 _53875_/Y
 _53876_/X
 _53877_/X
 _53878_/Y
 _53879_/Y
 _53880_/X
 _53881_/X
 _53882_/X
 _53883_/Y
 _53884_/X
 _53885_/Y
 _53886_/Y
 _53887_/X
 _53888_/Y
 _53889_/X
 _53890_/Y
 _53891_/X
 _53892_/Y
 _53893_/X
 _53894_/X
 _53895_/Y
 _53896_/X
 _53897_/X
 _53898_/X
 _53899_/X
 _53900_/X
 _53901_/X
 _53902_/X
 _53903_/X
 _53904_/X
 _53905_/Y
 _53906_/Y
 _53907_/X
 _53908_/X
 _53909_/X
 _53910_/X
 _53911_/Y
 _53912_/Y
 _53913_/X
 _53914_/X
 _53915_/Y
 _53916_/Y
 _53917_/Y
 _53918_/X
 _53919_/Y
 _53920_/X
 _53921_/X
 _53922_/X
 _53923_/X
 _53924_/Y
 _53925_/X
 _53926_/X
 _53927_/X
 _53928_/X
 _53929_/Y
 _53930_/X
 _53931_/X
 _53932_/X
 _53933_/X
 _53934_/Y
 _53935_/Y
 _53936_/X
 _53937_/Y
 _53938_/X
 _53939_/Y
 _53940_/X
 _53941_/Y
 _53942_/Y
 _53943_/X
 _53944_/X
 _53945_/X
 _53946_/Y
 _53947_/Y
 _53948_/X
 _53949_/Y
 _53950_/X
 _53951_/X
 _53952_/Y
 _53953_/X
 _53954_/Y
 _53955_/Y
 _53956_/X
 _53957_/X
 _53958_/X
 _53959_/X
 _53960_/X
 _53961_/Y
 _53962_/X
 _53963_/Y
 _53964_/Y
 _53965_/Y
 _53966_/Y
 _53967_/X
 _53968_/X
 _53969_/Y
 _53970_/X
 _53971_/X
 _53972_/X
 _53973_/Y
 _53974_/X
 _53975_/Y
 _53976_/X
 _53977_/Y
 _53978_/Y
 _53979_/Y
 _53980_/Y
 _53981_/X
 _53982_/X
 _53983_/Y
 _53984_/X
 _53985_/X
 _53986_/Y
 _53987_/X
 _53988_/X
 _53989_/X
 _53990_/X
 _53991_/Y
 _53992_/Y
 _53993_/Y
 _53994_/X
 _53995_/Y
 _53996_/X
 _53997_/Y
 _53998_/Y
 _53999_/Y
 _54000_/Y
 _54001_/X
 _54002_/X
 _54003_/X
 _54004_/Y
 _54005_/Y
 _54006_/X
 _54007_/X
 _54008_/X
 _54009_/X
 _54010_/Y
 _54011_/X
 _54012_/X
 _54013_/Y
 _54014_/Y
 _54015_/X
 _54016_/Y
 _54017_/Y
 _54018_/Y
 _54019_/Y
 _54020_/X
 _54021_/X
 _54022_/X
 _54023_/X
 _54024_/Y
 _54025_/Y
 _54026_/Y
 _54027_/Y
 _54028_/Y
 _54029_/Y
 _54030_/X
 _54031_/X
 _54032_/X
 _54033_/X
 _54034_/Y
 _54035_/Y
 _54036_/Y
 _54037_/X
 _54038_/Y
 _54039_/Y
 _54040_/Y
 _54041_/X
 _54042_/X
 _54043_/Y
 _54044_/X
 _54045_/X
 _54046_/Y
 _54047_/Y
 _54048_/Y
 _54049_/Y
 _54050_/X
 _54051_/X
 _54052_/Y
 _54053_/X
 _54054_/X
 _54055_/X
 _54056_/X
 _54057_/X
 _54058_/X
 _54059_/X
 _54060_/Y
 _54061_/Y
 _54062_/Y
 _54063_/Q
 _54064_/Q
 _54065_/Q
 _54066_/Q
 _54067_/Q
 _54068_/Q
 _54069_/Q
 _54070_/Q
 _54071_/Q
 _54072_/Q
 _54073_/Q
 _54074_/Q
 _54075_/Q
 _54076_/Q
 _54077_/Q
 _54078_/Q
 _54079_/Q
 _54080_/Q
 _54081_/Q
 _54082_/Q
 _54083_/Q
 _54084_/Q
 _54085_/Q
 _54086_/Q
 _54087_/Q
 _54088_/Q
 _54089_/Q
 _54090_/Q
 _54091_/Q
 _54092_/Q
 _54093_/Q
 _54094_/Q
 _54095_/Q
 _54096_/Q
 _54097_/Q
 _54098_/Q
 _54099_/Q
 _54100_/Q
 _54101_/Q
 _54102_/Q
 _54103_/Q
 _54104_/Q
 _54105_/Q
 _54106_/Q
 _54107_/Q
 _54108_/Q
 _54109_/Q
 _54110_/Q
 _54111_/Q
 _54112_/Q
 _54113_/Q
 _54114_/Q
 _54115_/Q
 _54116_/Q
 _54117_/Q
 _54118_/Q
 _54119_/Q
 _54119__648/HI
 _54119__648/LO
 _54120_/Q
 _54121_/Q
 _54122_/Q
 _54123_/Q
 _54124_/Q
 _54125_/Q
 _54126_/Q
 _54127_/Q
 _54128_/Q
 _54129_/Q
 _54130_/Q
 _54131_/Q
 _54132_/Q
 _54133_/Q
 _54134_/Q
 _54135_/Q
 _54136_/Q
 _54137_/Q
 _54138_/Q
 _54139_/Q
 _54140_/Q
 _54141_/Q
 _54142_/Q
 _54143_/Q
 _54144_/Q
 _54145_/Q
 _54146_/Q
 _54147_/Q
 _54148_/Q
 _54149_/Q
 _54150_/Q
 _54151_/Q
 _54152_/Q
 _54153_/Q
 _54154_/Q
 _54155_/Q
 _54156_/Q
 _54157_/Q
 _54158_/Q
 _54159_/Q
 _54160_/Q
 _54161_/Q
 _54162_/Q
 _54163_/Q
 _54164_/Q
 _54165_/Q
 _54166_/Q
 _54167_/Q
 _54168_/Q
 _54169_/Q
 _54170_/Q
 _54171_/Q
 _54172_/Q
 _54173_/Q
 _54174_/Q
 _54175_/Q
 _54176_/Q
 _54177_/Q
 _54178_/Q
 _54179_/Q
 _54180_/Q
 _54181_/Q
 _54182_/Q
 _54183_/Q
 _54184_/Q
 _54185_/Q
 _54186_/Q
 _54187_/Q
 _54188_/Q
 _54189_/Q
 _54190_/Q
 _54191_/Q
 _54192_/Q
 _54193_/Q
 _54194_/Q
 _54195_/Q
 _54196_/Q
 _54197_/Q
 _54198_/Q
 _54199_/Q
 _54200_/Q
 _54201_/Q
 _54202_/Q
 _54203_/Q
 _54204_/Q
 _54205_/Q
 _54206_/Q
 _54207_/Q
 _54208_/Q
 _54209_/Q
 _54210_/Q
 _54211_/Q
 _54212_/Q
 _54213_/Q
 _54214_/Q
 _54215_/Q
 _54216_/Q
 _54217_/Q
 _54218_/Q
 _54219_/Q
 _54220_/Q
 _54221_/Q
 _54222_/Q
 _54223_/Q
 _54224_/Q
 _54225_/Q
 _54226_/Q
 _54227_/Q
 _54228_/Q
 _54229_/Q
 _54230_/Q
 _54231_/Q
 _54232_/Q
 _54233_/Q
 _54234_/Q
 _54235_/Q
 _54236_/Q
 _54237_/Q
 _54238_/Q
 _54239_/Q
 _54240_/Q
 _54241_/Q
 _54242_/Q
 _54243_/Q
 _54244_/Q
 _54245_/Q
 _54246_/Q
 _54247_/Q
 _54248_/Q
 _54249_/Q
 _54250_/Q
 _54251_/Q
 _54252_/Q
 _54253_/Q
 _54254_/Q
 _54255_/Q
 _54256_/Q
 _54257_/Q
 _54258_/Q
 _54259_/Q
 _54260_/Q
 _54261_/Q
 _54262_/Q
 _54263_/Q
 _54264_/Q
 _54265_/Q
 _54266_/Q
 _54267_/Q
 _54268_/Q
 _54269_/Q
 _54270_/Q
 _54271_/Q
 _54272_/Q
 _54273_/Q
 _54274_/Q
 _54275_/Q
 _54276_/Q
 _54277_/Q
 _54278_/Q
 _54279_/Q
 _54280_/Q
 _54281_/Q
 _54282_/Q
 _54283_/Q
 _54284_/Q
 _54285_/Q
 _54286_/Q
 _54287_/Q
 _54288_/Q
 _54289_/Q
 _54290_/Q
 _54291_/Q
 _54292_/Q
 _54293_/Q
 _54294_/Q
 _54295_/Q
 _54296_/Q
 _54297_/Q
 _54298_/Q
 _54299_/Q
 _54300_/Q
 _54301_/Q
 _54302_/Q
 _54303_/Q
 _54304_/Q
 _54305_/Q
 _54306_/Q
 _54307_/Q
 _54308_/Q
 _54309_/Q
 _54310_/Q
 _54311_/Q
 _54312_/Q
 _54313_/Q
 _54314_/Q
 _54315_/Q
 _54316_/Q
 _54317_/Q
 _54318_/Q
 _54319_/Q
 _54320_/Q
 _54321_/Q
 _54322_/Q
 _54323_/Q
 _54324_/Q
 _54325_/Q
 _54326_/Q
 _54327_/Q
 _54328_/Q
 _54329_/Q
 _54330_/Q
 _54331_/Q
 _54332_/Q
 _54333_/Q
 _54334_/Q
 _54335_/Q
 _54336_/Q
 _54337_/Q
 _54338_/Q
 _54339_/Q
 _54340_/Q
 _54341_/Q
 _54342_/Q
 _54343_/Q
 _54344_/Q
 _54345_/Q
 _54346_/Q
 _54347_/Q
 _54348_/Q
 _54349_/Q
 _54350_/Q
 _54351_/Q
 _54352_/Q
 _54353_/Q
 _54354_/Q
 _54355_/Q
 _54356_/Q
 _54357_/Q
 _54358_/Q
 _54359_/Q
 _54360_/Q
 _54361_/Q
 _54362_/Q
 _54363_/Q
 _54364_/Q
 _54365_/Q
 _54366_/Q
 _54367_/Q
 _54368_/Q
 _54369_/Q
 _54370_/Q
 _54371_/Q
 _54372_/Q
 _54373_/Q
 _54374_/Q
 _54375_/Q
 _54376_/Q
 _54377_/Q
 _54378_/Q
 _54379_/Q
 _54380_/Q
 _54381_/Q
 _54382_/Q
 _54383_/Q
 _54384_/Q
 _54385_/Q
 _54386_/Q
 _54387_/Q
 _54388_/Q
 _54389_/Q
 _54390_/Q
 _54391_/Q
 _54392_/Q
 _54393_/Q
 _54394_/Q
 _54395_/Q
 _54396_/Q
 _54397_/Q
 _54398_/Q
 _54399_/Q
 _54400_/Q
 _54401_/Q
 _54402_/Q
 _54403_/Q
 _54404_/Q
 _54405_/Q
 _54406_/Q
 _54407_/Q
 _54408_/Q
 _54409_/Q
 _54410_/Q
 _54411_/Q
 _54412_/Q
 _54413_/Q
 _54414_/Q
 _54415_/Q
 _54416_/Q
 _54417_/Q
 _54418_/Q
 _54419_/Q
 _54420_/Q
 _54421_/Q
 _54422_/Q
 _54423_/Q
 _54424_/Q
 _54425_/Q
 _54426_/Q
 _54427_/Q
 _54428_/Q
 _54429_/Q
 _54430_/Q
 _54431_/Q
 _54432_/Q
 _54433_/Q
 _54434_/Q
 _54435_/Q
 _54436_/Q
 _54437_/Q
 _54438_/Q
 _54439_/Q
 _54440_/Q
 _54441_/Q
 _54442_/Q
 _54443_/Q
 _54444_/Q
 _54445_/Q
 _54446_/Q
 _54447_/Q
 _54448_/Q
 _54449_/Q
 _54450_/Q
 _54451_/Q
 _54452_/Q
 _54453_/Q
 _54454_/Q
 _54455_/Q
 _54456_/Q
 _54457_/Q
 _54458_/Q
 _54459_/Q
 _54460_/Q
 _54461_/Q
 _54462_/Q
 _54463_/Q
 _54464_/Q
 _54465_/Q
 _54466_/Q
 _54467_/Q
 _54468_/Q
 _54469_/Q
 _54470_/Q
 _54471_/Q
 _54472_/Q
 _54473_/Q
 _54474_/Q
 _54475_/Q
 _54476_/Q
 _54477_/Q
 _54478_/Q
 _54479_/Q
 _54480_/Q
 _54481_/Q
 _54482_/Q
 _54483_/Q
 _54484_/Q
 _54485_/Q
 _54486_/Q
 _54487_/Q
 _54488_/Q
 _54489_/Q
 _54490_/Q
 _54491_/Q
 _54492_/Q
 _54493_/Q
 _54494_/Q
 _54495_/Q
 _54496_/Q
 _54497_/Q
 _54498_/Q
 _54499_/Q
 _54500_/Q
 _54501_/Q
 _54502_/Q
 _54503_/Q
 _54504_/Q
 _54505_/Q
 _54506_/Q
 _54507_/Q
 _54508_/Q
 _54509_/Q
 _54510_/Q
 _54511_/Q
 _54512_/Q
 _54513_/Q
 _54514_/Q
 _54515_/Q
 _54516_/Q
 _54517_/Q
 _54518_/Q
 _54519_/Q
 _54520_/Q
 _54521_/Q
 _54522_/Q
 _54523_/Q
 _54524_/Q
 _54525_/Q
 _54526_/Q
 _54527_/Q
 _54528_/Q
 _54529_/Q
 _54530_/Q
 _54531_/Q
 _54532_/Q
 _54533_/Q
 _54534_/Q
 _54535_/Q
 _54536_/Q
 _54537_/Q
 _54538_/Q
 _54539_/Q
 _54540_/Q
 _54541_/Q
 _54542_/Q
 _54543_/Q
 _54544_/Q
 _54545_/Q
 _54546_/Q
 _54547_/Q
 _54548_/Q
 _54549_/Q
 _54550_/Q
 _54551_/Q
 _54552_/Q
 _54553_/Q
 _54554_/Q
 _54555_/Q
 _54556_/Q
 _54557_/Q
 _54558_/Q
 _54559_/Q
 _54560_/Q
 _54561_/Q
 _54562_/Q
 _54563_/Q
 _54564_/Q
 _54565_/Q
 _54566_/Q
 _54567_/Q
 _54568_/Q
 _54569_/Q
 _54570_/Q
 _54571_/Q
 _54572_/Q
 _54573_/Q
 _54574_/Q
 _54575_/Q
 _54576_/Q
 _54577_/Q
 _54578_/Q
 _54579_/Q
 _54580_/Q
 _54581_/Q
 _54582_/Q
 _54583_/Q
 _54584_/Q
 _54585_/Q
 _54586_/Q
 _54587_/Q
 _54588_/Q
 _54589_/Q
 _54590_/Q
 _54591_/Q
 _54592_/Q
 _54593_/Q
 _54594_/Q
 _54595_/Q
 _54596_/Q
 _54597_/Q
 _54598_/Q
 _54599_/Q
 _54600_/Q
 _54601_/Q
 _54602_/Q
 _54603_/Q
 _54604_/Q
 _54605_/Q
 _54606_/Q
 _54607_/Q
 _54608_/Q
 _54609_/Q
 _54610_/Q
 _54611_/Q
 _54612_/Q
 _54613_/Q
 _54614_/Q
 _54615_/Q
 _54616_/Q
 _54617_/Q
 _54618_/Q
 _54619_/Q
 _54620_/Q
 _54621_/Q
 _54622_/Q
 _54623_/Q
 _54624_/Q
 _54625_/Q
 _54626_/Q
 _54627_/Q
 _54628_/Q
 _54629_/Q
 _54630_/Q
 _54631_/Q
 _54632_/Q
 _54633_/Q
 _54634_/Q
 _54635_/Q
 _54636_/Q
 _54637_/Q
 _54638_/Q
 _54639_/Q
 _54640_/Q
 _54641_/Q
 _54642_/Q
 _54643_/Q
 _54644_/Q
 _54645_/Q
 _54646_/Q
 _54647_/Q
 _54648_/Q
 _54649_/Q
 _54650_/Q
 _54651_/Q
 _54652_/Q
 _54653_/Q
 _54654_/Q
 _54655_/Q
 _54656_/Q
 _54657_/Q
 _54658_/Q
 _54659_/Q
 _54660_/Q
 _54661_/Q
 _54662_/Q
 _54663_/Q
 _54664_/Q
 _54665_/Q
 _54666_/Q
 _54667_/Q
 _54668_/Q
 _54669_/Q
 _54670_/Q
 _54671_/Q
 _54672_/Q
 _54673_/Q
 _54674_/Q
 _54675_/Q
 _54676_/Q
 _54677_/Q
 _54678_/Q
 _54679_/Q
 _54680_/Q
 _54681_/Q
 _54682_/Q
 _54683_/Q
 _54684_/Q
 _54685_/Q
 _54686_/Q
 _54687_/Q
 _54688_/Q
 _54689_/Q
 _54690_/Q
 _54691_/Q
 _54692_/Q
 _54693_/Q
 _54694_/Q
 _54695_/Q
 _54696_/Q
 _54697_/Q
 _54698_/Q
 _54699_/Q
 _54700_/Q
 _54701_/Q
 _54702_/Q
 _54703_/Q
 _54704_/Q
 _54705_/Q
 _54706_/Q
 _54707_/Q
 _54708_/Q
 _54709_/Q
 _54710_/Q
 _54711_/Q
 _54712_/Q
 _54713_/Q
 _54714_/Q
 _54715_/Q
 _54716_/Q
 _54717_/Q
 _54718_/Q
 _54719_/Q
 _54720_/Q
 _54721_/Q
 _54722_/Q
 _54723_/Q
 _54724_/Q
 _54725_/Q
 _54726_/Q
 _54727_/Q
 _54728_/Q
 _54729_/Q
 _54730_/Q
 _54731_/Q
 _54732_/Q
 _54733_/Q
 _54734_/Q
 _54735_/Q
 _54736_/Q
 _54737_/Q
 _54738_/Q
 _54739_/Q
 _54740_/Q
 _54741_/Q
 _54742_/Q
 _54743_/Q
 _54744_/Q
 _54745_/Q
 _54746_/Q
 _54747_/Q
 _54748_/Q
 _54749_/Q
 _54750_/Q
 _54751_/Q
 _54752_/Q
 _54753_/Q
 _54754_/Q
 _54755_/Q
 _54756_/Q
 _54757_/Q
 _54758_/Q
 _54759_/Q
 _54760_/Q
 _54761_/Q
 _54762_/Q
 _54763_/Q
 _54764_/Q
 _54765_/Q
 _54766_/Q
 _54767_/Q
 _54768_/Q
 _54769_/Q
 _54770_/Q
 _54771_/Q
 _54772_/Q
 _54773_/Q
 _54774_/Q
 _54775_/Q
 _54776_/Q
 _54777_/Q
 _54778_/Q
 _54779_/Q
 _54780_/Q
 _54781_/Q
 _54782_/Q
 _54783_/Q
 _54784_/Q
 _54785_/Q
 _54786_/Q
 _54787_/Q
 _54788_/Q
 _54789_/Q
 _54790_/Q
 _54791_/Q
 _54792_/Q
 _54793_/Q
 _54794_/Q
 _54795_/Q
 _54796_/Q
 _54797_/Q
 _54798_/Q
 _54799_/Q
 _54800_/Q
 _54801_/Q
 _54802_/Q
 _54803_/Q
 _54804_/Q
 _54805_/Q
 _54806_/Q
 _54807_/Q
 _54808_/Q
 _54809_/Q
 _54810_/Q
 _54811_/Q
 _54812_/Q
 _54813_/Q
 _54814_/Q
 _54815_/Q
 _54816_/Q
 _54817_/Q
 _54818_/Q
 _54819_/Q
 _54820_/Q
 _54821_/Q
 _54822_/Q
 _54823_/Q
 _54824_/Q
 _54825_/Q
 _54826_/Q
 _54827_/Q
 _54828_/Q
 _54829_/Q
 _54830_/Q
 _54831_/Q
 _54832_/Q
 _54833_/Q
 _54834_/Q
 _54835_/Q
 _54836_/Q
 _54837_/Q
 _54838_/Q
 _54839_/Q
 _54840_/Q
 _54841_/Q
 _54842_/Q
 _54843_/Q
 _54844_/Q
 _54845_/Q
 _54846_/Q
 _54847_/Q
 _54848_/Q
 _54849_/Q
 _54850_/Q
 _54851_/Q
 _54852_/Q
 _54853_/Q
 _54854_/Q
 _54855_/Q
 _54856_/Q
 _54857_/Q
 _54858_/Q
 _54859_/Q
 _54860_/Q
 _54861_/Q
 _54862_/Q
 _54863_/Q
 _54864_/Q
 _54865_/Q
 _54866_/Q
 _54867_/Q
 _54868_/Q
 _54869_/Q
 _54870_/Q
 _54871_/Q
 _54872_/Q
 _54873_/Q
 _54874_/Q
 _54875_/Q
 _54876_/Q
 _54877_/Q
 _54878_/Q
 _54879_/Q
 _54880_/Q
 _54881_/Q
 _54882_/Q
 _54883_/Q
 _54884_/Q
 _54885_/Q
 _54886_/Q
 _54887_/Q
 _54888_/Q
 _54889_/Q
 _54890_/Q
 _54891_/Q
 _54892_/Q
 _54893_/Q
 _54894_/Q
 _54895_/Q
 _54896_/Q
 _54897_/Q
 _54898_/Q
 _54899_/Q
 _54900_/Q
 _54901_/Q
 _54902_/Q
 _54903_/Q
 _54904_/Q
 _54905_/Q
 _54906_/Q
 _54907_/Q
 _54908_/Q
 _54909_/Q
 _54910_/Q
 _54911_/Q
 _54912_/Q
 _54913_/Q
 _54914_/Q
 _54915_/Q
 _54916_/Q
 _54917_/Q
 _54918_/Q
 _54919_/Q
 _54920_/Q
 _54921_/Q
 _54922_/Q
 _54923_/Q
 _54924_/Q
 _54925_/Q
 _54926_/Q
 _54927_/Q
 _54928_/Q
 _54929_/Q
 _54930_/Q
 _54931_/Q
 _54932_/Q
 _54933_/Q
 _54934_/Q
 _54935_/Q
 _54936_/Q
 _54937_/Q
 _54938_/Q
 _54939_/Q
 _54940_/Q
 _54941_/Q
 _54942_/Q
 _54943_/Q
 _54944_/Q
 _54945_/Q
 _54946_/Q
 _54947_/Q
 _54948_/Q
 _54949_/Q
 _54950_/Q
 _54951_/Q
 _54952_/Q
 _54953_/Q
 _54954_/Q
 _54955_/Q
 _54956_/Q
 _54957_/Q
 _54958_/Q
 _54959_/Q
 _54960_/Q
 _54961_/Q
 _54962_/Q
 _54963_/Q
 _54964_/Q
 _54965_/Q
 _54966_/Q
 _54967_/Q
 _54968_/Q
 _54969_/Q
 _54970_/Q
 _54971_/Q
 _54972_/Q
 _54973_/Q
 _54974_/Q
 _54975_/Q
 _54976_/Q
 _54977_/Q
 _54978_/Q
 _54979_/Q
 _54980_/Q
 _54981_/Q
 _54982_/Q
 _54983_/Q
 _54984_/Q
 _54985_/Q
 _54986_/Q
 _54987_/Q
 _54988_/Q
 _54989_/Q
 _54990_/Q
 _54991_/Q
 _54992_/Q
 _54993_/Q
 _54994_/Q
 _54995_/Q
 _54996_/Q
 _54997_/Q
 _54998_/Q
 _54999_/Q
 _55000_/Q
 _55001_/Q
 _55002_/Q
 _55003_/Q
 _55004_/Q
 _55005_/Q
 _55006_/Q
 _55007_/Q
 _55008_/Q
 _55009_/Q
 _55010_/Q
 _55011_/Q
 _55012_/Q
 _55013_/Q
 _55014_/Q
 _55015_/Q
 _55016_/Q
 _55017_/Q
 _55018_/Q
 _55019_/Q
 _55020_/Q
 _55021_/Q
 _55022_/Q
 _55023_/Q
 _55024_/Q
 _55025_/Q
 _55026_/Q
 _55027_/Q
 _55028_/Q
 _55029_/Q
 _55030_/Q
 _55031_/Q
 _55032_/Q
 _55033_/Q
 _55034_/Q
 _55035_/Q
 _55036_/Q
 _55037_/Q
 _55038_/Q
 _55039_/Q
 _55040_/Q
 _55041_/Q
 _55042_/Q
 _55043_/Q
 _55044_/Q
 _55045_/Q
 _55046_/Q
 _55047_/Q
 _55048_/Q
 _55049_/Q
 _55050_/Q
 _55051_/Q
 _55052_/Q
 _55053_/Q
 _55054_/Q
 _55055_/Q
 _55056_/Q
 _55057_/Q
 _55058_/Q
 _55059_/Q
 _55060_/Q
 _55061_/Q
 _55062_/Q
 _55063_/Q
 _55064_/Q
 _55065_/Q
 _55066_/Q
 _55067_/Q
 _55068_/Q
 _55069_/Q
 _55070_/Q
 _55071_/Q
 _55072_/Q
 _55073_/Q
 _55074_/Q
 _55075_/Q
 _55076_/Q
 _55077_/Q
 _55078_/Q
 _55079_/Q
 _55080_/Q
 _55081_/Q
 _55082_/Q
 _55083_/Q
 _55084_/Q
 _55085_/Q
 _55086_/Q
 _55087_/Q
 _55088_/Q
 _55089_/Q
 _55090_/Q
 _55091_/Q
 _55092_/Q
 _55093_/Q
 _55094_/Q
 _55095_/Q
 _55096_/Q
 _55097_/Q
 _55098_/Q
 _55099_/Q
 _55100_/Q
 _55101_/Q
 _55102_/Q
 _55103_/Q
 _55104_/Q
 _55105_/Q
 _55106_/Q
 _55107_/Q
 _55108_/Q
 _55109_/Q
 _55110_/Q
 _55111_/Q
 _55112_/Q
 _55113_/Q
 _55114_/Q
 _55115_/Q
 _55116_/Q
 _55117_/Q
 _55118_/Q
 _55119_/Q
 _55120_/Q
 _55121_/Q
 _55122_/Q
 _55123_/Q
 _55124_/Q
 _55125_/Q
 _55126_/Q
 _55127_/Q
 _55128_/Q
 _55129_/Q
 _55130_/Q
 _55131_/Q
 _55132_/Q
 _55133_/Q
 _55134_/Q
 _55135_/Q
 _55136_/Q
 _55137_/Q
 _55138_/Q
 _55139_/Q
 _55140_/Q
 _55141_/Q
 _55142_/Q
 _55143_/Q
 _55144_/Q
 _55145_/Q
 _55146_/Q
 _55147_/Q
 _55148_/Q
 _55149_/Q
 _55150_/Q
 _55151_/Q
 _55152_/Q
 _55153_/Q
 _55154_/Q
 _55155_/Q
 _55156_/Q
 _55157_/Q
 _55158_/Q
 _55159_/Q
 _55160_/Q
 _55161_/Q
 _55162_/Q
 _55163_/Q
 _55164_/Q
 _55165_/Q
 _55166_/Q
 _55167_/Q
 _55168_/Q
 _55169_/Q
 _55170_/Q
 _55171_/Q
 _55172_/Q
 _55173_/Q
 _55174_/Q
 _55175_/Q
 _55176_/Q
 _55177_/Q
 _55178_/Q
 _55179_/Q
 _55180_/Q
 _55181_/Q
 _55182_/Q
 _55183_/Q
 _55184_/Q
 _55185_/Q
 _55186_/Q
 _55187_/Q
 _55188_/Q
 _55189_/Q
 _55190_/Q
 _55191_/Q
 _55192_/Q
 _55193_/Q
 _55194_/Q
 _55195_/Q
 _55196_/Q
 _55197_/Q
 _55198_/Q
 _55199_/Q
 _55200_/Q
 _55201_/Q
 _55202_/Q
 _55203_/Q
 _55204_/Q
 _55205_/Q
 _55206_/Q
 _55207_/Q
 _55208_/Q
 _55209_/Q
 _55210_/Q
 _55211_/Q
 _55212_/Q
 _55213_/Q
 _55214_/Q
 _55215_/Q
 _55216_/Q
 _55217_/Q
 _55218_/Q
 _55219_/Q
 _55220_/Q
 _55221_/Q
 _55222_/Q
 _55223_/Q
 _55224_/Q
 _55225_/Q
 _55226_/Q
 _55227_/Q
 _55228_/Q
 _55229_/Q
 _55230_/Q
 _55231_/Q
 _55232_/Q
 _55233_/Q
 _55234_/Q
 _55235_/Q
 _55236_/Q
 _55237_/Q
 _55238_/Q
 _55239_/Q
 _55240_/Q
 _55241_/Q
 _55242_/Q
 _55243_/Q
 _55244_/Q
 _55245_/Q
 _55246_/Q
 _55247_/Q
 _55248_/Q
 _55249_/Q
 _55250_/Q
 _55251_/Q
 _55252_/Q
 _55253_/Q
 _55254_/Q
 _55255_/Q
 _55256_/Q
 _55257_/Q
 _55258_/Q
 _55259_/Q
 _55260_/Q
 _55261_/Q
 _55262_/Q
 _55263_/Q
 _55264_/Q
 _55265_/Q
 _55266_/Q
 _55267_/Q
 _55268_/Q
 _55269_/Q
 _55270_/Q
 _55271_/Q
 _55272_/Q
 _55273_/Q
 _55274_/Q
 _55275_/Q
 _55276_/Q
 _55277_/Q
 _55278_/Q
 _55279_/Q
 _55280_/Q
 _55281_/Q
 _55282_/Q
 _55283_/Q
 _55284_/Q
 _55285_/Q
 _55286_/Q
 _55287_/Q
 _55288_/Q
 _55289_/Q
 _55290_/Q
 _55291_/Q
 _55292_/Q
 _55293_/Q
 _55294_/Q
 _55295_/Q
 _55296_/Q
 _55297_/Q
 _55298_/Q
 _55299_/Q
 _55300_/Q
 _55301_/Q
 _55302_/Q
 _55303_/Q
 _55304_/Q
 _55305_/Q
 _55306_/Q
 _55307_/Q
 _55308_/Q
 _55309_/Q
 _55310_/Q
 _55311_/Q
 _55312_/Q
 _55313_/Q
 _55314_/Q
 _55315_/Q
 _55316_/Q
 _55317_/Q
 _55318_/Q
 _55319_/Q
 _55320_/Q
 _55321_/Q
 _55322_/Q
 _55323_/Q
 _55324_/Q
 _55325_/Q
 _55326_/Q
 _55327_/Q
 _55328_/Q
 _55329_/Q
 _55330_/Q
 _55331_/Q
 _55332_/Q
 _55333_/Q
 _55334_/Q
 _55335_/Q
 _55336_/Q
 _55337_/Q
 _55338_/Q
 _55339_/Q
 _55340_/Q
 _55341_/Q
 _55342_/Q
 _55343_/Q
 _55344_/Q
 _55345_/Q
 _55346_/Q
 _55347_/Q
 _55348_/Q
 _55349_/Q
 _55350_/Q
 _55351_/Q
 _55352_/Q
 _55353_/Q
 _55354_/Q
 _55355_/Q
 _55356_/Q
 _55357_/Q
 _55358_/Q
 _55359_/Q
 _55360_/Q
 _55361_/Q
 _55362_/Q
 _55363_/Q
 _55364_/Q
 _55365_/Q
 _55366_/Q
 _55367_/Q
 _55368_/Q
 _55369_/Q
 _55370_/Q
 _55371_/Q
 _55372_/Q
 _55373_/Q
 _55374_/Q
 _55375_/Q
 _55376_/Q
 _55377_/Q
 _55378_/Q
 _55379_/Q
 _55380_/Q
 _55381_/Q
 _55382_/Q
 _55383_/Q
 _55384_/Q
 _55385_/Q
 _55386_/Q
 _55387_/Q
 _55388_/Q
 _55389_/Q
 _55390_/Q
 _55391_/Q
 _55392_/Q
 _55393_/Q
 _55394_/Q
 _55395_/Q
 _55396_/Q
 _55397_/Q
 _55398_/Q
 _55399_/Q
 _55400_/Q
 _55401_/Q
 _55402_/Q
 _55403_/Q
 _55404_/Q
 _55405_/Q
 _55406_/Q
 _55407_/Q
 _55408_/Q
 _55409_/Q
 _55410_/Q
 _55411_/Q
 _55412_/Q
 _55413_/Q
 _55414_/Q
 _55415_/Q
 _55416_/Q
 _55417_/Q
 _55418_/Q
 _55419_/Q
 _55420_/Q
 _55421_/Q
 _55422_/Q
 _55423_/Q
 _55424_/Q
 _55425_/Q
 _55426_/Q
 _55427_/Q
 _55428_/Q
 _55429_/Q
 _55430_/Q
 _55431_/Q
 _55432_/Q
 _55433_/Q
 _55434_/Q
 _55435_/Q
 _55436_/Q
 _55437_/Q
 _55438_/Q
 _55439_/Q
 _55440_/Q
 _55441_/Q
 _55442_/Q
 _55443_/Q
 _55444_/Q
 _55445_/Q
 _55446_/Q
 _55447_/Q
 _55448_/Q
 _55449_/Q
 _55450_/Q
 _55451_/Q
 _55452_/Q
 _55453_/Q
 _55454_/Q
 _55455_/Q
 _55456_/Q
 _55457_/Q
 _55458_/Q
 _55459_/Q
 _55460_/Q
 _55461_/Q
 _55462_/Q
 _55463_/Q
 _55464_/Q
 _55465_/Q
 _55466_/Q
 _55467_/Q
 _55468_/Q
 _55469_/Q
 _55470_/Q
 _55471_/Q
 _55472_/Q
 _55473_/Q
 _55474_/Q
 _55475_/Q
 _55476_/Q
 _55477_/Q
 _55478_/Q
 _55479_/Q
 _55480_/Q
 _55481_/Q
 _55482_/Q
 _55483_/Q
 _55484_/Q
 _55485_/Q
 _55486_/Q
 _55487_/Q
 _55488_/Q
 _55489_/Q
 _55490_/Q
 _55491_/Q
 _55492_/Q
 _55493_/Q
 _55494_/Q
 _55495_/Q
 _55496_/Q
 _55497_/Q
 _55498_/Q
 _55499_/Q
 _55500_/Q
 _55501_/Q
 _55502_/Q
 _55503_/Q
 _55504_/Q
 _55505_/Q
 _55506_/Q
 _55507_/Q
 _55508_/Q
 _55509_/Q
 _55510_/Q
 _55511_/Q
 _55512_/Q
 _55513_/Q
 _55514_/Q
 _55515_/Q
 _55516_/Q
 _55517_/Q
 _55518_/Q
 _55519_/Q
 _55520_/Q
 _55521_/Q
 _55522_/Q
 _55523_/Q
 _55524_/Q
 _55525_/Q
 _55526_/Q
 _55527_/Q
 _55528_/Q
 _55529_/Q
 _55530_/Q
 _55531_/Q
 _55532_/Q
 _55533_/Q
 _55534_/Q
 _55535_/Q
 _55536_/Q
 _55537_/Q
 _55538_/Q
 _55539_/Q
 _55540_/Q
 _55541_/Q
 _55542_/Q
 _55543_/Q
 _55544_/Q
 _55545_/Q
 _55546_/Q
 _55547_/Q
 _55548_/Q
 _55549_/Q
 _55550_/Q
 _55551_/Q
 _55552_/Q
 _55553_/Q
 _55554_/Q
 _55555_/Q
 _55556_/Q
 _55557_/Q
 _55558_/Q
 _55559_/Q
 _55560_/Q
 _55561_/Q
 _55562_/Q
 _55563_/Q
 _55564_/Q
 _55565_/Q
 _55566_/Q
 _55567_/Q
 _55568_/Q
 _55569_/Q
 _55570_/Q
 _55571_/Q
 _55572_/Q
 _55573_/Q
 _55574_/Q
 _55575_/Q
 _55576_/Q
 _55577_/Q
 _55578_/Q
 _55579_/Q
 _55580_/Q
 _55581_/Q
 _55582_/Q
 _55583_/Q
 _55584_/Q
 _55585_/Q
 _55586_/Q
 _55587_/Q
 _55588_/Q
 _55589_/Q
 _55590_/Q
 _55591_/Q
 _55592_/Q
 _55593_/Q
 _55594_/Q
 _55595_/Q
 _55596_/Q
 _55597_/Q
 _55598_/Q
 _55599_/Q
 _55600_/Q
 _55601_/Q
 _55602_/Q
 _55603_/Q
 _55604_/Q
 _55605_/Q
 _55606_/Q
 _55607_/Q
 _55608_/Q
 _55609_/Q
 _55610_/Q
 _55611_/Q
 _55612_/Q
 _55613_/Q
 _55614_/Q
 _55615_/Q
 _55616_/Q
 _55617_/Q
 _55618_/Q
 _55619_/Q
 _55620_/Q
 _55621_/Q
 _55622_/Q
 _55623_/Q
 _55624_/Q
 _55625_/Q
 _55626_/Q
 _55627_/Q
 _55628_/Q
 _55629_/Q
 _55630_/Q
 _55631_/Q
 _55632_/Q
 _55633_/Q
 _55634_/Q
 _55635_/Q
 _55636_/Q
 _55637_/Q
 _55638_/Q
 _55639_/Q
 _55640_/Q
 _55641_/Q
 _55642_/Q
 _55643_/Q
 _55644_/Q
 _55645_/Q
 _55646_/Q
 _55647_/Q
 _55648_/Q
 _55649_/Q
 _55650_/Q
 _55651_/Q
 _55652_/Q
 _55653_/Q
 _55654_/Q
 _55655_/Q
 _55656_/Q
 _55657_/Q
 _55658_/Q
 _55659_/Q
 _55660_/Q
 _55661_/Q
 _55662_/Q
 _55663_/Q
 _55664_/Q
 _55665_/Q
 _55666_/Q
 _55667_/Q
 _55668_/Q
 _55669_/Q
 _55670_/Q
 _55671_/Q
 _55672_/Q
 _55673_/Q
 _55674_/Q
 _55675_/Q
 _55676_/Q
 _55677_/Q
 _55678_/Q
 _55679_/Q
 _55680_/Q
 _55681_/Q
 _55682_/Q
 _55683_/Q
 _55684_/Q
 _55685_/Q
 _55686_/Q
 _55687_/Q
 _55688_/Q
 _55689_/Q
 _55690_/Q
 _55691_/Q
 _55692_/Q
 _55693_/Q
 clkbuf_0_clk/X
 clkbuf_2_0_0_clk/X
 clkbuf_2_1_0_clk/X
 clkbuf_2_2_0_clk/X
 clkbuf_2_3_0_clk/X
 clkbuf_3_0_0_clk/X
 clkbuf_3_1_0_clk/X
 clkbuf_3_2_0_clk/X
 clkbuf_3_3_0_clk/X
 clkbuf_3_4_0_clk/X
 clkbuf_3_5_0_clk/X
 clkbuf_3_6_0_clk/X
 clkbuf_3_7_0_clk/X
 clkbuf_5_0__f_clk/X
 clkbuf_5_10__f_clk/X
 clkbuf_5_11__f_clk/X
 clkbuf_5_12__f_clk/X
 clkbuf_5_13__f_clk/X
 clkbuf_5_14__f_clk/X
 clkbuf_5_15__f_clk/X
 clkbuf_5_16__f_clk/X
 clkbuf_5_17__f_clk/X
 clkbuf_5_18__f_clk/X
 clkbuf_5_19__f_clk/X
 clkbuf_5_1__f_clk/X
 clkbuf_5_20__f_clk/X
 clkbuf_5_21__f_clk/X
 clkbuf_5_22__f_clk/X
 clkbuf_5_23__f_clk/X
 clkbuf_5_24__f_clk/X
 clkbuf_5_25__f_clk/X
 clkbuf_5_26__f_clk/X
 clkbuf_5_27__f_clk/X
 clkbuf_5_28__f_clk/X
 clkbuf_5_29__f_clk/X
 clkbuf_5_2__f_clk/X
 clkbuf_5_30__f_clk/X
 clkbuf_5_31__f_clk/X
 clkbuf_5_3__f_clk/X
 clkbuf_5_4__f_clk/X
 clkbuf_5_5__f_clk/X
 clkbuf_5_6__f_clk/X
 clkbuf_5_7__f_clk/X
 clkbuf_5_8__f_clk/X
 clkbuf_5_9__f_clk/X
 clkbuf_leaf_0_clk/X
 clkbuf_leaf_100_clk/X
 clkbuf_leaf_101_clk/X
 clkbuf_leaf_103_clk/X
 clkbuf_leaf_104_clk/X
 clkbuf_leaf_105_clk/X
 clkbuf_leaf_106_clk/X
 clkbuf_leaf_107_clk/X
 clkbuf_leaf_108_clk/X
 clkbuf_leaf_109_clk/X
 clkbuf_leaf_10_clk/X
 clkbuf_leaf_110_clk/X
 clkbuf_leaf_111_clk/X
 clkbuf_leaf_112_clk/X
 clkbuf_leaf_113_clk/X
 clkbuf_leaf_114_clk/X
 clkbuf_leaf_116_clk/X
 clkbuf_leaf_117_clk/X
 clkbuf_leaf_119_clk/X
 clkbuf_leaf_11_clk/X
 clkbuf_leaf_120_clk/X
 clkbuf_leaf_121_clk/X
 clkbuf_leaf_123_clk/X
 clkbuf_leaf_124_clk/X
 clkbuf_leaf_125_clk/X
 clkbuf_leaf_126_clk/X
 clkbuf_leaf_127_clk/X
 clkbuf_leaf_128_clk/X
 clkbuf_leaf_129_clk/X
 clkbuf_leaf_12_clk/X
 clkbuf_leaf_130_clk/X
 clkbuf_leaf_131_clk/X
 clkbuf_leaf_132_clk/X
 clkbuf_leaf_133_clk/X
 clkbuf_leaf_134_clk/X
 clkbuf_leaf_135_clk/X
 clkbuf_leaf_136_clk/X
 clkbuf_leaf_137_clk/X
 clkbuf_leaf_138_clk/X
 clkbuf_leaf_139_clk/X
 clkbuf_leaf_140_clk/X
 clkbuf_leaf_141_clk/X
 clkbuf_leaf_142_clk/X
 clkbuf_leaf_143_clk/X
 clkbuf_leaf_144_clk/X
 clkbuf_leaf_145_clk/X
 clkbuf_leaf_146_clk/X
 clkbuf_leaf_147_clk/X
 clkbuf_leaf_148_clk/X
 clkbuf_leaf_149_clk/X
 clkbuf_leaf_14_clk/X
 clkbuf_leaf_150_clk/X
 clkbuf_leaf_151_clk/X
 clkbuf_leaf_152_clk/X
 clkbuf_leaf_153_clk/X
 clkbuf_leaf_154_clk/X
 clkbuf_leaf_155_clk/X
 clkbuf_leaf_156_clk/X
 clkbuf_leaf_157_clk/X
 clkbuf_leaf_158_clk/X
 clkbuf_leaf_159_clk/X
 clkbuf_leaf_160_clk/X
 clkbuf_leaf_161_clk/X
 clkbuf_leaf_162_clk/X
 clkbuf_leaf_163_clk/X
 clkbuf_leaf_164_clk/X
 clkbuf_leaf_165_clk/X
 clkbuf_leaf_166_clk/X
 clkbuf_leaf_167_clk/X
 clkbuf_leaf_168_clk/X
 clkbuf_leaf_169_clk/X
 clkbuf_leaf_16_clk/X
 clkbuf_leaf_171_clk/X
 clkbuf_leaf_172_clk/X
 clkbuf_leaf_173_clk/X
 clkbuf_leaf_174_clk/X
 clkbuf_leaf_175_clk/X
 clkbuf_leaf_176_clk/X
 clkbuf_leaf_177_clk/X
 clkbuf_leaf_178_clk/X
 clkbuf_leaf_179_clk/X
 clkbuf_leaf_17_clk/X
 clkbuf_leaf_180_clk/X
 clkbuf_leaf_181_clk/X
 clkbuf_leaf_182_clk/X
 clkbuf_leaf_183_clk/X
 clkbuf_leaf_184_clk/X
 clkbuf_leaf_185_clk/X
 clkbuf_leaf_186_clk/X
 clkbuf_leaf_189_clk/X
 clkbuf_leaf_18_clk/X
 clkbuf_leaf_190_clk/X
 clkbuf_leaf_191_clk/X
 clkbuf_leaf_192_clk/X
 clkbuf_leaf_193_clk/X
 clkbuf_leaf_194_clk/X
 clkbuf_leaf_195_clk/X
 clkbuf_leaf_196_clk/X
 clkbuf_leaf_197_clk/X
 clkbuf_leaf_198_clk/X
 clkbuf_leaf_19_clk/X
 clkbuf_leaf_1_clk/X
 clkbuf_leaf_200_clk/X
 clkbuf_leaf_201_clk/X
 clkbuf_leaf_202_clk/X
 clkbuf_leaf_203_clk/X
 clkbuf_leaf_205_clk/X
 clkbuf_leaf_206_clk/X
 clkbuf_leaf_207_clk/X
 clkbuf_leaf_208_clk/X
 clkbuf_leaf_20_clk/X
 clkbuf_leaf_210_clk/X
 clkbuf_leaf_211_clk/X
 clkbuf_leaf_212_clk/X
 clkbuf_leaf_213_clk/X
 clkbuf_leaf_214_clk/X
 clkbuf_leaf_215_clk/X
 clkbuf_leaf_216_clk/X
 clkbuf_leaf_217_clk/X
 clkbuf_leaf_218_clk/X
 clkbuf_leaf_219_clk/X
 clkbuf_leaf_21_clk/X
 clkbuf_leaf_220_clk/X
 clkbuf_leaf_222_clk/X
 clkbuf_leaf_223_clk/X
 clkbuf_leaf_224_clk/X
 clkbuf_leaf_225_clk/X
 clkbuf_leaf_226_clk/X
 clkbuf_leaf_227_clk/X
 clkbuf_leaf_229_clk/X
 clkbuf_leaf_22_clk/X
 clkbuf_leaf_231_clk/X
 clkbuf_leaf_232_clk/X
 clkbuf_leaf_233_clk/X
 clkbuf_leaf_234_clk/X
 clkbuf_leaf_235_clk/X
 clkbuf_leaf_236_clk/X
 clkbuf_leaf_237_clk/X
 clkbuf_leaf_238_clk/X
 clkbuf_leaf_239_clk/X
 clkbuf_leaf_23_clk/X
 clkbuf_leaf_240_clk/X
 clkbuf_leaf_242_clk/X
 clkbuf_leaf_243_clk/X
 clkbuf_leaf_244_clk/X
 clkbuf_leaf_245_clk/X
 clkbuf_leaf_246_clk/X
 clkbuf_leaf_247_clk/X
 clkbuf_leaf_248_clk/X
 clkbuf_leaf_249_clk/X
 clkbuf_leaf_24_clk/X
 clkbuf_leaf_250_clk/X
 clkbuf_leaf_251_clk/X
 clkbuf_leaf_252_clk/X
 clkbuf_leaf_254_clk/X
 clkbuf_leaf_255_clk/X
 clkbuf_leaf_256_clk/X
 clkbuf_leaf_258_clk/X
 clkbuf_leaf_259_clk/X
 clkbuf_leaf_25_clk/X
 clkbuf_leaf_260_clk/X
 clkbuf_leaf_261_clk/X
 clkbuf_leaf_262_clk/X
 clkbuf_leaf_263_clk/X
 clkbuf_leaf_264_clk/X
 clkbuf_leaf_265_clk/X
 clkbuf_leaf_266_clk/X
 clkbuf_leaf_267_clk/X
 clkbuf_leaf_268_clk/X
 clkbuf_leaf_26_clk/X
 clkbuf_leaf_270_clk/X
 clkbuf_leaf_271_clk/X
 clkbuf_leaf_272_clk/X
 clkbuf_leaf_273_clk/X
 clkbuf_leaf_277_clk/X
 clkbuf_leaf_279_clk/X
 clkbuf_leaf_27_clk/X
 clkbuf_leaf_280_clk/X
 clkbuf_leaf_281_clk/X
 clkbuf_leaf_282_clk/X
 clkbuf_leaf_283_clk/X
 clkbuf_leaf_28_clk/X
 clkbuf_leaf_29_clk/X
 clkbuf_leaf_2_clk/X
 clkbuf_leaf_30_clk/X
 clkbuf_leaf_31_clk/X
 clkbuf_leaf_32_clk/X
 clkbuf_leaf_34_clk/X
 clkbuf_leaf_35_clk/X
 clkbuf_leaf_37_clk/X
 clkbuf_leaf_38_clk/X
 clkbuf_leaf_39_clk/X
 clkbuf_leaf_41_clk/X
 clkbuf_leaf_42_clk/X
 clkbuf_leaf_43_clk/X
 clkbuf_leaf_44_clk/X
 clkbuf_leaf_45_clk/X
 clkbuf_leaf_47_clk/X
 clkbuf_leaf_48_clk/X
 clkbuf_leaf_49_clk/X
 clkbuf_leaf_4_clk/X
 clkbuf_leaf_50_clk/X
 clkbuf_leaf_51_clk/X
 clkbuf_leaf_52_clk/X
 clkbuf_leaf_53_clk/X
 clkbuf_leaf_54_clk/X
 clkbuf_leaf_55_clk/X
 clkbuf_leaf_56_clk/X
 clkbuf_leaf_57_clk/X
 clkbuf_leaf_58_clk/X
 clkbuf_leaf_5_clk/X
 clkbuf_leaf_60_clk/X
 clkbuf_leaf_61_clk/X
 clkbuf_leaf_62_clk/X
 clkbuf_leaf_63_clk/X
 clkbuf_leaf_64_clk/X
 clkbuf_leaf_65_clk/X
 clkbuf_leaf_67_clk/X
 clkbuf_leaf_68_clk/X
 clkbuf_leaf_69_clk/X
 clkbuf_leaf_6_clk/X
 clkbuf_leaf_70_clk/X
 clkbuf_leaf_71_clk/X
 clkbuf_leaf_73_clk/X
 clkbuf_leaf_74_clk/X
 clkbuf_leaf_75_clk/X
 clkbuf_leaf_76_clk/X
 clkbuf_leaf_77_clk/X
 clkbuf_leaf_78_clk/X
 clkbuf_leaf_79_clk/X
 clkbuf_leaf_7_clk/X
 clkbuf_leaf_80_clk/X
 clkbuf_leaf_81_clk/X
 clkbuf_leaf_82_clk/X
 clkbuf_leaf_83_clk/X
 clkbuf_leaf_84_clk/X
 clkbuf_leaf_85_clk/X
 clkbuf_leaf_86_clk/X
 clkbuf_leaf_88_clk/X
 clkbuf_leaf_89_clk/X
 clkbuf_leaf_8_clk/X
 clkbuf_leaf_90_clk/X
 clkbuf_leaf_91_clk/X
 clkbuf_leaf_92_clk/X
 clkbuf_leaf_93_clk/X
 clkbuf_leaf_96_clk/X
 clkbuf_leaf_97_clk/X
 clkbuf_leaf_98_clk/X
 clkbuf_leaf_99_clk/X
 clkbuf_leaf_9_clk/X
 fanout100/X
 fanout101/X
 fanout102/X
 fanout103/X
 fanout104/X
 fanout105/X
 fanout106/X
 fanout107/X
 fanout108/X
 fanout109/X
 fanout110/X
 fanout111/X
 fanout112/X
 fanout113/X
 fanout114/X
 fanout115/X
 fanout116/X
 fanout117/X
 fanout118/X
 fanout119/X
 fanout120/X
 fanout121/X
 fanout122/X
 fanout123/X
 fanout124/X
 fanout125/X
 fanout126/X
 fanout127/X
 fanout128/X
 fanout129/X
 fanout130/X
 fanout131/X
 fanout132/X
 fanout133/X
 fanout134/X
 fanout135/X
 fanout136/X
 fanout137/X
 fanout138/X
 fanout139/X
 fanout140/X
 fanout141/X
 fanout142/X
 fanout143/X
 fanout144/X
 fanout145/X
 fanout146/X
 fanout147/X
 fanout148/X
 fanout149/X
 fanout150/X
 fanout151/X
 fanout152/X
 fanout153/X
 fanout154/X
 fanout155/X
 fanout156/X
 fanout157/X
 fanout158/X
 fanout159/X
 fanout160/X
 fanout161/X
 fanout162/X
 fanout163/X
 fanout164/X
 fanout165/X
 fanout166/X
 fanout167/X
 fanout168/X
 fanout169/X
 fanout170/X
 fanout171/X
 fanout172/X
 fanout173/X
 fanout174/X
 fanout175/X
 fanout176/X
 fanout177/X
 fanout178/X
 fanout179/X
 fanout180/X
 fanout181/X
 fanout182/X
 fanout183/X
 fanout184/X
 fanout185/X
 fanout186/X
 fanout187/X
 fanout188/X
 fanout189/X
 fanout190/X
 fanout191/X
 fanout192/X
 fanout193/X
 fanout194/X
 fanout195/X
 fanout196/X
 fanout197/X
 fanout198/X
 fanout199/X
 fanout200/X
 fanout201/X
 fanout202/X
 fanout203/X
 fanout204/X
 fanout205/X
 fanout206/X
 fanout207/X
 fanout208/X
 fanout209/X
 fanout210/X
 fanout211/X
 fanout212/X
 fanout213/X
 fanout214/X
 fanout215/X
 fanout216/X
 fanout217/X
 fanout218/X
 fanout219/X
 fanout220/X
 fanout221/X
 fanout222/X
 fanout223/X
 fanout224/X
 fanout225/X
 fanout226/X
 fanout227/X
 fanout228/X
 fanout229/X
 fanout230/X
 fanout231/X
 fanout232/X
 fanout233/X
 fanout234/X
 fanout235/X
 fanout236/X
 fanout237/X
 fanout238/X
 fanout239/X
 fanout240/X
 fanout241/X
 fanout242/X
 fanout243/X
 fanout244/X
 fanout245/X
 fanout246/X
 fanout247/X
 fanout248/X
 fanout249/X
 fanout250/X
 fanout251/X
 fanout252/X
 fanout253/X
 fanout254/X
 fanout255/X
 fanout256/X
 fanout257/X
 fanout258/X
 fanout259/X
 fanout260/X
 fanout261/X
 fanout262/X
 fanout263/X
 fanout264/X
 fanout265/X
 fanout266/X
 fanout267/X
 fanout268/X
 fanout269/X
 fanout270/X
 fanout271/X
 fanout272/X
 fanout273/X
 fanout274/X
 fanout275/X
 fanout276/X
 fanout277/X
 fanout278/X
 fanout279/X
 fanout280/X
 fanout281/X
 fanout282/X
 fanout283/X
 fanout284/X
 fanout285/X
 fanout286/X
 fanout287/X
 fanout288/X
 fanout289/X
 fanout290/X
 fanout291/X
 fanout292/X
 fanout293/X
 fanout294/X
 fanout295/X
 fanout296/X
 fanout297/X
 fanout298/X
 fanout299/X
 fanout300/X
 fanout301/X
 fanout302/X
 fanout303/X
 fanout304/X
 fanout305/X
 fanout306/X
 fanout307/X
 fanout308/X
 fanout309/X
 fanout310/X
 fanout311/X
 fanout312/X
 fanout313/X
 fanout314/X
 fanout315/X
 fanout316/X
 fanout317/X
 fanout318/X
 fanout319/X
 fanout320/X
 fanout321/X
 fanout322/X
 fanout323/X
 fanout324/X
 fanout325/X
 fanout326/X
 fanout327/X
 fanout328/X
 fanout329/X
 fanout330/X
 fanout331/X
 fanout332/X
 fanout333/X
 fanout334/X
 fanout335/X
 fanout336/X
 fanout337/X
 fanout338/X
 fanout339/X
 fanout340/X
 fanout341/X
 fanout342/X
 fanout343/X
 fanout344/X
 fanout345/X
 fanout346/X
 fanout347/X
 fanout348/X
 fanout349/X
 fanout350/X
 fanout351/X
 fanout352/X
 fanout353/X
 fanout354/X
 fanout355/X
 fanout356/X
 fanout357/X
 fanout358/X
 fanout359/X
 fanout360/X
 fanout361/X
 fanout362/X
 fanout363/X
 fanout364/X
 fanout365/X
 fanout366/X
 fanout367/X
 fanout368/X
 fanout369/X
 fanout370/X
 fanout371/X
 fanout372/X
 fanout373/X
 fanout374/X
 fanout375/X
 fanout376/X
 fanout377/X
 fanout378/X
 fanout379/X
 fanout380/X
 fanout381/X
 fanout382/X
 fanout383/X
 fanout384/X
 fanout385/X
 fanout386/X
 fanout387/X
 fanout388/X
 fanout389/X
 fanout390/X
 fanout391/X
 fanout392/X
 fanout393/X
 fanout394/X
 fanout395/X
 fanout396/X
 fanout397/X
 fanout398/X
 fanout399/X
 fanout400/X
 fanout401/X
 fanout402/X
 fanout403/X
 fanout404/X
 fanout405/X
 fanout406/X
 fanout407/X
 fanout408/X
 fanout409/X
 fanout410/X
 fanout411/X
 fanout412/X
 fanout413/X
 fanout414/X
 fanout415/X
 fanout416/X
 fanout417/X
 fanout418/X
 fanout419/X
 fanout420/X
 fanout421/X
 fanout422/X
 fanout423/X
 fanout424/X
 fanout425/X
 fanout426/X
 fanout427/X
 fanout428/X
 fanout429/X
 fanout430/X
 fanout431/X
 fanout432/X
 fanout433/X
 fanout434/X
 fanout435/X
 fanout436/X
 fanout437/X
 fanout438/X
 fanout439/X
 fanout440/X
 fanout441/X
 fanout442/X
 fanout443/X
 fanout444/X
 fanout445/X
 fanout446/X
 fanout447/X
 fanout448/X
 fanout449/X
 fanout450/X
 fanout451/X
 fanout452/X
 fanout453/X
 fanout454/X
 fanout455/X
 fanout456/X
 fanout457/X
 fanout458/X
 fanout459/X
 fanout460/X
 fanout461/X
 fanout462/X
 fanout463/X
 fanout464/X
 fanout465/X
 fanout466/X
 fanout467/X
 fanout468/X
 fanout469/X
 fanout470/X
 fanout471/X
 fanout472/X
 fanout473/X
 fanout474/X
 fanout475/X
 fanout476/X
 fanout477/X
 fanout478/X
 fanout479/X
 fanout480/X
 fanout481/X
 fanout482/X
 fanout483/X
 fanout484/X
 fanout485/X
 fanout486/X
 fanout487/X
 fanout488/X
 fanout489/X
 fanout490/X
 fanout491/X
 fanout492/X
 fanout493/X
 fanout494/X
 fanout495/X
 fanout496/X
 fanout497/X
 fanout498/X
 fanout499/X
 fanout500/X
 fanout501/X
 fanout502/X
 fanout503/X
 fanout504/X
 fanout505/X
 fanout506/X
 fanout507/X
 fanout508/X
 fanout509/X
 fanout510/X
 fanout511/X
 fanout512/X
 fanout513/X
 fanout514/X
 fanout515/X
 fanout516/X
 fanout517/X
 fanout518/X
 fanout519/X
 fanout520/X
 fanout521/X
 fanout522/X
 fanout523/X
 fanout524/X
 fanout525/X
 fanout526/X
 fanout527/X
 fanout528/X
 fanout529/X
 fanout530/X
 fanout531/X
 fanout532/X
 fanout533/X
 fanout534/X
 fanout535/X
 fanout536/X
 fanout537/X
 fanout538/X
 fanout539/X
 fanout540/X
 fanout541/X
 fanout542/X
 fanout543/X
 fanout544/X
 fanout545/X
 fanout546/X
 fanout547/X
 fanout548/X
 fanout549/X
 fanout550/X
 fanout551/X
 fanout552/X
 fanout553/X
 fanout554/X
 fanout555/X
 fanout556/X
 fanout557/X
 fanout558/X
 fanout559/X
 fanout560/X
 fanout561/X
 fanout562/X
 fanout563/X
 fanout564/X
 fanout565/X
 fanout566/X
 fanout567/X
 fanout568/X
 fanout569/X
 fanout570/X
 fanout571/X
 fanout572/X
 fanout573/X
 fanout574/X
 fanout575/X
 fanout576/X
 fanout577/X
 fanout578/X
 fanout579/X
 fanout580/X
 fanout581/X
 fanout582/X
 fanout583/X
 fanout584/X
 fanout585/X
 fanout586/X
 fanout587/X
 fanout588/X
 fanout589/X
 fanout590/X
 fanout591/X
 fanout592/X
 fanout593/X
 fanout594/X
 fanout595/X
 fanout596/X
 fanout597/X
 fanout598/X
 fanout599/X
 fanout600/X
 fanout601/X
 fanout602/X
 fanout603/X
 fanout604/X
 fanout605/X
 fanout606/X
 fanout607/X
 fanout608/X
 fanout609/X
 fanout610/X
 fanout611/X
 fanout612/X
 fanout613/X
 fanout614/X
 fanout615/X
 fanout616/X
 fanout617/X
 fanout618/X
 fanout619/X
 fanout620/X
 fanout621/X
 fanout622/X
 fanout623/X
 fanout624/X
 fanout625/X
 fanout626/X
 fanout627/X
 fanout628/X
 fanout629/X
 fanout630/X
 fanout631/X
 fanout632/X
 fanout633/X
 fanout634/X
 fanout635/X
 fanout636/X
 fanout637/X
 fanout638/X
 fanout639/X
 fanout640/X
 fanout641/X
 fanout642/X
 fanout643/X
 fanout644/X
 fanout645/X
 fanout646/X
 fanout647/X
 fanout66/X
 fanout67/X
 fanout68/X
 fanout69/X
 fanout70/X
 fanout71/X
 fanout72/X
 fanout73/X
 fanout74/X
 fanout75/X
 fanout76/X
 fanout77/X
 fanout78/X
 fanout79/X
 fanout80/X
 fanout81/X
 fanout82/X
 fanout83/X
 fanout84/X
 fanout85/X
 fanout86/X
 fanout87/X
 fanout88/X
 fanout89/X
 fanout90/X
 fanout91/X
 fanout92/X
 fanout93/X
 fanout94/X
 fanout95/X
 fanout96/X
 fanout97/X
 fanout98/X
 fanout99/X
 input1/X
 input10/X
 input11/X
 input12/X
 input13/X
 input14/X
 input15/X
 input16/X
 input17/X
 input18/X
 input19/X
 input2/X
 input20/X
 input21/X
 input22/X
 input23/X
 input24/X
 input25/X
 input26/X
 input27/X
 input28/X
 input29/X
 input3/X
 input30/X
 input31/X
 input32/X
 input33/X
 input4/X
 input5/X
 input6/X
 input7/X
 input8/X
 input9/X
 output34/X
 output35/X
 output36/X
 output37/X
 output38/X
 output39/X
 output40/X
 output41/X
 output42/X
 output43/X
 output44/X
 output45/X
 output46/X
 output47/X
 output48/X
 output49/X
 output50/X
 output51/X
 output52/X
 output53/X
 output54/X
 output55/X
 output56/X
 output57/X
 output58/X
 output59/X
 output60/X
 output61/X
 output62/X
 output63/X
 output64/X
 output65/X
 u_mem_a/dout0[0]
 u_mem_a/dout0[10]
 u_mem_a/dout0[11]
 u_mem_a/dout0[12]
 u_mem_a/dout0[13]
 u_mem_a/dout0[14]
 u_mem_a/dout0[15]
 u_mem_a/dout0[16]
 u_mem_a/dout0[17]
 u_mem_a/dout0[18]
 u_mem_a/dout0[19]
 u_mem_a/dout0[1]
 u_mem_a/dout0[20]
 u_mem_a/dout0[21]
 u_mem_a/dout0[22]
 u_mem_a/dout0[23]
 u_mem_a/dout0[24]
 u_mem_a/dout0[25]
 u_mem_a/dout0[26]
 u_mem_a/dout0[27]
 u_mem_a/dout0[28]
 u_mem_a/dout0[29]
 u_mem_a/dout0[2]
 u_mem_a/dout0[30]
 u_mem_a/dout0[31]
 u_mem_a/dout0[3]
 u_mem_a/dout0[4]
 u_mem_a/dout0[5]
 u_mem_a/dout0[6]
 u_mem_a/dout0[7]
 u_mem_a/dout0[8]
 u_mem_a/dout0[9]
 u_mem_a/dout1[0]
 u_mem_a/dout1[10]
 u_mem_a/dout1[11]
 u_mem_a/dout1[12]
 u_mem_a/dout1[13]
 u_mem_a/dout1[14]
 u_mem_a/dout1[15]
 u_mem_a/dout1[16]
 u_mem_a/dout1[17]
 u_mem_a/dout1[18]
 u_mem_a/dout1[19]
 u_mem_a/dout1[1]
 u_mem_a/dout1[20]
 u_mem_a/dout1[21]
 u_mem_a/dout1[22]
 u_mem_a/dout1[23]
 u_mem_a/dout1[24]
 u_mem_a/dout1[25]
 u_mem_a/dout1[26]
 u_mem_a/dout1[27]
 u_mem_a/dout1[28]
 u_mem_a/dout1[29]
 u_mem_a/dout1[2]
 u_mem_a/dout1[30]
 u_mem_a/dout1[31]
 u_mem_a/dout1[3]
 u_mem_a/dout1[4]
 u_mem_a/dout1[5]
 u_mem_a/dout1[6]
 u_mem_a/dout1[7]
 u_mem_a/dout1[8]
 u_mem_a/dout1[9]
 u_mem_a_649/HI
 u_mem_a_649/LO
 u_mem_a_650/HI
 u_mem_a_650/LO
 u_mem_a_651/HI
 u_mem_a_651/LO
 u_mem_a_652/HI
 u_mem_a_652/LO
 u_mem_b/dout0[0]
 u_mem_b/dout0[10]
 u_mem_b/dout0[11]
 u_mem_b/dout0[12]
 u_mem_b/dout0[13]
 u_mem_b/dout0[14]
 u_mem_b/dout0[15]
 u_mem_b/dout0[16]
 u_mem_b/dout0[17]
 u_mem_b/dout0[18]
 u_mem_b/dout0[19]
 u_mem_b/dout0[1]
 u_mem_b/dout0[20]
 u_mem_b/dout0[21]
 u_mem_b/dout0[22]
 u_mem_b/dout0[23]
 u_mem_b/dout0[24]
 u_mem_b/dout0[25]
 u_mem_b/dout0[26]
 u_mem_b/dout0[27]
 u_mem_b/dout0[28]
 u_mem_b/dout0[29]
 u_mem_b/dout0[2]
 u_mem_b/dout0[30]
 u_mem_b/dout0[31]
 u_mem_b/dout0[3]
 u_mem_b/dout0[4]
 u_mem_b/dout0[5]
 u_mem_b/dout0[6]
 u_mem_b/dout0[7]
 u_mem_b/dout0[8]
 u_mem_b/dout0[9]
 u_mem_b/dout1[0]
 u_mem_b/dout1[10]
 u_mem_b/dout1[11]
 u_mem_b/dout1[12]
 u_mem_b/dout1[13]
 u_mem_b/dout1[14]
 u_mem_b/dout1[15]
 u_mem_b/dout1[16]
 u_mem_b/dout1[17]
 u_mem_b/dout1[18]
 u_mem_b/dout1[19]
 u_mem_b/dout1[1]
 u_mem_b/dout1[20]
 u_mem_b/dout1[21]
 u_mem_b/dout1[22]
 u_mem_b/dout1[23]
 u_mem_b/dout1[24]
 u_mem_b/dout1[25]
 u_mem_b/dout1[26]
 u_mem_b/dout1[27]
 u_mem_b/dout1[28]
 u_mem_b/dout1[29]
 u_mem_b/dout1[2]
 u_mem_b/dout1[30]
 u_mem_b/dout1[31]
 u_mem_b/dout1[3]
 u_mem_b/dout1[4]
 u_mem_b/dout1[5]
 u_mem_b/dout1[6]
 u_mem_b/dout1[7]
 u_mem_b/dout1[8]
 u_mem_b/dout1[9]
 u_mem_b_653/HI
 u_mem_b_653/LO
 u_mem_b_654/HI
 u_mem_b_654/LO
 u_mem_b_655/HI
 u_mem_b_655/LO
 u_mem_b_656/HI
 u_mem_b_656/LO
 u_mem_c/dout0[0]
 u_mem_c/dout0[10]
 u_mem_c/dout0[11]
 u_mem_c/dout0[12]
 u_mem_c/dout0[13]
 u_mem_c/dout0[14]
 u_mem_c/dout0[15]
 u_mem_c/dout0[16]
 u_mem_c/dout0[17]
 u_mem_c/dout0[18]
 u_mem_c/dout0[19]
 u_mem_c/dout0[1]
 u_mem_c/dout0[20]
 u_mem_c/dout0[21]
 u_mem_c/dout0[22]
 u_mem_c/dout0[23]
 u_mem_c/dout0[24]
 u_mem_c/dout0[25]
 u_mem_c/dout0[26]
 u_mem_c/dout0[27]
 u_mem_c/dout0[28]
 u_mem_c/dout0[29]
 u_mem_c/dout0[2]
 u_mem_c/dout0[30]
 u_mem_c/dout0[31]
 u_mem_c/dout0[3]
 u_mem_c/dout0[4]
 u_mem_c/dout0[5]
 u_mem_c/dout0[6]
 u_mem_c/dout0[7]
 u_mem_c/dout0[8]
 u_mem_c/dout0[9]
 u_mem_c/dout1[0]
 u_mem_c/dout1[10]
 u_mem_c/dout1[11]
 u_mem_c/dout1[12]
 u_mem_c/dout1[13]
 u_mem_c/dout1[14]
 u_mem_c/dout1[15]
 u_mem_c/dout1[16]
 u_mem_c/dout1[17]
 u_mem_c/dout1[18]
 u_mem_c/dout1[19]
 u_mem_c/dout1[1]
 u_mem_c/dout1[20]
 u_mem_c/dout1[21]
 u_mem_c/dout1[22]
 u_mem_c/dout1[23]
 u_mem_c/dout1[24]
 u_mem_c/dout1[25]
 u_mem_c/dout1[26]
 u_mem_c/dout1[27]
 u_mem_c/dout1[28]
 u_mem_c/dout1[29]
 u_mem_c/dout1[2]
 u_mem_c/dout1[30]
 u_mem_c/dout1[31]
 u_mem_c/dout1[3]
 u_mem_c/dout1[4]
 u_mem_c/dout1[5]
 u_mem_c/dout1[6]
 u_mem_c/dout1[7]
 u_mem_c/dout1[8]
 u_mem_c/dout1[9]
 u_mem_c_657/HI
 u_mem_c_657/LO
 u_mem_c_658/HI
 u_mem_c_658/LO
 u_mem_c_659/HI
 u_mem_c_659/LO
 u_mem_c_660/HI
 u_mem_c_660/LO
Found 0 partially unannotated drivers.

===========================================================================
max slew violation count 0
max fanout violation count 7
max cap violation count 0
============================================================================

===========================================================================
check_setup -verbose -unconstrained_endpoints -multiple_clock -no_clock -no_input_delay -loops -generated_clocks
===========================================================================
Warning: There are 81 unconstrained endpoints.
  result[0]
  result[10]
  result[11]
  result[12]
  result[13]
  result[14]
  result[15]
  result[16]
  result[17]
  result[18]
  result[19]
  result[1]
  result[20]
  result[21]
  result[22]
  result[23]
  result[24]
  result[25]
  result[26]
  result[27]
  result[28]
  result[29]
  result[2]
  result[30]
  result[31]
  result[3]
  result[4]
  result[5]
  result[6]
  result[7]
  result[8]
  result[9]
  _54063_/D
  _54064_/D
  _54065_/D
  _54066_/D
  _54067_/D
  _54068_/D
  _54069_/D
  _54070_/D
  _54071_/D
  _54072_/D
  _54073_/D
  _54074_/D
  _54075_/D
  _54076_/D
  _54077_/D
  _54078_/D
  _54079_/D
  _54080_/D
  _54081_/D
  _54082_/D
  _54083_/D
  _54084_/D
  _54085_/D
  _54086_/D
  _54087_/D
  _54088_/D
  _54089_/D
  _54090_/D
  _54091_/D
  _54092_/D
  _54093_/D
  _54094_/D
  _54095_/D
  _54096_/D
  _54097_/D
  _54098_/D
  _54099_/D
  _54100_/D
  _54101_/D
  _54102_/D
  _54103_/D
  _54104_/D
  _54105_/D
  _54106_/D
  _54107_/D
  _54108_/D
  _54109_/D
  _54110_/D
  _54119_/D
