
===========================================================================
report_checks -unconstrained
===========================================================================
======================= Fastest Corner ===================================

Startpoint: _54094_ (rising edge-triggered flip-flop clocked by clk)
Endpoint: _54524_ (rising edge-triggered flip-flop clocked by clk)
Path Group: clk
Path Type: max
Corner: Fastest

Fanout     Cap    Slew   Delay    Time   Description
-----------------------------------------------------------------------------
                          0.00    0.00   clock clk (rise edge)
                          0.00    0.00   clock source latency
                  0.14    0.10    0.10 ^ clk (in)
     2    0.11                           clk (net)
                  0.14    0.00    0.10 ^ clkbuf_0_clk/A (sky130_fd_sc_hd__clkbuf_16)
                  0.12    0.17    0.27 ^ clkbuf_0_clk/X (sky130_fd_sc_hd__clkbuf_16)
     4    0.14                           clknet_0_clk (net)
                  0.12    0.00    0.27 ^ clkbuf_2_1_0_clk/A (sky130_fd_sc_hd__clkbuf_16)
                  0.07    0.13    0.40 ^ clkbuf_2_1_0_clk/X (sky130_fd_sc_hd__clkbuf_16)
     2    0.08                           clknet_2_1_0_clk (net)
                  0.08    0.00    0.41 ^ clkbuf_3_2_0_clk/A (sky130_fd_sc_hd__clkbuf_16)
                  0.08    0.13    0.54 ^ clkbuf_3_2_0_clk/X (sky130_fd_sc_hd__clkbuf_16)
     4    0.09                           clknet_3_2_0_clk (net)
                  0.08    0.00    0.54 ^ clkbuf_5_9__f_clk/A (sky130_fd_sc_hd__clkbuf_16)
                  0.09    0.13    0.67 ^ clkbuf_5_9__f_clk/X (sky130_fd_sc_hd__clkbuf_16)
     8    0.10                           clknet_5_9__leaf_clk (net)
                  0.09    0.00    0.67 ^ clkbuf_leaf_41_clk/A (sky130_fd_sc_hd__clkbuf_16)
                  0.04    0.10    0.77 ^ clkbuf_leaf_41_clk/X (sky130_fd_sc_hd__clkbuf_16)
     9    0.03                           clknet_leaf_41_clk (net)
                  0.04    0.00    0.77 ^ _54094_/CLK (sky130_fd_sc_hd__dfxtp_4)
                  0.23    0.33    1.10 ^ _54094_/Q (sky130_fd_sc_hd__dfxtp_4)
    10    0.11                           u_core0.A_inputs[111] (net)
                  0.24    0.02    1.13 ^ _51651_/A (sky130_fd_sc_hd__buf_6)
                  0.18    0.17    1.30 ^ _51651_/X (sky130_fd_sc_hd__buf_6)
    13    0.12                           _22689_ (net)
                  0.18    0.01    1.31 ^ _51695_/A (sky130_fd_sc_hd__buf_4)
                  0.15    0.17    1.48 ^ _51695_/X (sky130_fd_sc_hd__buf_4)
     5    0.07                           _22732_ (net)
                  0.15    0.00    1.48 ^ fanout311/A (sky130_fd_sc_hd__buf_6)
                  0.17    0.17    1.65 ^ fanout311/X (sky130_fd_sc_hd__buf_6)
    16    0.12                           net311 (net)
                  0.17    0.00    1.65 ^ _51843_/A (sky130_fd_sc_hd__buf_4)
                  0.16    0.18    1.83 ^ _51843_/X (sky130_fd_sc_hd__buf_4)
     5    0.08                           _22877_ (net)
                  0.16    0.00    1.83 ^ fanout226/A (sky130_fd_sc_hd__buf_6)
                  0.20    0.18    2.01 ^ fanout226/X (sky130_fd_sc_hd__buf_6)
    16    0.13                           net226 (net)
                  0.20    0.00    2.01 ^ _51844_/A (sky130_fd_sc_hd__buf_4)
                  0.19    0.20    2.21 ^ _51844_/X (sky130_fd_sc_hd__buf_4)
     5    0.09                           _22878_ (net)
                  0.19    0.00    2.21 ^ fanout156/A (sky130_fd_sc_hd__buf_8)
                  0.15    0.16    2.37 ^ fanout156/X (sky130_fd_sc_hd__buf_8)
    16    0.12                           net156 (net)
                  0.15    0.01    2.38 ^ _51908_/A (sky130_fd_sc_hd__clkbuf_4)
                  0.13    0.18    2.56 ^ _51908_/X (sky130_fd_sc_hd__clkbuf_4)
     5    0.06                           _22940_ (net)
                  0.13    0.00    2.56 ^ fanout107/A (sky130_fd_sc_hd__buf_6)
                  0.17    0.17    2.72 ^ fanout107/X (sky130_fd_sc_hd__buf_6)
    16    0.11                           net107 (net)
                  0.17    0.00    2.72 ^ _51959_/A (sky130_fd_sc_hd__clkbuf_4)
                  0.18    0.21    2.93 ^ _51959_/X (sky130_fd_sc_hd__clkbuf_4)
     5    0.08                           _22990_ (net)
                  0.18    0.00    2.93 ^ fanout80/A (sky130_fd_sc_hd__clkbuf_8)
                  0.15    0.19    3.12 ^ fanout80/X (sky130_fd_sc_hd__clkbuf_8)
    16    0.11                           net80 (net)
                  0.15    0.01    3.13 ^ _27817_/A1 (sky130_fd_sc_hd__a21o_1)
                  0.03    0.07    3.20 ^ _27817_/X (sky130_fd_sc_hd__a21o_1)
     1    0.00                           _25753_ (net)
                  0.03    0.00    3.20 ^ _27818_/B1 (sky130_fd_sc_hd__o21ai_1)
                  0.04    0.02    3.22 v _27818_/Y (sky130_fd_sc_hd__o21ai_1)
     1    0.00                           _25754_ (net)
                  0.04    0.00    3.22 v _27819_/B1 (sky130_fd_sc_hd__a22o_1)
                  0.03    0.08    3.31 v _27819_/X (sky130_fd_sc_hd__a22o_1)
     1    0.00                           _25755_ (net)
                  0.03    0.00    3.31 v _27820_/B1 (sky130_fd_sc_hd__a32o_1)
                  0.04    0.08    3.39 v _27820_/X (sky130_fd_sc_hd__a32o_1)
     1    0.01                           _25756_ (net)
                  0.04    0.00    3.39 v _27822_/A (sky130_fd_sc_hd__xor2_1)
                  0.05    0.11    3.50 v _27822_/X (sky130_fd_sc_hd__xor2_1)
     2    0.01                           _25758_ (net)
                  0.05    0.00    3.50 v _27824_/B (sky130_fd_sc_hd__nor3_1)
                  0.22    0.19    3.69 ^ _27824_/Y (sky130_fd_sc_hd__nor3_1)
     2    0.01                           _25760_ (net)
                  0.22    0.00    3.69 ^ _27834_/A1 (sky130_fd_sc_hd__o21a_2)
                  0.10    0.15    3.84 ^ _27834_/X (sky130_fd_sc_hd__o21a_2)
     2    0.03                           _25769_ (net)
                  0.10    0.00    3.84 ^ _27846_/A (sky130_fd_sc_hd__xor2_4)
                  0.51    0.38    4.23 ^ _27846_/X (sky130_fd_sc_hd__xor2_4)
     4    0.10                           _25781_ (net)
                  0.52    0.02    4.25 ^ _27847_/B (sky130_fd_sc_hd__and2_4)
                  0.05    0.13    4.38 ^ _27847_/X (sky130_fd_sc_hd__and2_4)
     3    0.01                           _25782_ (net)
                  0.05    0.00    4.38 ^ _27851_/B1 (sky130_fd_sc_hd__a211o_1)
                  0.07    0.09    4.46 ^ _27851_/X (sky130_fd_sc_hd__a211o_1)
     1    0.01                           _25785_ (net)
                  0.07    0.00    4.46 ^ _27854_/A2 (sky130_fd_sc_hd__o221ai_4)
                  0.06    0.06    4.53 v _27854_/Y (sky130_fd_sc_hd__o221ai_4)
     3    0.01                           _25788_ (net)
                  0.06    0.00    4.53 v _27859_/A1 (sky130_fd_sc_hd__a21bo_1)
                  0.02    0.11    4.63 v _27859_/X (sky130_fd_sc_hd__a21bo_1)
     1    0.00                           _25792_ (net)
                  0.02    0.00    4.63 v _27860_/B1 (sky130_fd_sc_hd__o21a_2)
                  0.07    0.10    4.73 v _27860_/X (sky130_fd_sc_hd__o21a_2)
     4    0.03                           _25793_ (net)
                  0.07    0.00    4.74 v _27866_/C (sky130_fd_sc_hd__or3_1)
                  0.06    0.19    4.93 v _27866_/X (sky130_fd_sc_hd__or3_1)
     1    0.01                           _25797_ (net)
                  0.06    0.00    4.93 v _27867_/B (sky130_fd_sc_hd__xnor2_1)
                  0.04    0.08    5.01 v _27867_/Y (sky130_fd_sc_hd__xnor2_1)
     1    0.00                           _00417_ (net)
                  0.04    0.00    5.01 v _54524_/D (sky130_fd_sc_hd__dfrtp_1)
                                  5.01   data arrival time

                          7.30    7.30   clock clk (rise edge)
                          0.00    7.30   clock source latency
                  0.14    0.11    7.41 ^ clk (in)
     2    0.11                           clk (net)
                  0.14    0.00    7.41 ^ clkbuf_0_clk/A (sky130_fd_sc_hd__clkbuf_16)
                  0.12    0.19    7.60 ^ clkbuf_0_clk/X (sky130_fd_sc_hd__clkbuf_16)
     4    0.14                           clknet_0_clk (net)
                  0.12    0.00    7.60 ^ clkbuf_2_2_0_clk/A (sky130_fd_sc_hd__clkbuf_16)
                  0.07    0.14    7.75 ^ clkbuf_2_2_0_clk/X (sky130_fd_sc_hd__clkbuf_16)
     3    0.07                           clknet_2_2_0_clk (net)
                  0.07    0.00    7.75 ^ clkbuf_3_5_0_clk/A (sky130_fd_sc_hd__clkbuf_16)
                  0.09    0.15    7.90 ^ clkbuf_3_5_0_clk/X (sky130_fd_sc_hd__clkbuf_16)
     4    0.10                           clknet_3_5_0_clk (net)
                  0.09    0.00    7.90 ^ clkbuf_5_21__f_clk/A (sky130_fd_sc_hd__clkbuf_16)
                  0.08    0.15    8.05 ^ clkbuf_5_21__f_clk/X (sky130_fd_sc_hd__clkbuf_16)
     8    0.09                           clknet_5_21__leaf_clk (net)
                  0.08    0.00    8.05 ^ clkbuf_leaf_237_clk/A (sky130_fd_sc_hd__clkbuf_16)
                  0.04    0.12    8.16 ^ clkbuf_leaf_237_clk/X (sky130_fd_sc_hd__clkbuf_16)
    13    0.04                           clknet_leaf_237_clk (net)
                  0.04    0.00    8.16 ^ _54524_/CLK (sky130_fd_sc_hd__dfrtp_1)
                         -0.30    7.86   clock uncertainty
                          0.03    7.89   clock reconvergence pessimism
                         -0.07    7.82   library setup time
                                  7.82   data required time
-----------------------------------------------------------------------------
                                  7.82   data required time
                                 -5.01   data arrival time
-----------------------------------------------------------------------------
                                  2.81   slack (MET)



======================= Slowest Corner ===================================

Startpoint: _54094_ (rising edge-triggered flip-flop clocked by clk)
Endpoint: _54524_ (rising edge-triggered flip-flop clocked by clk)
Path Group: clk
Path Type: max
Corner: Slowest

Fanout     Cap    Slew   Delay    Time   Description
-----------------------------------------------------------------------------
                          0.00    0.00   clock clk (rise edge)
                          0.00    0.00   clock source latency
                  0.29    0.20    0.20 ^ clk (in)
     2    0.11                           clk (net)
                  0.29    0.00    0.20 ^ clkbuf_0_clk/A (sky130_fd_sc_hd__clkbuf_16)
                  0.24    0.44    0.64 ^ clkbuf_0_clk/X (sky130_fd_sc_hd__clkbuf_16)
     4    0.14                           clknet_0_clk (net)
                  0.24    0.00    0.64 ^ clkbuf_2_1_0_clk/A (sky130_fd_sc_hd__clkbuf_16)
                  0.15    0.35    0.99 ^ clkbuf_2_1_0_clk/X (sky130_fd_sc_hd__clkbuf_16)
     2    0.08                           clknet_2_1_0_clk (net)
                  0.15    0.00    0.99 ^ clkbuf_3_2_0_clk/A (sky130_fd_sc_hd__clkbuf_16)
                  0.16    0.32    1.31 ^ clkbuf_3_2_0_clk/X (sky130_fd_sc_hd__clkbuf_16)
     4    0.09                           clknet_3_2_0_clk (net)
                  0.16    0.00    1.32 ^ clkbuf_5_9__f_clk/A (sky130_fd_sc_hd__clkbuf_16)
                  0.17    0.33    1.65 ^ clkbuf_5_9__f_clk/X (sky130_fd_sc_hd__clkbuf_16)
     8    0.10                           clknet_5_9__leaf_clk (net)
                  0.17    0.00    1.65 ^ clkbuf_leaf_41_clk/A (sky130_fd_sc_hd__clkbuf_16)
                  0.08    0.26    1.91 ^ clkbuf_leaf_41_clk/X (sky130_fd_sc_hd__clkbuf_16)
     9    0.03                           clknet_leaf_41_clk (net)
                  0.08    0.00    1.91 ^ _54094_/CLK (sky130_fd_sc_hd__dfxtp_4)
                  0.50    0.97    2.88 ^ _54094_/Q (sky130_fd_sc_hd__dfxtp_4)
    10    0.11                           u_core0.A_inputs[111] (net)
                  0.50    0.02    2.90 ^ _51651_/A (sky130_fd_sc_hd__buf_6)
                  0.37    0.53    3.43 ^ _51651_/X (sky130_fd_sc_hd__buf_6)
    13    0.12                           _22689_ (net)
                  0.37    0.01    3.44 ^ _51695_/A (sky130_fd_sc_hd__buf_4)
                  0.31    0.49    3.93 ^ _51695_/X (sky130_fd_sc_hd__buf_4)
     5    0.07                           _22732_ (net)
                  0.31    0.00    3.93 ^ fanout311/A (sky130_fd_sc_hd__buf_6)
                  0.36    0.47    4.40 ^ fanout311/X (sky130_fd_sc_hd__buf_6)
    16    0.11                           net311 (net)
                  0.36    0.00    4.40 ^ _51843_/A (sky130_fd_sc_hd__buf_4)
                  0.34    0.51    4.90 ^ _51843_/X (sky130_fd_sc_hd__buf_4)
     5    0.08                           _22877_ (net)
                  0.34    0.00    4.90 ^ fanout226/A (sky130_fd_sc_hd__buf_6)
                  0.40    0.50    5.41 ^ fanout226/X (sky130_fd_sc_hd__buf_6)
    16    0.13                           net226 (net)
                  0.40    0.00    5.41 ^ _51844_/A (sky130_fd_sc_hd__buf_4)
                  0.40    0.56    5.97 ^ _51844_/X (sky130_fd_sc_hd__buf_4)
     5    0.09                           _22878_ (net)
                  0.40    0.00    5.97 ^ fanout156/A (sky130_fd_sc_hd__buf_8)
                  0.31    0.46    6.43 ^ fanout156/X (sky130_fd_sc_hd__buf_8)
    16    0.12                           net156 (net)
                  0.31    0.01    6.44 ^ _51908_/A (sky130_fd_sc_hd__clkbuf_4)
                  0.27    0.48    6.92 ^ _51908_/X (sky130_fd_sc_hd__clkbuf_4)
     5    0.06                           _22940_ (net)
                  0.27    0.00    6.92 ^ fanout107/A (sky130_fd_sc_hd__buf_6)
                  0.35    0.45    7.37 ^ fanout107/X (sky130_fd_sc_hd__buf_6)
    16    0.11                           net107 (net)
                  0.35    0.00    7.37 ^ _51959_/A (sky130_fd_sc_hd__clkbuf_4)
                  0.37    0.56    7.93 ^ _51959_/X (sky130_fd_sc_hd__clkbuf_4)
     5    0.08                           _22990_ (net)
                  0.37    0.00    7.93 ^ fanout80/A (sky130_fd_sc_hd__clkbuf_8)
                  0.30    0.51    8.43 ^ fanout80/X (sky130_fd_sc_hd__clkbuf_8)
    16    0.11                           net80 (net)
                  0.30    0.01    8.44 ^ _27817_/A1 (sky130_fd_sc_hd__a21o_1)
                  0.06    0.27    8.71 ^ _27817_/X (sky130_fd_sc_hd__a21o_1)
     1    0.00                           _25753_ (net)
                  0.06    0.00    8.71 ^ _27818_/B1 (sky130_fd_sc_hd__o21ai_1)
                  0.11    0.12    8.82 v _27818_/Y (sky130_fd_sc_hd__o21ai_1)
     1    0.00                           _25754_ (net)
                  0.11    0.00    8.82 v _27819_/B1 (sky130_fd_sc_hd__a22o_1)
                  0.07    0.33    9.15 v _27819_/X (sky130_fd_sc_hd__a22o_1)
     1    0.00                           _25755_ (net)
                  0.07    0.00    9.15 v _27820_/B1 (sky130_fd_sc_hd__a32o_1)
                  0.10    0.38    9.53 v _27820_/X (sky130_fd_sc_hd__a32o_1)
     1    0.01                           _25756_ (net)
                  0.10    0.00    9.53 v _27822_/A (sky130_fd_sc_hd__xor2_1)
                  0.16    0.33    9.86 v _27822_/X (sky130_fd_sc_hd__xor2_1)
     2    0.01                           _25758_ (net)
                  0.16    0.00    9.86 v _27824_/B (sky130_fd_sc_hd__nor3_1)
                  0.54    0.51   10.37 ^ _27824_/Y (sky130_fd_sc_hd__nor3_1)
     2    0.01                           _25760_ (net)
                  0.54    0.00   10.37 ^ _27834_/A1 (sky130_fd_sc_hd__o21a_2)
                  0.23    0.54   10.91 ^ _27834_/X (sky130_fd_sc_hd__o21a_2)
     2    0.03                           _25769_ (net)
                  0.23    0.00   10.91 ^ _27846_/A (sky130_fd_sc_hd__xor2_4)
                  1.05    0.91   11.82 ^ _27846_/X (sky130_fd_sc_hd__xor2_4)
     4    0.10                           _25781_ (net)
                  1.05    0.02   11.85 ^ _27847_/B (sky130_fd_sc_hd__and2_4)
                  0.12    0.60   12.44 ^ _27847_/X (sky130_fd_sc_hd__and2_4)
     3    0.01                           _25782_ (net)
                  0.12    0.00   12.44 ^ _27851_/B1 (sky130_fd_sc_hd__a211o_1)
                  0.16    0.24   12.68 ^ _27851_/X (sky130_fd_sc_hd__a211o_1)
     1    0.01                           _25785_ (net)
                  0.16    0.00   12.68 ^ _27854_/A2 (sky130_fd_sc_hd__o221ai_4)
                  0.20    0.26   12.94 v _27854_/Y (sky130_fd_sc_hd__o221ai_4)
     3    0.01                           _25788_ (net)
                  0.20    0.00   12.94 v _27859_/A1 (sky130_fd_sc_hd__a21bo_1)
                  0.06    0.34   13.28 v _27859_/X (sky130_fd_sc_hd__a21bo_1)
     1    0.00                           _25792_ (net)
                  0.06    0.00   13.28 v _27860_/B1 (sky130_fd_sc_hd__o21a_2)
                  0.18    0.30   13.59 v _27860_/X (sky130_fd_sc_hd__o21a_2)
     4    0.03                           _25793_ (net)
                  0.18    0.00   13.59 v _27866_/C (sky130_fd_sc_hd__or3_1)
                  0.17    0.77   14.36 v _27866_/X (sky130_fd_sc_hd__or3_1)
     1    0.01                           _25797_ (net)
                  0.17    0.00   14.36 v _27867_/B (sky130_fd_sc_hd__xnor2_1)
                  0.10    0.25   14.60 v _27867_/Y (sky130_fd_sc_hd__xnor2_1)
     1    0.00                           _00417_ (net)
                  0.10    0.00   14.60 v _54524_/D (sky130_fd_sc_hd__dfrtp_1)
                                 14.60   data arrival time

                          7.30    7.30   clock clk (rise edge)
                          0.00    7.30   clock source latency
                  0.29    0.22    7.53 ^ clk (in)
     2    0.11                           clk (net)
                  0.29    0.00    7.53 ^ clkbuf_0_clk/A (sky130_fd_sc_hd__clkbuf_16)
                  0.24    0.48    8.01 ^ clkbuf_0_clk/X (sky130_fd_sc_hd__clkbuf_16)
     4    0.14                           clknet_0_clk (net)
                  0.24    0.00    8.01 ^ clkbuf_2_2_0_clk/A (sky130_fd_sc_hd__clkbuf_16)
                  0.13    0.37    8.39 ^ clkbuf_2_2_0_clk/X (sky130_fd_sc_hd__clkbuf_16)
     3    0.07                           clknet_2_2_0_clk (net)
                  0.13    0.00    8.39 ^ clkbuf_3_5_0_clk/A (sky130_fd_sc_hd__clkbuf_16)
                  0.18    0.36    8.75 ^ clkbuf_3_5_0_clk/X (sky130_fd_sc_hd__clkbuf_16)
     4    0.10                           clknet_3_5_0_clk (net)
                  0.18    0.00    8.75 ^ clkbuf_5_21__f_clk/A (sky130_fd_sc_hd__clkbuf_16)
                  0.17    0.37    9.13 ^ clkbuf_5_21__f_clk/X (sky130_fd_sc_hd__clkbuf_16)
     8    0.09                           clknet_5_21__leaf_clk (net)
                  0.17    0.00    9.13 ^ clkbuf_leaf_237_clk/A (sky130_fd_sc_hd__clkbuf_16)
                  0.09    0.30    9.43 ^ clkbuf_leaf_237_clk/X (sky130_fd_sc_hd__clkbuf_16)
    13    0.03                           clknet_leaf_237_clk (net)
                  0.09    0.00    9.43 ^ _54524_/CLK (sky130_fd_sc_hd__dfrtp_1)
                         -0.30    9.13   clock uncertainty
                          0.07    9.20   clock reconvergence pessimism
                         -0.29    8.91   library setup time
                                  8.91   data required time
-----------------------------------------------------------------------------
                                  8.91   data required time
                                -14.60   data arrival time
-----------------------------------------------------------------------------
                                 -5.69   slack (VIOLATED)



======================= Typical Corner ===================================

Startpoint: _54094_ (rising edge-triggered flip-flop clocked by clk)
Endpoint: _54524_ (rising edge-triggered flip-flop clocked by clk)
Path Group: clk
Path Type: max
Corner: Typical

Fanout     Cap    Slew   Delay    Time   Description
-----------------------------------------------------------------------------
                          0.00    0.00   clock clk (rise edge)
                          0.00    0.00   clock source latency
                  0.19    0.13    0.13 ^ clk (in)
     2    0.11                           clk (net)
                  0.19    0.00    0.13 ^ clkbuf_0_clk/A (sky130_fd_sc_hd__clkbuf_16)
                  0.15    0.25    0.38 ^ clkbuf_0_clk/X (sky130_fd_sc_hd__clkbuf_16)
     4    0.14                           clknet_0_clk (net)
                  0.15    0.00    0.38 ^ clkbuf_2_1_0_clk/A (sky130_fd_sc_hd__clkbuf_16)
                  0.10    0.20    0.58 ^ clkbuf_2_1_0_clk/X (sky130_fd_sc_hd__clkbuf_16)
     2    0.08                           clknet_2_1_0_clk (net)
                  0.10    0.00    0.58 ^ clkbuf_3_2_0_clk/A (sky130_fd_sc_hd__clkbuf_16)
                  0.10    0.19    0.77 ^ clkbuf_3_2_0_clk/X (sky130_fd_sc_hd__clkbuf_16)
     4    0.09                           clknet_3_2_0_clk (net)
                  0.10    0.00    0.77 ^ clkbuf_5_9__f_clk/A (sky130_fd_sc_hd__clkbuf_16)
                  0.11    0.19    0.96 ^ clkbuf_5_9__f_clk/X (sky130_fd_sc_hd__clkbuf_16)
     8    0.10                           clknet_5_9__leaf_clk (net)
                  0.11    0.00    0.96 ^ clkbuf_leaf_41_clk/A (sky130_fd_sc_hd__clkbuf_16)
                  0.05    0.15    1.11 ^ clkbuf_leaf_41_clk/X (sky130_fd_sc_hd__clkbuf_16)
     9    0.03                           clknet_leaf_41_clk (net)
                  0.05    0.00    1.11 ^ _54094_/CLK (sky130_fd_sc_hd__dfxtp_4)
                  0.31    0.50    1.62 ^ _54094_/Q (sky130_fd_sc_hd__dfxtp_4)
    10    0.11                           u_core0.A_inputs[111] (net)
                  0.31    0.02    1.64 ^ _51651_/A (sky130_fd_sc_hd__buf_6)
                  0.23    0.28    1.92 ^ _51651_/X (sky130_fd_sc_hd__buf_6)
    13    0.12                           _22689_ (net)
                  0.24    0.01    1.93 ^ _51695_/A (sky130_fd_sc_hd__buf_4)
                  0.19    0.27    2.19 ^ _51695_/X (sky130_fd_sc_hd__buf_4)
     5    0.07                           _22732_ (net)
                  0.19    0.00    2.19 ^ fanout311/A (sky130_fd_sc_hd__buf_6)
                  0.23    0.26    2.45 ^ fanout311/X (sky130_fd_sc_hd__buf_6)
    16    0.12                           net311 (net)
                  0.23    0.00    2.45 ^ _51843_/A (sky130_fd_sc_hd__buf_4)
                  0.22    0.28    2.73 ^ _51843_/X (sky130_fd_sc_hd__buf_4)
     5    0.08                           _22877_ (net)
                  0.22    0.00    2.73 ^ fanout226/A (sky130_fd_sc_hd__buf_6)
                  0.26    0.28    3.00 ^ fanout226/X (sky130_fd_sc_hd__buf_6)
    16    0.13                           net226 (net)
                  0.26    0.00    3.00 ^ _51844_/A (sky130_fd_sc_hd__buf_4)
                  0.25    0.31    3.31 ^ _51844_/X (sky130_fd_sc_hd__buf_4)
     5    0.09                           _22878_ (net)
                  0.25    0.00    3.31 ^ fanout156/A (sky130_fd_sc_hd__buf_8)
                  0.20    0.25    3.56 ^ fanout156/X (sky130_fd_sc_hd__buf_8)
    16    0.12                           net156 (net)
                  0.20    0.01    3.57 ^ _51908_/A (sky130_fd_sc_hd__clkbuf_4)
                  0.17    0.27    3.84 ^ _51908_/X (sky130_fd_sc_hd__clkbuf_4)
     5    0.06                           _22940_ (net)
                  0.17    0.00    3.84 ^ fanout107/A (sky130_fd_sc_hd__buf_6)
                  0.22    0.25    4.08 ^ fanout107/X (sky130_fd_sc_hd__buf_6)
    16    0.11                           net107 (net)
                  0.22    0.00    4.09 ^ _51959_/A (sky130_fd_sc_hd__clkbuf_4)
                  0.23    0.31    4.40 ^ _51959_/X (sky130_fd_sc_hd__clkbuf_4)
     5    0.08                           _22990_ (net)
                  0.23    0.00    4.40 ^ fanout80/A (sky130_fd_sc_hd__clkbuf_8)
                  0.19    0.28    4.68 ^ fanout80/X (sky130_fd_sc_hd__clkbuf_8)
    16    0.11                           net80 (net)
                  0.19    0.01    4.69 ^ _27817_/A1 (sky130_fd_sc_hd__a21o_1)
                  0.04    0.13    4.82 ^ _27817_/X (sky130_fd_sc_hd__a21o_1)
     1    0.00                           _25753_ (net)
                  0.04    0.00    4.82 ^ _27818_/B1 (sky130_fd_sc_hd__o21ai_1)
                  0.06    0.05    4.87 v _27818_/Y (sky130_fd_sc_hd__o21ai_1)
     1    0.00                           _25754_ (net)
                  0.06    0.00    4.87 v _27819_/B1 (sky130_fd_sc_hd__a22o_1)
                  0.04    0.17    5.04 v _27819_/X (sky130_fd_sc_hd__a22o_1)
     1    0.00                           _25755_ (net)
                  0.04    0.00    5.04 v _27820_/B1 (sky130_fd_sc_hd__a32o_1)
                  0.06    0.20    5.24 v _27820_/X (sky130_fd_sc_hd__a32o_1)
     1    0.01                           _25756_ (net)
                  0.06    0.00    5.24 v _27822_/A (sky130_fd_sc_hd__xor2_1)
                  0.07    0.17    5.42 v _27822_/X (sky130_fd_sc_hd__xor2_1)
     2    0.01                           _25758_ (net)
                  0.07    0.00    5.42 v _27824_/B (sky130_fd_sc_hd__nor3_1)
                  0.31    0.28    5.70 ^ _27824_/Y (sky130_fd_sc_hd__nor3_1)
     2    0.01                           _25760_ (net)
                  0.31    0.00    5.70 ^ _27834_/A1 (sky130_fd_sc_hd__o21a_2)
                  0.14    0.26    5.96 ^ _27834_/X (sky130_fd_sc_hd__o21a_2)
     2    0.03                           _25769_ (net)
                  0.14    0.00    5.96 ^ _27846_/A (sky130_fd_sc_hd__xor2_4)
                  0.68    0.54    6.50 ^ _27846_/X (sky130_fd_sc_hd__xor2_4)
     4    0.10                           _25781_ (net)
                  0.68    0.02    6.53 ^ _27847_/B (sky130_fd_sc_hd__and2_4)
                  0.07    0.27    6.79 ^ _27847_/X (sky130_fd_sc_hd__and2_4)
     3    0.01                           _25782_ (net)
                  0.07    0.00    6.79 ^ _27851_/B1 (sky130_fd_sc_hd__a211o_1)
                  0.10    0.13    6.93 ^ _27851_/X (sky130_fd_sc_hd__a211o_1)
     1    0.01                           _25785_ (net)
                  0.10    0.00    6.93 ^ _27854_/A2 (sky130_fd_sc_hd__o221ai_4)
                  0.11    0.12    7.05 v _27854_/Y (sky130_fd_sc_hd__o221ai_4)
     3    0.01                           _25788_ (net)
                  0.11    0.00    7.05 v _27859_/A1 (sky130_fd_sc_hd__a21bo_1)
                  0.03    0.18    7.22 v _27859_/X (sky130_fd_sc_hd__a21bo_1)
     1    0.00                           _25792_ (net)
                  0.03    0.00    7.22 v _27860_/B1 (sky130_fd_sc_hd__o21a_2)
                  0.10    0.16    7.39 v _27860_/X (sky130_fd_sc_hd__o21a_2)
     4    0.03                           _25793_ (net)
                  0.10    0.00    7.39 v _27866_/C (sky130_fd_sc_hd__or3_1)
                  0.08    0.33    7.72 v _27866_/X (sky130_fd_sc_hd__or3_1)
     1    0.01                           _25797_ (net)
                  0.08    0.00    7.72 v _27867_/B (sky130_fd_sc_hd__xnor2_1)
                  0.05    0.13    7.85 v _27867_/Y (sky130_fd_sc_hd__xnor2_1)
     1    0.00                           _00417_ (net)
                  0.05    0.00    7.85 v _54524_/D (sky130_fd_sc_hd__dfrtp_1)
                                  7.85   data arrival time

                          7.30    7.30   clock clk (rise edge)
                          0.00    7.30   clock source latency
                  0.19    0.14    7.45 ^ clk (in)
     2    0.11                           clk (net)
                  0.19    0.00    7.45 ^ clkbuf_0_clk/A (sky130_fd_sc_hd__clkbuf_16)
                  0.15    0.28    7.72 ^ clkbuf_0_clk/X (sky130_fd_sc_hd__clkbuf_16)
     4    0.14                           clknet_0_clk (net)
                  0.15    0.00    7.72 ^ clkbuf_2_2_0_clk/A (sky130_fd_sc_hd__clkbuf_16)
                  0.09    0.21    7.94 ^ clkbuf_2_2_0_clk/X (sky130_fd_sc_hd__clkbuf_16)
     3    0.07                           clknet_2_2_0_clk (net)
                  0.09    0.00    7.94 ^ clkbuf_3_5_0_clk/A (sky130_fd_sc_hd__clkbuf_16)
                  0.12    0.21    8.15 ^ clkbuf_3_5_0_clk/X (sky130_fd_sc_hd__clkbuf_16)
     4    0.10                           clknet_3_5_0_clk (net)
                  0.12    0.00    8.15 ^ clkbuf_5_21__f_clk/A (sky130_fd_sc_hd__clkbuf_16)
                  0.11    0.22    8.37 ^ clkbuf_5_21__f_clk/X (sky130_fd_sc_hd__clkbuf_16)
     8    0.09                           clknet_5_21__leaf_clk (net)
                  0.11    0.00    8.37 ^ clkbuf_leaf_237_clk/A (sky130_fd_sc_hd__clkbuf_16)
                  0.06    0.17    8.54 ^ clkbuf_leaf_237_clk/X (sky130_fd_sc_hd__clkbuf_16)
    13    0.04                           clknet_leaf_237_clk (net)
                  0.06    0.00    8.54 ^ _54524_/CLK (sky130_fd_sc_hd__dfrtp_1)
                         -0.30    8.24   clock uncertainty
                          0.04    8.28   clock reconvergence pessimism
                         -0.12    8.17   library setup time
                                  8.17   data required time
-----------------------------------------------------------------------------
                                  8.17   data required time
                                 -7.85   data arrival time
-----------------------------------------------------------------------------
                                  0.32   slack (MET)




===========================================================================
report_checks --slack_max -0.01
============================================================================
======================= Fastest Corner ===================================

No paths found.

======================= Slowest Corner ===================================

Startpoint: _54094_ (rising edge-triggered flip-flop clocked by clk)
Endpoint: _54524_ (rising edge-triggered flip-flop clocked by clk)
Path Group: clk
Path Type: max
Corner: Slowest

Fanout     Cap    Slew   Delay    Time   Description
-----------------------------------------------------------------------------
                          0.00    0.00   clock clk (rise edge)
                          0.00    0.00   clock source latency
                  0.29    0.20    0.20 ^ clk (in)
     2    0.11                           clk (net)
                  0.29    0.00    0.20 ^ clkbuf_0_clk/A (sky130_fd_sc_hd__clkbuf_16)
                  0.24    0.44    0.64 ^ clkbuf_0_clk/X (sky130_fd_sc_hd__clkbuf_16)
     4    0.14                           clknet_0_clk (net)
                  0.24    0.00    0.64 ^ clkbuf_2_1_0_clk/A (sky130_fd_sc_hd__clkbuf_16)
                  0.15    0.35    0.99 ^ clkbuf_2_1_0_clk/X (sky130_fd_sc_hd__clkbuf_16)
     2    0.08                           clknet_2_1_0_clk (net)
                  0.15    0.00    0.99 ^ clkbuf_3_2_0_clk/A (sky130_fd_sc_hd__clkbuf_16)
                  0.16    0.32    1.31 ^ clkbuf_3_2_0_clk/X (sky130_fd_sc_hd__clkbuf_16)
     4    0.09                           clknet_3_2_0_clk (net)
                  0.16    0.00    1.32 ^ clkbuf_5_9__f_clk/A (sky130_fd_sc_hd__clkbuf_16)
                  0.17    0.33    1.65 ^ clkbuf_5_9__f_clk/X (sky130_fd_sc_hd__clkbuf_16)
     8    0.10                           clknet_5_9__leaf_clk (net)
                  0.17    0.00    1.65 ^ clkbuf_leaf_41_clk/A (sky130_fd_sc_hd__clkbuf_16)
                  0.08    0.26    1.91 ^ clkbuf_leaf_41_clk/X (sky130_fd_sc_hd__clkbuf_16)
     9    0.03                           clknet_leaf_41_clk (net)
                  0.08    0.00    1.91 ^ _54094_/CLK (sky130_fd_sc_hd__dfxtp_4)
                  0.50    0.97    2.88 ^ _54094_/Q (sky130_fd_sc_hd__dfxtp_4)
    10    0.11                           u_core0.A_inputs[111] (net)
                  0.50    0.02    2.90 ^ _51651_/A (sky130_fd_sc_hd__buf_6)
                  0.37    0.53    3.43 ^ _51651_/X (sky130_fd_sc_hd__buf_6)
    13    0.12                           _22689_ (net)
                  0.37    0.01    3.44 ^ _51695_/A (sky130_fd_sc_hd__buf_4)
                  0.31    0.49    3.93 ^ _51695_/X (sky130_fd_sc_hd__buf_4)
     5    0.07                           _22732_ (net)
                  0.31    0.00    3.93 ^ fanout311/A (sky130_fd_sc_hd__buf_6)
                  0.36    0.47    4.40 ^ fanout311/X (sky130_fd_sc_hd__buf_6)
    16    0.11                           net311 (net)
                  0.36    0.00    4.40 ^ _51843_/A (sky130_fd_sc_hd__buf_4)
                  0.34    0.51    4.90 ^ _51843_/X (sky130_fd_sc_hd__buf_4)
     5    0.08                           _22877_ (net)
                  0.34    0.00    4.90 ^ fanout226/A (sky130_fd_sc_hd__buf_6)
                  0.40    0.50    5.41 ^ fanout226/X (sky130_fd_sc_hd__buf_6)
    16    0.13                           net226 (net)
                  0.40    0.00    5.41 ^ _51844_/A (sky130_fd_sc_hd__buf_4)
                  0.40    0.56    5.97 ^ _51844_/X (sky130_fd_sc_hd__buf_4)
     5    0.09                           _22878_ (net)
                  0.40    0.00    5.97 ^ fanout156/A (sky130_fd_sc_hd__buf_8)
                  0.31    0.46    6.43 ^ fanout156/X (sky130_fd_sc_hd__buf_8)
    16    0.12                           net156 (net)
                  0.31    0.01    6.44 ^ _51908_/A (sky130_fd_sc_hd__clkbuf_4)
                  0.27    0.48    6.92 ^ _51908_/X (sky130_fd_sc_hd__clkbuf_4)
     5    0.06                           _22940_ (net)
                  0.27    0.00    6.92 ^ fanout107/A (sky130_fd_sc_hd__buf_6)
                  0.35    0.45    7.37 ^ fanout107/X (sky130_fd_sc_hd__buf_6)
    16    0.11                           net107 (net)
                  0.35    0.00    7.37 ^ _51959_/A (sky130_fd_sc_hd__clkbuf_4)
                  0.37    0.56    7.93 ^ _51959_/X (sky130_fd_sc_hd__clkbuf_4)
     5    0.08                           _22990_ (net)
                  0.37    0.00    7.93 ^ fanout80/A (sky130_fd_sc_hd__clkbuf_8)
                  0.30    0.51    8.43 ^ fanout80/X (sky130_fd_sc_hd__clkbuf_8)
    16    0.11                           net80 (net)
                  0.30    0.01    8.44 ^ _27817_/A1 (sky130_fd_sc_hd__a21o_1)
                  0.06    0.27    8.71 ^ _27817_/X (sky130_fd_sc_hd__a21o_1)
     1    0.00                           _25753_ (net)
                  0.06    0.00    8.71 ^ _27818_/B1 (sky130_fd_sc_hd__o21ai_1)
                  0.11    0.12    8.82 v _27818_/Y (sky130_fd_sc_hd__o21ai_1)
     1    0.00                           _25754_ (net)
                  0.11    0.00    8.82 v _27819_/B1 (sky130_fd_sc_hd__a22o_1)
                  0.07    0.33    9.15 v _27819_/X (sky130_fd_sc_hd__a22o_1)
     1    0.00                           _25755_ (net)
                  0.07    0.00    9.15 v _27820_/B1 (sky130_fd_sc_hd__a32o_1)
                  0.10    0.38    9.53 v _27820_/X (sky130_fd_sc_hd__a32o_1)
     1    0.01                           _25756_ (net)
                  0.10    0.00    9.53 v _27822_/A (sky130_fd_sc_hd__xor2_1)
                  0.16    0.33    9.86 v _27822_/X (sky130_fd_sc_hd__xor2_1)
     2    0.01                           _25758_ (net)
                  0.16    0.00    9.86 v _27824_/B (sky130_fd_sc_hd__nor3_1)
                  0.54    0.51   10.37 ^ _27824_/Y (sky130_fd_sc_hd__nor3_1)
     2    0.01                           _25760_ (net)
                  0.54    0.00   10.37 ^ _27834_/A1 (sky130_fd_sc_hd__o21a_2)
                  0.23    0.54   10.91 ^ _27834_/X (sky130_fd_sc_hd__o21a_2)
     2    0.03                           _25769_ (net)
                  0.23    0.00   10.91 ^ _27846_/A (sky130_fd_sc_hd__xor2_4)
                  1.05    0.91   11.82 ^ _27846_/X (sky130_fd_sc_hd__xor2_4)
     4    0.10                           _25781_ (net)
                  1.05    0.02   11.85 ^ _27847_/B (sky130_fd_sc_hd__and2_4)
                  0.12    0.60   12.44 ^ _27847_/X (sky130_fd_sc_hd__and2_4)
     3    0.01                           _25782_ (net)
                  0.12    0.00   12.44 ^ _27851_/B1 (sky130_fd_sc_hd__a211o_1)
                  0.16    0.24   12.68 ^ _27851_/X (sky130_fd_sc_hd__a211o_1)
     1    0.01                           _25785_ (net)
                  0.16    0.00   12.68 ^ _27854_/A2 (sky130_fd_sc_hd__o221ai_4)
                  0.20    0.26   12.94 v _27854_/Y (sky130_fd_sc_hd__o221ai_4)
     3    0.01                           _25788_ (net)
                  0.20    0.00   12.94 v _27859_/A1 (sky130_fd_sc_hd__a21bo_1)
                  0.06    0.34   13.28 v _27859_/X (sky130_fd_sc_hd__a21bo_1)
     1    0.00                           _25792_ (net)
                  0.06    0.00   13.28 v _27860_/B1 (sky130_fd_sc_hd__o21a_2)
                  0.18    0.30   13.59 v _27860_/X (sky130_fd_sc_hd__o21a_2)
     4    0.03                           _25793_ (net)
                  0.18    0.00   13.59 v _27866_/C (sky130_fd_sc_hd__or3_1)
                  0.17    0.77   14.36 v _27866_/X (sky130_fd_sc_hd__or3_1)
     1    0.01                           _25797_ (net)
                  0.17    0.00   14.36 v _27867_/B (sky130_fd_sc_hd__xnor2_1)
                  0.10    0.25   14.60 v _27867_/Y (sky130_fd_sc_hd__xnor2_1)
     1    0.00                           _00417_ (net)
                  0.10    0.00   14.60 v _54524_/D (sky130_fd_sc_hd__dfrtp_1)
                                 14.60   data arrival time

                          7.30    7.30   clock clk (rise edge)
                          0.00    7.30   clock source latency
                  0.29    0.22    7.53 ^ clk (in)
     2    0.11                           clk (net)
                  0.29    0.00    7.53 ^ clkbuf_0_clk/A (sky130_fd_sc_hd__clkbuf_16)
                  0.24    0.48    8.01 ^ clkbuf_0_clk/X (sky130_fd_sc_hd__clkbuf_16)
     4    0.14                           clknet_0_clk (net)
                  0.24    0.00    8.01 ^ clkbuf_2_2_0_clk/A (sky130_fd_sc_hd__clkbuf_16)
                  0.13    0.37    8.39 ^ clkbuf_2_2_0_clk/X (sky130_fd_sc_hd__clkbuf_16)
     3    0.07                           clknet_2_2_0_clk (net)
                  0.13    0.00    8.39 ^ clkbuf_3_5_0_clk/A (sky130_fd_sc_hd__clkbuf_16)
                  0.18    0.36    8.75 ^ clkbuf_3_5_0_clk/X (sky130_fd_sc_hd__clkbuf_16)
     4    0.10                           clknet_3_5_0_clk (net)
                  0.18    0.00    8.75 ^ clkbuf_5_21__f_clk/A (sky130_fd_sc_hd__clkbuf_16)
                  0.17    0.37    9.13 ^ clkbuf_5_21__f_clk/X (sky130_fd_sc_hd__clkbuf_16)
     8    0.09                           clknet_5_21__leaf_clk (net)
                  0.17    0.00    9.13 ^ clkbuf_leaf_237_clk/A (sky130_fd_sc_hd__clkbuf_16)
                  0.09    0.30    9.43 ^ clkbuf_leaf_237_clk/X (sky130_fd_sc_hd__clkbuf_16)
    13    0.03                           clknet_leaf_237_clk (net)
                  0.09    0.00    9.43 ^ _54524_/CLK (sky130_fd_sc_hd__dfrtp_1)
                         -0.30    9.13   clock uncertainty
                          0.07    9.20   clock reconvergence pessimism
                         -0.29    8.91   library setup time
                                  8.91   data required time
-----------------------------------------------------------------------------
                                  8.91   data required time
                                -14.60   data arrival time
-----------------------------------------------------------------------------
                                 -5.69   slack (VIOLATED)



======================= Typical Corner ===================================

No paths found.


===========================================================================
 report_check_types -max_slew -max_cap -max_fanout -violators
============================================================================
======================= Fastest Corner ===================================

max fanout

Pin                                   Limit Fanout  Slack
---------------------------------------------------------
_54204_/Q                                16     25     -9 (VIOLATED)
_37417_/Y                                16     23     -7 (VIOLATED)
_37458_/Y                                16     23     -7 (VIOLATED)
_42044_/Y                                16     23     -7 (VIOLATED)
_43185_/Y                                16     23     -7 (VIOLATED)
_45897_/Y                                16     21     -5 (VIOLATED)
_45976_/Y                                16     21     -5 (VIOLATED)
_54189_/Q                                16     21     -5 (VIOLATED)
_54174_/Q                                16     19     -3 (VIOLATED)
clkbuf_leaf_229_clk/X                    16     19     -3 (VIOLATED)
clkbuf_leaf_260_clk/X                    16     19     -3 (VIOLATED)
_46615_/Y                                16     18     -2 (VIOLATED)
fanout360/X                              16     18     -2 (VIOLATED)
_39456_/Y                                16     17        (VIOLATED)
_39498_/Y                                16     17        (VIOLATED)
_40865_/Y                                16     17        (VIOLATED)
_41134_/Y                                16     17        (VIOLATED)
clkbuf_5_29__f_clk/X                     16     17        (VIOLATED)
clkbuf_leaf_50_clk/X                     16     17        (VIOLATED)
fanout109/X                              16     17        (VIOLATED)
fanout118/X                              16     17        (VIOLATED)
fanout266/X                              16     17        (VIOLATED)


======================= Slowest Corner ===================================

max slew

Pin                                    Limit    Slew   Slack
------------------------------------------------------------
ANTENNA_236/DIODE                       0.75    1.55   -0.80 (VIOLATED)
ANTENNA_238/DIODE                       0.75    1.55   -0.80 (VIOLATED)
ANTENNA_240/DIODE                       0.75    1.55   -0.80 (VIOLATED)
ANTENNA_231/DIODE                       0.75    1.55   -0.80 (VIOLATED)
ANTENNA_233/DIODE                       0.75    1.55   -0.80 (VIOLATED)
ANTENNA_234/DIODE                       0.75    1.55   -0.80 (VIOLATED)
_55384_/D                               0.75    1.55   -0.80 (VIOLATED)
ANTENNA_232/DIODE                       0.75    1.55   -0.80 (VIOLATED)
ANTENNA_235/DIODE                       0.75    1.55   -0.80 (VIOLATED)
ANTENNA_237/DIODE                       0.75    1.55   -0.80 (VIOLATED)
ANTENNA_239/DIODE                       0.75    1.55   -0.80 (VIOLATED)
ANTENNA_241/DIODE                       0.75    1.55   -0.80 (VIOLATED)
ANTENNA_227/DIODE                       0.75    1.55   -0.80 (VIOLATED)
ANTENNA_223/DIODE                       0.75    1.55   -0.80 (VIOLATED)
ANTENNA_225/DIODE                       0.75    1.55   -0.80 (VIOLATED)
ANTENNA_220/DIODE                       0.75    1.55   -0.80 (VIOLATED)
ANTENNA_221/DIODE                       0.75    1.55   -0.80 (VIOLATED)
ANTENNA_222/DIODE                       0.75    1.55   -0.80 (VIOLATED)
ANTENNA_224/DIODE                       0.75    1.55   -0.80 (VIOLATED)
ANTENNA_226/DIODE                       0.75    1.55   -0.80 (VIOLATED)
ANTENNA_228/DIODE                       0.75    1.55   -0.80 (VIOLATED)
ANTENNA_229/DIODE                       0.75    1.55   -0.80 (VIOLATED)
ANTENNA_230/DIODE                       0.75    1.55   -0.80 (VIOLATED)
_37458_/Y                               0.75    1.55   -0.80 (VIOLATED)
ANTENNA_279/DIODE                       0.75    1.51   -0.76 (VIOLATED)
ANTENNA_280/DIODE                       0.75    1.51   -0.76 (VIOLATED)
ANTENNA_281/DIODE                       0.75    1.51   -0.76 (VIOLATED)
ANTENNA_278/DIODE                       0.75    1.51   -0.76 (VIOLATED)
_55383_/D                               0.75    1.51   -0.76 (VIOLATED)
ANTENNA_282/DIODE                       0.75    1.51   -0.76 (VIOLATED)
ANTENNA_285/DIODE                       0.75    1.51   -0.76 (VIOLATED)
ANTENNA_283/DIODE                       0.75    1.51   -0.76 (VIOLATED)
ANTENNA_286/DIODE                       0.75    1.51   -0.76 (VIOLATED)
ANTENNA_284/DIODE                       0.75    1.51   -0.76 (VIOLATED)
ANTENNA_287/DIODE                       0.75    1.51   -0.76 (VIOLATED)
ANTENNA_288/DIODE                       0.75    1.51   -0.76 (VIOLATED)
ANTENNA_276/DIODE                       0.75    1.51   -0.76 (VIOLATED)
ANTENNA_272/DIODE                       0.75    1.51   -0.76 (VIOLATED)
ANTENNA_274/DIODE                       0.75    1.51   -0.76 (VIOLATED)
ANTENNA_269/DIODE                       0.75    1.51   -0.76 (VIOLATED)
ANTENNA_267/DIODE                       0.75    1.51   -0.76 (VIOLATED)
ANTENNA_268/DIODE                       0.75    1.51   -0.76 (VIOLATED)
ANTENNA_270/DIODE                       0.75    1.51   -0.76 (VIOLATED)
ANTENNA_271/DIODE                       0.75    1.51   -0.76 (VIOLATED)
ANTENNA_273/DIODE                       0.75    1.51   -0.76 (VIOLATED)
ANTENNA_275/DIODE                       0.75    1.51   -0.76 (VIOLATED)
ANTENNA_277/DIODE                       0.75    1.51   -0.76 (VIOLATED)
_37417_/Y                               0.75    1.51   -0.76 (VIOLATED)
ANTENNA_509/DIODE                       0.75    1.42   -0.67 (VIOLATED)
ANTENNA_511/DIODE                       0.75    1.42   -0.67 (VIOLATED)
ANTENNA_514/DIODE                       0.75    1.42   -0.67 (VIOLATED)
ANTENNA_516/DIODE                       0.75    1.42   -0.67 (VIOLATED)
ANTENNA_518/DIODE                       0.75    1.42   -0.67 (VIOLATED)
_55572_/D                               0.75    1.42   -0.67 (VIOLATED)
ANTENNA_510/DIODE                       0.75    1.42   -0.67 (VIOLATED)
ANTENNA_512/DIODE                       0.75    1.42   -0.67 (VIOLATED)
ANTENNA_513/DIODE                       0.75    1.42   -0.67 (VIOLATED)
ANTENNA_515/DIODE                       0.75    1.42   -0.67 (VIOLATED)
ANTENNA_517/DIODE                       0.75    1.42   -0.67 (VIOLATED)
ANTENNA_519/DIODE                       0.75    1.42   -0.67 (VIOLATED)
_42971_/Y                               0.75    1.42   -0.67 (VIOLATED)
ANTENNA_366/DIODE                       0.75    1.41   -0.66 (VIOLATED)
ANTENNA_368/DIODE                       0.75    1.41   -0.66 (VIOLATED)
ANTENNA_370/DIODE                       0.75    1.41   -0.66 (VIOLATED)
ANTENNA_372/DIODE                       0.75    1.41   -0.66 (VIOLATED)
_54635_/D                               0.75    1.41   -0.66 (VIOLATED)
ANTENNA_367/DIODE                       0.75    1.41   -0.66 (VIOLATED)
ANTENNA_369/DIODE                       0.75    1.41   -0.66 (VIOLATED)
ANTENNA_371/DIODE                       0.75    1.41   -0.66 (VIOLATED)
ANTENNA_359/DIODE                       0.75    1.41   -0.66 (VIOLATED)
ANTENNA_360/DIODE                       0.75    1.41   -0.66 (VIOLATED)
ANTENNA_361/DIODE                       0.75    1.41   -0.66 (VIOLATED)
ANTENNA_362/DIODE                       0.75    1.41   -0.66 (VIOLATED)
ANTENNA_363/DIODE                       0.75    1.41   -0.66 (VIOLATED)
ANTENNA_364/DIODE                       0.75    1.41   -0.66 (VIOLATED)
ANTENNA_365/DIODE                       0.75    1.41   -0.66 (VIOLATED)
_45765_/Y                               0.75    1.41   -0.66 (VIOLATED)
ANTENNA_190/DIODE                       0.75    1.37   -0.62 (VIOLATED)
ANTENNA_192/DIODE                       0.75    1.37   -0.62 (VIOLATED)
ANTENNA_194/DIODE                       0.75    1.37   -0.62 (VIOLATED)
ANTENNA_197/DIODE                       0.75    1.37   -0.62 (VIOLATED)
ANTENNA_198/DIODE                       0.75    1.37   -0.62 (VIOLATED)
_55568_/D                               0.75    1.37   -0.62 (VIOLATED)
ANTENNA_191/DIODE                       0.75    1.37   -0.62 (VIOLATED)
ANTENNA_193/DIODE                       0.75    1.37   -0.62 (VIOLATED)
ANTENNA_195/DIODE                       0.75    1.37   -0.62 (VIOLATED)
ANTENNA_196/DIODE                       0.75    1.37   -0.62 (VIOLATED)
ANTENNA_200/DIODE                       0.75    1.37   -0.62 (VIOLATED)
ANTENNA_199/DIODE                       0.75    1.37   -0.62 (VIOLATED)
ANTENNA_186/DIODE                       0.75    1.37   -0.62 (VIOLATED)
ANTENNA_188/DIODE                       0.75    1.37   -0.62 (VIOLATED)
ANTENNA_182/DIODE                       0.75    1.37   -0.62 (VIOLATED)
ANTENNA_184/DIODE                       0.75    1.37   -0.62 (VIOLATED)
ANTENNA_179/DIODE                       0.75    1.37   -0.62 (VIOLATED)
ANTENNA_180/DIODE                       0.75    1.37   -0.62 (VIOLATED)
ANTENNA_181/DIODE                       0.75    1.37   -0.62 (VIOLATED)
ANTENNA_183/DIODE                       0.75    1.37   -0.62 (VIOLATED)
ANTENNA_185/DIODE                       0.75    1.37   -0.62 (VIOLATED)
ANTENNA_187/DIODE                       0.75    1.37   -0.62 (VIOLATED)
ANTENNA_189/DIODE                       0.75    1.37   -0.62 (VIOLATED)
_43185_/Y                               0.75    1.37   -0.62 (VIOLATED)
ANTENNA_498/DIODE                       0.75    1.33   -0.58 (VIOLATED)
ANTENNA_500/DIODE                       0.75    1.33   -0.58 (VIOLATED)
ANTENNA_502/DIODE                       0.75    1.33   -0.58 (VIOLATED)
ANTENNA_492/DIODE                       0.75    1.33   -0.58 (VIOLATED)
ANTENNA_494/DIODE                       0.75    1.33   -0.58 (VIOLATED)
ANTENNA_496/DIODE                       0.75    1.33   -0.58 (VIOLATED)
_55576_/D                               0.75    1.33   -0.58 (VIOLATED)
ANTENNA_493/DIODE                       0.75    1.33   -0.58 (VIOLATED)
ANTENNA_495/DIODE                       0.75    1.33   -0.58 (VIOLATED)
ANTENNA_497/DIODE                       0.75    1.33   -0.58 (VIOLATED)
ANTENNA_499/DIODE                       0.75    1.33   -0.58 (VIOLATED)
ANTENNA_501/DIODE                       0.75    1.33   -0.58 (VIOLATED)
_43141_/Y                               0.75    1.33   -0.58 (VIOLATED)
ANTENNA_520/DIODE                       0.75    1.29   -0.54 (VIOLATED)
ANTENNA_522/DIODE                       0.75    1.29   -0.54 (VIOLATED)
ANTENNA_524/DIODE                       0.75    1.29   -0.54 (VIOLATED)
ANTENNA_526/DIODE                       0.75    1.29   -0.54 (VIOLATED)
ANTENNA_528/DIODE                       0.75    1.29   -0.54 (VIOLATED)
ANTENNA_530/DIODE                       0.75    1.29   -0.54 (VIOLATED)
_55575_/D                               0.75    1.29   -0.54 (VIOLATED)
ANTENNA_521/DIODE                       0.75    1.29   -0.54 (VIOLATED)
ANTENNA_523/DIODE                       0.75    1.29   -0.54 (VIOLATED)
ANTENNA_525/DIODE                       0.75    1.29   -0.54 (VIOLATED)
ANTENNA_527/DIODE                       0.75    1.29   -0.54 (VIOLATED)
ANTENNA_529/DIODE                       0.75    1.29   -0.54 (VIOLATED)
_43109_/Y                               0.75    1.29   -0.54 (VIOLATED)
ANTENNA_266/DIODE                       0.75    1.29   -0.54 (VIOLATED)
_55382_/D                               0.75    1.29   -0.54 (VIOLATED)
_37380_/Y                               0.75    1.29   -0.54 (VIOLATED)
ANTENNA_464/DIODE                       0.75    1.26   -0.51 (VIOLATED)
ANTENNA_465/DIODE                       0.75    1.26   -0.51 (VIOLATED)
ANTENNA_466/DIODE                       0.75    1.26   -0.51 (VIOLATED)
ANTENNA_462/DIODE                       0.75    1.26   -0.51 (VIOLATED)
ANTENNA_463/DIODE                       0.75    1.26   -0.51 (VIOLATED)
ANTENNA_461/DIODE                       0.75    1.26   -0.51 (VIOLATED)
ANTENNA_460/DIODE                       0.75    1.26   -0.51 (VIOLATED)
ANTENNA_459/DIODE                       0.75    1.26   -0.51 (VIOLATED)
_55282_/D                               0.75    1.26   -0.51 (VIOLATED)
ANTENNA_451/DIODE                       0.75    1.26   -0.51 (VIOLATED)
ANTENNA_452/DIODE                       0.75    1.26   -0.51 (VIOLATED)
ANTENNA_453/DIODE                       0.75    1.26   -0.51 (VIOLATED)
ANTENNA_454/DIODE                       0.75    1.26   -0.51 (VIOLATED)
ANTENNA_455/DIODE                       0.75    1.26   -0.51 (VIOLATED)
ANTENNA_456/DIODE                       0.75    1.26   -0.51 (VIOLATED)
ANTENNA_457/DIODE                       0.75    1.26   -0.51 (VIOLATED)
ANTENNA_458/DIODE                       0.75    1.26   -0.51 (VIOLATED)
_40865_/Y                               0.75    1.26   -0.51 (VIOLATED)
ANTENNA_1428/DIODE                      0.75    1.25   -0.50 (VIOLATED)
ANTENNA_1430/DIODE                      0.75    1.25   -0.50 (VIOLATED)
ANTENNA_1432/DIODE                      0.75    1.25   -0.50 (VIOLATED)
ANTENNA_1434/DIODE                      0.75    1.25   -0.50 (VIOLATED)
_55381_/D                               0.75    1.25   -0.50 (VIOLATED)
ANTENNA_1427/DIODE                      0.75    1.25   -0.50 (VIOLATED)
ANTENNA_1429/DIODE                      0.75    1.25   -0.50 (VIOLATED)
ANTENNA_1431/DIODE                      0.75    1.25   -0.50 (VIOLATED)
ANTENNA_1433/DIODE                      0.75    1.25   -0.50 (VIOLATED)
ANTENNA_1435/DIODE                      0.75    1.25   -0.50 (VIOLATED)
_37328_/Y                               0.75    1.25   -0.50 (VIOLATED)
ANTENNA_335/DIODE                       0.75    1.22   -0.47 (VIOLATED)
ANTENNA_337/DIODE                       0.75    1.22   -0.47 (VIOLATED)
ANTENNA_339/DIODE                       0.75    1.22   -0.47 (VIOLATED)
ANTENNA_342/DIODE                       0.75    1.22   -0.47 (VIOLATED)
ANTENNA_343/DIODE                       0.75    1.22   -0.47 (VIOLATED)
_54640_/D                               0.75    1.22   -0.47 (VIOLATED)
ANTENNA_336/DIODE                       0.75    1.22   -0.47 (VIOLATED)
ANTENNA_338/DIODE                       0.75    1.22   -0.47 (VIOLATED)
ANTENNA_340/DIODE                       0.75    1.22   -0.47 (VIOLATED)
ANTENNA_341/DIODE                       0.75    1.22   -0.47 (VIOLATED)
ANTENNA_344/DIODE                       0.75    1.22   -0.47 (VIOLATED)
ANTENNA_325/DIODE                       0.75    1.22   -0.47 (VIOLATED)
ANTENNA_326/DIODE                       0.75    1.22   -0.47 (VIOLATED)
ANTENNA_327/DIODE                       0.75    1.22   -0.47 (VIOLATED)
ANTENNA_328/DIODE                       0.75    1.22   -0.47 (VIOLATED)
ANTENNA_329/DIODE                       0.75    1.22   -0.47 (VIOLATED)
ANTENNA_330/DIODE                       0.75    1.22   -0.47 (VIOLATED)
ANTENNA_331/DIODE                       0.75    1.22   -0.47 (VIOLATED)
ANTENNA_332/DIODE                       0.75    1.22   -0.47 (VIOLATED)
ANTENNA_333/DIODE                       0.75    1.22   -0.47 (VIOLATED)
ANTENNA_334/DIODE                       0.75    1.22   -0.47 (VIOLATED)
_45976_/Y                               0.75    1.22   -0.47 (VIOLATED)
ANTENNA_1442/DIODE                      0.75    1.21   -0.46 (VIOLATED)
ANTENNA_1444/DIODE                      0.75    1.21   -0.46 (VIOLATED)
_55574_/D                               0.75    1.21   -0.46 (VIOLATED)
ANTENNA_1443/DIODE                      0.75    1.21   -0.46 (VIOLATED)
ANTENNA_1445/DIODE                      0.75    1.21   -0.46 (VIOLATED)
_43066_/Y                               0.75    1.21   -0.46 (VIOLATED)
ANTENNA_397/DIODE                       0.75    1.21   -0.46 (VIOLATED)
ANTENNA_399/DIODE                       0.75    1.21   -0.46 (VIOLATED)
ANTENNA_401/DIODE                       0.75    1.21   -0.46 (VIOLATED)
ANTENNA_403/DIODE                       0.75    1.21   -0.46 (VIOLATED)
ANTENNA_405/DIODE                       0.75    1.21   -0.46 (VIOLATED)
_54638_/D                               0.75    1.21   -0.46 (VIOLATED)
ANTENNA_398/DIODE                       0.75    1.21   -0.46 (VIOLATED)
ANTENNA_400/DIODE                       0.75    1.21   -0.46 (VIOLATED)
ANTENNA_402/DIODE                       0.75    1.21   -0.46 (VIOLATED)
ANTENNA_404/DIODE                       0.75    1.21   -0.46 (VIOLATED)
ANTENNA_406/DIODE                       0.75    1.21   -0.46 (VIOLATED)
ANTENNA_393/DIODE                       0.75    1.21   -0.46 (VIOLATED)
ANTENNA_395/DIODE                       0.75    1.21   -0.46 (VIOLATED)
ANTENNA_387/DIODE                       0.75    1.21   -0.46 (VIOLATED)
ANTENNA_388/DIODE                       0.75    1.21   -0.46 (VIOLATED)
ANTENNA_389/DIODE                       0.75    1.21   -0.46 (VIOLATED)
ANTENNA_390/DIODE                       0.75    1.21   -0.46 (VIOLATED)
ANTENNA_391/DIODE                       0.75    1.21   -0.46 (VIOLATED)
ANTENNA_392/DIODE                       0.75    1.21   -0.46 (VIOLATED)
ANTENNA_394/DIODE                       0.75    1.21   -0.46 (VIOLATED)
ANTENNA_396/DIODE                       0.75    1.21   -0.46 (VIOLATED)
_45897_/Y                               0.75    1.21   -0.46 (VIOLATED)
ANTENNA_503/DIODE                       0.75    1.21   -0.46 (VIOLATED)
ANTENNA_505/DIODE                       0.75    1.21   -0.46 (VIOLATED)
ANTENNA_507/DIODE                       0.75    1.21   -0.46 (VIOLATED)
_55570_/D                               0.75    1.21   -0.46 (VIOLATED)
ANTENNA_504/DIODE                       0.75    1.21   -0.46 (VIOLATED)
ANTENNA_506/DIODE                       0.75    1.21   -0.46 (VIOLATED)
ANTENNA_508/DIODE                       0.75    1.21   -0.46 (VIOLATED)
_42905_/Y                               0.75    1.21   -0.46 (VIOLATED)
ANTENNA_260/DIODE                       0.75    1.20   -0.45 (VIOLATED)
ANTENNA_262/DIODE                       0.75    1.20   -0.45 (VIOLATED)
_55380_/D                               0.75    1.20   -0.45 (VIOLATED)
ANTENNA_261/DIODE                       0.75    1.20   -0.45 (VIOLATED)
ANTENNA_263/DIODE                       0.75    1.20   -0.45 (VIOLATED)
ANTENNA_264/DIODE                       0.75    1.20   -0.45 (VIOLATED)
ANTENNA_265/DIODE                       0.75    1.20   -0.45 (VIOLATED)
ANTENNA_254/DIODE                       0.75    1.20   -0.45 (VIOLATED)
ANTENNA_255/DIODE                       0.75    1.20   -0.45 (VIOLATED)
ANTENNA_256/DIODE                       0.75    1.20   -0.45 (VIOLATED)
ANTENNA_257/DIODE                       0.75    1.20   -0.45 (VIOLATED)
ANTENNA_258/DIODE                       0.75    1.20   -0.45 (VIOLATED)
ANTENNA_259/DIODE                       0.75    1.20   -0.45 (VIOLATED)
_37274_/Y                               0.75    1.20   -0.45 (VIOLATED)
ANTENNA_599/DIODE                       0.75    1.19   -0.44 (VIOLATED)
ANTENNA_600/DIODE                       0.75    1.19   -0.44 (VIOLATED)
ANTENNA_594/DIODE                       0.75    1.19   -0.44 (VIOLATED)
ANTENNA_595/DIODE                       0.75    1.19   -0.44 (VIOLATED)
ANTENNA_597/DIODE                       0.75    1.19   -0.44 (VIOLATED)
ANTENNA_596/DIODE                       0.75    1.19   -0.44 (VIOLATED)
ANTENNA_598/DIODE                       0.75    1.19   -0.44 (VIOLATED)
_55625_/D                               0.75    1.19   -0.44 (VIOLATED)
ANTENNA_587/DIODE                       0.75    1.19   -0.44 (VIOLATED)
ANTENNA_588/DIODE                       0.75    1.19   -0.44 (VIOLATED)
ANTENNA_589/DIODE                       0.75    1.19   -0.44 (VIOLATED)
ANTENNA_590/DIODE                       0.75    1.19   -0.44 (VIOLATED)
ANTENNA_591/DIODE                       0.75    1.19   -0.44 (VIOLATED)
ANTENNA_592/DIODE                       0.75    1.19   -0.44 (VIOLATED)
ANTENNA_593/DIODE                       0.75    1.19   -0.44 (VIOLATED)
_40474_/Y                               0.75    1.19   -0.44 (VIOLATED)
ANTENNA_439/DIODE                       0.75    1.19   -0.44 (VIOLATED)
ANTENNA_440/DIODE                       0.75    1.19   -0.44 (VIOLATED)
ANTENNA_442/DIODE                       0.75    1.19   -0.44 (VIOLATED)
ANTENNA_444/DIODE                       0.75    1.19   -0.44 (VIOLATED)
ANTENNA_446/DIODE                       0.75    1.19   -0.44 (VIOLATED)
_55280_/D                               0.75    1.19   -0.44 (VIOLATED)
ANTENNA_441/DIODE                       0.75    1.19   -0.44 (VIOLATED)
ANTENNA_443/DIODE                       0.75    1.19   -0.44 (VIOLATED)
ANTENNA_445/DIODE                       0.75    1.19   -0.44 (VIOLATED)
ANTENNA_437/DIODE                       0.75    1.19   -0.44 (VIOLATED)
ANTENNA_431/DIODE                       0.75    1.19   -0.44 (VIOLATED)
ANTENNA_432/DIODE                       0.75    1.19   -0.44 (VIOLATED)
ANTENNA_433/DIODE                       0.75    1.19   -0.44 (VIOLATED)
ANTENNA_434/DIODE                       0.75    1.19   -0.44 (VIOLATED)
ANTENNA_435/DIODE                       0.75    1.19   -0.44 (VIOLATED)
ANTENNA_436/DIODE                       0.75    1.19   -0.44 (VIOLATED)
ANTENNA_438/DIODE                       0.75    1.19   -0.44 (VIOLATED)
_41134_/Y                               0.75    1.19   -0.44 (VIOLATED)
ANTENNA_352/DIODE                       0.75    1.17   -0.42 (VIOLATED)
ANTENNA_354/DIODE                       0.75    1.17   -0.42 (VIOLATED)
ANTENNA_356/DIODE                       0.75    1.17   -0.42 (VIOLATED)
ANTENNA_358/DIODE                       0.75    1.17   -0.42 (VIOLATED)
_54641_/D                               0.75    1.17   -0.42 (VIOLATED)
ANTENNA_353/DIODE                       0.75    1.17   -0.42 (VIOLATED)
ANTENNA_355/DIODE                       0.75    1.17   -0.42 (VIOLATED)
ANTENNA_357/DIODE                       0.75    1.17   -0.42 (VIOLATED)
ANTENNA_350/DIODE                       0.75    1.17   -0.42 (VIOLATED)
ANTENNA_345/DIODE                       0.75    1.17   -0.42 (VIOLATED)
ANTENNA_346/DIODE                       0.75    1.17   -0.42 (VIOLATED)
ANTENNA_347/DIODE                       0.75    1.17   -0.42 (VIOLATED)
ANTENNA_348/DIODE                       0.75    1.17   -0.42 (VIOLATED)
ANTENNA_349/DIODE                       0.75    1.17   -0.42 (VIOLATED)
ANTENNA_351/DIODE                       0.75    1.17   -0.42 (VIOLATED)
_46017_/Y                               0.75    1.17   -0.42 (VIOLATED)
ANTENNA_489/DIODE                       0.75    1.17   -0.42 (VIOLATED)
ANTENNA_485/DIODE                       0.75    1.17   -0.42 (VIOLATED)
ANTENNA_487/DIODE                       0.75    1.17   -0.42 (VIOLATED)
ANTENNA_483/DIODE                       0.75    1.17   -0.42 (VIOLATED)
ANTENNA_481/DIODE                       0.75    1.17   -0.42 (VIOLATED)
ANTENNA_480/DIODE                       0.75    1.17   -0.42 (VIOLATED)
_55569_/D                               0.75    1.17   -0.42 (VIOLATED)
ANTENNA_482/DIODE                       0.75    1.17   -0.42 (VIOLATED)
ANTENNA_484/DIODE                       0.75    1.17   -0.42 (VIOLATED)
ANTENNA_486/DIODE                       0.75    1.17   -0.42 (VIOLATED)
ANTENNA_488/DIODE                       0.75    1.17   -0.42 (VIOLATED)
ANTENNA_490/DIODE                       0.75    1.17   -0.42 (VIOLATED)
ANTENNA_491/DIODE                       0.75    1.17   -0.42 (VIOLATED)
_43182_/Y                               0.75    1.17   -0.42 (VIOLATED)
ANTENNA_603/DIODE                       0.75    1.16   -0.41 (VIOLATED)
ANTENNA_604/DIODE                       0.75    1.16   -0.41 (VIOLATED)
_55626_/D                               0.75    1.16   -0.41 (VIOLATED)
ANTENNA_601/DIODE                       0.75    1.16   -0.41 (VIOLATED)
ANTENNA_602/DIODE                       0.75    1.16   -0.41 (VIOLATED)
_40506_/Y                               0.75    1.16   -0.41 (VIOLATED)
ANTENNA_414/DIODE                       0.75    1.16   -0.41 (VIOLATED)
ANTENNA_416/DIODE                       0.75    1.16   -0.41 (VIOLATED)
ANTENNA_418/DIODE                       0.75    1.16   -0.41 (VIOLATED)
ANTENNA_420/DIODE                       0.75    1.16   -0.41 (VIOLATED)
ANTENNA_415/DIODE                       0.75    1.16   -0.41 (VIOLATED)
ANTENNA_417/DIODE                       0.75    1.16   -0.41 (VIOLATED)
ANTENNA_419/DIODE                       0.75    1.16   -0.41 (VIOLATED)
_54639_/D                               0.75    1.16   -0.41 (VIOLATED)
ANTENNA_407/DIODE                       0.75    1.16   -0.41 (VIOLATED)
ANTENNA_408/DIODE                       0.75    1.16   -0.41 (VIOLATED)
ANTENNA_409/DIODE                       0.75    1.16   -0.41 (VIOLATED)
ANTENNA_410/DIODE                       0.75    1.16   -0.41 (VIOLATED)
ANTENNA_411/DIODE                       0.75    1.16   -0.41 (VIOLATED)
ANTENNA_412/DIODE                       0.75    1.16   -0.41 (VIOLATED)
ANTENNA_413/DIODE                       0.75    1.16   -0.41 (VIOLATED)
_45941_/Y                               0.75    1.16   -0.41 (VIOLATED)
ANTENNA_145/DIODE                       0.75    1.15   -0.40 (VIOLATED)
ANTENNA_147/DIODE                       0.75    1.15   -0.40 (VIOLATED)
ANTENNA_149/DIODE                       0.75    1.15   -0.40 (VIOLATED)
ANTENNA_150/DIODE                       0.75    1.15   -0.40 (VIOLATED)
ANTENNA_154/DIODE                       0.75    1.15   -0.40 (VIOLATED)
_55375_/D                               0.75    1.15   -0.40 (VIOLATED)
ANTENNA_146/DIODE                       0.75    1.15   -0.40 (VIOLATED)
ANTENNA_148/DIODE                       0.75    1.15   -0.40 (VIOLATED)
ANTENNA_151/DIODE                       0.75    1.15   -0.40 (VIOLATED)
ANTENNA_152/DIODE                       0.75    1.15   -0.40 (VIOLATED)
ANTENNA_153/DIODE                       0.75    1.15   -0.40 (VIOLATED)
ANTENNA_155/DIODE                       0.75    1.15   -0.40 (VIOLATED)
_37506_/X                               0.75    1.15   -0.40 (VIOLATED)
ANTENNA_684/DIODE                       0.75    1.14   -0.39 (VIOLATED)
ANTENNA_686/DIODE                       0.75    1.14   -0.39 (VIOLATED)
ANTENNA_683/DIODE                       0.75    1.14   -0.39 (VIOLATED)
ANTENNA_685/DIODE                       0.75    1.14   -0.39 (VIOLATED)
ANTENNA_687/DIODE                       0.75    1.14   -0.39 (VIOLATED)
ANTENNA_688/DIODE                       0.75    1.14   -0.39 (VIOLATED)
ANTENNA_689/DIODE                       0.75    1.14   -0.39 (VIOLATED)
ANTENNA_690/DIODE                       0.75    1.14   -0.39 (VIOLATED)
_55429_/D                               0.75    1.14   -0.39 (VIOLATED)
ANTENNA_675/DIODE                       0.75    1.14   -0.39 (VIOLATED)
ANTENNA_676/DIODE                       0.75    1.14   -0.39 (VIOLATED)
ANTENNA_677/DIODE                       0.75    1.14   -0.39 (VIOLATED)
ANTENNA_678/DIODE                       0.75    1.14   -0.39 (VIOLATED)
ANTENNA_679/DIODE                       0.75    1.14   -0.39 (VIOLATED)
ANTENNA_680/DIODE                       0.75    1.14   -0.39 (VIOLATED)
ANTENNA_681/DIODE                       0.75    1.14   -0.39 (VIOLATED)
ANTENNA_682/DIODE                       0.75    1.14   -0.39 (VIOLATED)
_39498_/Y                               0.75    1.14   -0.39 (VIOLATED)
ANTENNA_616/DIODE                       0.75    1.12   -0.37 (VIOLATED)
ANTENNA_618/DIODE                       0.75    1.12   -0.37 (VIOLATED)
ANTENNA_620/DIODE                       0.75    1.12   -0.37 (VIOLATED)
_54489_/D                               0.75    1.12   -0.37 (VIOLATED)
ANTENNA_615/DIODE                       0.75    1.12   -0.37 (VIOLATED)
ANTENNA_617/DIODE                       0.75    1.12   -0.37 (VIOLATED)
ANTENNA_619/DIODE                       0.75    1.12   -0.37 (VIOLATED)
ANTENNA_609/DIODE                       0.75    1.12   -0.37 (VIOLATED)
ANTENNA_610/DIODE                       0.75    1.12   -0.37 (VIOLATED)
ANTENNA_611/DIODE                       0.75    1.12   -0.37 (VIOLATED)
ANTENNA_612/DIODE                       0.75    1.12   -0.37 (VIOLATED)
ANTENNA_613/DIODE                       0.75    1.12   -0.37 (VIOLATED)
ANTENNA_614/DIODE                       0.75    1.12   -0.37 (VIOLATED)
_41859_/Y                               0.75    1.12   -0.37 (VIOLATED)
ANTENNA_380/DIODE                       0.75    1.12   -0.37 (VIOLATED)
ANTENNA_382/DIODE                       0.75    1.12   -0.37 (VIOLATED)
ANTENNA_384/DIODE                       0.75    1.12   -0.37 (VIOLATED)
ANTENNA_386/DIODE                       0.75    1.12   -0.37 (VIOLATED)
_54637_/D                               0.75    1.12   -0.37 (VIOLATED)
ANTENNA_381/DIODE                       0.75    1.12   -0.37 (VIOLATED)
ANTENNA_383/DIODE                       0.75    1.12   -0.37 (VIOLATED)
ANTENNA_385/DIODE                       0.75    1.12   -0.37 (VIOLATED)
ANTENNA_373/DIODE                       0.75    1.12   -0.37 (VIOLATED)
ANTENNA_374/DIODE                       0.75    1.12   -0.37 (VIOLATED)
ANTENNA_375/DIODE                       0.75    1.12   -0.37 (VIOLATED)
ANTENNA_376/DIODE                       0.75    1.12   -0.37 (VIOLATED)
ANTENNA_377/DIODE                       0.75    1.12   -0.37 (VIOLATED)
ANTENNA_378/DIODE                       0.75    1.12   -0.37 (VIOLATED)
ANTENNA_379/DIODE                       0.75    1.12   -0.37 (VIOLATED)
_45854_/Y                               0.75    1.12   -0.37 (VIOLATED)
_27770_/B                               0.75    1.10   -0.35 (VIOLATED)
_27772_/A2                              0.75    1.10   -0.35 (VIOLATED)
_27773_/A2                              0.75    1.10   -0.35 (VIOLATED)
_27769_/X                               0.75    1.10   -0.35 (VIOLATED)
_55628_/D                               0.75    1.09   -0.34 (VIOLATED)
_40581_/Y                               0.75    1.09   -0.34 (VIOLATED)
ANTENNA_167/DIODE                       0.75    1.08   -0.33 (VIOLATED)
ANTENNA_168/DIODE                       0.75    1.08   -0.33 (VIOLATED)
ANTENNA_169/DIODE                       0.75    1.08   -0.33 (VIOLATED)
ANTENNA_170/DIODE                       0.75    1.08   -0.33 (VIOLATED)
ANTENNA_171/DIODE                       0.75    1.08   -0.33 (VIOLATED)
ANTENNA_172/DIODE                       0.75    1.08   -0.33 (VIOLATED)
_55279_/D                               0.75    1.08   -0.33 (VIOLATED)
_41140_/X                               0.75    1.08   -0.33 (VIOLATED)
_30199_/A                               0.75    1.08   -0.33 (VIOLATED)
_30200_/A                               0.75    1.08   -0.33 (VIOLATED)
_54114_/Q                               0.75    1.08   -0.33 (VIOLATED)
ANTENNA_747/DIODE                       0.75    1.05   -0.30 (VIOLATED)
ANTENNA_748/DIODE                       0.75    1.05   -0.30 (VIOLATED)
_27375_/A                               0.75    1.05   -0.30 (VIOLATED)
_27376_/A                               0.75    1.05   -0.30 (VIOLATED)
_27384_/B1                              0.75    1.05   -0.30 (VIOLATED)
ANTENNA_749/DIODE                       0.75    1.05   -0.30 (VIOLATED)
_27847_/B                               0.75    1.05   -0.30 (VIOLATED)
ANTENNA_750/DIODE                       0.75    1.05   -0.30 (VIOLATED)
_27848_/B                               0.75    1.05   -0.30 (VIOLATED)
ANTENNA_751/DIODE                       0.75    1.05   -0.30 (VIOLATED)
_27368_/Y                               0.75    1.05   -0.30 (VIOLATED)
_27846_/X                               0.75    1.05   -0.30 (VIOLATED)
ANTENNA_217/DIODE                       0.75    1.04   -0.29 (VIOLATED)
ANTENNA_218/DIODE                       0.75    1.04   -0.29 (VIOLATED)
ANTENNA_214/DIODE                       0.75    1.04   -0.29 (VIOLATED)
ANTENNA_212/DIODE                       0.75    1.04   -0.29 (VIOLATED)
ANTENNA_219/DIODE                       0.75    1.04   -0.29 (VIOLATED)
ANTENNA_216/DIODE                       0.75    1.04   -0.29 (VIOLATED)
ANTENNA_215/DIODE                       0.75    1.04   -0.29 (VIOLATED)
ANTENNA_213/DIODE                       0.75    1.04   -0.29 (VIOLATED)
ANTENNA_211/DIODE                       0.75    1.04   -0.29 (VIOLATED)
_55478_/D                               0.75    1.04   -0.29 (VIOLATED)
ANTENNA_203/DIODE                       0.75    1.04   -0.29 (VIOLATED)
ANTENNA_204/DIODE                       0.75    1.04   -0.29 (VIOLATED)
ANTENNA_205/DIODE                       0.75    1.04   -0.29 (VIOLATED)
ANTENNA_206/DIODE                       0.75    1.04   -0.29 (VIOLATED)
ANTENNA_207/DIODE                       0.75    1.04   -0.29 (VIOLATED)
ANTENNA_208/DIODE                       0.75    1.04   -0.29 (VIOLATED)
ANTENNA_209/DIODE                       0.75    1.04   -0.29 (VIOLATED)
ANTENNA_210/DIODE                       0.75    1.04   -0.29 (VIOLATED)
_46615_/Y                               0.75    1.04   -0.29 (VIOLATED)
_55573_/D                               0.75    1.04   -0.29 (VIOLATED)
ANTENNA_1441/DIODE                      0.75    1.04   -0.29 (VIOLATED)
_43020_/Y                               0.75    1.04   -0.29 (VIOLATED)
ANTENNA_545/DIODE                       0.75    1.03   -0.28 (VIOLATED)
ANTENNA_546/DIODE                       0.75    1.03   -0.28 (VIOLATED)
ANTENNA_548/DIODE                       0.75    1.03   -0.28 (VIOLATED)
_54449_/D                               0.75    1.03   -0.28 (VIOLATED)
ANTENNA_547/DIODE                       0.75    1.03   -0.28 (VIOLATED)
ANTENNA_549/DIODE                       0.75    1.03   -0.28 (VIOLATED)
ANTENNA_544/DIODE                       0.75    1.03   -0.28 (VIOLATED)
ANTENNA_542/DIODE                       0.75    1.03   -0.28 (VIOLATED)
ANTENNA_541/DIODE                       0.75    1.03   -0.28 (VIOLATED)
ANTENNA_543/DIODE                       0.75    1.03   -0.28 (VIOLATED)
_38898_/Y                               0.75    1.03   -0.28 (VIOLATED)
_30196_/A                               0.75    1.03   -0.28 (VIOLATED)
_30198_/A                               0.75    1.03   -0.28 (VIOLATED)
_30195_/A                               0.75    1.03   -0.28 (VIOLATED)
_54112_/Q                               0.75    1.03   -0.28 (VIOLATED)
ANTENNA_1463/DIODE                      0.75    1.02   -0.27 (VIOLATED)
ANTENNA_1465/DIODE                      0.75    1.02   -0.27 (VIOLATED)
ANTENNA_1466/DIODE                      0.75    1.02   -0.27 (VIOLATED)
ANTENNA_1467/DIODE                      0.75    1.02   -0.27 (VIOLATED)
_55427_/D                               0.75    1.02   -0.27 (VIOLATED)
ANTENNA_1462/DIODE                      0.75    1.02   -0.27 (VIOLATED)
ANTENNA_1464/DIODE                      0.75    1.02   -0.27 (VIOLATED)
ANTENNA_1468/DIODE                      0.75    1.02   -0.27 (VIOLATED)
ANTENNA_1455/DIODE                      0.75    1.02   -0.27 (VIOLATED)
ANTENNA_1456/DIODE                      0.75    1.02   -0.27 (VIOLATED)
ANTENNA_1457/DIODE                      0.75    1.02   -0.27 (VIOLATED)
ANTENNA_1458/DIODE                      0.75    1.02   -0.27 (VIOLATED)
ANTENNA_1459/DIODE                      0.75    1.02   -0.27 (VIOLATED)
ANTENNA_1460/DIODE                      0.75    1.02   -0.27 (VIOLATED)
ANTENNA_1461/DIODE                      0.75    1.02   -0.27 (VIOLATED)
_39417_/Y                               0.75    1.02   -0.27 (VIOLATED)
_30203_/A                               0.75    1.02   -0.27 (VIOLATED)
_30204_/B                               0.75    1.02   -0.27 (VIOLATED)
_54116_/Q                               0.75    1.02   -0.27 (VIOLATED)
_55378_/D                               0.75    1.01   -0.26 (VIOLATED)
ANTENNA_243/DIODE                       0.75    1.01   -0.26 (VIOLATED)
ANTENNA_244/DIODE                       0.75    1.01   -0.26 (VIOLATED)
ANTENNA_245/DIODE                       0.75    1.01   -0.26 (VIOLATED)
ANTENNA_246/DIODE                       0.75    1.01   -0.26 (VIOLATED)
ANTENNA_247/DIODE                       0.75    1.01   -0.26 (VIOLATED)
ANTENNA_248/DIODE                       0.75    1.01   -0.26 (VIOLATED)
ANTENNA_249/DIODE                       0.75    1.01   -0.26 (VIOLATED)
ANTENNA_250/DIODE                       0.75    1.01   -0.26 (VIOLATED)
ANTENNA_251/DIODE                       0.75    1.01   -0.26 (VIOLATED)
ANTENNA_252/DIODE                       0.75    1.01   -0.26 (VIOLATED)
ANTENNA_253/DIODE                       0.75    1.01   -0.26 (VIOLATED)
_55281_/D                               0.75    1.01   -0.26 (VIOLATED)
ANTENNA_447/DIODE                       0.75    1.01   -0.26 (VIOLATED)
ANTENNA_448/DIODE                       0.75    1.01   -0.26 (VIOLATED)
ANTENNA_449/DIODE                       0.75    1.01   -0.26 (VIOLATED)
ANTENNA_450/DIODE                       0.75    1.01   -0.26 (VIOLATED)
_40834_/Y                               0.75    1.01   -0.26 (VIOLATED)
_37201_/Y                               0.75    1.01   -0.26 (VIOLATED)
ANTENNA_324/DIODE                       0.75    1.00   -0.25 (VIOLATED)
_54633_/D                               0.75    1.00   -0.25 (VIOLATED)
_46019_/Y                               0.75    1.00   -0.25 (VIOLATED)
_30198_/C                               0.75    1.00   -0.25 (VIOLATED)
_30197_/A                               0.75    1.00   -0.25 (VIOLATED)
_54113_/Q                               0.75    1.00   -0.25 (VIOLATED)
_30201_/A                               0.75    1.00   -0.25 (VIOLATED)
_30202_/A                               0.75    1.00   -0.25 (VIOLATED)
_30204_/A                               0.75    1.00   -0.25 (VIOLATED)
_54115_/Q                               0.75    1.00   -0.25 (VIOLATED)
_30205_/A                               0.75    0.99   -0.24 (VIOLATED)
_30206_/A                               0.75    0.99   -0.24 (VIOLATED)
_54117_/Q                               0.75    0.99   -0.24 (VIOLATED)
ANTENNA_644/DIODE                       0.75    0.99   -0.24 (VIOLATED)
ANTENNA_646/DIODE                       0.75    0.99   -0.24 (VIOLATED)
ANTENNA_648/DIODE                       0.75    0.99   -0.24 (VIOLATED)
ANTENNA_640/DIODE                       0.75    0.99   -0.24 (VIOLATED)
ANTENNA_642/DIODE                       0.75    0.99   -0.24 (VIOLATED)
ANTENNA_639/DIODE                       0.75    0.99   -0.24 (VIOLATED)
_54494_/D                               0.75    0.99   -0.24 (VIOLATED)
ANTENNA_638/DIODE                       0.75    0.99   -0.24 (VIOLATED)
ANTENNA_641/DIODE                       0.75    0.99   -0.24 (VIOLATED)
ANTENNA_643/DIODE                       0.75    0.99   -0.24 (VIOLATED)
ANTENNA_645/DIODE                       0.75    0.99   -0.24 (VIOLATED)
ANTENNA_647/DIODE                       0.75    0.99   -0.24 (VIOLATED)
ANTENNA_637/DIODE                       0.75    0.99   -0.24 (VIOLATED)
ANTENNA_627/DIODE                       0.75    0.99   -0.24 (VIOLATED)
ANTENNA_628/DIODE                       0.75    0.99   -0.24 (VIOLATED)
ANTENNA_629/DIODE                       0.75    0.99   -0.24 (VIOLATED)
ANTENNA_630/DIODE                       0.75    0.99   -0.24 (VIOLATED)
ANTENNA_631/DIODE                       0.75    0.99   -0.24 (VIOLATED)
ANTENNA_632/DIODE                       0.75    0.99   -0.24 (VIOLATED)
ANTENNA_633/DIODE                       0.75    0.99   -0.24 (VIOLATED)
ANTENNA_634/DIODE                       0.75    0.99   -0.24 (VIOLATED)
ANTENNA_635/DIODE                       0.75    0.99   -0.24 (VIOLATED)
ANTENNA_636/DIODE                       0.75    0.99   -0.24 (VIOLATED)
_42044_/Y                               0.75    0.99   -0.24 (VIOLATED)
_50294_/B                               0.75    0.99   -0.24 (VIOLATED)
_50296_/B                               0.75    0.99   -0.24 (VIOLATED)
_50297_/B                               0.75    0.99   -0.24 (VIOLATED)
_50293_/Y                               0.75    0.99   -0.24 (VIOLATED)
ANTENNA_162/DIODE                       0.75    0.99   -0.24 (VIOLATED)
ANTENNA_163/DIODE                       0.75    0.99   -0.24 (VIOLATED)
ANTENNA_164/DIODE                       0.75    0.99   -0.24 (VIOLATED)
ANTENNA_166/DIODE                       0.75    0.99   -0.24 (VIOLATED)
ANTENNA_161/DIODE                       0.75    0.99   -0.24 (VIOLATED)
_55278_/D                               0.75    0.99   -0.24 (VIOLATED)
ANTENNA_165/DIODE                       0.75    0.99   -0.24 (VIOLATED)
_41142_/Y                               0.75    0.99   -0.24 (VIOLATED)
ANTENNA_320/DIODE                       0.75    0.97   -0.22 (VIOLATED)
ANTENNA_322/DIODE                       0.75    0.97   -0.22 (VIOLATED)
_54783_/D                               0.75    0.97   -0.22 (VIOLATED)
ANTENNA_321/DIODE                       0.75    0.97   -0.22 (VIOLATED)
ANTENNA_323/DIODE                       0.75    0.97   -0.22 (VIOLATED)
ANTENNA_316/DIODE                       0.75    0.97   -0.22 (VIOLATED)
ANTENNA_317/DIODE                       0.75    0.97   -0.22 (VIOLATED)
ANTENNA_318/DIODE                       0.75    0.97   -0.22 (VIOLATED)
ANTENNA_319/DIODE                       0.75    0.97   -0.22 (VIOLATED)
_45580_/Y                               0.75    0.97   -0.22 (VIOLATED)
_30207_/A                               0.75    0.96   -0.21 (VIOLATED)
_54118_/Q                               0.75    0.96   -0.21 (VIOLATED)
ANTENNA_672/DIODE                       0.75    0.96   -0.21 (VIOLATED)
ANTENNA_674/DIODE                       0.75    0.96   -0.21 (VIOLATED)
ANTENNA_670/DIODE                       0.75    0.96   -0.21 (VIOLATED)
ANTENNA_668/DIODE                       0.75    0.96   -0.21 (VIOLATED)
_55428_/D                               0.75    0.96   -0.21 (VIOLATED)
ANTENNA_671/DIODE                       0.75    0.96   -0.21 (VIOLATED)
ANTENNA_673/DIODE                       0.75    0.96   -0.21 (VIOLATED)
ANTENNA_669/DIODE                       0.75    0.96   -0.21 (VIOLATED)
ANTENNA_667/DIODE                       0.75    0.96   -0.21 (VIOLATED)
ANTENNA_659/DIODE                       0.75    0.96   -0.21 (VIOLATED)
ANTENNA_660/DIODE                       0.75    0.96   -0.21 (VIOLATED)
ANTENNA_661/DIODE                       0.75    0.96   -0.21 (VIOLATED)
ANTENNA_662/DIODE                       0.75    0.96   -0.21 (VIOLATED)
ANTENNA_663/DIODE                       0.75    0.96   -0.21 (VIOLATED)
ANTENNA_664/DIODE                       0.75    0.96   -0.21 (VIOLATED)
ANTENNA_665/DIODE                       0.75    0.96   -0.21 (VIOLATED)
ANTENNA_666/DIODE                       0.75    0.96   -0.21 (VIOLATED)
_39456_/Y                               0.75    0.96   -0.21 (VIOLATED)
ANTENNA_425/DIODE                       0.75    0.95   -0.20 (VIOLATED)
_55227_/D                               0.75    0.95   -0.20 (VIOLATED)
_41247_/Y                               0.75    0.95   -0.20 (VIOLATED)
_30196_/B                               0.75    0.94   -0.19 (VIOLATED)
ANTENNA_1484/DIODE                      0.75    0.94   -0.19 (VIOLATED)
_30198_/B                               0.75    0.94   -0.19 (VIOLATED)
ANTENNA_1483/DIODE                      0.75    0.94   -0.19 (VIOLATED)
_30195_/B                               0.75    0.94   -0.19 (VIOLATED)
_48787_/A                               0.75    0.94   -0.19 (VIOLATED)
_54111_/Q                               0.75    0.94   -0.19 (VIOLATED)
ANTENNA_1439/DIODE                      0.75    0.92   -0.17 (VIOLATED)
_54636_/D                               0.75    0.92   -0.17 (VIOLATED)
_45810_/Y                               0.75    0.92   -0.17 (VIOLATED)
_55644_/D                               0.75    0.92   -0.17 (VIOLATED)
_37919_/A                               0.75    0.92   -0.17 (VIOLATED)
_44583_/Y                               0.75    0.91   -0.16 (VIOLATED)
_54826_/D                               0.75    0.91   -0.16 (VIOLATED)
ANTENNA_176/DIODE                       0.75    0.91   -0.16 (VIOLATED)
ANTENNA_178/DIODE                       0.75    0.91   -0.16 (VIOLATED)
_55566_/D                               0.75    0.91   -0.16 (VIOLATED)
ANTENNA_177/DIODE                       0.75    0.91   -0.16 (VIOLATED)
ANTENNA_175/DIODE                       0.75    0.91   -0.16 (VIOLATED)
ANTENNA_173/DIODE                       0.75    0.91   -0.16 (VIOLATED)
ANTENNA_174/DIODE                       0.75    0.91   -0.16 (VIOLATED)
_43193_/Y                               0.75    0.91   -0.16 (VIOLATED)
_27807_/B                               0.75    0.91   -0.16 (VIOLATED)
_27808_/B                               0.75    0.91   -0.16 (VIOLATED)
_27806_/Y                               0.75    0.91   -0.16 (VIOLATED)
_55646_/D                               0.75    0.91   -0.16 (VIOLATED)
_37905_/A                               0.75    0.91   -0.16 (VIOLATED)
_54073_/Q                               0.75    0.90   -0.15 (VIOLATED)
ANTENNA_315/DIODE                       0.75    0.90   -0.15 (VIOLATED)
ANTENNA_313/DIODE                       0.75    0.90   -0.15 (VIOLATED)
ANTENNA_314/DIODE                       0.75    0.90   -0.15 (VIOLATED)
_54782_/D                               0.75    0.90   -0.15 (VIOLATED)
ANTENNA_310/DIODE                       0.75    0.90   -0.15 (VIOLATED)
ANTENNA_311/DIODE                       0.75    0.90   -0.15 (VIOLATED)
ANTENNA_312/DIODE                       0.75    0.90   -0.15 (VIOLATED)
_45540_/Y                               0.75    0.90   -0.15 (VIOLATED)
ANTENNA_540/DIODE                       0.75    0.89   -0.14 (VIOLATED)
ANTENNA_538/DIODE                       0.75    0.89   -0.14 (VIOLATED)
ANTENNA_536/DIODE                       0.75    0.89   -0.14 (VIOLATED)
_54448_/D                               0.75    0.89   -0.14 (VIOLATED)
ANTENNA_537/DIODE                       0.75    0.89   -0.14 (VIOLATED)
ANTENNA_539/DIODE                       0.75    0.89   -0.14 (VIOLATED)
_50326_/B                               0.75    0.89   -0.14 (VIOLATED)
_50323_/B                               0.75    0.89   -0.14 (VIOLATED)
_50322_/B                               0.75    0.89   -0.14 (VIOLATED)
_50321_/Y                               0.75    0.89   -0.14 (VIOLATED)
ANTENNA_535/DIODE                       0.75    0.89   -0.14 (VIOLATED)
ANTENNA_533/DIODE                       0.75    0.89   -0.14 (VIOLATED)
ANTENNA_531/DIODE                       0.75    0.89   -0.14 (VIOLATED)
ANTENNA_532/DIODE                       0.75    0.89   -0.14 (VIOLATED)
ANTENNA_534/DIODE                       0.75    0.89   -0.14 (VIOLATED)
_38862_/Y                               0.75    0.89   -0.14 (VIOLATED)
_54075_/Q                               0.75    0.89   -0.14 (VIOLATED)
_50263_/B                               0.75    0.88   -0.13 (VIOLATED)
_50265_/A2                              0.75    0.88   -0.13 (VIOLATED)
_50266_/B                               0.75    0.88   -0.13 (VIOLATED)
_50262_/Y                               0.75    0.88   -0.13 (VIOLATED)
ANTENNA_299/DIODE                       0.75    0.88   -0.13 (VIOLATED)
_54777_/D                               0.75    0.88   -0.13 (VIOLATED)
ANTENNA_298/DIODE                       0.75    0.88   -0.13 (VIOLATED)
_45349_/Y                               0.75    0.88   -0.13 (VIOLATED)
ANTENNA_427/DIODE                       0.75    0.88   -0.13 (VIOLATED)
_55229_/D                               0.75    0.88   -0.13 (VIOLATED)
_41328_/Y                               0.75    0.88   -0.13 (VIOLATED)
ANTENNA_242/DIODE                       0.75    0.88   -0.13 (VIOLATED)
_55377_/D                               0.75    0.88   -0.13 (VIOLATED)
_37174_/Y                               0.75    0.88   -0.13 (VIOLATED)
ANTENNA_1400/DIODE                      0.75    0.87   -0.12 (VIOLATED)
_55200_/D                               0.75    0.87   -0.12 (VIOLATED)
ANTENNA_1399/DIODE                      0.75    0.87   -0.12 (VIOLATED)
_29887_/Y                               0.75    0.87   -0.12 (VIOLATED)
_43398_/A3                              0.75    0.86   -0.11 (VIOLATED)
_43267_/C                               0.75    0.86   -0.11 (VIOLATED)
_43604_/C                               0.75    0.86   -0.11 (VIOLATED)
_43266_/Y                               0.75    0.86   -0.11 (VIOLATED)
_47859_/C                               0.75    0.86   -0.11 (VIOLATED)
_35607_/A2                              0.75    0.85   -0.10 (VIOLATED)
_35609_/A1                              0.75    0.85   -0.10 (VIOLATED)
_35596_/B                               0.75    0.85   -0.10 (VIOLATED)
_35599_/A2                              0.75    0.85   -0.10 (VIOLATED)
_35600_/A2                              0.75    0.85   -0.10 (VIOLATED)
_35595_/B                               0.75    0.85   -0.10 (VIOLATED)
_35594_/X                               0.75    0.85   -0.10 (VIOLATED)
ANTENNA_691/DIODE                       0.75    0.85   -0.10 (VIOLATED)
_54121_/D                               0.75    0.85   -0.10 (VIOLATED)
_27884_/X                               0.75    0.85   -0.10 (VIOLATED)
_54493_/D                               0.75    0.85   -0.10 (VIOLATED)
_42000_/Y                               0.75    0.85   -0.10 (VIOLATED)
ANTENNA_426/DIODE                       0.75    0.85   -0.10 (VIOLATED)
_55228_/D                               0.75    0.85   -0.10 (VIOLATED)
_41286_/Y                               0.75    0.85   -0.10 (VIOLATED)
ANTENNA_1446/DIODE                      0.75    0.85   -0.10 (VIOLATED)
_54441_/D                               0.75    0.85   -0.10 (VIOLATED)
_38609_/Y                               0.75    0.85   -0.10 (VIOLATED)
_27333_/B                               0.75    0.85   -0.10 (VIOLATED)
_27332_/B                               0.75    0.85   -0.10 (VIOLATED)
_27330_/B                               0.75    0.85   -0.10 (VIOLATED)
_27329_/Y                               0.75    0.85   -0.10 (VIOLATED)
_41478_/B                               0.75    0.84   -0.09 (VIOLATED)
_41477_/Y                               0.75    0.84   -0.09 (VIOLATED)
ANTENNA_553/DIODE                       0.75    0.84   -0.09 (VIOLATED)
_54444_/D                               0.75    0.84   -0.09 (VIOLATED)
ANTENNA_552/DIODE                       0.75    0.84   -0.09 (VIOLATED)
_38703_/Y                               0.75    0.84   -0.09 (VIOLATED)
_50470_/Y                               0.75    0.84   -0.09 (VIOLATED)
_50471_/B1                              0.75    0.84   -0.09 (VIOLATED)
_50472_/C                               0.75    0.84   -0.09 (VIOLATED)
ANTENNA_695/DIODE                       0.75    0.84   -0.09 (VIOLATED)
ANTENNA_697/DIODE                       0.75    0.84   -0.09 (VIOLATED)
_54123_/D                               0.75    0.84   -0.09 (VIOLATED)
ANTENNA_694/DIODE                       0.75    0.84   -0.09 (VIOLATED)
ANTENNA_696/DIODE                       0.75    0.84   -0.09 (VIOLATED)
ANTENNA_698/DIODE                       0.75    0.84   -0.09 (VIOLATED)
_27928_/Y                               0.75    0.84   -0.09 (VIOLATED)
_49244_/B                               0.75    0.83   -0.08 (VIOLATED)
_49246_/A2                              0.75    0.83   -0.08 (VIOLATED)
_49283_/C                               0.75    0.83   -0.08 (VIOLATED)
_49282_/B                               0.75    0.83   -0.08 (VIOLATED)
_49281_/A2                              0.75    0.83   -0.08 (VIOLATED)
_49247_/A2                              0.75    0.83   -0.08 (VIOLATED)
_49243_/Y                               0.75    0.83   -0.08 (VIOLATED)
_33162_/A2                              0.75    0.83   -0.08 (VIOLATED)
_33174_/B                               0.75    0.83   -0.08 (VIOLATED)
_33159_/B                               0.75    0.83   -0.08 (VIOLATED)
_33161_/B                               0.75    0.83   -0.08 (VIOLATED)
_33158_/Y                               0.75    0.83   -0.08 (VIOLATED)
_55226_/D                               0.75    0.83   -0.08 (VIOLATED)
_41220_/Y                               0.75    0.83   -0.08 (VIOLATED)
_28814_/A3                              0.75    0.83   -0.08 (VIOLATED)
ANTENNA_1394/DIODE                      0.75    0.83   -0.08 (VIOLATED)
_49029_/D                               0.75    0.83   -0.08 (VIOLATED)
rebuffer366/X                           0.75    0.83   -0.08 (VIOLATED)
ANTENNA_136/DIODE                       0.75    0.83   -0.08 (VIOLATED)
_54267_/D                               0.75    0.83   -0.08 (VIOLATED)
ANTENNA_135/DIODE                       0.75    0.83   -0.08 (VIOLATED)
_51997_/Y                               0.75    0.83   -0.08 (VIOLATED)
ANTENNA_307/DIODE                       0.75    0.83   -0.08 (VIOLATED)
_54779_/D                               0.75    0.83   -0.08 (VIOLATED)
ANTENNA_302/DIODE                       0.75    0.83   -0.08 (VIOLATED)
ANTENNA_303/DIODE                       0.75    0.83   -0.08 (VIOLATED)
ANTENNA_304/DIODE                       0.75    0.83   -0.08 (VIOLATED)
ANTENNA_305/DIODE                       0.75    0.83   -0.08 (VIOLATED)
ANTENNA_306/DIODE                       0.75    0.83   -0.08 (VIOLATED)
_45407_/Y                               0.75    0.83   -0.08 (VIOLATED)
ANTENNA_124/DIODE                       0.75    0.83   -0.08 (VIOLATED)
ANTENNA_120/DIODE                       0.75    0.83   -0.08 (VIOLATED)
ANTENNA_122/DIODE                       0.75    0.83   -0.08 (VIOLATED)
ANTENNA_116/DIODE                       0.75    0.83   -0.08 (VIOLATED)
ANTENNA_118/DIODE                       0.75    0.83   -0.08 (VIOLATED)
_55500_/D                               0.75    0.83   -0.08 (VIOLATED)
ANTENNA_114/DIODE                       0.75    0.83   -0.08 (VIOLATED)
ANTENNA_115/DIODE                       0.75    0.83   -0.08 (VIOLATED)
ANTENNA_117/DIODE                       0.75    0.83   -0.08 (VIOLATED)
ANTENNA_119/DIODE                       0.75    0.83   -0.08 (VIOLATED)
ANTENNA_121/DIODE                       0.75    0.83   -0.08 (VIOLATED)
ANTENNA_123/DIODE                       0.75    0.83   -0.08 (VIOLATED)
_51829_/X                               0.75    0.83   -0.08 (VIOLATED)
_55643_/D                               0.75    0.82   -0.07 (VIOLATED)
_37917_/A                               0.75    0.82   -0.07 (VIOLATED)
_54164_/D                               0.75    0.82   -0.07 (VIOLATED)
ANTENNA_705/DIODE                       0.75    0.82   -0.07 (VIOLATED)
_50213_/X                               0.75    0.82   -0.07 (VIOLATED)
_55645_/D                               0.75    0.82   -0.07 (VIOLATED)
_37901_/A                               0.75    0.82   -0.07 (VIOLATED)
_54122_/D                               0.75    0.81   -0.06 (VIOLATED)
ANTENNA_693/DIODE                       0.75    0.81   -0.06 (VIOLATED)
ANTENNA_692/DIODE                       0.75    0.81   -0.06 (VIOLATED)
_27904_/Y                               0.75    0.81   -0.06 (VIOLATED)
ANTENNA_608/DIODE                       0.75    0.81   -0.06 (VIOLATED)
_54496_/D                               0.75    0.81   -0.06 (VIOLATED)
ANTENNA_607/DIODE                       0.75    0.81   -0.06 (VIOLATED)
ANTENNA_605/DIODE                       0.75    0.81   -0.06 (VIOLATED)
ANTENNA_606/DIODE                       0.75    0.81   -0.06 (VIOLATED)
_42117_/Y                               0.75    0.81   -0.06 (VIOLATED)
_37151_/C                               0.75    0.81   -0.06 (VIOLATED)
_43036_/A3                              0.75    0.81   -0.06 (VIOLATED)
_44714_/C                               0.75    0.81   -0.06 (VIOLATED)
_44659_/D                               0.75    0.81   -0.06 (VIOLATED)
_37336_/A3                              0.75    0.81   -0.06 (VIOLATED)
_44031_/C                               0.75    0.81   -0.06 (VIOLATED)
_48598_/C                               0.75    0.81   -0.06 (VIOLATED)
_37149_/Y                               0.75    0.81   -0.06 (VIOLATED)
_39701_/D1                              0.75    0.81   -0.06 (VIOLATED)
_27206_/A2                              0.75    0.81   -0.06 (VIOLATED)
_27259_/A2                              0.75    0.81   -0.06 (VIOLATED)
_27204_/B                               0.75    0.81   -0.06 (VIOLATED)
_27260_/B1                              0.75    0.81   -0.06 (VIOLATED)
_27207_/A2                              0.75    0.81   -0.06 (VIOLATED)
_27203_/Y                               0.75    0.81   -0.06 (VIOLATED)
ANTENNA_58/DIODE                        0.75    0.80   -0.05 (VIOLATED)
ANTENNA_60/DIODE                        0.75    0.80   -0.05 (VIOLATED)
_55043_/D                               0.75    0.80   -0.05 (VIOLATED)
ANTENNA_59/DIODE                        0.75    0.80   -0.05 (VIOLATED)
ANTENNA_61/DIODE                        0.75    0.80   -0.05 (VIOLATED)
ANTENNA_57/DIODE                        0.75    0.80   -0.05 (VIOLATED)
ANTENNA_52/DIODE                        0.75    0.80   -0.05 (VIOLATED)
ANTENNA_53/DIODE                        0.75    0.80   -0.05 (VIOLATED)
ANTENNA_54/DIODE                        0.75    0.80   -0.05 (VIOLATED)
ANTENNA_55/DIODE                        0.75    0.80   -0.05 (VIOLATED)
ANTENNA_56/DIODE                        0.75    0.80   -0.05 (VIOLATED)
_31537_/Y                               0.75    0.80   -0.05 (VIOLATED)
_54072_/Q                               0.75    0.80   -0.05 (VIOLATED)
_55199_/D                               0.75    0.80   -0.05 (VIOLATED)
_29846_/Y                               0.75    0.80   -0.05 (VIOLATED)
_54074_/Q                               0.75    0.80   -0.05 (VIOLATED)
ANTENNA_585/DIODE                       0.75    0.80   -0.05 (VIOLATED)
ANTENNA_583/DIODE                       0.75    0.80   -0.05 (VIOLATED)
_54249_/D                               0.75    0.80   -0.05 (VIOLATED)
ANTENNA_584/DIODE                       0.75    0.80   -0.05 (VIOLATED)
ANTENNA_586/DIODE                       0.75    0.80   -0.05 (VIOLATED)
ANTENNA_582/DIODE                       0.75    0.80   -0.05 (VIOLATED)
ANTENNA_581/DIODE                       0.75    0.80   -0.05 (VIOLATED)
ANTENNA_579/DIODE                       0.75    0.80   -0.05 (VIOLATED)
ANTENNA_580/DIODE                       0.75    0.80   -0.05 (VIOLATED)
_37576_/Y                               0.75    0.80   -0.05 (VIOLATED)
ANTENNA_1408/DIODE                      0.75    0.80   -0.05 (VIOLATED)
_54996_/D                               0.75    0.80   -0.05 (VIOLATED)
ANTENNA_1407/DIODE                      0.75    0.80   -0.05 (VIOLATED)
_34005_/Y                               0.75    0.80   -0.05 (VIOLATED)
_55230_/D                               0.75    0.80   -0.05 (VIOLATED)
ANTENNA_428/DIODE                       0.75    0.80   -0.05 (VIOLATED)
_41375_/Y                               0.75    0.80   -0.05 (VIOLATED)
ANTENNA_1424/DIODE                      0.75    0.80   -0.05 (VIOLATED)
ANTENNA_1422/DIODE                      0.75    0.80   -0.05 (VIOLATED)
_54424_/D                               0.75    0.80   -0.05 (VIOLATED)
ANTENNA_1423/DIODE                      0.75    0.80   -0.05 (VIOLATED)
ANTENNA_1425/DIODE                      0.75    0.80   -0.05 (VIOLATED)
ANTENNA_1418/DIODE                      0.75    0.80   -0.05 (VIOLATED)
ANTENNA_1419/DIODE                      0.75    0.80   -0.05 (VIOLATED)
ANTENNA_1420/DIODE                      0.75    0.80   -0.05 (VIOLATED)
ANTENNA_1421/DIODE                      0.75    0.80   -0.05 (VIOLATED)
_49883_/Y                               0.75    0.80   -0.05 (VIOLATED)
_54166_/D                               0.75    0.79   -0.04 (VIOLATED)
_50295_/Y                               0.75    0.79   -0.04 (VIOLATED)
ANTENNA_159/DIODE                       0.75    0.79   -0.04 (VIOLATED)
_54631_/D                               0.75    0.79   -0.04 (VIOLATED)
_46029_/Y                               0.75    0.79   -0.04 (VIOLATED)
_55647_/D                               0.75    0.79   -0.04 (VIOLATED)
ANTENNA_1191/DIODE                      0.75    0.79   -0.04 (VIOLATED)
_37964_/A                               0.75    0.79   -0.04 (VIOLATED)
_54809_/D                               0.75    0.78   -0.03 (VIOLATED)
_53401_/Y                               0.75    0.78   -0.03 (VIOLATED)
ANTENNA_301/DIODE                       0.75    0.78   -0.03 (VIOLATED)
_54778_/D                               0.75    0.78   -0.03 (VIOLATED)
ANTENNA_300/DIODE                       0.75    0.78   -0.03 (VIOLATED)
_45375_/Y                               0.75    0.78   -0.03 (VIOLATED)
_51409_/B                               0.75    0.78   -0.03 (VIOLATED)
_51413_/B                               0.75    0.78   -0.03 (VIOLATED)
ANTENNA_1480/DIODE                      0.75    0.78   -0.03 (VIOLATED)
_51410_/B                               0.75    0.78   -0.03 (VIOLATED)
ANTENNA_1481/DIODE                      0.75    0.78   -0.03 (VIOLATED)
_51408_/Y                               0.75    0.78   -0.03 (VIOLATED)
_40020_/B1                              0.75    0.78   -0.03 (VIOLATED)
_39337_/B1                              0.75    0.78   -0.03 (VIOLATED)
_39336_/Y                               0.75    0.78   -0.03 (VIOLATED)
_41167_/A1                              0.75    0.78   -0.03 (VIOLATED)
_32183_/C                               0.75    0.77   -0.02 (VIOLATED)
_32179_/B                               0.75    0.77   -0.02 (VIOLATED)
_32185_/D                               0.75    0.77   -0.02 (VIOLATED)
_32178_/B                               0.75    0.77   -0.02 (VIOLATED)
_32177_/Y                               0.75    0.77   -0.02 (VIOLATED)
_54297_/D                               0.75    0.77   -0.02 (VIOLATED)
_41799_/Y                               0.75    0.77   -0.02 (VIOLATED)
_49355_/A                               0.75    0.77   -0.02 (VIOLATED)
_49359_/A1                              0.75    0.77   -0.02 (VIOLATED)
_49360_/A                               0.75    0.77   -0.02 (VIOLATED)
_49354_/Y                               0.75    0.77   -0.02 (VIOLATED)
_54076_/Q                               0.75    0.77   -0.02 (VIOLATED)
_54299_/D                               0.75    0.77   -0.02 (VIOLATED)
ANTENNA_472/DIODE                       0.75    0.77   -0.02 (VIOLATED)
_41578_/Y                               0.75    0.77   -0.02 (VIOLATED)
ANTENNA_429/DIODE                       0.75    0.77   -0.02 (VIOLATED)
_55231_/D                               0.75    0.77   -0.02 (VIOLATED)
ANTENNA_430/DIODE                       0.75    0.77   -0.02 (VIOLATED)
_41412_/Y                               0.75    0.77   -0.02 (VIOLATED)
ANTENNA_652/DIODE                       0.75    0.77   -0.02 (VIOLATED)
_54495_/D                               0.75    0.77   -0.02 (VIOLATED)
ANTENNA_651/DIODE                       0.75    0.77   -0.02 (VIOLATED)
ANTENNA_649/DIODE                       0.75    0.77   -0.02 (VIOLATED)
ANTENNA_650/DIODE                       0.75    0.77   -0.02 (VIOLATED)
_42082_/Y                               0.75    0.77   -0.02 (VIOLATED)
_27255_/B                               0.75    0.76   -0.01 (VIOLATED)
_27256_/B                               0.75    0.76   -0.01 (VIOLATED)
_27260_/A2                              0.75    0.76   -0.01 (VIOLATED)
_27259_/B1                              0.75    0.76   -0.01 (VIOLATED)
_27254_/Y                               0.75    0.76   -0.01 (VIOLATED)
ANTENNA_1437/DIODE                      0.75    0.76   -0.01 (VIOLATED)
_54634_/D                               0.75    0.76   -0.01 (VIOLATED)
ANTENNA_1438/DIODE                      0.75    0.76   -0.01 (VIOLATED)
ANTENNA_1440/DIODE                      0.75    0.76   -0.01 (VIOLATED)
_55225_/D                               0.75    0.76   -0.01 (VIOLATED)
ANTENNA_1436/DIODE                      0.75    0.76   -0.01 (VIOLATED)
_45728_/Y                               0.75    0.76   -0.01 (VIOLATED)
_41190_/Y                               0.75    0.76   -0.01 (VIOLATED)
_28638_/C                               0.75    0.76   -0.01 (VIOLATED)
_28636_/B                               0.75    0.76   -0.01 (VIOLATED)
_28640_/A                               0.75    0.76   -0.01 (VIOLATED)
_28639_/A2                              0.75    0.76   -0.01 (VIOLATED)
_28635_/Y                               0.75    0.76   -0.01 (VIOLATED)
_54894_/D                               0.75    0.76   -0.01 (VIOLATED)
_32264_/Y                               0.75    0.76   -0.01 (VIOLATED)
_36089_/A                               0.75    0.76   -0.01 (VIOLATED)
_36090_/A                               0.75    0.76   -0.01 (VIOLATED)
_36071_/A                               0.75    0.76   -0.01 (VIOLATED)
_36069_/Y                               0.75    0.76   -0.01 (VIOLATED)
ANTENNA_423/DIODE                       0.75    0.76   -0.01 (VIOLATED)
_55232_/D                               0.75    0.76   -0.01 (VIOLATED)
_41441_/Y                               0.75    0.76   -0.01 (VIOLATED)
_30129_/B                               0.75    0.76   -0.01 (VIOLATED)
_30151_/A2                              0.75    0.76   -0.01 (VIOLATED)
_30155_/B                               0.75    0.76   -0.01 (VIOLATED)
_30152_/A2                              0.75    0.76   -0.01 (VIOLATED)
_30128_/Y                               0.75    0.76   -0.01 (VIOLATED)
ANTENNA_309/DIODE                       0.75    0.76   -0.01 (VIOLATED)
_54781_/D                               0.75    0.76   -0.01 (VIOLATED)
ANTENNA_308/DIODE                       0.75    0.76   -0.01 (VIOLATED)
_45493_/Y                               0.75    0.76   -0.01 (VIOLATED)
_55501_/D                               0.75    0.76   -0.01 (VIOLATED)
_51873_/Y                               0.75    0.75   -0.00 (VIOLATED)
ANTENNA_1452/DIODE                      0.75    0.75   -0.00 (VIOLATED)
ANTENNA_1453/DIODE                      0.75    0.75   -0.00 (VIOLATED)
_55602_/D                               0.75    0.75   -0.00 (VIOLATED)
ANTENNA_1450/DIODE                      0.75    0.75   -0.00 (VIOLATED)
ANTENNA_1451/DIODE                      0.75    0.75   -0.00 (VIOLATED)
_40247_/Y                               0.75    0.75   -0.00 (VIOLATED)
_46795_/C                               0.75    0.75   -0.00 (VIOLATED)
_54705_/D                               0.75    0.75   -0.00 (VIOLATED)
_28507_/Y                               0.75    0.75   -0.00 (VIOLATED)
_41636_/C                               0.75    0.75   -0.00 (VIOLATED)
_46927_/A3                              0.75    0.75   -0.00 (VIOLATED)
_47142_/C                               0.75    0.75   -0.00 (VIOLATED)
_47274_/A3                              0.75    0.75   -0.00 (VIOLATED)
_40814_/D_N                             0.75    0.75   -0.00 (VIOLATED)
_40841_/C                               0.75    0.75   -0.00 (VIOLATED)
_46399_/C                               0.75    0.75   -0.00 (VIOLATED)
_46446_/C                               0.75    0.75   -0.00 (VIOLATED)
_46578_/A3                              0.75    0.75   -0.00 (VIOLATED)
_40813_/Y                               0.75    0.75   -0.00 (VIOLATED)
_51406_/B2                              0.75    0.75   -0.00 (VIOLATED)
_51405_/B                               0.75    0.75   -0.00 (VIOLATED)
_51383_/Y                               0.75    0.75   -0.00 (VIOLATED)
_51399_/A                               0.75    0.75   -0.00 (VIOLATED)

max fanout

Pin                                   Limit Fanout  Slack
---------------------------------------------------------
_54204_/Q                                16     25     -9 (VIOLATED)
_37417_/Y                                16     23     -7 (VIOLATED)
_37458_/Y                                16     23     -7 (VIOLATED)
_42044_/Y                                16     23     -7 (VIOLATED)
_43185_/Y                                16     23     -7 (VIOLATED)
_45897_/Y                                16     21     -5 (VIOLATED)
_45976_/Y                                16     21     -5 (VIOLATED)
_54189_/Q                                16     21     -5 (VIOLATED)
_54174_/Q                                16     19     -3 (VIOLATED)
clkbuf_leaf_229_clk/X                    16     19     -3 (VIOLATED)
clkbuf_leaf_260_clk/X                    16     19     -3 (VIOLATED)
_46615_/Y                                16     18     -2 (VIOLATED)
fanout360/X                              16     18     -2 (VIOLATED)
_39456_/Y                                16     17        (VIOLATED)
_39498_/Y                                16     17        (VIOLATED)
_40865_/Y                                16     17        (VIOLATED)
_41134_/Y                                16     17        (VIOLATED)
clkbuf_5_29__f_clk/X                     16     17        (VIOLATED)
clkbuf_leaf_50_clk/X                     16     17        (VIOLATED)
fanout109/X                              16     17        (VIOLATED)
fanout118/X                              16     17        (VIOLATED)
fanout266/X                              16     17        (VIOLATED)

max capacitance

Pin                                    Limit     Cap   Slack
------------------------------------------------------------
_37458_/Y                               0.13    0.14   -0.01 (VIOLATED)
_37417_/Y                               0.13    0.14   -0.00 (VIOLATED)


======================= Typical Corner ===================================

max slew

Pin                                    Limit    Slew   Slack
------------------------------------------------------------
ANTENNA_240/DIODE                       0.75    0.98   -0.23 (VIOLATED)
ANTENNA_236/DIODE                       0.75    0.98   -0.23 (VIOLATED)
ANTENNA_238/DIODE                       0.75    0.98   -0.23 (VIOLATED)
ANTENNA_234/DIODE                       0.75    0.98   -0.23 (VIOLATED)
ANTENNA_233/DIODE                       0.75    0.98   -0.23 (VIOLATED)
ANTENNA_231/DIODE                       0.75    0.98   -0.23 (VIOLATED)
_55384_/D                               0.75    0.98   -0.23 (VIOLATED)
ANTENNA_232/DIODE                       0.75    0.98   -0.23 (VIOLATED)
ANTENNA_235/DIODE                       0.75    0.98   -0.23 (VIOLATED)
ANTENNA_237/DIODE                       0.75    0.98   -0.23 (VIOLATED)
ANTENNA_239/DIODE                       0.75    0.98   -0.23 (VIOLATED)
ANTENNA_241/DIODE                       0.75    0.98   -0.23 (VIOLATED)
ANTENNA_227/DIODE                       0.75    0.98   -0.23 (VIOLATED)
ANTENNA_225/DIODE                       0.75    0.98   -0.23 (VIOLATED)
ANTENNA_223/DIODE                       0.75    0.98   -0.23 (VIOLATED)
ANTENNA_220/DIODE                       0.75    0.98   -0.23 (VIOLATED)
ANTENNA_221/DIODE                       0.75    0.98   -0.23 (VIOLATED)
ANTENNA_222/DIODE                       0.75    0.98   -0.23 (VIOLATED)
ANTENNA_224/DIODE                       0.75    0.98   -0.23 (VIOLATED)
ANTENNA_226/DIODE                       0.75    0.98   -0.23 (VIOLATED)
ANTENNA_228/DIODE                       0.75    0.98   -0.23 (VIOLATED)
ANTENNA_229/DIODE                       0.75    0.98   -0.23 (VIOLATED)
ANTENNA_230/DIODE                       0.75    0.98   -0.23 (VIOLATED)
_37458_/Y                               0.75    0.98   -0.23 (VIOLATED)
ANTENNA_281/DIODE                       0.75    0.95   -0.20 (VIOLATED)
ANTENNA_280/DIODE                       0.75    0.95   -0.20 (VIOLATED)
ANTENNA_279/DIODE                       0.75    0.95   -0.20 (VIOLATED)
ANTENNA_278/DIODE                       0.75    0.95   -0.20 (VIOLATED)
_55383_/D                               0.75    0.95   -0.20 (VIOLATED)
ANTENNA_282/DIODE                       0.75    0.95   -0.20 (VIOLATED)
ANTENNA_285/DIODE                       0.75    0.95   -0.20 (VIOLATED)
ANTENNA_286/DIODE                       0.75    0.95   -0.20 (VIOLATED)
ANTENNA_283/DIODE                       0.75    0.95   -0.20 (VIOLATED)
ANTENNA_284/DIODE                       0.75    0.95   -0.20 (VIOLATED)
ANTENNA_287/DIODE                       0.75    0.95   -0.20 (VIOLATED)
ANTENNA_288/DIODE                       0.75    0.95   -0.20 (VIOLATED)
ANTENNA_276/DIODE                       0.75    0.95   -0.20 (VIOLATED)
ANTENNA_274/DIODE                       0.75    0.95   -0.20 (VIOLATED)
ANTENNA_272/DIODE                       0.75    0.95   -0.20 (VIOLATED)
ANTENNA_269/DIODE                       0.75    0.95   -0.20 (VIOLATED)
ANTENNA_267/DIODE                       0.75    0.95   -0.20 (VIOLATED)
ANTENNA_268/DIODE                       0.75    0.95   -0.20 (VIOLATED)
ANTENNA_270/DIODE                       0.75    0.95   -0.20 (VIOLATED)
ANTENNA_271/DIODE                       0.75    0.95   -0.20 (VIOLATED)
ANTENNA_273/DIODE                       0.75    0.95   -0.20 (VIOLATED)
ANTENNA_275/DIODE                       0.75    0.95   -0.20 (VIOLATED)
ANTENNA_277/DIODE                       0.75    0.95   -0.20 (VIOLATED)
_37417_/Y                               0.75    0.95   -0.20 (VIOLATED)
ANTENNA_518/DIODE                       0.75    0.91   -0.16 (VIOLATED)
ANTENNA_516/DIODE                       0.75    0.91   -0.16 (VIOLATED)
ANTENNA_514/DIODE                       0.75    0.91   -0.16 (VIOLATED)
ANTENNA_511/DIODE                       0.75    0.91   -0.16 (VIOLATED)
ANTENNA_509/DIODE                       0.75    0.91   -0.16 (VIOLATED)
_55572_/D                               0.75    0.91   -0.16 (VIOLATED)
ANTENNA_510/DIODE                       0.75    0.91   -0.16 (VIOLATED)
ANTENNA_512/DIODE                       0.75    0.91   -0.16 (VIOLATED)
ANTENNA_513/DIODE                       0.75    0.91   -0.16 (VIOLATED)
ANTENNA_515/DIODE                       0.75    0.91   -0.16 (VIOLATED)
ANTENNA_517/DIODE                       0.75    0.91   -0.16 (VIOLATED)
ANTENNA_519/DIODE                       0.75    0.91   -0.16 (VIOLATED)
_42971_/Y                               0.75    0.90   -0.15 (VIOLATED)
ANTENNA_197/DIODE                       0.75    0.87   -0.12 (VIOLATED)
ANTENNA_198/DIODE                       0.75    0.87   -0.12 (VIOLATED)
ANTENNA_194/DIODE                       0.75    0.87   -0.12 (VIOLATED)
ANTENNA_192/DIODE                       0.75    0.87   -0.12 (VIOLATED)
ANTENNA_190/DIODE                       0.75    0.87   -0.12 (VIOLATED)
_55568_/D                               0.75    0.87   -0.12 (VIOLATED)
ANTENNA_191/DIODE                       0.75    0.87   -0.12 (VIOLATED)
ANTENNA_193/DIODE                       0.75    0.87   -0.12 (VIOLATED)
ANTENNA_195/DIODE                       0.75    0.87   -0.12 (VIOLATED)
ANTENNA_196/DIODE                       0.75    0.87   -0.12 (VIOLATED)
ANTENNA_200/DIODE                       0.75    0.87   -0.12 (VIOLATED)
ANTENNA_199/DIODE                       0.75    0.87   -0.12 (VIOLATED)
ANTENNA_186/DIODE                       0.75    0.87   -0.12 (VIOLATED)
ANTENNA_188/DIODE                       0.75    0.87   -0.12 (VIOLATED)
ANTENNA_184/DIODE                       0.75    0.87   -0.12 (VIOLATED)
ANTENNA_182/DIODE                       0.75    0.87   -0.12 (VIOLATED)
ANTENNA_180/DIODE                       0.75    0.87   -0.12 (VIOLATED)
ANTENNA_179/DIODE                       0.75    0.87   -0.12 (VIOLATED)
ANTENNA_181/DIODE                       0.75    0.87   -0.12 (VIOLATED)
ANTENNA_183/DIODE                       0.75    0.87   -0.12 (VIOLATED)
ANTENNA_185/DIODE                       0.75    0.87   -0.12 (VIOLATED)
ANTENNA_187/DIODE                       0.75    0.87   -0.12 (VIOLATED)
ANTENNA_189/DIODE                       0.75    0.87   -0.12 (VIOLATED)
_43185_/Y                               0.75    0.87   -0.12 (VIOLATED)
ANTENNA_502/DIODE                       0.75    0.85   -0.10 (VIOLATED)
ANTENNA_500/DIODE                       0.75    0.85   -0.10 (VIOLATED)
ANTENNA_498/DIODE                       0.75    0.85   -0.10 (VIOLATED)
ANTENNA_496/DIODE                       0.75    0.85   -0.10 (VIOLATED)
ANTENNA_494/DIODE                       0.75    0.85   -0.10 (VIOLATED)
ANTENNA_492/DIODE                       0.75    0.85   -0.10 (VIOLATED)
_55576_/D                               0.75    0.85   -0.10 (VIOLATED)
ANTENNA_493/DIODE                       0.75    0.85   -0.10 (VIOLATED)
ANTENNA_495/DIODE                       0.75    0.85   -0.10 (VIOLATED)
ANTENNA_497/DIODE                       0.75    0.85   -0.10 (VIOLATED)
ANTENNA_499/DIODE                       0.75    0.85   -0.10 (VIOLATED)
ANTENNA_501/DIODE                       0.75    0.85   -0.10 (VIOLATED)
_43141_/Y                               0.75    0.85   -0.10 (VIOLATED)
ANTENNA_370/DIODE                       0.75    0.85   -0.10 (VIOLATED)
ANTENNA_372/DIODE                       0.75    0.85   -0.10 (VIOLATED)
ANTENNA_368/DIODE                       0.75    0.85   -0.10 (VIOLATED)
ANTENNA_366/DIODE                       0.75    0.85   -0.10 (VIOLATED)
_54635_/D                               0.75    0.85   -0.10 (VIOLATED)
ANTENNA_367/DIODE                       0.75    0.85   -0.10 (VIOLATED)
ANTENNA_369/DIODE                       0.75    0.85   -0.10 (VIOLATED)
ANTENNA_371/DIODE                       0.75    0.85   -0.10 (VIOLATED)
ANTENNA_359/DIODE                       0.75    0.85   -0.10 (VIOLATED)
ANTENNA_360/DIODE                       0.75    0.85   -0.10 (VIOLATED)
ANTENNA_361/DIODE                       0.75    0.85   -0.10 (VIOLATED)
ANTENNA_362/DIODE                       0.75    0.85   -0.10 (VIOLATED)
ANTENNA_363/DIODE                       0.75    0.85   -0.10 (VIOLATED)
ANTENNA_364/DIODE                       0.75    0.85   -0.10 (VIOLATED)
ANTENNA_365/DIODE                       0.75    0.85   -0.10 (VIOLATED)
_45765_/Y                               0.75    0.85   -0.10 (VIOLATED)
ANTENNA_266/DIODE                       0.75    0.83   -0.08 (VIOLATED)
_55382_/D                               0.75    0.83   -0.08 (VIOLATED)
_37380_/Y                               0.75    0.83   -0.08 (VIOLATED)
ANTENNA_528/DIODE                       0.75    0.82   -0.07 (VIOLATED)
ANTENNA_530/DIODE                       0.75    0.82   -0.07 (VIOLATED)
ANTENNA_526/DIODE                       0.75    0.82   -0.07 (VIOLATED)
ANTENNA_524/DIODE                       0.75    0.82   -0.07 (VIOLATED)
ANTENNA_522/DIODE                       0.75    0.82   -0.07 (VIOLATED)
ANTENNA_520/DIODE                       0.75    0.82   -0.07 (VIOLATED)
_55575_/D                               0.75    0.82   -0.07 (VIOLATED)
ANTENNA_521/DIODE                       0.75    0.82   -0.07 (VIOLATED)
ANTENNA_523/DIODE                       0.75    0.82   -0.07 (VIOLATED)
ANTENNA_525/DIODE                       0.75    0.82   -0.07 (VIOLATED)
ANTENNA_527/DIODE                       0.75    0.82   -0.07 (VIOLATED)
ANTENNA_529/DIODE                       0.75    0.82   -0.07 (VIOLATED)
_43109_/Y                               0.75    0.82   -0.07 (VIOLATED)
ANTENNA_1434/DIODE                      0.75    0.80   -0.05 (VIOLATED)
ANTENNA_1432/DIODE                      0.75    0.80   -0.05 (VIOLATED)
ANTENNA_1430/DIODE                      0.75    0.80   -0.05 (VIOLATED)
ANTENNA_1428/DIODE                      0.75    0.80   -0.05 (VIOLATED)
_55381_/D                               0.75    0.80   -0.05 (VIOLATED)
ANTENNA_1427/DIODE                      0.75    0.80   -0.05 (VIOLATED)
ANTENNA_1429/DIODE                      0.75    0.80   -0.05 (VIOLATED)
ANTENNA_1431/DIODE                      0.75    0.80   -0.05 (VIOLATED)
ANTENNA_1433/DIODE                      0.75    0.80   -0.05 (VIOLATED)
ANTENNA_1435/DIODE                      0.75    0.80   -0.05 (VIOLATED)
_37328_/Y                               0.75    0.80   -0.05 (VIOLATED)
ANTENNA_464/DIODE                       0.75    0.80   -0.05 (VIOLATED)
ANTENNA_466/DIODE                       0.75    0.80   -0.05 (VIOLATED)
ANTENNA_465/DIODE                       0.75    0.80   -0.05 (VIOLATED)
ANTENNA_463/DIODE                       0.75    0.80   -0.05 (VIOLATED)
ANTENNA_462/DIODE                       0.75    0.80   -0.05 (VIOLATED)
ANTENNA_461/DIODE                       0.75    0.80   -0.05 (VIOLATED)
ANTENNA_460/DIODE                       0.75    0.80   -0.05 (VIOLATED)
ANTENNA_459/DIODE                       0.75    0.80   -0.05 (VIOLATED)
_55282_/D                               0.75    0.80   -0.05 (VIOLATED)
ANTENNA_458/DIODE                       0.75    0.80   -0.05 (VIOLATED)
ANTENNA_451/DIODE                       0.75    0.80   -0.05 (VIOLATED)
ANTENNA_452/DIODE                       0.75    0.80   -0.05 (VIOLATED)
ANTENNA_453/DIODE                       0.75    0.80   -0.05 (VIOLATED)
ANTENNA_454/DIODE                       0.75    0.80   -0.05 (VIOLATED)
ANTENNA_455/DIODE                       0.75    0.80   -0.05 (VIOLATED)
ANTENNA_456/DIODE                       0.75    0.80   -0.05 (VIOLATED)
ANTENNA_457/DIODE                       0.75    0.80   -0.05 (VIOLATED)
_40865_/Y                               0.75    0.80   -0.05 (VIOLATED)
ANTENNA_1442/DIODE                      0.75    0.78   -0.03 (VIOLATED)
ANTENNA_1444/DIODE                      0.75    0.78   -0.03 (VIOLATED)
_55574_/D                               0.75    0.78   -0.03 (VIOLATED)
ANTENNA_1443/DIODE                      0.75    0.78   -0.03 (VIOLATED)
ANTENNA_1445/DIODE                      0.75    0.78   -0.03 (VIOLATED)
_43066_/Y                               0.75    0.78   -0.03 (VIOLATED)
ANTENNA_343/DIODE                       0.75    0.78   -0.03 (VIOLATED)
ANTENNA_342/DIODE                       0.75    0.78   -0.03 (VIOLATED)
ANTENNA_339/DIODE                       0.75    0.78   -0.03 (VIOLATED)
ANTENNA_337/DIODE                       0.75    0.78   -0.03 (VIOLATED)
ANTENNA_335/DIODE                       0.75    0.78   -0.03 (VIOLATED)
_54640_/D                               0.75    0.78   -0.03 (VIOLATED)
ANTENNA_344/DIODE                       0.75    0.78   -0.03 (VIOLATED)
ANTENNA_341/DIODE                       0.75    0.78   -0.03 (VIOLATED)
ANTENNA_340/DIODE                       0.75    0.78   -0.03 (VIOLATED)
ANTENNA_338/DIODE                       0.75    0.78   -0.03 (VIOLATED)
ANTENNA_336/DIODE                       0.75    0.78   -0.03 (VIOLATED)
ANTENNA_325/DIODE                       0.75    0.78   -0.03 (VIOLATED)
ANTENNA_326/DIODE                       0.75    0.78   -0.03 (VIOLATED)
ANTENNA_327/DIODE                       0.75    0.78   -0.03 (VIOLATED)
ANTENNA_328/DIODE                       0.75    0.78   -0.03 (VIOLATED)
ANTENNA_329/DIODE                       0.75    0.78   -0.03 (VIOLATED)
ANTENNA_330/DIODE                       0.75    0.78   -0.03 (VIOLATED)
ANTENNA_331/DIODE                       0.75    0.78   -0.03 (VIOLATED)
ANTENNA_332/DIODE                       0.75    0.78   -0.03 (VIOLATED)
ANTENNA_333/DIODE                       0.75    0.78   -0.03 (VIOLATED)
ANTENNA_334/DIODE                       0.75    0.78   -0.03 (VIOLATED)
_45976_/Y                               0.75    0.78   -0.03 (VIOLATED)
ANTENNA_507/DIODE                       0.75    0.77   -0.02 (VIOLATED)
ANTENNA_505/DIODE                       0.75    0.77   -0.02 (VIOLATED)
ANTENNA_503/DIODE                       0.75    0.77   -0.02 (VIOLATED)
_55570_/D                               0.75    0.77   -0.02 (VIOLATED)
ANTENNA_504/DIODE                       0.75    0.77   -0.02 (VIOLATED)
ANTENNA_506/DIODE                       0.75    0.77   -0.02 (VIOLATED)
ANTENNA_508/DIODE                       0.75    0.77   -0.02 (VIOLATED)
_42905_/Y                               0.75    0.77   -0.02 (VIOLATED)
ANTENNA_262/DIODE                       0.75    0.77   -0.02 (VIOLATED)
ANTENNA_260/DIODE                       0.75    0.77   -0.02 (VIOLATED)
_55380_/D                               0.75    0.77   -0.02 (VIOLATED)
ANTENNA_261/DIODE                       0.75    0.77   -0.02 (VIOLATED)
ANTENNA_263/DIODE                       0.75    0.77   -0.02 (VIOLATED)
ANTENNA_264/DIODE                       0.75    0.77   -0.02 (VIOLATED)
ANTENNA_265/DIODE                       0.75    0.77   -0.02 (VIOLATED)
ANTENNA_258/DIODE                       0.75    0.77   -0.02 (VIOLATED)
ANTENNA_256/DIODE                       0.75    0.77   -0.02 (VIOLATED)
ANTENNA_254/DIODE                       0.75    0.77   -0.02 (VIOLATED)
ANTENNA_255/DIODE                       0.75    0.77   -0.02 (VIOLATED)
ANTENNA_257/DIODE                       0.75    0.77   -0.02 (VIOLATED)
ANTENNA_259/DIODE                       0.75    0.77   -0.02 (VIOLATED)
_37274_/Y                               0.75    0.77   -0.02 (VIOLATED)
ANTENNA_405/DIODE                       0.75    0.76   -0.01 (VIOLATED)
ANTENNA_403/DIODE                       0.75    0.76   -0.01 (VIOLATED)
ANTENNA_401/DIODE                       0.75    0.76   -0.01 (VIOLATED)
ANTENNA_399/DIODE                       0.75    0.76   -0.01 (VIOLATED)
ANTENNA_397/DIODE                       0.75    0.76   -0.01 (VIOLATED)
_54638_/D                               0.75    0.76   -0.01 (VIOLATED)
ANTENNA_398/DIODE                       0.75    0.76   -0.01 (VIOLATED)
ANTENNA_406/DIODE                       0.75    0.76   -0.01 (VIOLATED)
ANTENNA_404/DIODE                       0.75    0.76   -0.01 (VIOLATED)
ANTENNA_402/DIODE                       0.75    0.76   -0.01 (VIOLATED)
ANTENNA_400/DIODE                       0.75    0.76   -0.01 (VIOLATED)
ANTENNA_395/DIODE                       0.75    0.76   -0.01 (VIOLATED)
ANTENNA_393/DIODE                       0.75    0.76   -0.01 (VIOLATED)
ANTENNA_391/DIODE                       0.75    0.76   -0.01 (VIOLATED)
ANTENNA_389/DIODE                       0.75    0.76   -0.01 (VIOLATED)
ANTENNA_387/DIODE                       0.75    0.76   -0.01 (VIOLATED)
ANTENNA_388/DIODE                       0.75    0.76   -0.01 (VIOLATED)
ANTENNA_390/DIODE                       0.75    0.76   -0.01 (VIOLATED)
ANTENNA_392/DIODE                       0.75    0.76   -0.01 (VIOLATED)
ANTENNA_394/DIODE                       0.75    0.76   -0.01 (VIOLATED)
ANTENNA_396/DIODE                       0.75    0.76   -0.01 (VIOLATED)
_45897_/Y                               0.75    0.76   -0.01 (VIOLATED)
ANTENNA_599/DIODE                       0.75    0.76   -0.01 (VIOLATED)
ANTENNA_600/DIODE                       0.75    0.76   -0.01 (VIOLATED)
ANTENNA_597/DIODE                       0.75    0.76   -0.01 (VIOLATED)
ANTENNA_595/DIODE                       0.75    0.76   -0.01 (VIOLATED)
_55625_/D                               0.75    0.76   -0.01 (VIOLATED)
ANTENNA_594/DIODE                       0.75    0.76   -0.01 (VIOLATED)
ANTENNA_596/DIODE                       0.75    0.76   -0.01 (VIOLATED)
ANTENNA_598/DIODE                       0.75    0.76   -0.01 (VIOLATED)
ANTENNA_587/DIODE                       0.75    0.76   -0.01 (VIOLATED)
ANTENNA_588/DIODE                       0.75    0.76   -0.01 (VIOLATED)
ANTENNA_589/DIODE                       0.75    0.76   -0.01 (VIOLATED)
ANTENNA_590/DIODE                       0.75    0.76   -0.01 (VIOLATED)
ANTENNA_591/DIODE                       0.75    0.76   -0.01 (VIOLATED)
ANTENNA_592/DIODE                       0.75    0.76   -0.01 (VIOLATED)
ANTENNA_593/DIODE                       0.75    0.76   -0.01 (VIOLATED)
_40474_/Y                               0.75    0.76   -0.01 (VIOLATED)
ANTENNA_446/DIODE                       0.75    0.75   -0.00 (VIOLATED)
ANTENNA_444/DIODE                       0.75    0.75   -0.00 (VIOLATED)
ANTENNA_442/DIODE                       0.75    0.75   -0.00 (VIOLATED)
ANTENNA_440/DIODE                       0.75    0.75   -0.00 (VIOLATED)
ANTENNA_439/DIODE                       0.75    0.75   -0.00 (VIOLATED)
_55280_/D                               0.75    0.75   -0.00 (VIOLATED)
ANTENNA_441/DIODE                       0.75    0.75   -0.00 (VIOLATED)
ANTENNA_443/DIODE                       0.75    0.75   -0.00 (VIOLATED)
ANTENNA_445/DIODE                       0.75    0.75   -0.00 (VIOLATED)
ANTENNA_437/DIODE                       0.75    0.75   -0.00 (VIOLATED)
ANTENNA_435/DIODE                       0.75    0.75   -0.00 (VIOLATED)
ANTENNA_431/DIODE                       0.75    0.75   -0.00 (VIOLATED)
ANTENNA_432/DIODE                       0.75    0.75   -0.00 (VIOLATED)
ANTENNA_433/DIODE                       0.75    0.75   -0.00 (VIOLATED)
ANTENNA_434/DIODE                       0.75    0.75   -0.00 (VIOLATED)
ANTENNA_436/DIODE                       0.75    0.75   -0.00 (VIOLATED)
ANTENNA_438/DIODE                       0.75    0.75   -0.00 (VIOLATED)
_41134_/Y                               0.75    0.75   -0.00 (VIOLATED)
ANTENNA_489/DIODE                       0.75    0.75   -0.00 (VIOLATED)
ANTENNA_487/DIODE                       0.75    0.75   -0.00 (VIOLATED)
ANTENNA_485/DIODE                       0.75    0.75   -0.00 (VIOLATED)
ANTENNA_483/DIODE                       0.75    0.75   -0.00 (VIOLATED)
ANTENNA_481/DIODE                       0.75    0.75   -0.00 (VIOLATED)
ANTENNA_480/DIODE                       0.75    0.75   -0.00 (VIOLATED)
_55569_/D                               0.75    0.75   -0.00 (VIOLATED)
ANTENNA_482/DIODE                       0.75    0.75   -0.00 (VIOLATED)
ANTENNA_484/DIODE                       0.75    0.75   -0.00 (VIOLATED)
ANTENNA_486/DIODE                       0.75    0.75   -0.00 (VIOLATED)
ANTENNA_488/DIODE                       0.75    0.75   -0.00 (VIOLATED)
ANTENNA_490/DIODE                       0.75    0.75   -0.00 (VIOLATED)
ANTENNA_491/DIODE                       0.75    0.75   -0.00 (VIOLATED)
_43182_/Y                               0.75    0.75   -0.00 (VIOLATED)

max fanout

Pin                                   Limit Fanout  Slack
---------------------------------------------------------
_54204_/Q                                16     25     -9 (VIOLATED)
_37417_/Y                                16     23     -7 (VIOLATED)
_37458_/Y                                16     23     -7 (VIOLATED)
_42044_/Y                                16     23     -7 (VIOLATED)
_43185_/Y                                16     23     -7 (VIOLATED)
_45897_/Y                                16     21     -5 (VIOLATED)
_45976_/Y                                16     21     -5 (VIOLATED)
_54189_/Q                                16     21     -5 (VIOLATED)
_54174_/Q                                16     19     -3 (VIOLATED)
clkbuf_leaf_229_clk/X                    16     19     -3 (VIOLATED)
clkbuf_leaf_260_clk/X                    16     19     -3 (VIOLATED)
_46615_/Y                                16     18     -2 (VIOLATED)
fanout360/X                              16     18     -2 (VIOLATED)
_39456_/Y                                16     17        (VIOLATED)
_39498_/Y                                16     17        (VIOLATED)
_40865_/Y                                16     17        (VIOLATED)
_41134_/Y                                16     17        (VIOLATED)
clkbuf_5_29__f_clk/X                     16     17        (VIOLATED)
clkbuf_leaf_50_clk/X                     16     17        (VIOLATED)
fanout109/X                              16     17        (VIOLATED)
fanout118/X                              16     17        (VIOLATED)
fanout266/X                              16     17        (VIOLATED)



===========================================================================
report_parasitic_annotation -report_unannotated
============================================================================
Found 13 unannotated drivers.
 _54119__656/HI
 u_mem_a_657/LO
 u_mem_a_658/LO
 u_mem_a_659/LO
 u_mem_a_660/LO
 u_mem_b_661/LO
 u_mem_b_662/LO
 u_mem_b_663/LO
 u_mem_b_664/LO
 u_mem_c_665/LO
 u_mem_c_666/LO
 u_mem_c_667/LO
 u_mem_c_668/LO
Found 0 partially unannotated drivers.

===========================================================================
max slew violation count 906
max fanout violation count 22
max cap violation count 2
============================================================================

===========================================================================
check_setup -verbose -unconstrained_endpoints -multiple_clock -no_clock -no_input_delay -loops -generated_clocks
===========================================================================
Warning: There are 81 unconstrained endpoints.
  result[0]
  result[10]
  result[11]
  result[12]
  result[13]
  result[14]
  result[15]
  result[16]
  result[17]
  result[18]
  result[19]
  result[1]
  result[20]
  result[21]
  result[22]
  result[23]
  result[24]
  result[25]
  result[26]
  result[27]
  result[28]
  result[29]
  result[2]
  result[30]
  result[31]
  result[3]
  result[4]
  result[5]
  result[6]
  result[7]
  result[8]
  result[9]
  _54063_/D
  _54064_/D
  _54065_/D
  _54066_/D
  _54067_/D
  _54068_/D
  _54069_/D
  _54070_/D
  _54071_/D
  _54072_/D
  _54073_/D
  _54074_/D
  _54075_/D
  _54076_/D
  _54077_/D
  _54078_/D
  _54079_/D
  _54080_/D
  _54081_/D
  _54082_/D
  _54083_/D
  _54084_/D
  _54085_/D
  _54086_/D
  _54087_/D
  _54088_/D
  _54089_/D
  _54090_/D
  _54091_/D
  _54092_/D
  _54093_/D
  _54094_/D
  _54095_/D
  _54096_/D
  _54097_/D
  _54098_/D
  _54099_/D
  _54100_/D
  _54101_/D
  _54102_/D
  _54103_/D
  _54104_/D
  _54105_/D
  _54106_/D
  _54107_/D
  _54108_/D
  _54109_/D
  _54110_/D
  _54119_/D
