net,length_um
mem_addr\[2\],2233.1
net647,2118.04
mem_addr\[1\],2116.58
mem_addr\[7\],1775.31
mem_addr\[6\],1758.425
mem_addr\[4\],1740.95
mem_addr\[5\],1735.04
mem_addr\[3\],1721.49
mem_addr\[0\],1672.51
mem_csb_a,1510.06
u_core0.B_inputs\[106\],1193.92
u_core0.B_inputs\[107\],1167.985
u_core0.B_inputs\[108\],1166.38
u_core0.B_inputs\[109\],1139.5
u_core0.B_inputs\[110\],1046.06
net542,995.69
net582,975.53
net290,950.38
net357,888.82
_08748_,887
u_core0.B_inputs\[105\],868.575
u_core0.B_inputs\[111\],864.49
net201,863.855
net367,853.04
net278,844.835
net94,839.02
net195,838.865
net131,836.74
net138,833.89
_20229_,827.91
u_core0.B_inputs\[104\],825.55
net350,816.92
net270,816.825
net279,813.03
net257,810.54
net273,809.38
net356,807.125
net291,805.855
net437,804.13
net355,800.755
net280,800.42
net183,799.57
net281,797.46
mem_wdata_a\[31\],795.29
net446,793.59
net269,793.415
net200,792.48
_09755_,791.52
net268,786.995
net207,786.9
net282,785.84
net216,783.16
net438,782.85
_09296_,781.32
net93,780.22
net366,779.98
mem1_rdata\[13\],778.05
mem_wdata_a\[28\],778.04
mem_wdata_a\[30\],775.16
net347,773.985
net134,773.63
net202,765.71
net351,765.005
net128,764.49
_10476_,763.46
net258,763.04
net137,763.015
net360,762.89
_12262_,762.27
_10804_,759.73
net205,758.53
net365,758.5
net213,758.16
net363,757.78
net381,755.025
net203,752.75
net443,751.435
u_core0.ROW\[6\].COL\[1\].u_pe.b_out\[7\],750.96
_09448_,749.385
net361,747.14
net283,746.64
mem_wdata_a\[27\],746.23
mem_wdata_a\[26\],745.54
net345,744.87
mem1_rdata\[9\],741.02
net352,739.16
net368,736.865
net196,736.71
net344,735.935
net277,735.785
_09458_,734.78
_09571_,731.77
net285,730.94
net192,729.94
net145,729.025
net206,727.63
net264,727.36
net284,727.08
net306,726.67
net126,726.16
net187,725.62
net208,724.43
_10427_,722.62
_09167_,722.12
net193,721.26
net373,720.55
net364,717.87
net233,716.125
_09518_,713.57
net286,711.67
net256,710.56
net140,709.795
mem1_rdata\[10\],708.11
u_core0.A_inputs\[107\],707.725
u_core0.B_inputs\[129\],705.8
net194,705.48
net343,705.25
net88,705.16
_22061_,703.785
net229,703.585
u_core0.ROW\[22\].COL\[1\].u_pe.b_out\[5\],702.99
_10807_,702.57
net346,702.26
clk,702.03
net209,700.88
mem_wdata_a\[10\],695.17
net349,695.16
mem_wdata_a\[4\],693.815
net439,693.34
net142,692.71
_21831_,692.3
net141,692.12
_18721_,691.85
net358,691.135
mem1_rdata\[15\],690.43
net370,689.98
_25790_,689.87
net219,688.2
net188,687.97
net287,687.555
net92,685.41
net164,681.68
net646,680.3
net198,679.115
net426,678.89
u_core0.B_inputs\[131\],676.44
net253,675.16
net255,675.08
net69,673.96
net334,673.23
net333,673.18
_08819_,673.04
mem1_rdata\[14\],672.67
net275,672.24
net341,672.1
net342,671.82
_10444_,669.85
net159,669.49
net444,668.8
net332,666.88
net369,666.03
net289,665.3
_09685_,664.59
net146,664.48
net204,661.4
u_core0.B_inputs\[100\],660.835
net156,659.64
net171,657.83
u_core0.ROW\[31\].COL\[1\].u_pe.sum_out\[0\],657.37
net122,657.11
mem1_rdata\[8\],656.37
mem1_rdata\[12\],656.085
net340,655.845
_19530_,655.52
net150,654.86
net147,654.8
u_core0.ROW\[22\].COL\[1\].u_pe.b_out\[2\],652.62
u_core0.ROW\[31\].COL\[1\].u_pe.sum_out\[9\],652.44
net220,651.88
net127,651.37
net314,651.25
net266,648.505
net271,647.99
net227,644.9
mem_wdata_a\[1\],643.1
net102,641.965
_09758_,639.81
_09792_,638.85
net353,638.76
net339,637.8
net374,637.6
net276,637.13
net85,635.86
u_core0.ROW\[23\].COL\[1\].u_pe.sum_out\[9\],635.6
mem_wdata_a\[0\],635.02
net153,633.87
net116,633.57
net298,633.26
net190,633.14
net70,630.555
_10939_,629.87
u_core0.ROW\[31\].COL\[1\].u_pe.sum_out\[1\],629.78
clknet_0_clk,629.24
net130,628.98
u_core0.ROW\[31\].COL\[1\].u_pe.sum_out\[8\],628.73
_23055_,628.49
net293,628.48
net354,628.29
net184,627.66
u_core0.ROW\[31\].COL\[1\].u_pe.sum_out\[3\],626.71
_00688_,626.6
net125,625.655
net83,625.455
u_core0.ROW\[31\].COL\[1\].u_pe.sum_out\[2\],624.93
net179,624.23
_00690_,623.915
net380,623.2
mem1_rdata\[11\],623.08
u_core0.ROW\[31\].COL\[1\].u_pe.sum_out\[4\],622.09
mem1_rdata\[6\],622.08
_00752_,621.98
net376,621.945
_09496_,621.85
_00829_,621.7
_09485_,621.22
net402,619.68
mem_wdata_a\[29\],618.89
net375,618.71
u_core0.ROW\[31\].COL\[1\].u_pe.sum_out\[6\],618.49
net149,618.18
u_core0.ROW\[31\].COL\[1\].u_pe.sum_out\[7\],616.94
net191,616.445
u_core0.ROW\[2\].COL\[1\].u_pe.b_out\[7\],616.24
net215,616.08
net132,615.66
net296,614.58
_09483_,613.71
_09478_,613.58
u_core0.ROW\[31\].COL\[1\].u_pe.sum_out\[5\],612.89
_09482_,612.74
_00685_,612.65
_00682_,611.54
_25781_,610.38
u_core0.B_inputs\[0\],610.17
net181,607.425
_09725_,606.78
_19263_,606.68
net113,606.55
u_core0.ROW\[31\].COL\[1\].u_pe.sum_out\[10\],605.96
net299,605.745
net133,605.01
net244,604.56
net214,602.95
_00689_,601.48
u_core0.ROW\[2\].COL\[1\].u_pe.b_out\[5\],601.335
_00822_,600.855
_20348_,600.83
u_core0.A_inputs\[111\],599.96
_09293_,599.82
_00618_,599.79
net218,599.58
u_core0.ROW\[31\].COL\[1\].u_pe.sum_out\[11\],599.24
_25764_,598.5
_10806_,597.29
u_core0.ROW\[23\].COL\[1\].u_pe.sum_out\[11\],596.69
_11515_,596.1
net172,595.9
net222,595.82
_09465_,595.05
mem1_rdata\[5\],594.1
net212,593.88
net1097,593.505
u_core0.ROW\[6\].COL\[1\].u_pe.b_out\[6\],592.735
net166,592.61
net68,592.48
net445,592.36
_00749_,590.645
net96,590.49
_22552_,589.13
_09079_,588.85
net248,588.77
net242,588.25
net135,588.08
net442,587.22
_14216_,587.08
u_core0.ROW\[1\].COL\[0\].u_pe.b_out\[5\],586.95
u_core0.ROW\[2\].COL\[1\].u_pe.b_out\[4\],586.82
_10693_,586.61
mem_wdata_a\[2\],585.28
_14214_,584.68
u_core0.A_inputs\[125\],584.28
net228,583.44
_14147_,583.34
u_core0.ROW\[30\].COL\[1\].u_pe.sum_out\[7\],583.24
net101,582.77
_20976_,582.195
net236,581.79
_00824_,580.86
_14225_,580.53
_10432_,579.63
u_core0.ROW\[30\].COL\[1\].u_pe.sum_out\[8\],578.72
u_core0.B_inputs\[130\],578.66
net110,577.68
mem_wdata_a\[5\],576.94
_10536_,576.93
u_core0.ROW\[30\].COL\[1\].u_pe.sum_out\[10\],576.87
mem_wdata_a\[6\],576.21
_10611_,575.805
_09489_,574.8
mem_wdata_a\[3\],574.31
net371,573.745
_20899_,572.46
net267,572.385
net226,571.51
u_core0.ROW\[30\].COL\[1\].u_pe.sum_out\[9\],570.52
clknet_5_29__leaf_clk,570.2
net272,569.445
u_core0.ROW\[23\].COL\[1\].u_pe.sum_out\[5\],569.15
clknet_5_16__leaf_clk,568.92
net362,568.13
net34,568.08
net241,567.16
net158,566.91
_08711_,566.435
_09575_,566.05
_00687_,565.99
_09589_,565.95
_21611_,564.91
net235,564.54
_09073_,564.45
_00755_,564.07
_00821_,563.92
net100,563.74
_09479_,562.51
net182,562.34
net103,562.28
net295,561.25
net211,560.28
net170,559.42
net79,559.16
net274,559.145
_14306_,558.295
net160,558.24
net189,558.17
net254,557.685
mem_wdata_a\[7\],557.57
net151,556.07
u_core0.ROW\[22\].COL\[1\].u_pe.b_out\[4\],555.36
_08693_,555.115
net105,554.51
net45,554.41
net178,554.295
net56,553.69
_00756_,552.42
_08805_,549.52
net118,548.46
_09470_,547.52
_11495_,547.095
net121,546.955
mem0_rdata\[9\],546.35
net91,546.105
net313,545.77
net288,545.225
_10461_,545
mem_wdata_a\[9\],544.28
u_core0.A_inputs\[127\],543.43
_00827_,543.42
net59,543.31
net224,543.14
u_core0.A_inputs\[106\],543.11
net76,543.04
net379,542.62
u_core0.ROW\[10\].COL\[0\].u_pe.b_out\[5\],542.59
mem_wdata_a\[11\],542.45
net162,542.435
mem_wdata_a\[12\],542.4
_09650_,541.86
net123,541.855
net265,541.73
_10808_,541.53
_00750_,541.34
mem_wdata_a\[14\],541
net77,540.84
mem_wdata_a\[8\],540.63
mem0_rdata\[21\],540.13
net316,539.48
net221,539.385
net120,539.18
_20942_,539.07
_08734_,538.18
u_core0.ROW\[23\].COL\[1\].u_pe.sum_out\[8\],538.17
_10736_,537.88
_08689_,537.58
net60,537.33
u_core0.ROW\[2\].COL\[0\].u_pe.b_out\[7\],536.9
_00748_,536.3
_24900_,536.16
net161,535.67
net136,535.43
_22879_,535.02
net119,534.9
_09252_,534.42
_10549_,534.37
u_core0.ROW\[6\].COL\[1\].u_pe.b_out\[4\],533.92
net157,533.16
net84,531.65
clknet_5_30__leaf_clk,530.79
_00828_,529.425
net297,528.535
mem_wdata_a\[13\],527.59
net111,527.46
_05828_,527.2
net61,527.01
mem0_rdata\[28\],526.81
_11602_,525.48
net263,524.91
net234,524.34
net252,524.04
_20901_,523.91
net303,523.275
mem0_rdata\[16\],523.09
net155,522.94
net243,522.78
_14620_,522.48
_09576_,522.11
net62,521.54
net180,521.29
u_core0.ROW\[23\].COL\[1\].u_pe.sum_out\[1\],521.28
mem0_rdata\[2\],521.17
_00826_,520.27
_25336_,519.61
_10644_,519.53
_10442_,519.26
net139,518.55
u_core0.ROW\[23\].COL\[1\].u_pe.sum_out\[3\],515.7
net63,515.23
u_core0.ROW\[23\].COL\[1\].u_pe.sum_out\[2\],515.16
mem0_rdata\[20\],514.53
net328,514.45
_09730_,512.61
net104,512.47
_09449_,512.44
u_core0.ROW\[30\].COL\[1\].u_pe.sum_out\[6\],511.98
net377,511.96
net67,511.84
net372,511.69
_22551_,510.97
mem_wdata_a\[15\],510.61
u_core0.ROW\[22\].COL\[1\].u_pe.b_out\[6\],510.42
net232,507.94
mem_wdata_a\[17\],507.92
net292,507.595
net64,507.25
u_core0.ROW\[2\].COL\[0\].u_pe.b_out\[6\],506.92
_00934_,506.76
_09411_,506.6
net35,505.75
net78,505.71
_09008_,505.54
mem_wdata_a\[16\],505.33
u_core0.ROW\[2\].COL\[1\].u_pe.b_out\[3\],505.19
u_core0.ROW\[6\].COL\[1\].u_pe.b_out\[3\],504.99
u_core0.ROW\[2\].COL\[0\].u_pe.b_out\[5\],504.9
_09493_,504.88
_17294_,504.83
_09723_,504.455
net304,504.29
net981,504.23
_10445_,503.86
mem0_rdata\[22\],503.445
_00831_,503.4
net89,503.2
u_core0.ROW\[29\].COL\[1\].u_pe.b_out\[7\],502.9
mem0_rdata\[3\],502.83
_25743_,502.72
net223,502.65
clknet_5_28__leaf_clk,502.6
net90,502.555
net36,501.81
net250,501.31
u_core0.ROW\[14\].COL\[1\].u_pe.sum_out\[10\],500.9
_09687_,500.79
u_core0.A_inputs\[0\],500.77
u_core0.ROW\[1\].COL\[0\].u_pe.b_out\[4\],500.1
_00839_,499.76
_09409_,499.6
mem_wdata_a\[18\],499.55
net65,498.95
u_core0.ROW\[6\].COL\[1\].u_pe.b_out\[2\],498.66
net154,497.875
_25707_,497.66
net168,497.66
_22689_,497.48
net359,497.36
_10750_,496.8
mem_wdata_a\[23\],495.94
u_core0.ROW\[6\].COL\[1\].u_pe.sum_out\[9\],495.91
_09547_,494.75
net441,494.73
_09072_,494.45
u_core0.ROW\[6\].COL\[1\].u_pe.sum_out\[8\],494.37
net99,493.88
_00788_,493.765
net66,493.495
_01780_,493.4
net73,493.11
_09486_,491.41
net1142,490.97
net37,490.42
_10731_,489.95
mem0_rdata\[27\],489.79
net378,489.765
net307,489.74
u_core0.ROW\[6\].COL\[1\].u_pe.sum_out\[10\],489.21
net98,488.955
net217,488.44
u_core0.ROW\[10\].COL\[0\].u_pe.b_out\[6\],487.66
net231,487.45
net199,487.385
net555,487.1
_22834_,486.56
net594,486.48
u_core0.ROW\[30\].COL\[1\].u_pe.sum_out\[11\],485.18
_00895_,485.02
net348,484.83
mem_wdata_a\[20\],484.72
_08684_,484.25
_01021_,484.17
u_core0.ROW\[27\].COL\[0\].u_pe.sum_out\[11\],483.8
mem_wdata_a\[19\],483.57
net107,483.36
net115,482.79
net310,482.73
_22769_,482.4
net129,482.275
mem0_rdata\[13\],481.71
mem_wdata_a\[25\],480.8
net331,480.65
_01019_,480.385
net38,480.31
net22,477.1
net210,476.235
_01018_,476.22
_25323_,476.195
u_core0.A_inputs\[113\],475.61
_09731_,475.17
u_core0.ROW\[7\].COL\[1\].u_pe.sum_out\[2\],474.54
_09076_,474.14
u_core0.ROW\[6\].COL\[1\].u_pe.sum_out\[11\],474.02
net109,473.995
u_core0.ROW\[5\].COL\[1\].u_pe.b_out\[7\],473.03
_11567_,472.25
net330,471.37
_10651_,471.015
_21830_,470.695
net173,470.675
net74,470.405
net167,470.25
_10754_,469.87
net535,469.7
mem_wdata_a\[21\],469.36
_00865_,469.06
u_core0.ROW\[14\].COL\[1\].u_pe.sum_out\[9\],468.29
_00789_,467.68
mem_wdata_a\[22\],467.6
net197,467.575
mem0_rdata\[24\],467.55
u_core0.ROW\[2\].COL\[0\].u_pe.b_out\[4\],465.985
_12352_,465.88
_00832_,465.76
clknet_5_31__leaf_clk,465.48
_00661_,464.44
net39,464.35
_20589_,463.86
u_core0.ROW\[1\].COL\[0\].u_pe.b_out\[6\],463.71
net163,463.535
u_core0.ROW\[1\].COL\[1\].u_pe.sum_out\[7\],463.3
net322,463.04
_11537_,462.775
_20341_,462.32
_22393_,461.46
_09698_,460.86
u_core0.ROW\[1\].COL\[1\].u_pe.sum_out\[11\],460.38
_10688_,460.32
u_core0.ROW\[1\].COL\[1\].u_pe.sum_out\[10\],460.04
_09480_,459.69
net108,459.65
u_core0.ROW\[2\].COL\[1\].u_pe.b_out\[6\],459.39
u_core0.A_inputs\[112\],459.06
u_core0.ROW\[20\].COL\[0\].u_pe.b_out\[7\],458.92
net225,458.24
_00776_,458.12
_08779_,457.58
_22626_,457.34
u_core0.ROW\[14\].COL\[1\].u_pe.sum_out\[11\],456.48
u_core0.B_inputs\[103\],456.4
_00894_,456.38
_21411_,455.86
_00753_,455.82
net186,454.99
u_core0.ROW\[1\].COL\[0\].u_pe.b_out\[7\],453.77
clknet_5_26__leaf_clk,453.39
_00933_,453.26
mem_wdata_a\[24\],453.08
_17284_,453.02
net42,452.69
net124,452.11
_21874_,451.34
_09082_,451.06
net403,450.91
u_core0.ROW\[20\].COL\[0\].u_pe.b_out\[6\],450.78
_25315_,450.47
net40,450.12
_00893_,449.935
_23242_,449.37
mem0_rdata\[4\],449.33
net41,448.91
u_core0.ROW\[14\].COL\[1\].u_pe.b_out\[6\],448.82
net606,448.46
u_core0.ROW\[6\].COL\[1\].u_pe.b_out\[5\],448.31
clknet_5_20__leaf_clk,448.08
net148,447.775
clknet_3_7_0_clk,447.71
_10858_,447.36
u_core0.ROW\[10\].COL\[0\].u_pe.b_out\[3\],446.9
net1099,446.67
_00747_,445.98
mem0_rdata\[18\],445.35
clknet_5_24__leaf_clk,444.78
_10513_,443.7
_09651_,443.31
net81,443.265
u_core0.ROW\[10\].COL\[0\].u_pe.b_out\[4\],443.185
net294,442.21
_00594_,442.14
_22781_,441.96
_00864_,441.72
clknet_5_1__leaf_clk,441.47
_09694_,441.44
_14555_,441.1
net72,441.095
net144,441.05
_25329_,440.86
clknet_5_25__leaf_clk,440.37
u_core0.ROW\[28\].COL\[0\].u_pe.b_out\[6\],440.28
clknet_3_6_0_clk,439.49
_21464_,439.36
net143,439.08
u_core0.ROW\[1\].COL\[0\].u_pe.sum_out\[0\],438.86
_22991_,438.57
net95,438.41
u_core0.ROW\[28\].COL\[0\].u_pe.b_out\[7\],438.39
_05823_,438.25
_10443_,437.92
_09735_,437.65
net43,437.46
net329,436.44
_00782_,435.84
_22631_,435.13
u_core0.ROW\[20\].COL\[0\].u_pe.b_out\[0\],435.01
_00976_,434.89
_04891_,434.7
net595,434.57
_11634_,434.32
u_core0.ROW\[22\].COL\[1\].u_pe.b_out\[7\],433.85
_22388_,433.12
_22625_,432.97
_15233_,432.67
u_core0.ROW\[5\].COL\[1\].u_pe.sum_out\[10\],431.8
net309,431.435
u_core0.A_inputs\[129\],431.34
net114,430.915
net1057,430.68
_21384_,430.11
net305,430.04
net312,429.46
_22793_,428.84
mem0_rdata\[5\],428.75
_10493_,427.9
_00785_,427.4
net46,426.9
u_core0.ROW\[29\].COL\[1\].u_pe.b_out\[6\],426
_00754_,425.97
net152,425.765
_00838_,425.68
_07719_,424.4
net44,423.98
u_core0.ROW\[8\].COL\[0\].u_pe.b_out\[6\],423.885
_22489_,423.7
u_core0.ROW\[3\].COL\[1\].u_pe.sum_out\[1\],423.38
net861,423.29
_08752_,422.9
u_core0.ROW\[2\].COL\[0\].u_pe.b_out\[0\],422.26
u_core0.ROW\[5\].COL\[1\].u_pe.sum_out\[7\],422.26
u_core0.ROW\[24\].COL\[0\].u_pe.b_out\[5\],420.67
_04906_,420.65
_05815_,420.03
_00889_,419.98
_15235_,419.96
_08722_,419.94
_10938_,419.86
_05812_,419.76
net49,418.33
u_core0.ROW\[10\].COL\[1\].u_pe.b_in\[2\],418.24
mem0_rdata\[26\],417.95
_21455_,417.51
net48,417.43
_14556_,417.325
clknet_3_5_0_clk,417.04
clknet_2_3_0_clk,416.91
net315,416.08
_09418_,416.02
_06314_,414.91
net934,414.64
net237,414.16
u_core0.ROW\[18\].COL\[1\].u_pe.b_out\[5\],413.99
mem0_rdata\[8\],413.965
clknet_3_1_0_clk,413.3
_00751_,412.92
_22642_,412.91
clknet_5_4__leaf_clk,412.42
u_core0.ROW\[29\].COL\[1\].u_pe.b_out\[5\],412.04
_09387_,411.49
net47,411.07
mem0_rdata\[7\],410.945
_12621_,410.76
_18306_,410.5
_12642_,409.885
_09335_,409.24
u_core0.ROW\[10\].COL\[0\].u_pe.b_out\[0\],408.75
_20514_,408.5
_04899_,408.02
_09031_,407.44
u_core0.ROW\[2\].COL\[0\].u_pe.b_out\[3\],407.32
_00849_,407.02
u_core0.ROW\[18\].COL\[1\].u_pe.b_out\[6\],406.69
_08781_,406.42
u_core0.ROW\[26\].COL\[1\].u_pe.b_out\[7\],405.34
u_core0.ROW\[23\].COL\[1\].u_pe.sum_out\[4\],404.98
_10553_,404.86
mem0_rdata\[19\],404.55
u_core0.ROW\[1\].COL\[0\].u_pe.b_out\[3\],404.38
_11485_,404.025
_00791_,403.96
_21354_,403.3
clknet_5_18__leaf_clk,402.72
mem0_rdata\[25\],402.41
_08918_,401.44
_10433_,401.37
u_core0.ROW\[5\].COL\[1\].u_pe.sum_out\[5\],401.36
_00978_,401.08
_22890_,400.97
net323,400.35
_00863_,400.24
clknet_5_17__leaf_clk,399.78
_26636_,399.73
_08691_,399.16
_08905_,398.99
u_core0.ROW\[18\].COL\[1\].u_pe.b_out\[3\],398.49
u_core0.ROW\[14\].COL\[0\].u_pe.sum_out\[12\],398.11
u_core0.ROW\[18\].COL\[1\].u_pe.b_out\[4\],397.52
clknet_2_0_0_clk,397
u_core0.A_inputs\[126\],396.35
u_core0.ROW\[1\].COL\[1\].u_pe.b_out\[0\],396.3
u_core0.ROW\[28\].COL\[0\].u_pe.b_out\[5\],395.58
_09200_,394.42
_22816_,393.17
_02014_,392.75
_24089_,391.78
u_core0.ROW\[29\].COL\[1\].u_pe.b_out\[4\],391.71
u_core0.ROW\[14\].COL\[0\].u_pe.sum_out\[11\],391.6
_00913_,389.915
_09461_,389.89
u_core0.ROW\[29\].COL\[1\].u_pe.b_out\[2\],389.71
u_core0.ROW\[5\].COL\[0\].u_pe.b_out\[4\],389.23
u_core0.ROW\[20\].COL\[0\].u_pe.b_out\[5\],388.97
net239,388.495
u_core0.ROW\[22\].COL\[0\].u_pe.b_out\[0\],387.825
u_core0.ROW\[14\].COL\[1\].u_pe.sum_out\[8\],387.62
_22682_,387.58
net687,387.095
net97,387.01
u_core0.ROW\[10\].COL\[0\].u_pe.b_out\[2\],386.82
u_core0.A_inputs\[110\],386.76
_08703_,386.74
net51,386.44
_00915_,386.06
u_core0.ROW\[14\].COL\[0\].u_pe.sum_out\[13\],385.6
u_core0.ROW\[5\].COL\[1\].u_pe.sum_out\[4\],385.24
_00916_,385.08
_10514_,385.06
u_core0.ROW\[3\].COL\[0\].u_pe.sum_out\[1\],384.46
_08847_,384.41
_16257_,384.39
_07711_,384.3
u_core0.ROW\[15\].COL\[1\].u_pe.sum_out\[8\],384
_17401_,383.65
_00835_,383.23
u_core0.ROW\[1\].COL\[0\].u_pe.b_out\[2\],382.86
u_core0.ROW\[3\].COL\[0\].u_pe.sum_out\[2\],382.72
_20758_,382.66
_09762_,382.59
net50,382.53
net177,382.42
net52,382.39
u_core0.ROW\[1\].COL\[0\].u_pe.sum_out\[4\],382.3
_22877_,382.08
net185,381.055
_22878_,380.43
u_core0.ROW\[1\].COL\[0\].u_pe.sum_out\[9\],380.22
u_core0.ROW\[22\].COL\[1\].u_pe.b_out\[3\],380.12
net754,380.05
net169,379.96
_15241_,379.73
_00604_,379.28
u_core0.ROW\[3\].COL\[1\].u_pe.sum_out\[11\],379.22
_08868_,379.025
u_core0.ROW\[14\].COL\[0\].u_pe.sum_out\[9\],378.6
_21322_,378.44
_21448_,378.43
_00977_,378.34
net259,378.25
net53,378.07
net245,377.92
u_core0.ROW\[5\].COL\[0\].u_pe.b_out\[5\],377.36
_00917_,377.255
mem0_rdata\[23\],377.13
u_core0.ROW\[24\].COL\[0\].u_pe.b_out\[2\],377.08
net117,376.925
u_core0.ROW\[3\].COL\[0\].u_pe.sum_out\[0\],376.92
net174,376.67
u_core0.ROW\[1\].COL\[0\].u_pe.sum_out\[8\],376.18
_09042_,376.115
_09452_,375.95
clknet_3_4_0_clk,375.77
_00454_,375.12
_00932_,374.13
u_core0.ROW\[6\].COL\[1\].u_pe.b_out\[0\],374.11
_16405_,373.44
_00931_,373.19
u_core0.ROW\[29\].COL\[1\].u_pe.b_out\[3\],373.11
_07243_,372.83
_10614_,372.77
_00453_,372.28
u_core0.ROW\[6\].COL\[0\].u_pe.b_out\[2\],372.18
net573,372.05
_07236_,372.035
net261,372
clknet_5_5__leaf_clk,371.97
_00909_,371.96
u_core0.ROW\[30\].COL\[1\].u_pe.sum_out\[1\],371.88
u_core0.ROW\[1\].COL\[0\].u_pe.sum_out\[6\],371.82
u_core0.ROW\[28\].COL\[0\].u_pe.b_out\[0\],371.375
net246,371.3
u_core0.ROW\[14\].COL\[0\].u_pe.sum_out\[10\],371.15
net106,370.685
u_core0.ROW\[24\].COL\[0\].u_pe.b_out\[6\],370.46
_25286_,370.395
_21028_,370.39
_14014_,370.36
u_core0.ROW\[5\].COL\[1\].u_pe.sum_out\[2\],370.28
_00914_,370.21
clknet_3_0_0_clk,370.05
_10643_,369.7
_08899_,369.52
_22990_,368.79
clknet_5_0__leaf_clk,368.57
net75,368.255
_21939_,367.89
u_core0.ROW\[20\].COL\[0\].u_pe.b_out\[4\],367.72
_01017_,367.6
_22471_,367.41
u_core0.ROW\[21\].COL\[1\].u_pe.b_out\[6\],367.355
_02005_,367.34
u_core0.ROW\[25\].COL\[1\].u_pe.b_out\[6\],367.235
u_core0.ROW\[1\].COL\[0\].u_pe.b_out\[0\],366.91
_21433_,366.36
u_core0.ROW\[14\].COL\[0\].u_pe.b_out\[5\],366.25
u_core0.ROW\[1\].COL\[0\].u_pe.sum_out\[5\],366.14
_20775_,365.35
net572,365.35
u_core0.ROW\[1\].COL\[0\].u_pe.b_out\[1\],364.71
u_core0.ROW\[3\].COL\[0\].u_pe.sum_out\[8\],364.52
_00072_,363.64
clknet_5_27__leaf_clk,363.55
_00860_,363.54
net419,363.51
net544,362.41
u_core0.ROW\[18\].COL\[1\].u_pe.sum_out\[10\],361.95
_09145_,361.85
_10903_,361.76
u_core0.ROW\[10\].COL\[1\].u_pe.b_in\[7\],361.71
net405,361.43
_20495_,361.19
_00452_,361.1
_00746_,360.82
u_core0.ROW\[15\].COL\[1\].u_pe.sum_out\[11\],360.62
u_core0.ROW\[27\].COL\[0\].u_pe.sum_out\[10\],360.22
_21466_,359.62
_09121_,359.42
net176,359.24
mem1_rdata\[0\],359.1
_09197_,358.865
net54,358.01
u_core0.A_inputs\[114\],357.1
u_core0.ROW\[10\].COL\[1\].u_pe.b_in\[5\],356.85
_20548_,356.58
_22656_,356.42
_00605_,356.02
_21937_,355.96
_00781_,355.76
u_core0.ROW\[18\].COL\[1\].u_pe.b_out\[1\],355.39
_16980_,355.3
clknet_5_19__leaf_clk,355.06
_22582_,354.95
_10453_,354.55
u_core0.ROW\[14\].COL\[0\].u_pe.sum_out\[8\],354.2
_18030_,354.03
_08683_,353.98
_26631_,353.9
_16929_,353.855
_25518_,352.73
net55,352.57
_08808_,352.46
u_core0.ROW\[19\].COL\[0\].u_pe.sum_out\[0\],352.46
_00684_,352.24
_22514_,351.76
u_core0.ROW\[5\].COL\[1\].u_pe.sum_out\[11\],351.2
_02034_,351.1
u_core0.ROW\[15\].COL\[1\].u_pe.sum_out\[7\],350.84
_17013_,350.465
net554,349.66
net418,349.65
_00683_,349.5
_25253_,349.35
u_core0.ROW\[6\].COL\[0\].u_pe.b_out\[7\],349.28
_08820_,349.21
net25,348.71
_22643_,348.64
u_core0.ROW\[14\].COL\[1\].u_pe.sum_out\[7\],348.3
clknet_2_1_0_clk,348.06
_08175_,348.04
u_core0.ROW\[29\].COL\[1\].u_pe.b_out\[1\],347.94
net809,347.605
_10819_,347.03
_00841_,347.02
u_core0.ROW\[14\].COL\[0\].u_pe.b_out\[1\],346.395
u_core0.ROW\[3\].COL\[1\].u_pe.sum_out\[0\],345.98
clknet_5_23__leaf_clk,345.42
u_core0.ROW\[18\].COL\[0\].u_pe.b_out\[5\],344.98
_00892_,344.74
u_core0.ROW\[15\].COL\[1\].u_pe.sum_out\[10\],344.74
u_core0.ROW\[5\].COL\[0\].u_pe.b_out\[7\],344.58
u_core0.A_inputs\[119\],344.56
_21909_,344.47
_21777_,344.45
u_core0.ROW\[5\].COL\[0\].u_pe.b_out\[0\],344.3
net57,344.07
_00848_,343.78
u_core0.ROW\[14\].COL\[0\].u_pe.b_out\[6\],343.32
u_core0.ROW\[19\].COL\[1\].u_pe.sum_out\[2\],343.16
u_core0.ROW\[14\].COL\[0\].u_pe.b_out\[4\],343.01
clknet_5_6__leaf_clk,343
net71,342.9
clknet_3_2_0_clk,342.56
u_core0.ROW\[18\].COL\[1\].u_pe.sum_out\[11\],342.25
net58,341.39
mem0_rdata\[30\],340.81
u_core0.ROW\[3\].COL\[0\].u_pe.sum_out\[3\],340.06
_09114_,339.99
u_core0.ROW\[14\].COL\[0\].u_pe.sum_out\[6\],339.98
net532,339.96
clknet_5_21__leaf_clk,339.81
u_core0.ROW\[24\].COL\[0\].u_pe.b_out\[0\],339.385
u_core0.ROW\[14\].COL\[0\].u_pe.sum_out\[7\],339.1
_21473_,339.04
u_core0.ROW\[8\].COL\[0\].u_pe.b_out\[1\],338.99
_03966_,338.92
clknet_3_3_0_clk,338.83
_04966_,338.31
_20659_,337.615
u_core0.ROW\[18\].COL\[1\].u_pe.sum_out\[7\],337.6
_15570_,337.43
_09034_,337.09
_02036_,337.03
_21670_,336.75
_00743_,336.62
_10462_,336.54
_10515_,336.5
_16931_,336.3
u_core0.ROW\[14\].COL\[0\].u_pe.b_out\[7\],336.3
_09111_,336.21
u_core0.ROW\[15\].COL\[0\].u_pe.sum_out\[9\],336.18
net600,336.08
net24,336.02
net240,335.81
_21465_,335.49
_21472_,335.47
_16729_,335.46
_09120_,335.375
_10250_,335.35
u_core0.ROW\[14\].COL\[0\].u_pe.b_out\[3\],335.08
_09062_,335.06
u_core0.ROW\[5\].COL\[0\].u_pe.b_out\[1\],334.755
_08992_,334.59
_00834_,334.4
u_core0.ROW\[1\].COL\[0\].u_pe.sum_out\[7\],333.98
_00745_,333.48
_22925_,333.22
_00696_,332.96
u_core0.ROW\[19\].COL\[0\].u_pe.sum_out\[1\],332.955
u_core0.ROW\[23\].COL\[1\].u_pe.sum_out\[6\],332.4
clknet_2_2_0_clk,332.37
u_core0.ROW\[1\].COL\[0\].u_pe.sum_out\[15\],332.23
u_core0.ROW\[27\].COL\[0\].u_pe.b_out\[5\],331.99
_09144_,331.83
_08170_,331.77
_08700_,331.305
_16282_,331.12
u_core0.ROW\[1\].COL\[1\].u_pe.sum_out\[9\],331.12
_22389_,330.97
_21737_,330.96
u_core0.ROW\[10\].COL\[1\].u_pe.b_in\[6\],330.77
u_core0.ROW\[1\].COL\[0\].u_pe.sum_out\[14\],330.62
u_core0.ROW\[20\].COL\[0\].u_pe.b_out\[2\],330.58
_00912_,330.44
_00208_,330.24
net1126,329.9
net586,329.78
u_core0.ROW\[15\].COL\[0\].u_pe.sum_out\[7\],329.28
_10805_,329.185
_25213_,329.13
u_core0.ROW\[16\].COL\[0\].u_pe.b_out\[4\],328.95
_00784_,328.54
u_core0.ROW\[8\].COL\[0\].u_pe.b_out\[4\],328.38
u_core0.ROW\[28\].COL\[1\].u_pe.b_out\[7\],328.29
u_core0.ROW\[11\].COL\[0\].u_pe.sum_out\[1\],328.16
_00930_,327.76
_15574_,327.64
_15174_,327.54
_15354_,327.095
net324,326.78
_20595_,326.61
_20692_,326.4
u_core0.ROW\[2\].COL\[0\].u_pe.b_out\[1\],326.07
_08695_,326.035
_21907_,325.58
_00390_,325.17
net317,324.985
net843,324.865
_08716_,324.34
u_core0.ROW\[7\].COL\[0\].u_pe.sum_out\[10\],324.195
_22490_,323.64
u_core0.ROW\[25\].COL\[1\].u_pe.b_out\[7\],323.56
_00783_,323.53
u_core0.ROW\[6\].COL\[0\].u_pe.b_out\[5\],323.52
_08164_,322.76
u_core0.ROW\[6\].COL\[0\].u_pe.b_out\[3\],322.73
_01998_,322.71
u_core0.ROW\[10\].COL\[1\].u_pe.sum_out\[5\],321.6
u_core0.ROW\[18\].COL\[1\].u_pe.sum_out\[8\],321.12
_10879_,320.88
u_core0.ROW\[29\].COL\[1\].u_pe.b_out\[0\],320.86
u_core0.ROW\[22\].COL\[1\].u_pe.b_out\[1\],320.8
_13260_,320.56
_22473_,320.55
u_core0.A_inputs\[109\],320.535
u_core0.ROW\[2\].COL\[0\].u_pe.b_out\[2\],320.02
u_core0.ROW\[28\].COL\[0\].u_pe.b_out\[3\],319.98
u_core0.ROW\[5\].COL\[1\].u_pe.b_out\[2\],319.94
u_core0.ROW\[30\].COL\[1\].u_pe.sum_out\[0\],319.9
u_core0.A_inputs\[104\],319.52
u_core0.ROW\[14\].COL\[1\].u_pe.sum_out\[3\],319.34
u_core0.ROW\[1\].COL\[1\].u_pe.sum_out\[8\],319.08
_16072_,318.965
net1100,318.94
_00660_,318.84
u_core0.ROW\[3\].COL\[0\].u_pe.sum_out\[4\],318.76
u_core0.ROW\[19\].COL\[1\].u_pe.sum_out\[1\],318.44
u_core0.ROW\[13\].COL\[0\].u_pe.sum_out\[12\],318.18
_00389_,317.97
_00092_,317.96
_22732_,317.67
u_core0.ROW\[5\].COL\[1\].u_pe.sum_out\[0\],317.26
_20372_,316.84
_00146_,316.745
_20406_,316.52
_00741_,316.48
_26249_,315.98
_00089_,315.975
_22049_,315.905
_22649_,315.9
net536,315.3
u_core0.ROW\[19\].COL\[1\].u_pe.sum_out\[11\],315.24
_00451_,315.04
_00742_,314.645
_00847_,314.58
_08870_,314.54
_22703_,314.28
_00492_,314.26
u_core0.ROW\[7\].COL\[0\].u_pe.sum_out\[9\],314.06
_00489_,314.02
_22537_,313.88
u_core0.ROW\[27\].COL\[0\].u_pe.sum_out\[9\],313.36
u_core0.ROW\[1\].COL\[0\].u_pe.sum_out\[16\],313.22
u_core0.ROW\[20\].COL\[0\].u_pe.b_out\[3\],313.06
_21541_,312.54
mem0_rdata\[6\],312.05
mem1_rdata\[2\],311.85
clknet_5_9__leaf_clk,311.83
_00490_,311.66
_21481_,311.625
_15239_,311.43
u_core0.A_inputs\[115\],310.82
_22474_,310.58
_20438_,310.48
_00419_,310.18
_08694_,310.11
u_core0.ROW\[12\].COL\[0\].u_pe.b_out\[4\],310.05
net20,309.68
_17433_,309.62
_00206_,309.41
_10434_,309.3
clknet_5_3__leaf_clk,308.99
u_core0.ROW\[5\].COL\[0\].u_pe.b_out\[3\],308.67
u_core0.ROW\[7\].COL\[0\].u_pe.sum_out\[11\],308.32
net602,308.29
_25776_,308.2
_08920_,307.98
_00911_,307.9
u_core0.ROW\[14\].COL\[1\].u_pe.sum_out\[6\],307.4
_17687_,307.37
u_core0.A_inputs\[108\],307.36
net638,307.17
_19858_,306.635
_17966_,306.59
u_core0.ROW\[5\].COL\[1\].u_pe.b_out\[4\],306.51
_00408_,306.27
u_core0.ROW\[8\].COL\[0\].u_pe.b_out\[5\],305.89
u_core0.ROW\[28\].COL\[0\].u_pe.b_out\[4\],305.88
_07693_,305.56
u_core0.ROW\[5\].COL\[0\].u_pe.sum_out\[12\],305.52
u_core0.ROW\[1\].COL\[0\].u_pe.sum_out\[13\],304.86
u_core0.ROW\[25\].COL\[1\].u_pe.b_out\[5\],304.85
_20299_,304.81
_09063_,304.52
_10430_,304.19
net615,303.98
u_core0.ROW\[27\].COL\[0\].u_pe.b_out\[6\],303.83
u_core0.ROW\[15\].COL\[0\].u_pe.sum_out\[1\],303.15
net21,302.8
_08806_,302.77
net538,302.74
_00207_,302.63
_25163_,302.63
net560,302.47
_00319_,302.14
_21496_,302.06
u_core0.ROW\[27\].COL\[0\].u_pe.b_out\[7\],301.88
net1037,301.795
u_core0.ROW\[11\].COL\[0\].u_pe.sum_out\[0\],301.73
_00653_,301.63
_00462_,301.4
_02002_,301.06
_02000_,300.9
_00465_,300.76
u_core0.ROW\[19\].COL\[1\].u_pe.b_out\[2\],300.76
_16732_,300.5
_00695_,300.42
_00779_,300.34
_09818_,299.95
_10816_,299.92
_22480_,299.865
u_core0.ROW\[13\].COL\[0\].u_pe.b_out\[2\],299.86
_00632_,299.4
_26463_,299.38
_00091_,298.76
_00200_,298.64
_21914_,298.59
_22645_,298.37
_22577_,298.2
u_core0.ROW\[24\].COL\[0\].u_pe.b_out\[1\],297.88
_15656_,297.75
_00793_,297.66
u_core0.ROW\[10\].COL\[0\].u_pe.b_out\[1\],297.11
_21938_,297.08
u_core0.ROW\[5\].COL\[0\].u_pe.b_out\[2\],296.42
_19522_,296.31
_08828_,296.26
_20501_,296.2
u_core0.ROW\[1\].COL\[1\].u_pe.sum_out\[1\],296.1
_22487_,296.04
_08708_,295.74
u_core0.ROW\[27\].COL\[0\].u_pe.b_out\[0\],295.7
_20423_,295.68
_00090_,295.52
_06951_,295.44
_00105_,295.28
_12666_,295.23
u_core0.ROW\[7\].COL\[0\].u_pe.sum_out\[1\],294.98
_20494_,294.94
mem0_rdata\[29\],294.11
u_core0.ROW\[7\].COL\[0\].u_pe.sum_out\[6\],293.505
_20380_,293.4
u_core0.ROW\[6\].COL\[0\].u_pe.sum_out\[9\],293.36
u_core0.ROW\[21\].COL\[1\].u_pe.sum_out\[6\],293.2
u_core0.ROW\[10\].COL\[1\].u_pe.b_in\[0\],293
_01966_,292.84
_25923_,292.64
net459,292.39
_22458_,292.15
_09410_,291.91
_01896_,291.77
_08780_,291.72
_07695_,291.02
_01929_,290.95
_07223_,290.9
mem0_rdata\[12\],290.61
_09519_,290.59
u_core0.ROW\[27\].COL\[0\].u_pe.b_out\[2\],290.33
_07679_,290.12
_00073_,290.04
net791,289.77
clknet_5_15__leaf_clk,289.76
_07671_,289.62
_00308_,289.58
_25669_,289.58
_26499_,289.48
_00506_,289.26
net580,289.14
_00463_,289.06
u_core0.ROW\[19\].COL\[0\].u_pe.sum_out\[13\],288.9
net1067,288.04
net80,288.03
_22492_,287.8
_12917_,287.78
mem0_rdata\[17\],287.69
_22572_,287.55
_15572_,287.54
_00803_,287.5
_00908_,287.28
net460,287.22
net19,287.12
_06781_,286.96
u_core0.ROW\[7\].COL\[0\].u_pe.sum_out\[7\],286.875
u_core0.ROW\[28\].COL\[0\].u_pe.b_out\[2\],286.82
_17774_,286.8
_00104_,286.52
u_core0.ROW\[20\].COL\[0\].u_pe.b_out\[1\],286.36
_00086_,286.34
_00107_,286.18
net262,285.9
_22536_,285.415
_21869_,285.3
net614,285.22
_20503_,285.2
_00494_,285.16
_09469_,285.145
net576,285.04
_20847_,284.89
_11891_,284.88
_01640_,284.69
_00085_,284.6
_22495_,284.535
u_core0.ROW\[6\].COL\[0\].u_pe.b_out\[6\],284.52
_22042_,284.36
_20425_,284.3
_00070_,284.02
_08773_,283.75
_14580_,283.75
_26239_,283.34
u_core0.ROW\[10\].COL\[0\].u_pe.sum_in\[8\],283.08
u_core0.ROW\[8\].COL\[0\].u_pe.b_out\[3\],283.08
_08718_,282.9
_17412_,282.87
net545,282.8
u_core0.ROW\[14\].COL\[1\].u_pe.sum_out\[4\],282.69
u_core0.ROW\[27\].COL\[0\].u_pe.b_out\[4\],282.53
_25633_,282.45
_14227_,282.43
net642,282.43
_09092_,282.2
_21908_,282.16
_00189_,281.99
u_core0.ROW\[8\].COL\[0\].u_pe.b_out\[2\],281.87
u_core0.ROW\[23\].COL\[0\].u_pe.sum_out\[9\],281.78
_01002_,281.77
u_core0.ROW\[18\].COL\[0\].u_pe.b_out\[3\],281.67
_16254_,281.56
u_core0.ROW\[27\].COL\[0\].u_pe.sum_out\[17\],281.54
_09337_,281.42
_00796_,281.31
u_core0.ROW\[13\].COL\[0\].u_pe.sum_out\[15\],281.18
net449,280.88
_22941_,280.83
_16262_,280.76
_00777_,280.61
_09466_,280.18
u_core0.ROW\[13\].COL\[0\].u_pe.sum_out\[9\],280.04
u_core0.ROW\[27\].COL\[0\].u_pe.sum_out\[2\],279.79
clknet_5_8__leaf_clk,279.78
net420,279.59
u_core0.ROW\[27\].COL\[0\].u_pe.sum_out\[16\],279.52
_09051_,279.5
u_core0.ROW\[23\].COL\[0\].u_pe.sum_out\[7\],279.4
u_core0.ROW\[14\].COL\[1\].u_pe.sum_out\[5\],279.24
_17379_,279.21
_08750_,279.08
_18732_,278.92
_13281_,278.8
_22488_,278.8
u_core0.ROW\[28\].COL\[0\].u_pe.b_out\[1\],278.72
u_core0.ROW\[21\].COL\[1\].u_pe.sum_out\[10\],278.26
_26538_,278.16
_20982_,278.14
_19285_,277.82
_01582_,277.8
_00103_,277.22
_14904_,276.99
_26355_,276.72
u_core0.ROW\[5\].COL\[0\].u_pe.sum_out\[9\],276.64
_26409_,276.59
_26289_,276.35
_00406_,276.2
_00902_,276.04
_00102_,275.52
_04069_,275.47
net238,275.275
_01010_,275
_15907_,274.99
_25684_,274.8
_08852_,274.66
_21761_,274.47
u_core0.ROW\[15\].COL\[0\].u_pe.sum_out\[6\],274.3
u_core0.ROW\[19\].COL\[0\].u_pe.sum_out\[11\],274.25
_25416_,274.18
_00488_,274.16
_26317_,274
_23004_,273.83
_05356_,273.8
_26185_,273.72
u_core0.ROW\[27\].COL\[0\].u_pe.sum_out\[18\],273.28
u_core0.ROW\[27\].COL\[0\].u_pe.b_out\[3\],273.25
u_core0.ROW\[10\].COL\[0\].u_pe.b_in\[2\],273.12
_26267_,273.11
_11847_,272.95
u_core0.ROW\[23\].COL\[0\].u_pe.b_out\[1\],272.9
_25459_,272.79
_00191_,272.785
u_core0.ROW\[14\].COL\[0\].u_pe.sum_out\[5\],272.34
_12702_,272.31
net1119,272.17
_25118_,272.1
_07641_,272.06
_13988_,272.04
net593,271.66
_20532_,271.65
_00464_,271.62
_00699_,271.325
_00836_,271.165
_19349_,271.05
_08729_,270.515
_00820_,270.4
_25071_,270.36
u_core0.ROW\[8\].COL\[0\].u_pe.sum_out\[13\],270.31
_00802_,270.3
_00108_,270.11
_00205_,269.81
_21051_,269.805
_18432_,269.72
_21829_,269.68
u_core0.ROW\[27\].COL\[0\].u_pe.sum_out\[19\],269.66
_26203_,269.3
_00069_,269.24
net731,269.21
_17508_,268.75
_11831_,268.445
clknet_5_7__leaf_clk,268.3
u_core0.ROW\[27\].COL\[0\].u_pe.sum_out\[3\],268.12
u_core0.ROW\[27\].COL\[0\].u_pe.b_out\[1\],268.08
net623,267.93
_01009_,267.87
u_core0.ROW\[18\].COL\[0\].u_pe.b_out\[6\],267.84
u_core0.ROW\[18\].COL\[0\].u_pe.b_out\[2\],267.37
net624,267.11
u_core0.ROW\[23\].COL\[0\].u_pe.b_out\[5\],266.76
_11836_,266.63
_22470_,266.54
u_core0.ROW\[14\].COL\[1\].u_pe.b_out\[5\],266.48
u_core0.ROW\[19\].COL\[0\].u_pe.sum_out\[12\],266.16
_00100_,266.025
u_core0.ROW\[6\].COL\[0\].u_pe.b_out\[0\],265.93
_06819_,265.92
_08682_,265.76
u_core0.ROW\[21\].COL\[1\].u_pe.sum_out\[9\],265.6
u_core0.ROW\[24\].COL\[0\].u_pe.b_out\[7\],265.575
_05881_,265.28
u_core0.ROW\[23\].COL\[0\].u_pe.sum_out\[10\],265.28
u_core0.ROW\[14\].COL\[0\].u_pe.b_out\[2\],265.27
_00333_,265.18
_19724_,264.95
_00204_,264.91
u_core0.ROW\[7\].COL\[1\].u_pe.sum_out\[11\],264.74
_17337_,264.645
_18429_,264.5
_00310_,264.48
_09094_,264.34
_17487_,264.29
net728,264.28
u_core0.ROW\[18\].COL\[1\].u_pe.b_out\[0\],264.19
u_core0.ROW\[26\].COL\[1\].u_pe.b_out\[5\],264.18
_00099_,264.13
_09339_,263.86
u_core0.ROW\[5\].COL\[1\].u_pe.b_out\[5\],263.44
_09093_,263.34
_00542_,263.2
_00190_,263.165
_00466_,263.06
_09084_,262.95
_01000_,262.31
_12723_,262.005
_00540_,261.96
_00999_,261.84
net562,261.74
_05906_,261.68
u_core0.ROW\[8\].COL\[0\].u_pe.b_out\[7\],261.54
_07870_,261.24
_22472_,261.22
_00202_,260.85
_00201_,260.84
net553,260.61
u_core0.ROW\[26\].COL\[1\].u_pe.b_out\[4\],260.395
_20546_,260.37
_08907_,260.35
_18065_,260.33
_00088_,260.12
_00219_,260.01
u_core0.ROW\[18\].COL\[0\].u_pe.b_out\[4\],259.98
_09744_,259.8
_18463_,259.78
_00084_,259.4
u_core0.ROW\[5\].COL\[0\].u_pe.sum_out\[7\],259.32
u_core0.ROW\[7\].COL\[0\].u_pe.sum_out\[5\],259.32
net912,259.18
u_core0.ROW\[23\].COL\[1\].u_pe.sum_out\[0\],259.12
_06867_,259.01
_25549_,258.96
_01853_,258.82
_09381_,258.6
net531,258.51
u_core0.ROW\[8\].COL\[0\].u_pe.b_out\[0\],258.42
u_core0.ROW\[25\].COL\[1\].u_pe.b_out\[2\],258.26
_09077_,258.2
net82,258.18
_00775_,257.84
_22940_,257.69
_15578_,257.605
net473,257.49
_25690_,257.38
net466,257.27
u_core0.ROW\[5\].COL\[0\].u_pe.sum_out\[6\],257.18
_22574_,257.015
_01807_,256.96
_00101_,256.325
_18419_,256.125
_03055_,255.8
_00203_,255.78
_20506_,255.73
_17669_,255.52
u_core0.ROW\[23\].COL\[0\].u_pe.sum_out\[8\],255.42
_00312_,255.365
net668,255.36
u_core0.ROW\[23\].COL\[1\].u_pe.b_out\[0\],255
net1107,254.78
_01761_,254.68
_09106_,254.42
_09743_,254.255
_03946_,253.85
clknet_5_13__leaf_clk,253.54
net541,253.53
u_core0.ROW\[23\].COL\[1\].u_pe.b_out\[1\],253.52
net552,253.33
u_core0.ROW\[1\].COL\[0\].u_pe.sum_out\[12\],253.16
_00459_,253.02
u_core0.ROW\[15\].COL\[1\].u_pe.b_out\[7\],252.945
_00694_,252.9
net954,252.87
net300,252.48
_00837_,252.36
_21441_,252.33
_25750_,252.14
_09777_,251.61
net587,251.6
u_core0.ROW\[23\].COL\[0\].u_pe.b_out\[2\],251.28
_20500_,251.2
net630,251.09
u_core0.ROW\[16\].COL\[0\].u_pe.b_out\[7\],250.91
_00031_,250.775
_00501_,250.72
u_core0.ROW\[28\].COL\[1\].u_pe.sum_out\[11\],250.6
_00311_,250.42
u_core0.ROW\[19\].COL\[0\].u_pe.sum_out\[10\],249.86
_08709_,249.67
u_core0.ROW\[19\].COL\[0\].u_pe.sum_out\[9\],249.66
_18063_,249.575
_17697_,249.41
_00539_,249.18
_03086_,248.86
u_core0.ROW\[22\].COL\[0\].u_pe.b_out\[7\],248.85
u_core0.ROW\[22\].COL\[0\].u_pe.b_out\[6\],248.84
_09098_,248.34
_09775_,248.3
net327,248.195
_20774_,248.05
_05515_,247.92
u_core0.ROW\[26\].COL\[0\].u_pe.b_out\[4\],247.78
_00541_,247.66
u_core0.ROW\[7\].COL\[1\].u_pe.sum_out\[1\],247.42
u_core0.ROW\[10\].COL\[1\].u_pe.b_in\[1\],247.36
_00170_,247.28
_11473_,246.94
net421,246.85
_00169_,246.56
_19113_,246.48
_17444_,246.47
mem0_rdata\[31\],246.41
u_core0.ROW\[19\].COL\[0\].u_pe.sum_out\[8\],246.195
_26568_,245.96
_00519_,245.86
_00543_,245.51
u_core0.ROW\[25\].COL\[1\].u_pe.sum_out\[11\],245.48
u_core0.ROW\[14\].COL\[0\].u_pe.b_out\[0\],245.22
_26257_,245.04
u_core0.ROW\[14\].COL\[1\].u_pe.b_out\[4\],244.99
_26672_,244.905
net526,244.9
net325,244.8
net431,244.66
_09805_,244.53
u_core0.ROW\[5\].COL\[0\].u_pe.sum_out\[14\],244.5
u_core0.ROW\[6\].COL\[0\].u_pe.b_out\[4\],244.39
net1124,244.37
_00927_,244.3
_00291_,244.02
_09097_,244.01
u_core0.ROW\[23\].COL\[1\].u_pe.b_out\[3\],243.61
_01719_,243.59
_13223_,243.47
_18494_,243.41
net425,243.38
_03940_,243.14
u_core0.ROW\[26\].COL\[0\].u_pe.b_out\[0\],242.8
u_core0.ROW\[5\].COL\[1\].u_pe.sum_out\[1\],242.68
_01622_,242.67
u_core0.ROW\[7\].COL\[1\].u_pe.sum_out\[0\],242.64
_21685_,242.6
_13879_,242.48
u_core0.ROW\[11\].COL\[0\].u_pe.sum_out\[15\],242.48
_00332_,242.44
_00119_,242.02
_09346_,241.88
_14969_,241.83
_12913_,241.78
u_core0.ROW\[1\].COL\[0\].u_pe.sum_out\[11\],241.48
_17096_,241.47
_20504_,241.36
_19570_,241.3
net465,241.07
_00143_,240.69
_20579_,240.5
u_core0.A_inputs\[123\],240.445
_22876_,240.41
u_core0.ROW\[23\].COL\[0\].u_pe.sum_out\[6\],240.4
clknet_5_2__leaf_clk,239.62
_00405_,239.405
_00846_,239.06
_20378_,239.04
_25392_,238.98
_25591_,238.73
u_core0.ROW\[5\].COL\[0\].u_pe.b_out\[6\],238.7
_18764_,238.64
_20617_,238.55
net617,238.4
_09213_,238.18
_00897_,237.94
_22783_,237.72
_17304_,237.33
_15299_,237.23
_19181_,237.07
u_core0.ROW\[7\].COL\[0\].u_pe.sum_out\[2\],236.99
u_core0.ROW\[2\].COL\[0\].u_pe.sum_out\[8\],236.96
u_core0.ROW\[15\].COL\[1\].u_pe.b_out\[5\],236.94
_20618_,236.83
_19274_,236.8
u_core0.ROW\[29\].COL\[0\].u_pe.sum_out\[0\],236.8
u_core0.ROW\[23\].COL\[0\].u_pe.sum_out\[4\],236.76
u_core0.ROW\[13\].COL\[0\].u_pe.b_out\[0\],236.74
_00288_,236.34
_21515_,236.3
_19541_,236.2
_00130_,236.16
u_core0.A_inputs\[117\],235.87
net944,235.84
_20462_,235.78
_20478_,235.76
u_core0.ROW\[11\].COL\[0\].u_pe.sum_out\[14\],235.74
_09421_,235.62
net639,235.57
_16964_,235.45
u_core0.ROW\[11\].COL\[0\].u_pe.sum_out\[11\],235.36
_00544_,235.35
_00799_,235.34
_22506_,235.16
_10127_,235.11
_10840_,234.91
_15621_,234.67
_00029_,234.56
_20496_,234.4
_22463_,234.26
u_core0.ROW\[10\].COL\[1\].u_pe.b_out\[4\],234.2
u_core0.ROW\[29\].COL\[0\].u_pe.sum_out\[12\],234.17
_14323_,233.92
_02119_,233.66
_22646_,233.56
_21833_,232.88
_00547_,232.8
_18742_,232.63
net87,232.62
_06789_,232.6
u_core0.ROW\[10\].COL\[1\].u_pe.sum_in\[7\],232.48
_14593_,232.47
_00132_,232.35
_23473_,232.18
_00499_,232.06
net404,232.025
_00698_,231.7
_21489_,231.42
_00046_,231.22
_00502_,231.17
_00032_,231.14
_00577_,231.02
net472,230.955
u_core0.ROW\[19\].COL\[0\].u_pe.b_out\[4\],230.9
u_core0.ROW\[25\].COL\[1\].u_pe.sum_out\[0\],230.66
u_core0.ROW\[6\].COL\[0\].u_pe.b_out\[1\],230.55
_20527_,230.42
_09440_,230.37
u_core0.ROW\[19\].COL\[0\].u_pe.sum_out\[7\],230.26
u_core0.ROW\[15\].COL\[0\].u_pe.sum_out\[0\],229.93
net643,229.73
_07802_,229.645
_14564_,229.63
_25374_,229.56
_03995_,229.485
net637,229.41
u_core0.ROW\[15\].COL\[1\].u_pe.sum_out\[6\],229.12
u_core0.ROW\[10\].COL\[1\].u_pe.b_out\[5\],229.11
_00545_,229.09
_16926_,228.96
_06357_,228.92
_25425_,228.48
_20468_,228.42
_00082_,228.4
u_core0.ROW\[27\].COL\[1\].u_pe.sum_out\[10\],228.32
_02103_,228.26
net604,228.21
_20917_,228.13
_20777_,227.94
_00844_,227.885
u_core0.ROW\[10\].COL\[1\].u_pe.b_out\[6\],227.3
_00334_,227.1
u_core0.ROW\[23\].COL\[0\].u_pe.sum_out\[5\],227.1
net540,227.08
_22006_,227.07
_16663_,226.63
_24300_,226.63
u_core0.ROW\[7\].COL\[0\].u_pe.sum_out\[8\],226.6
_21677_,226.54
net500,226.53
_00019_,226.4
u_core0.ROW\[24\].COL\[1\].u_pe.b_out\[0\],226.28
net464,226.23
net559,226.2
_00448_,226.18
_26615_,226.15
u_core0.ROW\[23\].COL\[1\].u_pe.sum_out\[7\],225.86
_26572_,225.77
u_core0.ROW\[23\].COL\[0\].u_pe.sum_out\[0\],225.76
u_core0.ROW\[29\].COL\[0\].u_pe.b_out\[2\],225.64
u_core0.ROW\[14\].COL\[1\].u_pe.sum_out\[2\],225.54
_00309_,225.28
net433,225.205
u_core0.ROW\[5\].COL\[1\].u_pe.b_out\[0\],225.2
u_core0.ROW\[22\].COL\[0\].u_pe.b_out\[4\],225.19
_10821_,225.16
net564,224.82
_11257_,224.79
_21463_,224.79
net175,224.6
net761,224.58
u_core0.ROW\[19\].COL\[0\].u_pe.b_out\[7\],224.56
_08848_,224.46
net504,224.065
_09078_,224.05
u_core0.ROW\[4\].COL\[0\].u_pe.b_out\[6\],224.02
clknet_5_14__leaf_clk,224.01
_15684_,224
_12994_,223.93
net585,223.62
_00173_,223.54
_20785_,223.4
_00503_,223.365
_21868_,222.92
net530,222.91
_00045_,222.72
_22516_,222.42
_25402_,222.3
_18263_,222.21
_07310_,222.12
net521,222.055
_20594_,221.96
net384,221.8
_07614_,221.79
_00794_,221.72
net971,221.51
u_core0.ROW\[15\].COL\[0\].u_pe.b_out\[7\],221.48
u_core0.ROW\[7\].COL\[0\].u_pe.sum_out\[4\],221.4
_00546_,221.2
net469,221.05
_09441_,220.99
net320,220.94
_09196_,220.82
u_core0.ROW\[10\].COL\[0\].u_pe.b_in\[7\],220.81
u_core0.ROW\[15\].COL\[1\].u_pe.b_out\[3\],220.67
_18417_,220.65
_21573_,220.48
_08973_,220.38
_20350_,220.29
_21981_,220.08
_22440_,219.88
u_core0.ROW\[27\].COL\[1\].u_pe.sum_out\[9\],219.8
u_core0.ROW\[19\].COL\[0\].u_pe.b_out\[1\],219.61
_16587_,219.44
_03932_,219.42
net607,219.32
u_core0.ROW\[19\].COL\[0\].u_pe.b_out\[6\],219.18
_26386_,219.11
net319,218.97
net775,218.92
_00731_,218.88
_25384_,218.88
_22579_,218.85
net86,218.5
u_core0.ROW\[11\].COL\[0\].u_pe.b_out\[1\],218.49
_20531_,218.44
_15250_,218.42
_21440_,218.03
u_core0.ROW\[27\].COL\[1\].u_pe.sum_out\[5\],217.87
u_core0.ROW\[28\].COL\[1\].u_pe.sum_out\[10\],217.84
net424,217.795
_02186_,217.74
_09140_,217.74
_18317_,217.42
_00523_,217.4
u_core0.A_inputs\[118\],217.3
_00331_,217.18
_00131_,217.05
u_core0.ROW\[17\].COL\[1\].u_pe.b_out\[7\],216.96
_26684_,216.855
_07424_,216.79
_14609_,216.54
_00187_,216.42
_25498_,216.4
_01690_,216.34
_14936_,216.3
net575,216.25
_16258_,216.12
_20766_,216.06
u_core0.ROW\[0\].COL\[0\].u_pe.a_out\[7\],216.04
_23466_,216
u_core0.ROW\[19\].COL\[0\].u_pe.b_out\[5\],215.86
_01202_,215.84
_07913_,215.59
net949,215.56
net514,215.48
_25438_,215.475
u_core0.ROW\[29\].COL\[1\].u_pe.sum_out\[11\],215.46
_11956_,215.37
_14906_,215.335
_01186_,215.3
_25673_,215.3
net396,215.295
_26280_,215.17
_20526_,215.015
_00188_,214.97
net916,214.73
_22478_,214.56
u_core0.ROW\[24\].COL\[1\].u_pe.b_out\[1\],214.27
_08784_,214.23
u_core0.ROW\[23\].COL\[0\].u_pe.sum_out\[3\],214.09
_00171_,213.79
u_core0.A_inputs\[116\],213.785
_09103_,213.61
net422,213.53
_17724_,213.49
u_core0.ROW\[28\].COL\[1\].u_pe.b_out\[6\],213.365
_19777_,213.24
net921,213.24
_00008_,213.03
u_core0.ROW\[8\].COL\[1\].u_pe.b_out\[4\],212.98
_19934_,212.74
net899,212.68
_05791_,212.48
_25499_,212.22
_21540_,212.11
_06838_,212.04
_20472_,211.87
_26706_,211.835
_00172_,211.48
u_core0.ROW\[21\].COL\[1\].u_pe.sum_out\[2\],211.36
_00823_,211.12
_24890_,211.1
_11881_,211
u_core0.ROW\[7\].COL\[0\].u_pe.sum_out\[3\],210.96
_10499_,210.94
u_core0.ROW\[10\].COL\[0\].u_pe.b_in\[0\],210.685
u_core0.ROW\[27\].COL\[1\].u_pe.sum_out\[6\],210.36
net525,210.08
_00186_,210.06
_00185_,210.02
_00845_,209.74
_00174_,209.72
net589,209.72
_21470_,209.64
u_core0.ROW\[11\].COL\[0\].u_pe.sum_out\[2\],209.62
_12976_,209.58
_00579_,209.45
_03073_,209.295
net618,209.27
_00129_,209.18
_00500_,209.06
_10428_,208.87
_15914_,208.86
_08163_,208.78
_04431_,208.59
_22637_,208.51
_00843_,208.34
u_core0.ROW\[23\].COL\[0\].u_pe.sum_out\[2\],208.3
_08354_,208.18
u_core0.ROW\[22\].COL\[0\].u_pe.sum_out\[19\],208.14
_01667_,208
u_core0.ROW\[17\].COL\[0\].u_pe.b_out\[1\],207.98
clknet_5_22__leaf_clk,207.95
u_core0.ROW\[1\].COL\[0\].u_pe.sum_out\[10\],207.78
_00184_,207.66
_03554_,207.64
_00179_,207.42
u_core0.ROW\[15\].COL\[1\].u_pe.b_out\[4\],207.35
_20508_,207.33
u_core0.ROW\[18\].COL\[1\].u_pe.sum_out\[2\],207.32
_01657_,207.13
_00047_,207.1
net499,207.06
_14561_,206.975
_24358_,206.8
_00529_,206.78
_21613_,206.645
net429,206.61
u_core0.ROW\[27\].COL\[1\].u_pe.sum_out\[7\],206.38
_07371_,206.32
u_core0.ROW\[17\].COL\[0\].u_pe.b_out\[5\],206.21
_01679_,206.06
net515,205.595
_00081_,205.32
_12580_,205.205
_00432_,205.17
_11897_,204.82
net458,204.8
_21073_,204.73
u_core0.ROW\[18\].COL\[0\].u_pe.b_out\[1\],204.71
_02572_,204.595
_03134_,204.54
u_core0.ROW\[26\].COL\[1\].u_pe.sum_out\[7\],204.52
_00043_,204.48
u_core0.ROW\[23\].COL\[0\].u_pe.b_out\[7\],204.33
_13579_,204.17
u_core0.ROW\[26\].COL\[0\].u_pe.b_out\[5\],204.02
_00801_,204
_17305_,203.98
u_core0.ROW\[11\].COL\[1\].u_pe.sum_out\[10\],203.94
net427,203.78
_00404_,203.66
_00359_,203.08
u_core0.ROW\[19\].COL\[1\].u_pe.sum_out\[0\],203.08
_00403_,203.065
_20730_,203.02
u_core0.ROW\[11\].COL\[0\].u_pe.a_out\[1\],202.96
net406,202.88
u_core0.ROW\[27\].COL\[0\].u_pe.sum_out\[12\],202.78
_00292_,202.76
_08230_,202.745
_09881_,202.735
net326,202.57
_11185_,202.36
u_core0.ROW\[13\].COL\[1\].u_pe.b_out\[6\],202.35
u_core0.ROW\[23\].COL\[1\].u_pe.b_out\[7\],202.24
u_core0.ROW\[19\].COL\[0\].u_pe.b_out\[3\],202.22
_12585_,201.79
_17891_,201.75
_14238_,201.68
_20829_,201.57
_18787_,201.4
net960,201.16
_00732_,200.8
_10498_,200.78
_23117_,200.77
_19967_,200.65
_00042_,200.585
net463,200.46
net493,200.34
_13888_,200.22
_07832_,200.18
net475,200.12
_17695_,200.01
_21499_,199.94
_09070_,199.87
u_core0.ROW\[24\].COL\[1\].u_pe.b_out\[7\],199.84
mem1_rdata\[1\],199.83
_20469_,199.64
_19164_,199.63
u_core0.ROW\[31\].COL\[0\].u_pe.sum_out\[0\],199.61
net534,199.55
_00044_,199.52
u_core0.ROW\[16\].COL\[1\].u_pe.b_out\[6\],199.35
_20669_,199.14
net570,198.98
_09568_,198.7
_17593_,198.35
_01005_,198.34
net533,198.31
_00578_,198.28
_24320_,198.215
_20750_,197.9
_00327_,197.76
_08826_,197.67
_20450_,197.55
_03111_,197.36
_00792_,197.34
u_core0.ROW\[19\].COL\[0\].u_pe.sum_out\[6\],197.3
_03956_,197.08
u_core0.ROW\[18\].COL\[1\].u_pe.sum_out\[4\],197.06
u_core0.ROW\[15\].COL\[0\].u_pe.b_out\[6\],196.9
net397,196.8
_00168_,196.76
u_core0.ROW\[11\].COL\[0\].u_pe.a_out\[2\],196.75
u_core0.ROW\[8\].COL\[0\].u_pe.sum_out\[1\],196.7
_24916_,196.63
_00842_,196.575
_00183_,196.5
_01006_,196.36
net467,196.25
u_core0.ROW\[18\].COL\[0\].u_pe.sum_out\[15\],196.04
_20678_,195.86
u_core0.ROW\[18\].COL\[0\].u_pe.sum_out\[13\],195.43
u_core0.ROW\[26\].COL\[0\].u_pe.b_out\[7\],195.4
_07742_,195.145
_15952_,195
_08859_,194.92
u_core0.ROW\[12\].COL\[0\].u_pe.b_out\[7\],194.86
u_core0.ROW\[11\].COL\[1\].u_pe.sum_out\[9\],194.36
_00778_,194.33
_15041_,194.3
net401,194.12
net616,193.66
_01007_,193.64
net516,193.6
net644,193.57
u_core0.ROW\[10\].COL\[1\].u_pe.sum_in\[11\],193.54
_00041_,193.42
u_core0.ROW\[10\].COL\[0\].u_pe.b_in\[3\],192.94
_10429_,192.91
u_core0.ROW\[18\].COL\[0\].u_pe.sum_out\[12\],192.86
_21487_,192.72
_22593_,192.695
net386,192.48
_09765_,192.44
_24422_,192.11
_05445_,192.07
u_core0.ROW\[27\].COL\[1\].u_pe.sum_out\[11\],191.88
_00431_,191.86
net512,191.72
_02625_,191.69
u_core0.ROW\[13\].COL\[1\].u_pe.b_out\[4\],191.69
u_core0.ROW\[21\].COL\[1\].u_pe.b_out\[1\],191.51
_21712_,191.465
net730,191.45
_08704_,191.32
_02148_,191.21
_17395_,191.14
u_core0.ROW\[10\].COL\[1\].u_pe.sum_in\[10\],191.1
u_core0.ROW\[11\].COL\[0\].u_pe.a_out\[0\],191.1
net383,190.9
_21684_,190.89
net885,190.88
_20515_,190.78
net247,190.735
_20555_,190.18
net487,189.9
net519,189.84
_00530_,189.77
_24394_,189.7
net1087,189.6
_00603_,189.54
_11588_,189.36
u_core0.ROW\[17\].COL\[1\].u_pe.sum_out\[11\],189.36
net407,189.35
_00400_,189.3
u_core0.ROW\[22\].COL\[0\].u_pe.b_out\[3\],189.3
u_core0.ROW\[26\].COL\[0\].u_pe.b_out\[6\],189.3
_21160_,189.23
u_core0.ROW\[27\].COL\[1\].u_pe.sum_out\[8\],189.21
_03963_,189.2
u_core0.ROW\[29\].COL\[0\].u_pe.sum_out\[11\],189.16
u_core0.ROW\[18\].COL\[0\].u_pe.sum_out\[10\],188.64
_08861_,188.56
_23525_,188.22
u_core0.A_inputs\[103\],188.125
_03524_,187.995
_18126_,187.87
_22535_,187.86
_25349_,187.72
_25891_,187.505
_11472_,187.23
u_core0.ROW\[21\].COL\[1\].u_pe.sum_out\[11\],187.2
mem0_rdata\[14\],187.05
u_core0.ROW\[31\].COL\[0\].u_pe.sum_out\[3\],187.05
_25346_,186.96
_21572_,186.77
u_core0.ROW\[15\].COL\[0\].u_pe.sum_out\[13\],186.56
_00795_,186.325
net551,185.86
net574,185.86
_21942_,185.65
u_core0.A_inputs\[121\],185.645
_17681_,185.63
u_core0.ROW\[25\].COL\[1\].u_pe.sum_out\[1\],185.54
u_core0.ROW\[21\].COL\[1\].u_pe.b_out\[0\],185.44
_05962_,185.38
_12921_,185.36
_16665_,185.36
u_core0.ROW\[10\].COL\[0\].u_pe.b_in\[5\],185.25
_09113_,185.23
_19848_,185.08
_02225_,184.83
_21813_,184.78
_09450_,184.74
_10653_,184.74
_15257_,184.73
_20580_,184.61
u_core0.ROW\[22\].COL\[0\].u_pe.sum_out\[17\],184.54
u_core0.ROW\[8\].COL\[1\].u_pe.b_out\[3\],184.26
net537,184.21
_19505_,184.17
_21467_,183.82
net470,183.76
_26326_,183.6
u_core0.ROW\[10\].COL\[0\].u_pe.b_in\[6\],183.46
_24351_,183.45
net880,183.34
_12242_,183.27
_18053_,183.095
net524,183.05
net385,182.96
_07288_,182.895
_09154_,182.84
net529,182.83
net506,182.735
_20534_,182.72
_10960_,182.69
_06787_,182.24
u_core0.ROW\[18\].COL\[0\].u_pe.sum_out\[14\],182.24
_00401_,182.175
net497,182.17
_00182_,182.08
net905,182.06
_08110_,181.78
u_core0.ROW\[19\].COL\[0\].u_pe.sum_out\[5\],181.69
_24342_,181.68
u_core0.A_inputs\[105\],181.66
net432,181.44
_20505_,181.32
_13931_,181.2
_12296_,181.18
_20832_,181.14
net583,181.04
_04939_,180.84
_21471_,180.8
u_core0.ROW\[13\].COL\[0\].u_pe.b_out\[7\],180.76
_09180_,180.69
u_core0.ROW\[5\].COL\[1\].u_pe.b_out\[3\],180.56
u_core0.ROW\[15\].COL\[0\].u_pe.sum_out\[12\],180.28
u_core0.ROW\[15\].COL\[1\].u_pe.sum_out\[5\],180.2
_20499_,180.1
_22469_,180.06
net395,179.89
u_core0.ROW\[18\].COL\[0\].u_pe.b_out\[0\],179.84
_25803_,179.77
_00759_,179.6
_13881_,179.59
_16619_,179.54
net491,179.435
u_core0.ROW\[23\].COL\[0\].u_pe.b_out\[6\],179.36
_23549_,179.215
_13563_,179.13
net448,179.11
_15936_,179.065
_07214_,178.92
u_core0.ROW\[22\].COL\[0\].u_pe.sum_out\[16\],178.67
u_core0.ROW\[21\].COL\[0\].u_pe.b_out\[5\],178.44
u_core0.ROW\[7\].COL\[1\].u_pe.sum_out\[3\],178.3
_19849_,178.28
u_core0.ROW\[29\].COL\[0\].u_pe.sum_out\[10\],178.24
net591,177.77
u_core0.ROW\[30\].COL\[0\].u_pe.b_out\[3\],177.66
u_core0.ROW\[20\].COL\[1\].u_pe.b_out\[6\],177.64
u_core0.ROW\[7\].COL\[1\].u_pe.b_out\[1\],177.48
_01650_,177.34
u_core0.ROW\[15\].COL\[1\].u_pe.b_out\[2\],177.3
_24997_,177.225
net549,177.21
net485,177.14
_23945_,177.11
net744,177.11
u_core0.ROW\[15\].COL\[0\].u_pe.sum_out\[11\],177.08
net474,177.08
_10458_,177.075
_00402_,176.96
_13883_,176.94
u_core0.ROW\[31\].COL\[0\].u_pe.sum_out\[1\],176.93
u_core0.ROW\[22\].COL\[0\].u_pe.sum_out\[18\],176.92
net390,176.88
_08247_,176.77
u_core0.ROW\[31\].COL\[0\].u_pe.sum_out\[2\],176.67
net486,176.57
_00150_,176.54
_21519_,176.48
_22007_,176.36
net568,176.34
_19846_,176.155
net477,175.89
net440,175.66
u_core0.ROW\[24\].COL\[0\].u_pe.b_out\[3\],175.48
_04535_,175.38
_01164_,175.36
net450,175.3
u_core0.ROW\[18\].COL\[0\].u_pe.sum_out\[11\],175.2
net631,175.18
_24288_,175.12
u_core0.ROW\[16\].COL\[0\].u_pe.b_out\[2\],174.94
u_core0.ROW\[24\].COL\[1\].u_pe.b_out\[4\],174.94
_12252_,174.935
_18882_,174.9
_19213_,174.83
net451,174.81
_16614_,174.46
u_core0.ROW\[21\].COL\[0\].u_pe.sum_out\[8\],174.44
_21662_,174.405
_26623_,173.85
_11864_,173.7
net479,173.68
_01008_,173.645
u_core0.ROW\[10\].COL\[0\].u_pe.b_in\[4\],173.64
_20983_,173.55
net112,173.5
net468,173.46
u_core0.ROW\[11\].COL\[1\].u_pe.sum_out\[11\],173.34
_20562_,173.26
net565,173.22
_17763_,173.2
u_core0.ROW\[15\].COL\[0\].u_pe.sum_out\[10\],173.16
_00149_,173.11
_00325_,172.8
_21495_,172.69
_02065_,172.66
u_core0.ROW\[0\].COL\[0\].u_pe.b_out\[3\],172.64
_22499_,172.58
_03647_,172.54
net435,172.31
_19648_,172.08
u_core0.ROW\[21\].COL\[1\].u_pe.b_out\[3\],172.08
_03020_,171.97
u_core0.ROW\[31\].COL\[0\].u_pe.sum_out\[4\],171.94
_09767_,171.795
u_core0.ROW\[10\].COL\[1\].u_pe.b_out\[3\],171.72
_17311_,171.64
_21500_,171.55
_24257_,171.28
_09169_,171.27
_06374_,171.26
net492,170.92
net462,170.76
net452,170.74
net904,170.68
mem1_rdata\[3\],170.63
_00083_,170.44
_18051_,170.05
_20331_,170.02
_24220_,170.02
u_core0.ROW\[11\].COL\[1\].u_pe.sum_out\[8\],170.01
net338,169.85
_18791_,169.84
_12244_,169.7
u_core0.ROW\[30\].COL\[0\].u_pe.b_out\[5\],169.56
_22052_,169.555
_26596_,169.54
u_core0.ROW\[24\].COL\[0\].u_pe.b_out\[4\],169.54
_08136_,169.52
u_core0.ROW\[11\].COL\[0\].u_pe.b_out\[6\],169.46
u_core0.ROW\[0\].COL\[0\].u_pe.b_out\[7\],169.2
_00051_,169.16
u_core0.A_inputs\[124\],169.14
_12353_,168.97
_22450_,168.96
u_core0.ROW\[25\].COL\[0\].u_pe.sum_out\[9\],168.9
_20533_,168.6
net611,168.57
_00079_,168.525
clknet_leaf_234_clk,168.46
u_core0.ROW\[28\].COL\[1\].u_pe.b_out\[3\],168.4
_00391_,168.28
net416,168.26
net423,168.14
u_core0.ROW\[0\].COL\[1\].u_pe.b_out\[7\],168.12
_02053_,168.105
_20553_,168.04
_23075_,167.99
_12866_,167.86
net557,167.86
_08112_,167.62
_20055_,167.54
_25835_,167.51
net622,167.46
u_core0.ROW\[18\].COL\[1\].u_pe.sum_out\[6\],167.4
net410,167.34
_08690_,167.24
u_core0.ROW\[18\].COL\[1\].u_pe.b_out\[2\],167.185
_03928_,167
_08858_,167
_17328_,166.94
_20497_,166.84
net508,166.825
_08194_,166.48
net605,166.48
clknet_5_12__leaf_clk,166.48
_16311_,166.47
net548,166.41
_12915_,166.1
net1132,165.98
net434,165.92
_16597_,165.9
_00426_,165.82
net518,165.81
net411,165.76
net230,165.74
_22004_,165.66
net337,165.6
net764,165.6
u_core0.ROW\[29\].COL\[0\].u_pe.sum_out\[13\],165.56
_11153_,165.46
_00052_,165.45
_23493_,165.365
net1025,165.28
u_core0.ROW\[10\].COL\[1\].u_pe.sum_out\[8\],165.26
_03579_,165.23
_20660_,165.18
u_core0.ROW\[19\].COL\[0\].u_pe.b_out\[2\],165.18
_11156_,165.175
u_core0.ROW\[10\].COL\[1\].u_pe.b_out\[1\],165.1
_05387_,165.06
_00430_,165.03
_10150_,164.99
_14254_,164.9
_00399_,164.82
_20276_,164.82
u_core0.ROW\[29\].COL\[0\].u_pe.sum_out\[15\],164.69
_11938_,164.64
_19124_,164.42
clknet_5_11__leaf_clk,164.35
_22528_,164.27
net436,164.27
_09074_,164.26
_20593_,164.26
_00524_,164.2
_20635_,164.2
u_core0.ROW\[31\].COL\[0\].u_pe.sum_out\[6\],164.17
_24047_,164.11
net723,163.96
net522,163.95
_21005_,163.94
net1084,163.78
_10526_,163.655
u_core0.ROW\[17\].COL\[1\].u_pe.sum_out\[10\],163.6
_26226_,163.58
net621,163.49
net478,163.395
_22032_,163.35
u_core0.ROW\[31\].COL\[0\].u_pe.sum_out\[5\],163.31
_09512_,163.06
net414,162.995
_21492_,162.775
_11824_,162.76
_10574_,162.54
net461,162.51
_08686_,162.42
_09306_,162.39
u_core0.ROW\[14\].COL\[0\].u_pe.sum_out\[4\],162.39
_21516_,162.38
_08159_,162.2
net399,162.04
_21469_,162.01
_00424_,161.92
u_core0.ROW\[19\].COL\[0\].u_pe.sum_out\[14\],161.68
u_core0.ROW\[19\].COL\[0\].u_pe.b_out\[0\],161.62
_11905_,161.61
net400,161.56
_00220_,161.36
u_core0.ROW\[13\].COL\[1\].u_pe.b_out\[3\],161.3
net780,161.3
_20498_,161.22
_25026_,161.22
_04980_,161.215
u_core0.ROW\[10\].COL\[0\].u_pe.b_out\[7\],161.12
_09914_,161.07
_21007_,161.05
u_core0.ROW\[19\].COL\[0\].u_pe.sum_out\[4\],160.82
u_core0.ROW\[18\].COL\[0\].u_pe.b_out\[7\],160.62
net507,160.59
_12583_,160.56
net598,160.55
_00800_,160.52
u_core0.ROW\[0\].COL\[1\].u_pe.b_out\[6\],160.52
_26618_,160.48
u_core0.ROW\[22\].COL\[0\].u_pe.b_out\[5\],160.46
_00758_,160.42
net398,160.42
_01639_,160.4
net546,160.29
net502,160.24
_02599_,160.22
_17390_,160.16
u_core0.ROW\[30\].COL\[0\].u_pe.b_out\[0\],160.13
_00392_,160.08
_18889_,160
u_core0.ROW\[5\].COL\[1\].u_pe.sum_out\[8\],159.89
u_core0.ROW\[25\].COL\[1\].u_pe.b_out\[3\],159.82
_20599_,159.78
net503,159.76
_00725_,159.725
net891,159.68
_16600_,159.61
u_core0.ROW\[30\].COL\[0\].u_pe.b_out\[6\],159.58
net454,159.415
u_core0.ROW\[16\].COL\[0\].u_pe.b_out\[6\],159.36
u_core0.ROW\[17\].COL\[0\].u_pe.b_out\[2\],159.06
u_core0.ROW\[29\].COL\[0\].u_pe.sum_out\[14\],158.94
_09218_,158.78
_00409_,158.74
net539,158.56
u_core0.ROW\[21\].COL\[1\].u_pe.b_out\[7\],158.42
_00054_,158.36
_00379_,158.3
_21989_,158.19
_14894_,158.17
u_core0.ROW\[24\].COL\[0\].u_pe.sum_out\[0\],158.1
_10175_,158.08
net481,158.04
u_core0.ROW\[26\].COL\[1\].u_pe.sum_out\[6\],158
u_core0.ROW\[1\].COL\[1\].u_pe.b_out\[4\],157.84
_11893_,157.79
_00152_,157.7
net471,157.57
_18922_,157.48
u_core0.ROW\[17\].COL\[0\].u_pe.b_out\[0\],157.4
_05008_,157.335
_23050_,157.32
net785,157.32
_17454_,157.03
_15912_,157
net498,156.32
net484,156.205
_13675_,156.035
u_core0.ROW\[15\].COL\[0\].u_pe.sum_out\[4\],156
_20583_,155.94
net951,155.94
_21011_,155.78
_18833_,155.675
net409,155.66
net550,155.65
u_core0.ROW\[0\].COL\[0\].u_pe.b_out\[2\],155.52
u_core0.ROW\[12\].COL\[0\].u_pe.b_out\[6\],155.48
net456,155.25
net1130,155.21
_00898_,155.2
u_core0.ROW\[2\].COL\[1\].u_pe.b_out\[2\],155.16
_15990_,155.1
u_core0.ROW\[3\].COL\[1\].u_pe.b_out\[0\],154.88
u_core0.ROW\[31\].COL\[0\].u_pe.sum_out\[8\],154.85
net579,154.8
_00525_,154.745
u_core0.ROW\[16\].COL\[0\].u_pe.b_out\[5\],154.74
u_core0.ROW\[24\].COL\[1\].u_pe.b_out\[2\],154.32
u_core0.ROW\[0\].COL\[0\].u_pe.a_out\[2\],154.31
net457,154.255
_05398_,154.195
u_core0.ROW\[10\].COL\[0\].u_pe.sum_out\[14\],154.195
_04428_,154.12
_00734_,154.1
_13019_,153.965
_00167_,153.94
_17422_,153.91
_19638_,153.88
_00330_,153.86
_00080_,153.84
_13642_,153.82
_26241_,153.79
_13606_,153.72
mem1_rdata\[4\],153.71
u_core0.ROW\[30\].COL\[0\].u_pe.sum_out\[0\],153.52
u_core0.ROW\[14\].COL\[0\].u_pe.sum_out\[3\],153.48
_00151_,153.23
_11155_,153.14
u_core0.ROW\[10\].COL\[1\].u_pe.sum_out\[10\],153.09
net1103,153.02
_00786_,152.88
net930,152.84
_00133_,152.74
_00733_,152.64
_08486_,152.53
clknet_leaf_193_clk,152.46
_00388_,152.355
u_core0.ROW\[23\].COL\[0\].u_pe.b_out\[3\],152.3
_06804_,152.28
_00998_,152.22
u_core0.ROW\[5\].COL\[1\].u_pe.b_out\[1\],152.2
_04607_,152.03
net578,151.7
_23944_,151.685
clknet_leaf_179_clk,151.58
net165,151.5
_00527_,151.34
_03054_,151.29
_00526_,151.28
net301,151.24
_09454_,151.23
_22017_,151.14
_02133_,151.1
u_core0.ROW\[10\].COL\[0\].u_pe.sum_out\[11\],151.1
net490,151.01
_21468_,151
_20530_,150.92
net476,150.86
_23487_,150.83
_12906_,150.78
u_core0.A_inputs\[122\],150.72
net318,150.7
_20547_,150.66
net382,150.64
net488,150.58
u_core0.ROW\[10\].COL\[0\].u_pe.sum_out\[15\],150.52
net408,150.395
u_core0.ROW\[30\].COL\[0\].u_pe.b_out\[7\],150.34
_00053_,150.27
_24882_,150.18
_13989_,150.14
_09847_,150.04
u_core0.ROW\[8\].COL\[1\].u_pe.b_out\[0\],150.04
_10502_,150.035
_12959_,150
_26612_,149.96
_24872_,149.76
_11977_,149.66
net511,149.53
_16370_,149.42
_23657_,149.34
clknet_leaf_99_clk,149.31
u_core0.ROW\[10\].COL\[0\].u_pe.sum_out\[12\],149.27
net590,149.21
_21008_,149.2
u_core0.ROW\[2\].COL\[1\].u_pe.b_out\[1\],149.18
_04956_,149.02
_05090_,149.02
_18095_,148.98
_18170_,148.95
u_core0.ROW\[3\].COL\[1\].u_pe.b_out\[1\],148.66
_23496_,148.54
_24950_,148.225
net634,147.99
u_core0.ROW\[8\].COL\[1\].u_pe.b_out\[1\],147.94
mem0_rdata\[10\],147.87
net389,147.78
_26590_,147.76
_20321_,147.5
_00421_,147.375
_17293_,147.22
net588,147.15
_00050_,147.055
clknet_leaf_53_clk,146.82
_19960_,146.74
_15263_,146.665
_13943_,146.59
_09462_,146.54
_21969_,146.52
net509,146.5
u_core0.ROW\[0\].COL\[0\].u_pe.a_out\[4\],146.44
u_core0.ROW\[12\].COL\[0\].u_pe.b_out\[1\],146.34
_24888_,146.31
net482,146.295
_14283_,146.03
u_core0.ROW\[12\].COL\[1\].u_pe.b_out\[5\],145.76
_08278_,145.5
_24871_,145.47
_13567_,145.36
net608,145.34
u_core0.ROW\[28\].COL\[1\].u_pe.b_out\[4\],145.26
net483,145.25
_09468_,145.22
_21963_,145.2
_21531_,145.12
_20693_,145.1
u_core0.ROW\[24\].COL\[1\].u_pe.b_out\[6\],144.96
net1110,144.84
net603,144.63
net619,144.52
_22426_,144.5
_24082_,144.48
u_core0.ROW\[10\].COL\[1\].u_pe.b_out\[2\],144.26
_00813_,144.22
_24942_,144.18
net494,144.095
_16584_,143.8
net566,143.73
_00166_,143.72
_00520_,143.6
_18338_,143.59
_00163_,143.52
net1144,143.52
_24904_,143.44
_19456_,143.32
_00602_,143.3
_00067_,143.27
u_core0.ROW\[10\].COL\[1\].u_pe.sum_out\[9\],143.22
u_core0.ROW\[15\].COL\[1\].u_pe.b_out\[1\],143.185
_23982_,143.025
_00049_,142.98
_23238_,142.91
u_core0.ROW\[10\].COL\[1\].u_pe.sum_in\[9\],142.88
net632,142.88
_00422_,142.86
_23961_,142.755
net561,142.65
u_core0.ROW\[30\].COL\[0\].u_pe.b_out\[4\],142.6
net907,142.56
net997,142.48
u_core0.ROW\[10\].COL\[1\].u_pe.b_in\[3\],142.38
_23972_,142.255
_00120_,142.19
_00420_,142.02
net633,142.02
net609,141.99
_14640_,141.92
_00423_,141.9
_24022_,141.88
_00997_,141.85
_12824_,141.84
mem1_rdata\[7\],141.81
net628,141.52
u_core0.ROW\[12\].COL\[0\].u_pe.b_out\[0\],141.5
_11803_,141.45
_00429_,141.42
_24178_,141.3
_24976_,141.26
_00816_,141.13
net599,141.07
_13347_,140.82
clknet_leaf_169_clk,140.72
net520,140.53
_26802_,140.39
_20644_,140.22
_06319_,140.175
_23429_,140.14
_00433_,140.025
_00329_,140
_16050_,139.92
u_core0.ROW\[25\].COL\[0\].u_pe.b_out\[4\],139.72
_04484_,139.715
_00164_,139.58
_10095_,139.57
_20560_,139.56
_00764_,139.46
_00064_,139.385
_22443_,139.38
_25025_,139.38
_22382_,139.34
_00521_,139.26
_05376_,139.26
_12328_,139.26
_17369_,139.22
_25959_,139.06
u_core0.ROW\[10\].COL\[0\].u_pe.sum_out\[10\],139.04
_24446_,139.01
u_core0.ROW\[17\].COL\[0\].u_pe.b_out\[3\],138.805
u_core0.ROW\[19\].COL\[0\].u_pe.sum_out\[3\],138.7
clknet_5_10__leaf_clk,138.68
_00765_,138.66
_26223_,138.62
_20352_,138.55
_05405_,138.52
_21949_,138.52
_24934_,138.495
_00723_,138.48
net430,138.27
_00165_,138.08
net510,138.08
_00324_,138.055
u_core0.ROW\[23\].COL\[0\].u_pe.b_out\[4\],137.9
_18538_,137.88
_10096_,137.82
_26602_,137.78
_10104_,137.64
net596,137.64
_17755_,137.61
net489,137.435
_21560_,137.4
clknet_leaf_136_clk,137.28
u_core0.ROW\[12\].COL\[1\].u_pe.b_out\[7\],137.12
u_core0.ROW\[25\].COL\[1\].u_pe.b_out\[4\],137.12
_18049_,137.07
_15013_,137.05
_06051_,136.99
net948,136.94
net517,136.88
_25375_,136.76
net496,136.135
_15929_,135.96
_00608_,135.9
_14892_,135.82
_24977_,135.5
u_core0.ROW\[10\].COL\[0\].u_pe.sum_out\[9\],135.4
net612,135.26
_00066_,135.24
_13565_,135.07
net635,134.97
u_core0.ROW\[17\].COL\[1\].u_pe.sum_out\[8\],134.78
_23990_,134.71
net721,134.56
_23468_,134.44
_26656_,134.42
_00552_,134.4
u_core0.ROW\[0\].COL\[0\].u_pe.a_out\[0\],134.4
net335,134.34
_25819_,134.26
net480,134.05
_09545_,133.76
_17295_,133.7
_00162_,133.64
_03990_,133.62
_09129_,133.56
mem0_rdata\[1\],133.37
net768,133.3
u_core0.ROW\[18\].COL\[1\].u_pe.b_out\[7\],133.08
u_core0.ROW\[11\].COL\[0\].u_pe.b_out\[7\],133
net558,133
net523,132.795
u_core0.ROW\[0\].COL\[0\].u_pe.a_out\[6\],132.56
_05426_,132.44
_20616_,132.4
u_core0.ROW\[10\].COL\[0\].u_pe.sum_out\[7\],132.4
u_core0.ROW\[13\].COL\[0\].u_pe.b_out\[3\],132.36
_00425_,132.34
net447,132.25
_24385_,132.05
u_core0.ROW\[15\].COL\[1\].u_pe.sum_out\[9\],131.94
clknet_leaf_202_clk,131.8
_05431_,131.74
_08528_,131.73
_20702_,131.72
_03520_,131.44
_26733_,131.43
_24123_,131.4
u_core0.ROW\[18\].COL\[0\].u_pe.sum_out\[9\],131.3
net388,131.25
u_core0.ROW\[29\].COL\[0\].u_pe.b_out\[1\],131.09
_26299_,131.06
u_core0.ROW\[10\].COL\[0\].u_pe.b_in\[1\],130.84
clknet_leaf_128_clk,130.7
net941,130.7
_12001_,130.66
u_core0.ROW\[31\].COL\[0\].u_pe.sum_out\[7\],130.49
_17347_,130.455
_12796_,130.3
_24862_,130.24
_00254_,130.02
u_core0.ROW\[25\].COL\[0\].u_pe.b_out\[3\],130.02
net394,129.62
u_core0.ROW\[15\].COL\[0\].u_pe.sum_out\[2\],129.5
_11208_,129.07
_24016_,129.02
_18086_,129
net392,129
_19185_,128.885
_16586_,128.8
net1143,128.76
_00181_,128.74
_00180_,128.68
u_core0.ROW\[10\].COL\[0\].u_pe.sum_out\[13\],128.67
net895,128.48
u_core0.ROW\[18\].COL\[0\].u_pe.sum_out\[7\],128.36
u_core0.ROW\[18\].COL\[1\].u_pe.sum_out\[9\],128.34
_17799_,128.13
u_core0.ROW\[11\].COL\[0\].u_pe.a_out\[3\],128.12
_20023_,128.1
_23510_,128.06
net640,127.98
_00787_,127.94
net547,127.79
net391,127.76
_00218_,127.68
net563,127.64
_10580_,127.44
_17346_,127.305
u_core0.ROW\[0\].COL\[0\].u_pe.b_out\[4\],127.28
net1023,127.26
_17285_,127.24
u_core0.ROW\[28\].COL\[1\].u_pe.b_out\[5\],127.085
_00615_,127.08
u_core0.ROW\[22\].COL\[1\].u_pe.sum_out\[9\],127.08
u_core0.ROW\[19\].COL\[1\].u_pe.b_out\[7\],127
u_core0.ROW\[31\].COL\[0\].u_pe.sum_out\[13\],126.89
_00434_,126.81
net455,126.755
_10612_,126.75
_14349_,126.74
u_core0.ROW\[16\].COL\[1\].u_pe.b_out\[7\],126.56
net393,126.49
_16706_,126.38
net428,126.26
net501,126.03
u_core0.ROW\[13\].COL\[0\].u_pe.b_out\[5\],126
_15920_,125.94
_25029_,125.86
_00243_,125.78
u_core0.ROW\[24\].COL\[1\].u_pe.b_out\[3\],125.72
_25051_,125.65
u_core0.ROW\[23\].COL\[0\].u_pe.b_out\[0\],125.64
_01813_,125.61
u_core0.ROW\[15\].COL\[0\].u_pe.b_out\[1\],125.34
_00551_,125.32
_26759_,125.195
u_core0.ROW\[19\].COL\[0\].u_pe.sum_out\[2\],125.18
_20592_,125.16
_22038_,125.1
_04020_,125.08
clknet_leaf_34_clk,124.94
net626,124.93
u_core0.ROW\[18\].COL\[0\].u_pe.sum_out\[4\],124.82
_21416_,124.76
net999,124.76
_09085_,124.475
_26211_,124.3
_00763_,124.28
u_core0.ROW\[10\].COL\[0\].u_pe.sum_out\[5\],124.2
_21947_,124.07
net387,123.91
_08439_,123.86
_17036_,123.825
u_core0.ROW\[10\].COL\[0\].u_pe.sum_out\[6\],123.72
clknet_leaf_127_clk,123.71
net778,123.54
u_core0.ROW\[12\].COL\[0\].u_pe.sum_out\[2\],123.48
_08392_,123.44
net641,123.41
u_core0.ROW\[15\].COL\[0\].u_pe.sum_out\[15\],123.38
_26215_,123.35
_08442_,123.16
_25793_,123.14
_00449_,123.08
clknet_leaf_132_clk,123.025
u_core0.ROW\[27\].COL\[0\].u_pe.sum_out\[1\],123.02
_09745_,122.86
u_core0.ROW\[13\].COL\[0\].u_pe.a_out\[5\],122.76
_00954_,122.5
clknet_leaf_268_clk,122.36
_00995_,122.26
net645,122.06
net911,122.04
net610,121.82
u_core0.ROW\[15\].COL\[1\].u_pe.sum_out\[2\],121.55
_00994_,121.52
_08712_,121.5
_08558_,121.42
_00345_,121.13
u_core0.ROW\[27\].COL\[0\].u_pe.sum_out\[15\],121.12
_11832_,120.96
u_core0.ROW\[2\].COL\[1\].u_pe.sum_out\[11\],120.84
net495,120.51
_00279_,120.46
_26650_,120.4
u_core0.ROW\[13\].COL\[0\].u_pe.a_out\[1\],120.38
u_core0.ROW\[30\].COL\[0\].u_pe.b_out\[1\],120.38
u_core0.ROW\[0\].COL\[0\].u_pe.a_out\[1\],120.3
_20552_,120.22
net699,120.1
_00531_,120.02
u_core0.ROW\[4\].COL\[0\].u_pe.b_out\[4\],120
net543,119.94
u_core0.ROW\[13\].COL\[1\].u_pe.b_out\[7\],119.88
_00063_,119.63
_18082_,119.6
net581,119.49
u_core0.ROW\[0\].COL\[0\].u_pe.b_out\[1\],119.47
_04421_,119.38
_21880_,119.14
_24002_,119.1
_02142_,118.78
net415,118.63
_10621_,118.62
net629,118.59
u_core0.ROW\[17\].COL\[0\].u_pe.b_out\[6\],118.48
_22434_,118.37
u_core0.ROW\[15\].COL\[1\].u_pe.b_out\[0\],118.36
_09075_,118.28
u_core0.ROW\[10\].COL\[0\].u_pe.sum_out\[2\],118.16
net577,117.99
_21089_,117.84
_20563_,117.76
_10793_,117.74
clknet_leaf_78_clk,117.66
_00216_,117.64
_23451_,117.5
_21012_,117.48
u_core0.ROW\[27\].COL\[0\].u_pe.sum_out\[13\],117.475
_00986_,117.44
net592,117.24
net412,117.03
clknet_leaf_39_clk,117.005
_15595_,116.98
net556,116.97
_18964_,116.77
net784,116.75
_26173_,116.64
_18953_,116.6
_00346_,116.58
_00722_,116.575
u_core0.ROW\[31\].COL\[0\].u_pe.sum_out\[9\],116.52
_06792_,116.46
_18079_,116.33
_00242_,116.2
_20502_,116.12
_23960_,115.9
_00643_,115.78
u_core0.ROW\[31\].COL\[0\].u_pe.sum_out\[10\],115.65
net767,115.61
_01696_,115.58
_00217_,115.56
_02523_,115.46
_21904_,115.34
net527,115.26
_22111_,115.25
net636,115.25
u_core0.ROW\[0\].COL\[0\].u_pe.b_out\[0\],115.08
u_core0.ROW\[26\].COL\[0\].u_pe.b_out\[2\],114.98
net625,114.97
_00323_,114.96
u_core0.ROW\[28\].COL\[0\].u_pe.sum_out\[1\],114.82
u_core0.ROW\[19\].COL\[1\].u_pe.b_out\[4\],114.64
net794,114.62
_18089_,114.6
_22477_,114.54
u_core0.ROW\[12\].COL\[0\].u_pe.b_out\[2\],114.54
_02064_,114.52
_00439_,114.48
u_core0.ROW\[15\].COL\[1\].u_pe.sum_out\[0\],114.48
_13304_,114.35
u_core0.ROW\[10\].COL\[1\].u_pe.sum_out\[3\],114.32
_20921_,114.28
_18550_,114.24
u_core0.ROW\[19\].COL\[1\].u_pe.sum_out\[10\],114.22
_19588_,114.16
u_core0.ROW\[23\].COL\[1\].u_pe.b_out\[6\],114.12
clknet_leaf_135_clk,114.12
clknet_leaf_63_clk,113.98
_20301_,113.92
net922,113.68
net417,113.675
_09356_,113.66
u_core0.ROW\[29\].COL\[0\].u_pe.b_out\[4\],113.66
u_core0.ROW\[31\].COL\[0\].u_pe.sum_out\[12\],113.57
_01020_,113.565
_18519_,113.52
clknet_leaf_168_clk,113.42
_00559_,113.34
u_core0.ROW\[18\].COL\[0\].u_pe.sum_out\[6\],113.3
_20424_,113.28
_00221_,113.18
_00347_,113.04
_00068_,112.9
u_core0.ROW\[13\].COL\[1\].u_pe.b_out\[2\],112.9
u_core0.A_inputs\[120\],112.86
_03521_,112.78
_00597_,112.62
_19231_,112.62
_25763_,112.56
u_core0.ROW\[13\].COL\[0\].u_pe.b_out\[6\],112.2
u_core0.ROW\[10\].COL\[0\].u_pe.sum_out\[3\],112.18
_20377_,111.98
_00740_,111.905
_15320_,111.57
_07256_,111.44
clknet_leaf_149_clk,111.38
u_core0.ROW\[10\].COL\[1\].u_pe.sum_out\[4\],111.3
u_core0.ROW\[4\].COL\[0\].u_pe.b_out\[2\],111.3
_17677_,111.2
_03970_,111.18
_20005_,111.12
_04743_,110.92
_24873_,110.81
clknet_leaf_121_clk,110.7
u_core0.ROW\[10\].COL\[1\].u_pe.sum_out\[2\],110.56
_21010_,110.46
_00622_,110.34
clknet_leaf_197_clk,110.28
_20634_,110.21
_11482_,109.97
_01266_,109.94
_03203_,109.8
_00245_,109.7
u_core0.ROW\[25\].COL\[0\].u_pe.b_out\[1\],109.64
_18072_,109.63
_16027_,109.4
_25027_,109.36
_04080_,109.235
net995,109.18
u_core0.ROW\[28\].COL\[0\].u_pe.sum_out\[0\],109.13
_00762_,108.92
_20938_,108.9
net1039,108.72
clknet_leaf_172_clk,108.36
net800,108.31
_03538_,108.24
net864,108.2
u_core0.ROW\[23\].COL\[0\].u_pe.sum_out\[12\],108.16
_00645_,108.02
u_core0.ROW\[27\].COL\[0\].u_pe.sum_out\[14\],108
_26197_,107.92
_05466_,107.62
_18150_,107.6
_11230_,107.58
u_core0.ROW\[17\].COL\[1\].u_pe.sum_out\[9\],107.58
u_core0.ROW\[24\].COL\[1\].u_pe.b_out\[5\],107.54
net453,107.44
_21483_,107.38
u_core0.ROW\[13\].COL\[1\].u_pe.b_out\[5\],107.365
_23455_,107.28
clknet_leaf_264_clk,106.92
u_core0.ROW\[12\].COL\[0\].u_pe.b_out\[5\],106.52
_09095_,106.41
_14015_,106.37
_14679_,106.29
u_core0.ROW\[18\].COL\[0\].u_pe.sum_out\[8\],106.19
mem0_rdata\[0\],106.09
_02517_,106.02
_08308_,105.98
u_core0.ROW\[20\].COL\[0\].u_pe.sum_out\[0\],105.8
clknet_leaf_21_clk,105.44
u_core0.ROW\[11\].COL\[0\].u_pe.a_out\[4\],105.36
net513,105.36
_18093_,104.92
u_core0.ROW\[4\].COL\[0\].u_pe.b_out\[3\],104.78
u_core0.ROW\[11\].COL\[1\].u_pe.sum_out\[3\],104.72
u_core0.ROW\[22\].COL\[0\].u_pe.b_out\[2\],104.72
u_core0.ROW\[0\].COL\[1\].u_pe.sum_out\[0\],104.7
_19864_,104.64
_03048_,104.5
clknet_leaf_235_clk,104.16
_00910_,104.14
clknet_leaf_261_clk,104.1
_04439_,103.95
_09009_,103.9
_01617_,103.78
_00675_,103.56
_22553_,103.54
u_core0.ROW\[29\].COL\[0\].u_pe.b_out\[7\],103.505
net571,103.11
clknet_leaf_164_clk,103.06
_11890_,103
u_core0.ROW\[27\].COL\[1\].u_pe.b_out\[1\],102.98
_04454_,102.95
clknet_leaf_62_clk,102.82
net937,102.73
u_core0.ROW\[12\].COL\[0\].u_pe.sum_out\[4\],102.64
net1036,102.54
_22508_,102.38
_24984_,102.36
_03163_,102.27
_03014_,102.22
_06786_,102.2
_08401_,102.15
u_core0.ROW\[21\].COL\[0\].u_pe.b_out\[1\],102.14
clknet_leaf_177_clk,102.08
_04367_,102.06
clknet_leaf_138_clk,102.04
_08331_,101.98
u_core0.ROW\[15\].COL\[0\].u_pe.b_out\[4\],101.86
_14234_,101.84
_19256_,101.77
_20440_,101.62
clknet_leaf_203_clk,101.6
_00322_,101.58
u_core0.ROW\[23\].COL\[0\].u_pe.sum_out\[13\],101.56
_18930_,101.46
u_core0.ROW\[4\].COL\[0\].u_pe.sum_out\[6\],101.44
_21120_,101.34
_21906_,101.1
_25802_,101.08
_08347_,101.04
_25737_,100.92
u_core0.ROW\[23\].COL\[0\].u_pe.sum_out\[14\],100.89
_25356_,100.78
u_core0.ROW\[17\].COL\[1\].u_pe.b_out\[6\],100.71
u_core0.ROW\[12\].COL\[0\].u_pe.b_out\[3\],100.66
_00678_,100.54
_10210_,100.52
_00644_,100.42
_02173_,100.365
_22449_,100.34
clknet_leaf_137_clk,100.34
u_core0.ROW\[1\].COL\[1\].u_pe.b_out\[2\],100.26
_21116_,100.22
net584,100.19
_00301_,100.16
u_core0.ROW\[10\].COL\[0\].u_pe.sum_out\[4\],100.12
_00339_,100.04
_18558_,99.86
clknet_leaf_216_clk,99.78
_00141_,99.7
_02646_,99.635
_00344_,99.58
_03042_,99.58
_02504_,99.54
clknet_leaf_219_clk,99.52
_08399_,99.37
_21436_,99.32
u_core0.ROW\[13\].COL\[0\].u_pe.sum_out\[5\],99.02
_26147_,98.96
u_core0.ROW\[11\].COL\[1\].u_pe.sum_out\[2\],98.66
_20601_,98.49
_00533_,98.485
_21213_,98.38
u_core0.ROW\[1\].COL\[1\].u_pe.b_out\[1\],98.38
_00240_,98.37
_22076_,98.28
net302,98.28
_02540_,98.27
u_core0.ROW\[29\].COL\[0\].u_pe.b_out\[0\],98.27
_01460_,98.18
_00343_,98.16
_04469_,98
u_core0.ROW\[15\].COL\[0\].u_pe.b_out\[3\],97.84
u_core0.ROW\[19\].COL\[1\].u_pe.sum_out\[4\],97.74
_09238_,97.69
u_core0.ROW\[0\].COL\[0\].u_pe.b_out\[5\],97.66
_05868_,97.6
_01301_,97.58
net709,97.56
_01235_,97.46
clknet_leaf_65_clk,97.315
net1029,97.22
_22164_,97.08
_00712_,97.06
clknet_leaf_141_clk,96.84
_03510_,96.82
u_core0.ROW\[10\].COL\[1\].u_pe.b_in\[4\],96.74
_24834_,96.68
u_core0.ROW\[21\].COL\[0\].u_pe.b_out\[2\],96.66
_16332_,96.64
clknet_leaf_74_clk,96.64
_24857_,96.605
clknet_leaf_258_clk,96.56
u_core0.ROW\[20\].COL\[1\].u_pe.b_out\[3\],96.41
clknet_leaf_239_clk,96.31
_10842_,96.28
clknet_leaf_265_clk,96.1
_17439_,95.98
_16633_,95.96
clknet_leaf_30_clk,95.96
_20351_,95.945
net528,95.94
_00677_,95.885
_22401_,95.86
u_core0.ROW\[19\].COL\[1\].u_pe.sum_out\[5\],95.86
_22175_,95.78
clknet_leaf_242_clk,95.72
u_core0.ROW\[27\].COL\[0\].u_pe.sum_out\[0\],95.68
clknet_leaf_262_clk,95.68
_00241_,95.64
clknet_leaf_104_clk,95.58
_25865_,95.44
net966,95.42
u_core0.ROW\[28\].COL\[0\].u_pe.sum_out\[5\],95.32
_06489_,95.25
_18552_,95.24
_02459_,95.22
u_core0.ROW\[4\].COL\[0\].u_pe.b_out\[5\],95.14
_00328_,95.1
_26112_,95.08
u_core0.ROW\[17\].COL\[0\].u_pe.sum_out\[13\],95.015
u_core0.ROW\[20\].COL\[1\].u_pe.b_out\[4\],95
_04347_,94.88
net505,94.85
net613,94.84
u_core0.ROW\[16\].COL\[0\].u_pe.b_out\[3\],94.705
_18191_,94.61
_15594_,94.6
clknet_leaf_195_clk,94.575
_23390_,94.55
net967,94.54
_24061_,94.52
_20442_,94.46
clknet_leaf_201_clk,94.4
u_core0.ROW\[12\].COL\[0\].u_pe.sum_out\[0\],94.18
clknet_leaf_18_clk,94.15
u_core0.ROW\[17\].COL\[0\].u_pe.b_out\[7\],94.12
_04349_,94.09
net601,94.06
_00239_,94.04
u_core0.ROW\[4\].COL\[1\].u_pe.b_out\[1\],94.02
u_core0.ROW\[13\].COL\[1\].u_pe.b_out\[1\],93.78
_16696_,93.77
_11936_,93.76
_03549_,93.7
u_core0.ROW\[17\].COL\[1\].u_pe.sum_out\[1\],93.61
_07662_,93.58
_26033_,93.56
_00246_,93.44
u_core0.ROW\[17\].COL\[0\].u_pe.sum_out\[10\],93.44
clknet_leaf_124_clk,93.42
_03605_,93.3
_07280_,93.26
_08272_,93.13
_17358_,93.11
_04382_,93.05
_00160_,93
_02495_,92.86
_00882_,92.84
_22934_,92.81
_00880_,92.77
clknet_leaf_259_clk,92.64
_25360_,92.62
u_core0.ROW\[4\].COL\[0\].u_pe.b_out\[0\],92.6
u_core0.ROW\[4\].COL\[0\].u_pe.b_out\[7\],92.57
_11679_,92.44
_00607_,92.34
_02081_,92.33
net597,92.29
_00966_,92.22
_06402_,92.18
_00937_,92.16
u_core0.ROW\[1\].COL\[1\].u_pe.b_out\[5\],92.1
_08846_,91.715
net627,91.65
_11915_,91.64
_00341_,91.62
_00342_,91.62
_25656_,91.57
_04008_,91.47
_00549_,91.06
_09052_,91.02
_22485_,91
u_core0.ROW\[4\].COL\[1\].u_pe.b_out\[0\],90.66
clknet_leaf_8_clk,90.58
_20382_,90.42
_00313_,90.36
clknet_leaf_194_clk,90.28
_16941_,90.22
net931,90.22
_00161_,90.2
_02887_,90.16
u_core0.ROW\[17\].COL\[0\].u_pe.sum_out\[9\],90
clknet_leaf_159_clk,89.99
_22928_,89.96
_15179_,89.74
_20561_,89.72
_18208_,89.68
_10824_,89.6
_06435_,89.44
u_core0.ROW\[15\].COL\[1\].u_pe.sum_out\[4\],89.44
u_core0.ROW\[7\].COL\[0\].u_pe.b_out\[0\],89.42
_26655_,89.31
_11169_,89.24
_18510_,89.22
u_core0.ROW\[25\].COL\[0\].u_pe.b_out\[7\],89.18
u_core0.ROW\[10\].COL\[1\].u_pe.sum_in\[8\],89.13
net732,89.1
_00766_,89.04
u_core0.ROW\[15\].COL\[0\].u_pe.b_out\[0\],88.7
u_core0.ROW\[26\].COL\[0\].u_pe.b_out\[1\],88.62
u_core0.ROW\[23\].COL\[0\].u_pe.sum_out\[1\],88.56
u_core0.ROW\[11\].COL\[1\].u_pe.sum_out\[1\],88.545
clknet_leaf_26_clk,88.4
_05744_,88.39
_02489_,88.28
_21844_,88.26
_19360_,88.16
u_core0.ROW\[24\].COL\[0\].u_pe.sum_out\[19\],88.16
_22692_,88.14
clknet_leaf_48_clk,88.11
_22961_,87.98
_00967_,87.78
_15954_,87.74
u_core0.ROW\[21\].COL\[0\].u_pe.sum_out\[15\],87.6
_00566_,87.56
_11845_,87.56
u_core0.ROW\[22\].COL\[1\].u_pe.b_out\[0\],87.54
_07219_,87.48
_07312_,87.45
clknet_leaf_29_clk,87.4
net1101,87.28
_02537_,87.22
_00340_,87.145
_00247_,87.14
_00830_,86.74
_00293_,86.7
_00711_,86.6
clknet_leaf_142_clk,86.6
_10231_,86.59
_08562_,86.58
_02266_,86.55
_02948_,86.54
_19293_,86.5
u_core0.ROW\[15\].COL\[0\].u_pe.b_out\[2\],86.5
_00159_,86.44
u_core0.ROW\[5\].COL\[1\].u_pe.sum_out\[3\],86.38
_08238_,86.36
_23028_,86.34
_23011_,86.24
u_core0.ROW\[29\].COL\[0\].u_pe.b_out\[5\],86.2
_03502_,86.17
_18393_,86.08
u_core0.ROW\[12\].COL\[0\].u_pe.sum_out\[3\],85.96
u_core0.ROW\[30\].COL\[0\].u_pe.sum_out\[13\],85.8
_17269_,85.76
_22339_,85.66
_00576_,85.6
u_core0.ROW\[13\].COL\[0\].u_pe.b_out\[4\],85.28
u_core0.ROW\[23\].COL\[1\].u_pe.b_out\[4\],85.22
_21040_,85.2
clknet_leaf_44_clk,85.18
_08559_,85.1
clknet_leaf_220_clk,85.08
_00639_,85.04
_21127_,84.86
_01644_,84.78
_22479_,84.76
u_core0.ROW\[16\].COL\[0\].u_pe.b_out\[0\],84.66
u_core0.ROW\[20\].COL\[0\].u_pe.sum_out\[14\],84.42
_03566_,84.32
_19155_,84.3
_21730_,84.28
_00274_,84.18
_10459_,84.18
_13228_,84.18
_11865_,84.14
_24840_,84.14
_15210_,84.1
_02111_,84
_23175_,83.98
_00672_,83.94
_06812_,83.93
u_core0.ROW\[20\].COL\[1\].u_pe.b_out\[7\],83.88
net738,83.88
_17219_,83.84
clknet_leaf_107_clk,83.84
_09734_,83.82
_08598_,83.8
clknet_leaf_233_clk,83.76
_00569_,83.72
u_core0.ROW\[18\].COL\[0\].u_pe.sum_out\[5\],83.72
clknet_leaf_60_clk,83.72
_00906_,83.705
u_core0.ROW\[28\].COL\[1\].u_pe.sum_out\[7\],83.4
_08158_,83.38
_02265_,83.32
_08132_,83.32
_20376_,83.32
_18956_,83.31
u_core0.ROW\[28\].COL\[1\].u_pe.sum_out\[9\],83.28
clknet_leaf_206_clk,83.05
u_core0.ROW\[28\].COL\[1\].u_pe.b_out\[2\],83
_03980_,82.98
_26595_,82.92
_11483_,82.9
u_core0.ROW\[24\].COL\[0\].u_pe.sum_out\[17\],82.86
_10426_,82.76
_21085_,82.73
clknet_leaf_49_clk,82.64
_07255_,82.62
u_core0.ROW\[14\].COL\[1\].u_pe.b_out\[1\],82.62
u_core0.ROW\[17\].COL\[0\].u_pe.sum_out\[8\],82.6
_06311_,82.54
_04646_,82.46
_02413_,82.34
u_core0.ROW\[23\].COL\[0\].u_pe.sum_out\[15\],82.32
u_core0.ROW\[4\].COL\[0\].u_pe.sum_out\[0\],82.3
_22831_,82.28
clknet_leaf_70_clk,82.26
net1000,82.12
_00883_,82.1
_05419_,82
_02549_,81.84
_01498_,81.8
_00148_,81.76
clknet_leaf_182_clk,81.74
clknet_leaf_140_clk,81.735
_00940_,81.7
clknet_leaf_12_clk,81.56
_26072_,81.37
_00601_,81.32
_00321_,81.26
_02858_,81.24
_18611_,81.22
_00548_,81.14
_15916_,81.14
clknet_leaf_279_clk,81.06
_00853_,81
_23951_,80.9
_11896_,80.86
_18561_,80.82
_21883_,80.82
_01146_,80.72
_00428_,80.7
_24468_,80.63
clknet_leaf_263_clk,80.63
u_core0.ROW\[27\].COL\[0\].u_pe.sum_out\[8\],80.6
_18472_,80.52
_22691_,80.47
u_core0.ROW\[0\].COL\[1\].u_pe.b_out\[0\],80.42
clknet_leaf_214_clk,80.4
_09809_,80.32
net820,80.3
_11267_,80.29
_07692_,80.04
u_core0.ROW\[4\].COL\[0\].u_pe.b_out\[1\],79.985
_21920_,79.92
_12255_,79.88
u_core0.ROW\[25\].COL\[0\].u_pe.b_out\[6\],79.88
_00631_,79.86
net962,79.68
_00854_,79.66
_07298_,79.6
_01153_,79.54
_23360_,79.49
clknet_leaf_88_clk,79.39
clknet_leaf_174_clk,79.28
_21812_,79.275
_14698_,79.24
net260,79.22
clknet_leaf_113_clk,79.19
_23131_,79.1
_00482_,79.065
_02313_,79.06
u_core0.ROW\[3\].COL\[1\].u_pe.sum_out\[6\],78.98
_23419_,78.56
_22114_,78.54
clknet_leaf_11_clk,78.46
_00963_,78.38
_02708_,78.375
_07323_,78.36
_01736_,78.24
_04179_,78.19
_14849_,78.14
_07743_,78.06
u_core0.ROW\[11\].COL\[0\].u_pe.b_out\[0\],77.97
_05043_,77.88
clknet_leaf_56_clk,77.72
_00964_,77.56
_01165_,77.53
_06247_,77.5
_00534_,77.48
clknet_leaf_223_clk,77.48
clknet_leaf_89_clk,77.4
u_core0.ROW\[19\].COL\[1\].u_pe.sum_out\[3\],77.38
_07327_,77.36
_08523_,77.26
_24886_,77.22
u_core0.ROW\[3\].COL\[1\].u_pe.sum_out\[7\],77.2
net569,77.195
_07269_,77.14
_00613_,77.06
_11719_,77.045
_24410_,76.84
clknet_leaf_133_clk,76.8
_11924_,76.76
_07334_,76.69
_00957_,76.68
u_core0.ROW\[3\].COL\[1\].u_pe.b_out\[7\],76.66
u_core0.ROW\[31\].COL\[0\].u_pe.sum_out\[11\],76.63
_04132_,76.56
net720,76.56
_22070_,76.5
net848,76.46
_11258_,76.44
_18167_,76.18
_14574_,76.14
_04414_,75.96
_26740_,75.9
_06900_,75.82
u_core0.ROW\[5\].COL\[0\].u_pe.sum_out\[2\],75.74
_00900_,75.72
_07058_,75.58
clknet_leaf_35_clk,75.58
_04386_,75.575
net620,75.53
_13213_,75.4
u_core0.ROW\[24\].COL\[0\].u_pe.sum_out\[18\],75.4
_05780_,75.32
_00955_,75.285
_25807_,75.28
net994,75.28
clknet_leaf_129_clk,75.24
_26818_,75.18
_00302_,75.125
_07359_,75.1
clknet_leaf_20_clk,75.08
_02414_,75.04
_03251_,74.98
clknet_leaf_6_clk,74.76
u_core0.ROW\[26\].COL\[1\].u_pe.sum_out\[3\],74.66
_21494_,74.56
_13224_,74.5
_00718_,74.46
_07197_,74.44
net886,74.42
_08600_,74.26
_07358_,74.21
u_core0.ROW\[8\].COL\[0\].u_pe.sum_out\[11\],74.1
clknet_leaf_61_clk,74.04
_02215_,74.025
_18358_,74.02
_23445_,74.02
u_core0.ROW\[26\].COL\[1\].u_pe.sum_out\[8\],74.02
_21222_,73.8
clknet_leaf_192_clk,73.78
_03266_,73.69
_00901_,73.665
_00567_,73.64
_04468_,73.58
clknet_leaf_85_clk,73.57
_07049_,73.56
_03290_,73.5
_22995_,73.48
u_core0.ROW\[21\].COL\[0\].u_pe.b_out\[3\],73.48
_18057_,73.47
_22954_,73.37
u_core0.A_inputs\[102\],73.34
u_core0.ROW\[3\].COL\[1\].u_pe.sum_out\[2\],73.34
clknet_leaf_57_clk,73.26
_00780_,73.22
_08220_,73.22
clknet_leaf_211_clk,72.96
_21058_,72.915
_10425_,72.9
net1046,72.9
clknet_leaf_4_clk,72.86
net918,72.76
_02214_,72.74
_02120_,72.61
_03919_,72.59
_03982_,72.4
u_core0.ROW\[0\].COL\[0\].u_pe.sum_out\[7\],72.28
_00587_,72.16
_24500_,72.14
clknet_leaf_25_clk,72.14
_18468_,72.1
_07740_,72.085
_17934_,71.98
_08217_,71.92
_21238_,71.875
_14484_,71.86
_25022_,71.76
clknet_leaf_155_clk,71.76
_00528_,71.7
u_core0.ROW\[22\].COL\[1\].u_pe.sum_out\[7\],71.6
_07585_,71.53
_12054_,71.46
_26300_,71.46
_21006_,71.35
_25698_,71.34
_02494_,71.215
_26878_,71.05
_02463_,71.04
_03892_,71
u_core0.ROW\[17\].COL\[0\].u_pe.sum_out\[7\],71
_00833_,70.96
clknet_leaf_106_clk,70.94
_22468_,70.74
u_core0.ROW\[2\].COL\[1\].u_pe.sum_out\[6\],70.74
u_core0.ROW\[8\].COL\[1\].u_pe.sum_out\[2\],70.74
_11486_,70.72
_24854_,70.71
_17821_,70.69
net321,70.63
clknet_leaf_139_clk,70.56
clknet_leaf_260_clk,70.52
u_core0.ROW\[31\].COL\[0\].u_pe.sum_out\[18\],70.45
clknet_leaf_245_clk,70.3
_04466_,70.24
_04252_,70.2
_07778_,70.13
_20568_,70.08
_22228_,70.01
u_core0.ROW\[0\].COL\[1\].u_pe.sum_out\[2\],69.86
net701,69.82
_00896_,69.78
net917,69.76
_20554_,69.71
_19882_,69.68
_05500_,69.62
_10109_,69.62
clknet_leaf_173_clk,69.58
_00575_,69.56
_00059_,69.44
_21227_,69.43
clknet_leaf_58_clk,69.36
net964,69.34
_00435_,69.3
clknet_leaf_283_clk,69.3
u_core0.B_inputs\[101\],69.24
_21045_,69.22
_00871_,69.2
clknet_leaf_277_clk,69.18
clknet_leaf_238_clk,69.12
u_core0.ROW\[6\].COL\[0\].u_pe.sum_out\[10\],69.08
_19276_,69.06
_03417_,69.04
u_core0.ROW\[5\].COL\[1\].u_pe.b_out\[6\],68.88
clknet_leaf_191_clk,68.82
_02830_,68.7
_24815_,68.7
_16703_,68.66
_17679_,68.64
_00885_,68.62
u_core0.ROW\[21\].COL\[1\].u_pe.b_out\[5\],68.58
_18096_,68.54
_00881_,68.52
_00952_,68.52
_00920_,68.48
clknet_leaf_244_clk,68.48
clknet_leaf_41_clk,68.455
_11474_,68.305
_24801_,68.3
_24392_,68.26
_05820_,68.24
_06226_,68.12
_14851_,68.04
_00493_,68.025
_11489_,67.995
u_core0.ROW\[26\].COL\[1\].u_pe.b_out\[2\],67.98
_14890_,67.94
_23009_,67.93
_24563_,67.88
_26826_,67.82
_00760_,67.765
_00335_,67.745
_05926_,67.7
_15032_,67.68
_20739_,67.68
_14390_,67.63
_19481_,67.56
clknet_leaf_270_clk,67.54
_21210_,67.46
_04046_,67.38
_18612_,67.38
clknet_leaf_218_clk,67.34
_03488_,67.28
_22075_,67.22
_13560_,67.08
u_core0.ROW\[26\].COL\[1\].u_pe.sum_out\[10\],67.04
_02754_,67.03
_00884_,67.02
_00649_,66.96
_01502_,66.96
_22231_,66.91
_12048_,66.88
u_core0.ROW\[10\].COL\[0\].u_pe.sum_in\[9\],66.88
net851,66.775
net806,66.76
clknet_leaf_5_clk,66.74
_00638_,66.72
clknet_leaf_215_clk,66.66
net940,66.66
_26758_,66.6
clknet_leaf_123_clk,66.58
_00850_,66.56
_01914_,66.5
_08677_,66.5
_21035_,66.4
_05316_,66.28
u_core0.ROW\[5\].COL\[0\].u_pe.sum_out\[1\],66.22
_22523_,65.965
_13004_,65.88
_16705_,65.85
u_core0.ROW\[10\].COL\[1\].u_pe.sum_out\[6\],65.78
_01535_,65.76
_10099_,65.73
_24821_,65.66
_00887_,65.64
_01147_,65.64
_08653_,65.62
_04435_,65.605
u_core0.ROW\[16\].COL\[1\].u_pe.sum_out\[0\],65.52
_00951_,65.38
_25990_,65.34
_23017_,65.28
_25618_,65.28
_06242_,65.26
clknet_leaf_91_clk,65.26
u_core0.ROW\[10\].COL\[1\].u_pe.sum_out\[1\],65.2
clknet_leaf_76_clk,65.2
_22367_,65.14
u_core0.ROW\[23\].COL\[0\].u_pe.sum_out\[11\],65.12
_11461_,65.06
clknet_leaf_154_clk,65.04
mem0_rdata\[11\],65.03
_21837_,65.02
_16583_,64.96
_25021_,64.96
_00769_,64.94
_21690_,64.88
_11220_,64.82
_03461_,64.76
_18899_,64.725
_08212_,64.72
net1116,64.72
_22534_,64.67
u_core0.ROW\[19\].COL\[1\].u_pe.sum_out\[7\],64.62
clknet_leaf_152_clk,64.5
_08253_,64.48
_25137_,64.46
clknet_leaf_126_clk,64.46
_00223_,64.42
_16942_,64.4
_18318_,64.35
_13225_,64.3
clknet_leaf_69_clk,64.3
_01448_,64.24
_21115_,64.135
_18273_,64.105
_03414_,64.06
net1090,64.04
_00294_,63.98
clknet_leaf_247_clk,63.96
_21514_,63.94
_11431_,63.92
_26976_,63.89
_22087_,63.84
net887,63.82
_08436_,63.815
_27014_,63.74
clknet_leaf_167_clk,63.74
clknet_leaf_83_clk,63.62
clknet_leaf_165_clk,63.565
_04539_,63.54
_04580_,63.54
_11233_,63.53
_11842_,63.4
clknet_leaf_111_clk,63.4
clknet_leaf_208_clk,63.4
_00680_,63.38
_13227_,63.36
_02999_,63.3
u_core0.ROW\[25\].COL\[0\].u_pe.sum_out\[7\],63.3
u_core0.ROW\[22\].COL\[1\].u_pe.sum_out\[5\],63.28
_20178_,63.22
_11481_,63.18
_05041_,63.1
clknet_leaf_32_clk,63.1
_17682_,63.08
_00669_,63.04
_00550_,63.005
clknet_leaf_19_clk,62.98
clknet_leaf_37_clk,62.94
_07270_,62.92
_00565_,62.86
_07059_,62.82
clknet_leaf_266_clk,62.82
clknet_leaf_90_clk,62.8
_02556_,62.74
_03926_,62.74
net845,62.72
_06778_,62.6
_22340_,62.54
u_core0.ROW\[8\].COL\[1\].u_pe.sum_out\[1\],62.54
_00958_,62.5
u_core0.ROW\[15\].COL\[0\].u_pe.b_out\[5\],62.48
u_core0.ROW\[22\].COL\[1\].u_pe.sum_out\[6\],62.48
u_core0.ROW\[4\].COL\[1\].u_pe.sum_out\[0\],62.36
_15124_,62.22
_23376_,62.14
_22819_,62.12
net1129,62.09
_13660_,62.08
clknet_leaf_24_clk,62.08
_04049_,62.075
_14813_,62.055
_07103_,61.91
_07747_,61.9
_20612_,61.895
_09158_,61.88
_21249_,61.875
_21739_,61.84
_10417_,61.8
u_core0.ROW\[11\].COL\[1\].u_pe.b_out\[6\],61.74
_00950_,61.7
_02896_,61.66
u_core0.ROW\[24\].COL\[0\].u_pe.sum_out\[6\],61.66
_19515_,61.6
_01367_,61.56
_04923_,61.54
_24790_,61.53
_15557_,61.5
_14458_,61.44
_21057_,61.42
_20648_,61.39
_03540_,61.38
net1054,61.34
net1076,61.3
_00962_,61.28
_08568_,61.145
_02890_,61.12
_12933_,61.08
u_core0.ROW\[26\].COL\[0\].u_pe.sum_out\[12\],61.08
_02361_,61.04
clknet_leaf_84_clk,61.04
_20615_,61
_09099_,60.96
_16818_,60.88
u_core0.ROW\[22\].COL\[1\].u_pe.sum_out\[4\],60.88
clknet_leaf_227_clk,60.88
_00874_,60.86
_11911_,60.86
u_core0.ROW\[4\].COL\[1\].u_pe.sum_out\[9\],60.82
clknet_leaf_243_clk,60.74
_23000_,60.66
_23332_,60.64
_01371_,60.52
_19711_,60.495
_04346_,60.42
_21807_,60.42
_16051_,60.4
_25305_,60.4
net748,60.38
_02706_,60.34
clknet_leaf_27_clk,60.34
clknet_leaf_144_clk,60.335
clknet_leaf_178_clk,60.24
clknet_leaf_114_clk,60.2
u_core0.ROW\[1\].COL\[1\].u_pe.sum_out\[5\],60.12
_05378_,60.04
_07500_,60
net1080,59.98
_01293_,59.92
clknet_leaf_31_clk,59.82
_22270_,59.76
_00876_,59.72
u_core0.ROW\[31\].COL\[0\].u_pe.sum_out\[17\],59.58
_05850_,59.56
_14455_,59.46
_20610_,59.43
clknet_leaf_55_clk,59.42
_07630_,59.38
_20542_,59.38
net1018,59.36
_00670_,59.34
_02360_,59.34
_15035_,59.3
_24562_,59.26
_08502_,59.22
u_core0.ROW\[29\].COL\[1\].u_pe.sum_out\[6\],59.22
clknet_leaf_52_clk,59.215
_07046_,59.18
clknet_leaf_134_clk,59.18
clknet_leaf_148_clk,59.18
clknet_leaf_271_clk,59.12
_05678_,59.06
_05704_,59.02
_09395_,59.02
_05207_,59.01
_16266_,58.99
_18843_,58.96
_23224_,58.96
clknet_leaf_14_clk,58.88
_08061_,58.82
u_core0.ROW\[18\].COL\[1\].u_pe.sum_out\[1\],58.82
_01621_,58.8
_01129_,58.78
u_core0.ROW\[16\].COL\[1\].u_pe.sum_out\[9\],58.78
_02713_,58.74
_16809_,58.74
_24169_,58.68
_07732_,58.66
_24349_,58.66
_16602_,58.56
u_core0.ROW\[24\].COL\[0\].u_pe.sum_out\[16\],58.51
_25290_,58.495
_04013_,58.48
_04057_,58.42
_21383_,58.38
_25907_,58.34
u_core0.ROW\[17\].COL\[1\].u_pe.b_out\[1\],58.34
_00879_,58.265
_08616_,58.24
_07378_,58.22
_14495_,58.2
_03293_,58.16
_02557_,58.1
_00481_,58.06
_26890_,58.04
clknet_leaf_23_clk,58.04
_20379_,57.96
clknet_leaf_256_clk,57.88
_07881_,57.86
_00959_,57.84
_17558_,57.82
_00648_,57.72
_22100_,57.68
clknet_leaf_248_clk,57.68
_14423_,57.67
u_core0.ROW\[1\].COL\[0\].u_pe.sum_out\[1\],57.62
_14400_,57.52
_04562_,57.46
_02700_,57.455
_22773_,57.38
_02977_,57.335
clknet_leaf_166_clk,57.3
_19433_,57.2
_21988_,57.16
_02555_,57.12
_26638_,57.1
_00227_,57.08
clknet_leaf_54_clk,57.08
_00960_,57.06
_25278_,57.06
u_core0.ROW\[4\].COL\[1\].u_pe.sum_out\[1\],56.98
clknet_leaf_231_clk,56.96
_01841_,56.955
_20657_,56.92
u_core0.ROW\[8\].COL\[1\].u_pe.sum_out\[3\],56.9
net567,56.83
_18119_,56.82
clknet_leaf_1_clk,56.82
_07393_,56.78
_00878_,56.745
_02721_,56.74
_03060_,56.72
clknet_leaf_86_clk,56.6
_00886_,56.56
_12620_,56.56
_17469_,56.56
_08500_,56.48
u_core0.ROW\[4\].COL\[1\].u_pe.sum_out\[8\],56.4
_07196_,56.36
u_core0.ROW\[0\].COL\[1\].u_pe.b_out\[1\],56.36
clknet_leaf_252_clk,56.36
_21656_,56.34
clknet_leaf_93_clk,56.34
_25252_,56.315
_00716_,56.3
_03861_,56.22
_25739_,56.22
clknet_leaf_207_clk,56.22
_00563_,56.205
_03354_,56.2
_04652_,56.2
_10135_,56.18
clknet_leaf_77_clk,56.18
clknet_leaf_117_clk,56.18
net747,56.18
_26954_,56.14
_04672_,56.13
_00655_,56.12
_02566_,56.08
clknet_leaf_162_clk,56.08
_14426_,56.02
u_core0.ROW\[2\].COL\[1\].u_pe.sum_out\[5\],56.02
_06223_,56
_12896_,56
_00564_,55.94
_00679_,55.82
_26633_,55.82
_04810_,55.81
_19796_,55.72
_06220_,55.7
_16182_,55.655
_21793_,55.65
_01016_,55.64
_26440_,55.64
clknet_leaf_181_clk,55.64
net308,55.6
_24357_,55.5
u_core0.ROW\[12\].COL\[1\].u_pe.sum_out\[3\],55.5
u_core0.ROW\[1\].COL\[1\].u_pe.b_out\[3\],55.5
_16336_,55.43
clknet_leaf_146_clk,55.42
_16871_,55.38
clknet_leaf_105_clk,55.38
_03575_,55.36
_12071_,55.36
clknet_leaf_158_clk,55.32
_11191_,55.3
_12198_,55.28
clknet_leaf_64_clk,55.28
_01499_,55.21
u_core0.ROW\[11\].COL\[1\].u_pe.sum_out\[6\],55.18
_08363_,55.16
_24391_,55.105
clknet_leaf_163_clk,55.1
net336,55.06
u_core0.ROW\[8\].COL\[1\].u_pe.b_out\[2\],55
_00919_,54.88
clknet_leaf_109_clk,54.88
_23895_,54.84
_02307_,54.8
net1077,54.795
_24158_,54.78
_05360_,54.76
_19218_,54.76
_24824_,54.76
_08089_,54.72
_07739_,54.69
_01099_,54.68
_15500_,54.64
_07133_,54.6
_09130_,54.6
_23409_,54.56
_25415_,54.54
u_core0.ROW\[4\].COL\[1\].u_pe.sum_out\[7\],54.52
_03606_,54.48
_09220_,54.48
_20841_,54.46
u_core0.ROW\[24\].COL\[1\].u_pe.sum_out\[6\],54.44
_21126_,54.36
u_core0.ROW\[13\].COL\[0\].u_pe.sum_out\[2\],54.36
u_core0.ROW\[27\].COL\[0\].u_pe.sum_out\[6\],54.36
u_core0.ROW\[26\].COL\[1\].u_pe.sum_out\[11\],54.24
_19875_,54.205
_23458_,54.175
_26329_,54.12
_02828_,54.08
_26565_,54.06
_11673_,53.96
u_core0.ROW\[11\].COL\[1\].u_pe.b_out\[7\],53.945
u_core0.ROW\[0\].COL\[1\].u_pe.sum_out\[7\],53.92
_25879_,53.9
_21681_,53.88
_00855_,53.86
u_core0.A_inputs\[100\],53.84
_04889_,53.8
_14518_,53.78
net906,53.76
_05244_,53.74
_25788_,53.74
net311,53.72
_04436_,53.66
_23387_,53.66
_18269_,53.64
u_core0.ROW\[12\].COL\[1\].u_pe.b_out\[4\],53.64
_04183_,53.62
_07376_,53.62
_11128_,53.58
_21142_,53.58
_15277_,53.52
_00468_,53.5
_05596_,53.5
_16310_,53.44
_06803_,53.34
u_core0.ROW\[11\].COL\[0\].u_pe.b_out\[2\],53.34
_06622_,53.28
_11680_,53.24
_22321_,53.22
u_core0.ROW\[22\].COL\[0\].u_pe.sum_out\[15\],53.18
net1072,53.16
net1073,53.12
_14830_,53.06
_02536_,53.04
_12592_,53.04
u_core0.ROW\[19\].COL\[1\].u_pe.sum_out\[8\],53.04
_05139_,52.985
net776,52.96
_19350_,52.94
_03157_,52.92
_16531_,52.92
_16314_,52.9
_22742_,52.88
_05769_,52.86
_19614_,52.86
_00480_,52.84
_02310_,52.79
_01906_,52.76
clknet_leaf_210_clk,52.72
_01697_,52.64
_00633_,52.6
clknet_leaf_43_clk,52.6
_02066_,52.56
_25133_,52.54
_23248_,52.52
_25947_,52.52
clknet_leaf_103_clk,52.5
_08189_,52.46
_17980_,52.46
clknet_leaf_189_clk,52.44
_03483_,52.38
net724,52.38
_07623_,52.36
_06303_,52.34
_23010_,52.335
_25820_,52.33
_02958_,52.3
clknet_leaf_75_clk,52.28
clknet_leaf_22_clk,52.24
_06335_,52.22
clknet_leaf_130_clk,52.22
u_core0.ROW\[21\].COL\[1\].u_pe.sum_out\[7\],52.18
_02728_,52.17
_00717_,52.16
_11216_,52.14
_08036_,52.12
clknet_leaf_280_clk,52.08
_02928_,52.06
_10740_,52.05
_23686_,52.05
_00715_,51.88
_02978_,51.86
_03384_,51.76
_21774_,51.76
_00744_,51.7
_20525_,51.56
net695,51.54
_03015_,51.5
_12230_,51.5
_22519_,51.5
_11197_,51.44
_20716_,51.44
_24848_,51.44
u_core0.ROW\[1\].COL\[1\].u_pe.sum_out\[3\],51.44
_15959_,51.36
_04758_,51.355
_03547_,51.34
_03633_,51.34
_04474_,51.34
_11390_,51.34
net1075,51.28
_00620_,51.26
_16489_,51.25
_03082_,51.24
_22209_,51.2
_26827_,51.2
_05764_,51.18
_03834_,51.14
_08610_,51.08
_13578_,51.08
net698,51.06
_13236_,51.04
_14773_,51.04
_01015_,51.02
_07254_,50.96
_00224_,50.94
_22066_,50.94
_12848_,50.9
_21542_,50.88
clknet_leaf_273_clk,50.86
_24819_,50.84
net693,50.82
_20995_,50.8
_21170_,50.74
_20876_,50.72
_16303_,50.68
_24111_,50.66
net719,50.66
_00866_,50.48
_25263_,50.48
_06872_,50.45
_00271_,50.4
_02952_,50.4
_03007_,50.375
_25830_,50.365
_18614_,50.36
_04666_,50.34
_14146_,50.32
_00398_,50.28
_04047_,50.2
_17680_,50.185
clknet_leaf_185_clk,50.17
u_core0.ROW\[16\].COL\[0\].u_pe.sum_out\[11\],50.16
_21446_,50.13
_17629_,50.12
_06989_,50.1
_12615_,50.08
_23568_,50.08
u_core0.ROW\[10\].COL\[1\].u_pe.sum_out\[0\],50.06
_17055_,50.045
_26766_,50.04
_15176_,50.02
_20771_,50.02
_07970_,49.98
_09584_,49.98
u_core0.ROW\[24\].COL\[1\].u_pe.sum_out\[7\],49.96
_20874_,49.92
_08064_,49.91
_06704_,49.9
_07758_,49.88
_00982_,49.86
_00230_,49.84
_17838_,49.84
_25153_,49.84
_00877_,49.78
_11868_,49.78
_23718_,49.78
_21209_,49.76
u_core0.ROW\[0\].COL\[0\].u_pe.sum_out\[2\],49.74
_11266_,49.68
u_core0.ROW\[3\].COL\[1\].u_pe.b_out\[6\],49.68
_21740_,49.67
_06346_,49.66
u_core0.ROW\[7\].COL\[1\].u_pe.sum_out\[9\],49.65
_00713_,49.64
_16495_,49.62
_26861_,49.62
u_core0.ROW\[5\].COL\[0\].u_pe.sum_out\[3\],49.6
_00226_,49.585
_26962_,49.58
_13308_,49.56
_06841_,49.54
_07574_,49.54
_21630_,49.5
_15745_,49.48
_00337_,49.44
_25696_,49.43
_06785_,49.42
u_core0.ROW\[12\].COL\[0\].u_pe.sum_out\[1\],49.33
_24416_,49.3
_26243_,49.26
u_core0.A_inputs\[130\],49.26
_23232_,49.255
_19281_,49.24
_24339_,49.17
_03418_,49.15
_06074_,49.12
u_core0.ROW\[3\].COL\[1\].u_pe.sum_out\[8\],49.12
_00872_,49.1
_16720_,49.1
u_core0.ROW\[30\].COL\[1\].u_pe.sum_out\[5\],49.1
clknet_leaf_217_clk,49.1
_14746_,49.04
_17806_,49.04
_22475_,48.96
_22584_,48.94
net859,48.9
_17348_,48.88
_18328_,48.88
net1052,48.84
_19338_,48.82
_10333_,48.78
_14498_,48.78
_19835_,48.76
_23603_,48.74
_09245_,48.72
_10619_,48.72
_13910_,48.7
_08359_,48.675
_25893_,48.66
net777,48.64
_06365_,48.63
_00888_,48.62
u_core0.ROW\[27\].COL\[1\].u_pe.sum_out\[1\],48.605
_07287_,48.6
_04565_,48.59
_09492_,48.57
_00479_,48.5
_15508_,48.5
clknet_leaf_254_clk,48.49
_15000_,48.48
_18019_,48.48
_24469_,48.48
clknet_leaf_100_clk,48.48
_13241_,48.46
_19423_,48.46
net936,48.46
_22056_,48.42
_10759_,48.41
_22936_,48.405
_19430_,48.4
_20466_,48.37
_02589_,48.36
_24364_,48.36
_25542_,48.36
_08510_,48.34
_01954_,48.3
_13970_,48.27
_05853_,48.26
clknet_leaf_51_clk,48.26
_01063_,48.24
u_core0.ROW\[11\].COL\[1\].u_pe.sum_out\[5\],48.24
_05543_,48.22
clknet_leaf_92_clk,48.22
_10029_,48.2
_14828_,48.2
_17585_,48.2
_14891_,48.17
_26839_,48.17
_16089_,48.14
_26741_,48.14
_03018_,48.11
net963,48.1
_17555_,48.095
_12012_,48.08
_14755_,48.06
u_core0.ROW\[0\].COL\[1\].u_pe.sum_out\[8\],48.02
_18073_,48.015
_03405_,47.99
_00061_,47.96
_00926_,47.92
u_core0.ROW\[18\].COL\[0\].u_pe.sum_out\[3\],47.9
_16856_,47.86
_03016_,47.845
_25365_,47.84
_26637_,47.82
_07146_,47.79
_01079_,47.78
_01625_,47.78
_04848_,47.78
_06535_,47.74
_25387_,47.74
_00970_,47.72
_15067_,47.72
_13632_,47.7
_02707_,47.675
_08699_,47.66
_11345_,47.66
_26840_,47.66
_05000_,47.63
_14584_,47.62
_23873_,47.62
_25081_,47.61
u_core0.ROW\[13\].COL\[0\].u_pe.sum_out\[13\],47.61
_07731_,47.6
_09740_,47.54
_05070_,47.52
u_core0.ROW\[7\].COL\[0\].u_pe.b_out\[1\],47.52
_03078_,47.46
_14714_,47.44
_19677_,47.44
_15134_,47.42
_17361_,47.42
clknet_leaf_98_clk,47.4
_12704_,47.3
_03436_,47.24
_06603_,47.24
_22222_,47.24
_05443_,47.18
_16445_,47.18
net413,47.14
_02538_,47.12
_19326_,47.12
_05563_,47.08
_11531_,47.08
u_core0.ROW\[6\].COL\[1\].u_pe.b_out\[1\],47.08
_02163_,47.06
_07957_,47.06
_22051_,47
_23459_,47
clknet_leaf_143_clk,46.98
_05384_,46.95
u_core0.ROW\[3\].COL\[1\].u_pe.b_out\[3\],46.94
clknet_leaf_80_clk,46.94
clknet_leaf_112_clk,46.94
_08366_,46.9
u_core0.ROW\[7\].COL\[1\].u_pe.sum_out\[8\],46.88
_05444_,46.86
clknet_leaf_180_clk,46.86
_00272_,46.84
_20230_,46.84
_15424_,46.82
net865,46.82
_14264_,46.76
_23149_,46.68
_19160_,46.66
_02348_,46.615
_25491_,46.6
_07120_,46.59
_01265_,46.58
_20749_,46.56
_07875_,46.54
_01288_,46.52
net847,46.52
_23854_,46.5
_19717_,46.46
_00336_,46.44
u_core0.ROW\[6\].COL\[0\].u_pe.sum_out\[6\],46.44
_21725_,46.42
u_core0.ROW\[30\].COL\[0\].u_pe.sum_out\[15\],46.42
_21427_,46.38
_06896_,46.36
_12535_,46.36
u_core0.ROW\[31\].COL\[0\].u_pe.sum_out\[14\],46.34
_22346_,46.28
_00923_,46.26
clknet_leaf_212_clk,46.26
_18244_,46.24
_01253_,46.22
_12189_,46.22
_25078_,46.22
_13251_,46.2
_00641_,46.18
_11498_,46.17
_05046_,46.145
_23330_,46.14
_04752_,46.13
_05141_,46.12
_22538_,46.1
u_core0.ROW\[16\].COL\[1\].u_pe.sum_out\[10\],46.08
u_core0.ROW\[26\].COL\[1\].u_pe.b_out\[1\],46.08
_11167_,46.02
_21004_,45.985
_06354_,45.96
_12237_,45.95
_26746_,45.92
u_core0.ROW\[24\].COL\[0\].u_pe.sum_out\[5\],45.92
_22956_,45.89
_04866_,45.86
_05709_,45.8
u_core0.ROW\[3\].COL\[0\].u_pe.sum_out\[9\],45.8
_06992_,45.76
_02886_,45.72
_22140_,45.7
_23696_,45.685
_01070_,45.66
_04926_,45.64
_04890_,45.62
clknet_leaf_110_clk,45.6
_04513_,45.54
_16376_,45.54
_10370_,45.52
_16349_,45.5
_22081_,45.49
_01557_,45.46
_04453_,45.46
_06288_,45.44
_20013_,45.44
_07717_,45.43
_25878_,45.42
_08195_,45.4
_02524_,45.34
_12628_,45.34
_12672_,45.3
_02724_,45.28
u_core0.ROW\[16\].COL\[0\].u_pe.sum_out\[10\],45.28
_24783_,45.265
_05910_,45.26
_01429_,45.22
clknet_leaf_73_clk,45.22
_03673_,45.18
_02771_,45.17
_09920_,45.16
_23212_,45.16
clknet_leaf_281_clk,45.14
_19105_,45.12
_02092_,45.1
_21077_,45.1
_23688_,45.1
_04629_,45.095
_15524_,45.06
_09236_,45.04
_07458_,45
_22720_,44.98
_00996_,44.92
_02410_,44.92
_26040_,44.92
u_core0.ROW\[26\].COL\[0\].u_pe.sum_out\[10\],44.78
_04782_,44.775
_19728_,44.77
_20643_,44.76
_26969_,44.7
_09752_,44.68
_08223_,44.64
_19208_,44.62
_21134_,44.62
_26395_,44.59
_15804_,44.52
_20911_,44.52
_23851_,44.52
_23943_,44.51
_04141_,44.5
_06550_,44.5
_16204_,44.46
_02397_,44.455
_04720_,44.44
_23764_,44.4
_19082_,44.395
_00728_,44.38
_07965_,44.31
_14800_,44.3
_21935_,44.26
u_core0.ROW\[20\].COL\[1\].u_pe.sum_out\[2\],44.26
_05767_,44.18
_11532_,44.16
_09192_,44.14
_16285_,44.14
_19194_,44.14
_22296_,44.14
_08379_,44.11
_03248_,44.1
_12254_,44.06
net878,44.06
_00922_,44.04
_09386_,44.04
_10271_,44.02
net694,44
_16451_,43.98
_01420_,43.96
_16756_,43.96
_20219_,43.96
_04485_,43.92
_03757_,43.9
_26194_,43.9
_11388_,43.88
_16682_,43.88
_20061_,43.86
clknet_leaf_50_clk,43.84
_04259_,43.815
_00303_,43.805
u_core0.ROW\[19\].COL\[1\].u_pe.sum_out\[9\],43.8
_14412_,43.78
_01257_,43.74
_10480_,43.74
_25429_,43.73
_01274_,43.72
clknet_leaf_226_clk,43.72
_09161_,43.7
_26742_,43.7
_15159_,43.68
_23576_,43.645
_01426_,43.6
_06814_,43.6
_24572_,43.585
clknet_leaf_200_clk,43.58
u_core0.ROW\[29\].COL\[0\].u_pe.sum_out\[4\],43.56
_06697_,43.54
_04162_,43.525
_00314_,43.52
_07759_,43.52
_11877_,43.52
_19509_,43.52
_21673_,43.52
_15119_,43.5
u_core0.ROW\[3\].COL\[1\].u_pe.b_out\[5\],43.5
_23710_,43.48
_02743_,43.47
_22298_,43.46
_01740_,43.45
_16534_,43.42
u_core0.ROW\[2\].COL\[1\].u_pe.sum_out\[2\],43.42
_01416_,43.4
_21068_,43.4
_02974_,43.38
_11015_,43.38
_10080_,43.37
_06011_,43.36
u_core0.ROW\[2\].COL\[0\].u_pe.sum_out\[1\],43.36
_00899_,43.34
_02822_,43.34
_06944_,43.34
_09790_,43.34
_14285_,43.305
_04005_,43.28
_07581_,43.26
_26547_,43.24
_21990_,43.235
_00770_,43.22
_09664_,43.22
_17916_,43.2
_03191_,43.16
_20263_,43.16
_22122_,43.15
_14485_,43.14
_16762_,43.12
_26712_,43.12
u_core0.ROW\[24\].COL\[1\].u_pe.sum_out\[4\],43.12
clknet_leaf_96_clk,43.12
clknet_leaf_101_clk,43.12
_22503_,43.1
_07128_,43.08
_04630_,43.055
_00395_,43.04
u_core0.ROW\[17\].COL\[0\].u_pe.sum_out\[12\],43.04
_24073_,43.005
_08476_,43
_10980_,43
_11100_,43
_09289_,42.98
_23013_,42.98
_02946_,42.96
_05287_,42.94
_26453_,42.93
_02671_,42.92
_23569_,42.92
u_core0.ROW\[0\].COL\[1\].u_pe.b_out\[5\],42.885
_00561_,42.88
_22385_,42.88
_06424_,42.86
_07080_,42.86
_00630_,42.84
_23733_,42.84
_00668_,42.8
u_core0.ROW\[10\].COL\[1\].u_pe.sum_in\[2\],42.8
_14405_,42.78
_25331_,42.78
_25870_,42.76
_01195_,42.74
u_core0.ROW\[24\].COL\[0\].u_pe.sum_out\[14\],42.74
_17596_,42.71
_11235_,42.7
_16187_,42.69
_05136_,42.68
_09463_,42.62
_15138_,42.62
_11960_,42.56
_23124_,42.56
_18190_,42.52
_08901_,42.5
_25381_,42.5
u_core0.ROW\[4\].COL\[1\].u_pe.sum_out\[6\],42.5
_09549_,42.48
_03013_,42.46
_23517_,42.46
_02115_,42.44
_22623_,42.44
_01060_,42.42
_10287_,42.4
_18189_,42.4
u_core0.ROW\[11\].COL\[1\].u_pe.sum_out\[4\],42.4
_10975_,42.395
_22898_,42.38
_05180_,42.36
_07414_,42.345
_03208_,42.32
u_core0.ROW\[15\].COL\[0\].u_pe.sum_out\[3\],42.3
clknet_leaf_28_clk,42.3
_06842_,42.29
_08473_,42.275
_21247_,42.27
_08796_,42.26
_21923_,42.26
u_core0.ROW\[11\].COL\[0\].u_pe.sum_out\[9\],42.26
u_core0.ROW\[12\].COL\[1\].u_pe.b_out\[2\],42.26
_06486_,42.24
_13905_,42.24
_01552_,42.18
_26979_,42.16
_08415_,42.135
_03591_,42.12
_06534_,42.12
_22529_,42.12
u_core0.ROW\[28\].COL\[1\].u_pe.sum_out\[0\],42.12
clknet_leaf_225_clk,42.1
_26743_,42.085
_03330_,42.07
_23324_,42.06
_25144_,42.06
_01647_,42.04
u_core0.ROW\[28\].COL\[1\].u_pe.sum_out\[3\],42.04
_12701_,42.02
_17324_,42.02
_03683_,42
_04236_,41.99
_10049_,41.98
_13180_,41.98
_24608_,41.98
clknet_leaf_150_clk,41.98
_06541_,41.96
_00222_,41.955
_22651_,41.94
_14913_,41.92
_11507_,41.91
u_core0.ROW\[25\].COL\[0\].u_pe.sum_out\[12\],41.9
_07401_,41.8
_26833_,41.8
clknet_leaf_246_clk,41.8
_25355_,41.79
_24855_,41.74
_26543_,41.74
_11104_,41.72
_06001_,41.7
_25225_,41.68
u_core0.ROW\[6\].COL\[0\].u_pe.sum_out\[14\],41.68
_10112_,41.66
_11213_,41.66
_18246_,41.66
_21741_,41.66
_24989_,41.66
_01623_,41.64
_07085_,41.62
_07086_,41.62
_26895_,41.6
_02659_,41.595
_13694_,41.58
_23113_,41.58
u_core0.ROW\[13\].COL\[0\].u_pe.sum_out\[0\],41.58
_18878_,41.56
_13759_,41.555
_16389_,41.54
_02444_,41.5
_06466_,41.5
_22860_,41.5
_25564_,41.5
clknet_leaf_198_clk,41.5
_08300_,41.48
_19414_,41.48
_22699_,41.46
_25648_,41.46
_12261_,41.44
_00532_,41.4
_24053_,41.4
_23354_,41.38
_04185_,41.34
_22217_,41.32
u_core0.ROW\[20\].COL\[0\].u_pe.sum_out\[13\],41.32
_26770_,41.28
net972,41.28
_23099_,41.275
_04922_,41.26
_10958_,41.26
_24279_,41.26
u_core0.ROW\[15\].COL\[0\].u_pe.sum_out\[5\],41.26
u_core0.ROW\[20\].COL\[0\].u_pe.sum_out\[9\],41.25
_07024_,41.24
clknet_leaf_120_clk,41.24
_03797_,41.2
_06058_,41.2
_08518_,41.2
_15786_,41.18
_20772_,41.18
_08393_,41.16
_17215_,41.16
_24166_,41.16
_06722_,41.14
_22191_,41.14
_20611_,41.08
_03080_,41.06
_02177_,41.055
_10267_,41.04
clknet_leaf_250_clk,41.04
_22153_,41.03
u_core0.ROW\[26\].COL\[1\].u_pe.b_out\[0\],41.025
_08465_,41.02
_07785_,41
_13611_,41
_02276_,40.98
_04941_,40.96
u_core0.ROW\[31\].COL\[0\].u_pe.sum_out\[16\],40.93
_04189_,40.92
_14393_,40.92
_07387_,40.88
_15834_,40.88
_21145_,40.82
_23492_,40.795
_00320_,40.78
_00721_,40.78
_19493_,40.78
_25113_,40.76
_01989_,40.74
_25663_,40.74
_10244_,40.72
_01119_,40.7
u_core0.ROW\[8\].COL\[1\].u_pe.sum_out\[0\],40.7
_03585_,40.68
_13147_,40.66
_06681_,40.63
_25986_,40.58
u_core0.ROW\[0\].COL\[1\].u_pe.sum_out\[1\],40.58
_25894_,40.53
_00436_,40.52
_10659_,40.52
_19246_,40.52
_18303_,40.5
_05013_,40.49
_13682_,40.48
_00961_,40.46
_09100_,40.46
_06322_,40.44
_06174_,40.42
_24476_,40.42
_05359_,40.4
_14482_,40.38
_23321_,40.38
_07914_,40.3
_14760_,40.3
_21563_,40.3
u_core0.ROW\[24\].COL\[1\].u_pe.sum_out\[9\],40.26
clknet_leaf_190_clk,40.24
_11310_,40.22
_12601_,40.22
_14397_,40.22
_26416_,40.2
u_core0.ROW\[3\].COL\[0\].u_pe.b_out\[0\],40.2
_07494_,40.18
_09919_,40.18
_00557_,40.165
_01822_,40.14
_07606_,40.14
_18453_,40.12
_06512_,40.11
_18183_,40.1
_24741_,40.1
_15791_,40.06
_19123_,40.06
_10376_,40.04
_23687_,40.04
_04405_,40
u_core0.ROW\[5\].COL\[0\].u_pe.sum_out\[16\],39.985
_06584_,39.98
_19275_,39.98
u_core0.ROW\[8\].COL\[0\].u_pe.sum_out\[10\],39.96
_04112_,39.95
_12989_,39.95
_00702_,39.94
_12511_,39.94
_26959_,39.94
u_core0.ROW\[31\].COL\[0\].u_pe.sum_out\[19\],39.93
_05240_,39.92
_21140_,39.9
_25185_,39.9
u_core0.ROW\[16\].COL\[1\].u_pe.sum_out\[1\],39.9
_00797_,39.865
_17296_,39.86
_21013_,39.86
_24475_,39.86
_26952_,39.85
_24450_,39.845
_03056_,39.82
_22675_,39.82
_19543_,39.8
_15740_,39.76
_02980_,39.74
_06553_,39.72
_13897_,39.72
_25190_,39.72
_10966_,39.7
_05598_,39.68
_18528_,39.68
_03565_,39.6
u_core0.ROW\[4\].COL\[0\].u_pe.sum_out\[13\],39.58
_08059_,39.55
_10523_,39.54
_13182_,39.5
_00397_,39.48
_08834_,39.48
_20799_,39.475
_06219_,39.46
_24975_,39.46
_01148_,39.42
u_core0.ROW\[17\].COL\[1\].u_pe.b_out\[5\],39.42
_15928_,39.39
_25330_,39.385
_03818_,39.38
_16083_,39.38
_11184_,39.36
_26922_,39.35
_01356_,39.34
_04301_,39.34
_16804_,39.34
_11704_,39.32
_09424_,39.3
_06895_,39.28
_15439_,39.28
_23553_,39.28
u_core0.ROW\[21\].COL\[0\].u_pe.b_out\[0\],39.26
_22183_,39.24
_23295_,39.22
_19078_,39.21
u_core0.ROW\[4\].COL\[0\].u_pe.sum_out\[3\],39.2
_19518_,39.18
_21667_,39.18
_05925_,39.16
_22833_,39.16
_23293_,39.14
_06520_,39.12
_25262_,39.11
_00973_,39.08
_04362_,39.08
_07093_,39.08
_03915_,39.04
_07283_,39.04
_09298_,39.04
_20914_,39.04
_11682_,39.02
_15482_,39.02
_21568_,39.02
_22562_,39.02
_13517_,39
_26624_,39
net737,39
_08197_,38.98
_08467_,38.98
_23071_,38.96
_25228_,38.95
_13701_,38.94
u_core0.ROW\[3\].COL\[1\].u_pe.b_out\[4\],38.92
_09806_,38.895
_09707_,38.86
_23524_,38.86
_23120_,38.85
_01093_,38.84
_02703_,38.83
_00619_,38.82
_08591_,38.82
_26396_,38.8
_14563_,38.78
_06706_,38.76
_14990_,38.74
_11776_,38.72
u_core0.ROW\[6\].COL\[0\].u_pe.sum_out\[11\],38.72
_14428_,38.7
_06318_,38.68
_10449_,38.68
_19924_,38.68
_16570_,38.6
_22190_,38.56
_24561_,38.56
clknet_leaf_9_clk,38.56
_12272_,38.54
_14029_,38.54
_19237_,38.54
_23057_,38.535
_04255_,38.53
_03379_,38.51
_07315_,38.5
_08256_,38.495
_00636_,38.46
_00225_,38.44
_00862_,38.44
_08651_,38.44
_18649_,38.44
_24088_,38.44
_19691_,38.43
_18642_,38.425
_03771_,38.42
_20834_,38.42
_07153_,38.4
_06092_,38.38
_12228_,38.38
_14368_,38.38
u_core0.ROW\[24\].COL\[1\].u_pe.sum_out\[11\],38.38
_04381_,38.36
_14066_,38.36
_22357_,38.36
_02879_,38.35
_24702_,38.32
_20955_,38.3
_26867_,38.28
_21399_,38.275
net1131,38.24
_22360_,38.235
_00585_,38.22
_12738_,38.21
_07386_,38.18
_12393_,38.18
_00562_,38.165
_09620_,38.16
_21709_,38.13
_27005_,38.11
_25640_,38.1
_02683_,38.08
_22294_,38.08
_10471_,38.06
_21788_,38.04
u_core0.ROW\[26\].COL\[0\].u_pe.sum_out\[18\],38.04
clknet_leaf_108_clk,38.04
_24309_,38.02
_26301_,37.98
_07910_,37.96
_08840_,37.96
_10996_,37.96
_02868_,37.945
_21533_,37.94
_18339_,37.92
_18632_,37.92
_11513_,37.9
u_core0.ROW\[16\].COL\[0\].u_pe.sum_out\[12\],37.9
_02156_,37.82
_03811_,37.82
_23308_,37.82
_26909_,37.82
_00971_,37.8
_04329_,37.8
_06663_,37.8
_07841_,37.8
_16419_,37.78
_20349_,37.78
_10229_,37.76
_13519_,37.76
_16862_,37.76
_11577_,37.74
_24721_,37.74
_02082_,37.715
_02614_,37.7
_15506_,37.7
_05266_,37.68
_06734_,37.67
_04849_,37.64
_17580_,37.64
_20781_,37.64
_25272_,37.64
_05805_,37.62
_22137_,37.62
_23365_,37.62
u_core0.ROW\[10\].COL\[1\].u_pe.sum_in\[4\],37.62
u_core0.ROW\[29\].COL\[0\].u_pe.b_out\[6\],37.605
_16274_,37.6
_04919_,37.59
_24051_,37.59
_19713_,37.58
_23781_,37.56
_19258_,37.54
_00875_,37.52
_16200_,37.52
_20356_,37.52
_22592_,37.52
_03675_,37.48
_06337_,37.48
_24408_,37.48
_24618_,37.46
_02704_,37.44
_16968_,37.42
u_core0.ROW\[26\].COL\[0\].u_pe.sum_out\[11\],37.42
_22913_,37.4
_05813_,37.39
_15844_,37.37
_19394_,37.36
_06897_,37.34
_09284_,37.32
_18809_,37.32
_05224_,37.3
_02560_,37.28
_12266_,37.26
_02359_,37.24
net677,37.24
_02407_,37.23
_12594_,37.22
_22150_,37.22
_22345_,37.22
_15825_,37.21
u_core0.ROW\[4\].COL\[1\].u_pe.sum_out\[5\],37.18
_08564_,37.17
u_core0.ROW\[0\].COL\[1\].u_pe.b_out\[3\],37.16
_03916_,37.15
_17977_,37.14
_05644_,37.125
u_core0.ROW\[6\].COL\[1\].u_pe.sum_out\[2\],37.12
u_core0.ROW\[29\].COL\[1\].u_pe.sum_out\[5\],37.1
_23337_,37.095
_08193_,37.08
_14295_,37.08
_06673_,37.06
_12064_,37.06
clknet_leaf_251_clk,37.06
_19679_,37.045
_08935_,37.04
_24010_,37.04
_16339_,37.02
_02509_,36.98
_25710_,36.92
_09237_,36.915
_18803_,36.915
_15273_,36.9
_01104_,36.88
_08408_,36.88
_10830_,36.88
_12625_,36.88
_05609_,36.87
_21477_,36.86
_15071_,36.84
_00214_,36.82
_05119_,36.82
u_core0.ROW\[29\].COL\[0\].u_pe.sum_out\[3\],36.82
_22636_,36.8
net755,36.8
_11296_,36.78
_26016_,36.78
_03115_,36.76
_05927_,36.76
_00033_,36.745
_14779_,36.74
_22403_,36.74
_25749_,36.73
_05023_,36.72
_23968_,36.72
_11295_,36.7
_15069_,36.7
_14946_,36.675
_14262_,36.64
_01670_,36.6
_20432_,36.6
_05276_,36.58
_09500_,36.58
_03578_,36.57
_01948_,36.56
_06438_,36.56
_23636_,36.54
u_core0.ROW\[26\].COL\[0\].u_pe.sum_out\[19\],36.52
_20400_,36.5
u_core0.ROW\[0\].COL\[1\].u_pe.sum_out\[3\],36.5
_20747_,36.49
_11701_,36.48
_21026_,36.48
clknet_leaf_205_clk,36.48
_02620_,36.46
_14340_,36.46
_05605_,36.45
_14668_,36.44
_22362_,36.44
_01191_,36.42
_20817_,36.42
_21088_,36.42
_04322_,36.38
_02849_,36.37
_11297_,36.36
_11170_,36.355
_04033_,36.32
u_core0.ROW\[10\].COL\[0\].u_pe.sum_in\[1\],36.32
_11500_,36.3
_16912_,36.3
_13971_,36.28
_24839_,36.28
_25129_,36.27
_22035_,36.26
u_core0.ROW\[11\].COL\[0\].u_pe.sum_out\[10\],36.24
clknet_leaf_196_clk,36.24
_26657_,36.23
_16857_,36.22
_03660_,36.2
_10832_,36.2
_05914_,36.185
_12395_,36.18
_25496_,36.18
_25598_,36.16
net968,36.16
_05803_,36.14
u_core0.ROW\[4\].COL\[0\].u_pe.sum_out\[14\],36.14
_26929_,36.13
_12399_,36.12
_12462_,36.12
_21705_,36.12
_24146_,36.115
_07560_,36.1
_19949_,36.08
_08396_,36.04
_17538_,36.04
_16959_,36.03
_09833_,36.02
u_core0.ROW\[6\].COL\[0\].u_pe.sum_out\[12\],36.02
_08866_,36
_24262_,36
_15733_,35.98
_16768_,35.98
_15963_,35.945
net988,35.94
_10126_,35.92
_07930_,35.9
_24070_,35.9
u_core0.ROW\[10\].COL\[1\].u_pe.sum_in\[6\],35.88
clknet_leaf_125_clk,35.88
_02751_,35.86
_05256_,35.86
_14302_,35.86
_14748_,35.86
_20458_,35.85
_10747_,35.84
_01956_,35.835
_08953_,35.825
_13782_,35.82
_26222_,35.81
u_core0.ROW\[7\].COL\[0\].u_pe.sum_out\[13\],35.78
_20974_,35.77
_10212_,35.76
_17277_,35.76
_17963_,35.74
_20537_,35.735
_00710_,35.72
_00956_,35.72
_19425_,35.72
_23669_,35.72
_24198_,35.72
_26384_,35.7
_07775_,35.68
u_core0.ROW\[0\].COL\[1\].u_pe.sum_out\[4\],35.68
_08098_,35.66
_02123_,35.64
_04291_,35.64
_24232_,35.64
_08504_,35.62
_14417_,35.62
u_core0.ROW\[10\].COL\[1\].u_pe.b_out\[0\],35.62
_01901_,35.6
_20688_,35.58
_02872_,35.565
_18173_,35.55
_18361_,35.54
_23195_,35.525
_02063_,35.52
_08892_,35.52
_17475_,35.52
_05668_,35.515
_23040_,35.51
_15555_,35.5
_18165_,35.48
u_core0.ROW\[8\].COL\[0\].u_pe.sum_out\[19\],35.44
_03706_,35.415
_14502_,35.4
_19867_,35.4
u_core0.ROW\[4\].COL\[0\].u_pe.sum_out\[8\],35.4
_04018_,35.395
_03829_,35.38
_23207_,35.38
_12450_,35.34
_13369_,35.34
_19989_,35.34
_05645_,35.335
_02325_,35.325
_03100_,35.32
_05361_,35.32
_05674_,35.32
_22404_,35.32
_04590_,35.28
_05497_,35.28
_00134_,35.26
_07558_,35.26
_15619_,35.24
_14330_,35.22
_20022_,35.22
_21815_,35.22
u_core0.ROW\[22\].COL\[1\].u_pe.sum_out\[3\],35.22
u_core0.ROW\[26\].COL\[0\].u_pe.sum_out\[6\],35.22
_22058_,35.21
_17207_,35.18
_17720_,35.18
_08307_,35.17
_02518_,35.16
_03853_,35.16
_04914_,35.16
_07844_,35.16
_08811_,35.16
_02298_,35.14
_20763_,35.14
_06257_,35.12
_04947_,35.1
_10678_,35.1
_21593_,35.1
_19887_,35.085
net1093,35.08
_23061_,35.06
_05584_,35.04
_21454_,35.04
_01678_,35.02
_25391_,35.02
_19544_,35
_04383_,34.98
_22759_,34.98
_01328_,34.975
_16385_,34.96
_22950_,34.96
_06429_,34.94
_23237_,34.94
_11082_,34.92
_17733_,34.92
_18966_,34.92
_24142_,34.92
_03136_,34.9
u_core0.ROW\[3\].COL\[0\].u_pe.sum_out\[7\],34.9
_23946_,34.88
_07696_,34.86
_18280_,34.84
u_core0.ROW\[29\].COL\[1\].u_pe.sum_out\[10\],34.82
net1016,34.82
_03119_,34.8
_24761_,34.8
_10636_,34.76
_14660_,34.755
_17387_,34.74
_01277_,34.72
_05201_,34.72
_08633_,34.7
_15083_,34.7
_25505_,34.7
_15403_,34.68
_20307_,34.68
_06037_,34.64
_17310_,34.64
net1047,34.64
_16055_,34.62
_03005_,34.6
clknet_leaf_16_clk,34.6
_13280_,34.56
_10525_,34.54
_02299_,34.52
_04312_,34.52
_19917_,34.52
_05345_,34.5
_06262_,34.5
_20084_,34.48
_22556_,34.48
_07578_,34.47
_02409_,34.46
_04840_,34.46
_11800_,34.46
net1138,34.46
_07320_,34.45
_16482_,34.44
_23694_,34.44
_24250_,34.44
u_core0.ROW\[0\].COL\[0\].u_pe.sum_out\[4\],34.44
_00980_,34.425
_24856_,34.42
u_core0.ROW\[7\].COL\[0\].u_pe.sum_out\[18\],34.42
_04678_,34.4
_15272_,34.4
u_core0.ROW\[5\].COL\[0\].u_pe.sum_out\[11\],34.4
_02300_,34.38
_14080_,34.38
_25060_,34.38
_00948_,34.36
_16457_,34.36
_11589_,34.34
_24248_,34.34
_17492_,34.32
_26126_,34.32
_08010_,34.3
_21819_,34.3
clknet_leaf_45_clk,34.3
_02498_,34.28
_01369_,34.26
_04811_,34.26
_05671_,34.26
_15835_,34.26
u_core0.ROW\[20\].COL\[0\].u_pe.sum_out\[10\],34.26
_03093_,34.24
_25937_,34.24
_01145_,34.22
_20507_,34.215
_02883_,34.2
_01455_,34.18
_04625_,34.18
_09510_,34.18
_20642_,34.18
net1030,34.18
u_core0.ROW\[4\].COL\[1\].u_pe.sum_out\[2\],34.16
_06548_,34.14
_15620_,34.14
_04978_,34.12
_07885_,34.12
_16971_,34.12
_02479_,34.1
_12178_,34.08
_25105_,34.08
_00213_,34.065
_22512_,34.04
_12506_,34.03
_19808_,34.02
_25194_,34.02
_25725_,34.02
_23183_,34.005
_02190_,33.98
u_core0.ROW\[17\].COL\[1\].u_pe.sum_out\[3\],33.98
clknet_leaf_249_clk,33.96
_07437_,33.94
_19025_,33.94
_10043_,33.935
_06205_,33.92
_14842_,33.92
_20886_,33.92
_01354_,33.915
_13767_,33.9
_25428_,33.9
_02612_,33.88
_10437_,33.88
_18648_,33.88
_23439_,33.87
_10309_,33.84
_21295_,33.84
_02505_,33.82
_06463_,33.82
_22804_,33.82
clknet_leaf_161_clk,33.82
_02574_,33.8
_04591_,33.8
_19751_,33.8
_10828_,33.78
_14371_,33.78
_26927_,33.78
_08989_,33.775
_23053_,33.77
_18128_,33.765
_18900_,33.76
_22695_,33.76
_26913_,33.76
_04988_,33.74
_23317_,33.74
_01909_,33.72
_06055_,33.72
_10555_,33.72
net973,33.72
_01916_,33.71
_06390_,33.7
_05126_,33.68
_07311_,33.68
_07809_,33.68
_10825_,33.67
_19933_,33.66
_12005_,33.64
_00703_,33.62
_03381_,33.62
_20405_,33.62
u_core0.ROW\[20\].COL\[1\].u_pe.sum_out\[9\],33.62
_14560_,33.6
_23698_,33.6
_08280_,33.58
_21760_,33.58
_25744_,33.58
_23726_,33.56
_02126_,33.555
_26886_,33.55
_06152_,33.54
_26545_,33.54
u_core0.ROW\[12\].COL\[1\].u_pe.sum_out\[11\],33.54
_00244_,33.52
_02242_,33.52
_07831_,33.52
_26264_,33.52
_07559_,33.5
_21928_,33.5
_25159_,33.5
u_core0.ROW\[0\].COL\[0\].u_pe.sum_out\[1\],33.48
_11741_,33.46
_24161_,33.46
_03699_,33.44
_09682_,33.44
_13587_,33.44
_09004_,33.43
_25976_,33.43
_23089_,33.425
_23626_,33.42
_25038_,33.42
_13655_,33.4
_15625_,33.4
_22110_,33.4
_23814_,33.4
_17529_,33.38
_18677_,33.38
_06591_,33.36
_14451_,33.36
_04690_,33.34
_14386_,33.34
_01536_,33.32
_07135_,33.3
_09796_,33.3
_10305_,33.3
u_core0.ROW\[4\].COL\[0\].u_pe.sum_out\[4\],33.3
_20956_,33.28
_07465_,33.27
_22550_,33.27
_01537_,33.26
_16718_,33.26
_19791_,33.26
_26598_,33.245
_21781_,33.24
_22984_,33.24
_02098_,33.22
_15021_,33.22
_24274_,33.22
_12730_,33.21
_15692_,33.21
_01479_,33.2
_04170_,33.2
_04238_,33.195
_22597_,33.19
_24593_,33.165
_06510_,33.16
_08882_,33.16
_17403_,33.16
_00474_,33.14
_00667_,33.14
_14078_,33.14
_21162_,33.14
_21544_,33.14
clknet_leaf_272_clk,33.13
_00965_,33.12
_12716_,33.12
_18336_,33.12
_20344_,33.12
_01849_,33.1
_10111_,33.1
_22740_,33.1
_06022_,33.08
_09216_,33.08
_14288_,33.08
u_core0.ROW\[15\].COL\[1\].u_pe.sum_out\[3\],33.08
u_core0.ROW\[28\].COL\[1\].u_pe.sum_out\[4\],33.08
_10036_,33.065
_16973_,33.06
_12274_,33.04
_17595_,33.04
_24716_,33.04
_26429_,33.04
_11277_,33.02
_17455_,33.02
_25614_,33.02
_02213_,33
_04417_,33
_09108_,33
_14395_,33
_26062_,33
u_core0.ROW\[11\].COL\[1\].u_pe.sum_out\[7\],33
_10609_,32.99
_04701_,32.98
u_core0.ROW\[18\].COL\[1\].u_pe.sum_out\[0\],32.98
_02080_,32.96
_05765_,32.96
_19438_,32.96
_21269_,32.94
_03492_,32.93
_06658_,32.92
_08418_,32.92
_25522_,32.915
_06769_,32.9
_15886_,32.88
_25801_,32.88
u_core0.ROW\[2\].COL\[1\].u_pe.sum_out\[10\],32.88
_16990_,32.87
_24160_,32.86
_01789_,32.84
_05236_,32.84
_11607_,32.84
_20036_,32.84
_06610_,32.82
_13755_,32.82
_13025_,32.815
clknet_leaf_183_clk,32.81
_21379_,32.8
_21539_,32.8
_23326_,32.78
_14469_,32.76
_18577_,32.76
_24023_,32.76
_06788_,32.74
_25853_,32.73
_03523_,32.72
_13467_,32.72
_22200_,32.71
_00496_,32.7
_02563_,32.7
_09703_,32.7
_20846_,32.7
clknet_leaf_10_clk,32.7
_13764_,32.68
_23970_,32.68
_03457_,32.66
_05911_,32.66
_09511_,32.66
_22384_,32.66
_03962_,32.63
_11899_,32.63
_11760_,32.62
_14158_,32.615
_20757_,32.61
u_core0.ROW\[10\].COL\[0\].u_pe.sum_in\[15\],32.61
_00650_,32.6
_04657_,32.6
_25661_,32.58
_01122_,32.54
_02981_,32.52
_04606_,32.52
_11317_,32.5
_16596_,32.5
clknet_leaf_213_clk,32.495
_07720_,32.46
_16161_,32.46
net17,32.46
_04479_,32.44
_15353_,32.44
_25055_,32.44
_03937_,32.42
_04082_,32.42
_17956_,32.42
_03350_,32.4
_09394_,32.4
u_core0.ROW\[10\].COL\[1\].u_pe.sum_in\[3\],32.4
_10959_,32.385
_20270_,32.36
_02445_,32.34
_03452_,32.34
_21532_,32.34
_22728_,32.34
_23575_,32.32
_20957_,32.31
_08641_,32.3
_09254_,32.3
_26814_,32.3
net795,32.29
_06676_,32.28
_11557_,32.28
net892,32.28
_02525_,32.26
_04595_,32.26
_10254_,32.26
_19448_,32.26
_04387_,32.25
_02440_,32.24
_06212_,32.24
_21594_,32.24
_03380_,32.22
_17972_,32.22
u_core0.ROW\[21\].COL\[0\].u_pe.b_out\[4\],32.22
_05824_,32.21
_02578_,32.205
_07791_,32.2
_08648_,32.2
_21255_,32.2
u_core0.ROW\[14\].COL\[1\].u_pe.b_out\[2\],32.2
u_core0.ROW\[15\].COL\[1\].u_pe.b_out\[6\],32.2
_17560_,32.18
_26042_,32.18
_01210_,32.16
_06956_,32.16
_22289_,32.16
u_core0.ROW\[30\].COL\[1\].u_pe.sum_out\[4\],32.16
clknet_leaf_145_clk,32.16
_08423_,32.15
_13766_,32.12
u_core0.ROW\[24\].COL\[1\].u_pe.sum_out\[8\],32.12
_05643_,32.115
_23882_,32.105
_03393_,32.1
_06091_,32.1
_11085_,32.1
_14432_,32.1
_24923_,32.1
_08982_,32.09
_13352_,32.09
_04729_,32.08
_11857_,32.08
_22476_,32.08
_01118_,32.06
_24113_,32.06
_12523_,32.04
_17297_,32.04
_23122_,32.04
u_core0.ROW\[25\].COL\[0\].u_pe.sum_out\[13\],32.04
_22765_,32.035
_05566_,32.02
_09187_,32.02
_07561_,32
_25471_,32
_11933_,31.99
_13343_,31.98
_18220_,31.98
_24031_,31.98
_02284_,31.97
_03496_,31.97
_18500_,31.96
_24267_,31.94
_26137_,31.94
_26891_,31.94
_06464_,31.935
_03872_,31.9
_04707_,31.9
_02784_,31.89
_15665_,31.89
_05528_,31.88
_08789_,31.88
_17666_,31.88
_24276_,31.88
_25511_,31.86
_01306_,31.84
_07330_,31.84
_13335_,31.84
_17359_,31.84
_02118_,31.82
_04209_,31.82
_12142_,31.82
_19719_,31.82
_23509_,31.8
_06696_,31.79
_06159_,31.78
_07462_,31.78
_11782_,31.78
_16085_,31.78
_16294_,31.78
_24545_,31.78
_20773_,31.77
_22814_,31.77
_17354_,31.76
_22501_,31.76
_24966_,31.76
_01703_,31.75
_04527_,31.75
_00572_,31.74
_03988_,31.74
_22005_,31.73
_15054_,31.72
_24006_,31.72
_09358_,31.71
_13328_,31.7
_20145_,31.7
clknet_leaf_157_clk,31.7
_04750_,31.68
_20100_,31.68
_21746_,31.68
_23179_,31.68
u_core0.ROW\[17\].COL\[0\].u_pe.sum_out\[17\],31.68
_00941_,31.66
_06155_,31.66
_09905_,31.66
_14536_,31.66
_16242_,31.66
_06065_,31.65
_04292_,31.64
_09488_,31.64
u_core0.ROW\[21\].COL\[0\].u_pe.sum_out\[9\],31.64
_23158_,31.63
_02376_,31.6
_07398_,31.6
_09227_,31.6
_24919_,31.6
_02302_,31.59
_07549_,31.59
_06013_,31.58
_15281_,31.58
_25804_,31.58
u_core0.ROW\[3\].COL\[0\].u_pe.b_out\[4\],31.58
_00771_,31.56
_13703_,31.56
_15727_,31.56
_26376_,31.56
_26704_,31.56
_12289_,31.555
_12947_,31.52
_19035_,31.52
u_core0.ROW\[15\].COL\[0\].u_pe.sum_out\[8\],31.52
_14780_,31.515
_03006_,31.5
_25780_,31.5
_18114_,31.48
_23639_,31.48
u_core0.ROW\[17\].COL\[0\].u_pe.sum_out\[6\],31.46
_02224_,31.44
_10992_,31.44
_12936_,31.44
_20435_,31.44
_04815_,31.41
clknet_leaf_232_clk,31.4
_25223_,31.39
_19303_,31.38
_21112_,31.38
_01001_,31.36
_04624_,31.34
u_core0.ROW\[17\].COL\[0\].u_pe.sum_out\[14\],31.33
_00473_,31.32
_04788_,31.32
u_core0.ROW\[11\].COL\[0\].u_pe.sum_out\[8\],31.32
_07837_,31.3
_10974_,31.3
_11980_,31.3
_16004_,31.3
_20332_,31.3
_05197_,31.295
_03242_,31.28
_10607_,31.28
_15660_,31.28
_01485_,31.26
_12596_,31.26
_18354_,31.26
_18847_,31.26
_24435_,31.26
_09699_,31.24
_13271_,31.24
_01675_,31.22
_25319_,31.22
_03216_,31.2
_13777_,31.2
_22031_,31.2
_03162_,31.18
_12061_,31.18
_14118_,31.18
_26306_,31.18
_00460_,31.16
_12264_,31.16
_04401_,31.14
_06465_,31.14
_01798_,31.12
_23218_,31.12
_06130_,31.11
u_core0.ROW\[8\].COL\[0\].u_pe.sum_out\[16\],31.105
_15244_,31.1
_24035_,31.1
_05288_,31.08
_15614_,31.08
_14396_,31.065
_05875_,31.06
_08234_,31.04
_17052_,31.04
u_core0.ROW\[8\].COL\[0\].u_pe.sum_out\[18\],31.04
_15830_,31.025
_24499_,31.02
u_core0.ROW\[7\].COL\[0\].u_pe.b_out\[2\],31.02
_09457_,31
u_core0.ROW\[7\].COL\[1\].u_pe.sum_out\[6\],31
_01423_,30.995
_18439_,30.96
_19954_,30.96
_24694_,30.96
_05006_,30.94
_10209_,30.92
_06561_,30.9
_08411_,30.9
u_core0.ROW\[26\].COL\[0\].u_pe.b_out\[3\],30.9
_02918_,30.89
_06404_,30.87
_09748_,30.86
_23045_,30.86
u_core0.ROW\[6\].COL\[0\].u_pe.sum_out\[1\],30.86
_03539_,30.85
_14924_,30.84
_26902_,30.84
u_core0.ROW\[5\].COL\[0\].u_pe.sum_out\[10\],30.82
_07449_,30.8
_21778_,30.8
_23357_,30.8
_25246_,30.8
_25493_,30.8
u_core0.ROW\[21\].COL\[0\].u_pe.b_out\[6\],30.8
_26059_,30.79
_02264_,30.785
_11336_,30.78
_22789_,30.78
_26100_,30.78
_03141_,30.76
_07508_,30.76
_13589_,30.76
_04945_,30.74
_10208_,30.74
clknet_leaf_147_clk,30.74
_01365_,30.72
_01920_,30.72
_04561_,30.72
_16805_,30.72
_21809_,30.72
_23788_,30.72
_04304_,30.715
_02373_,30.7
_17132_,30.7
clknet_leaf_71_clk,30.7
clknet_leaf_153_clk,30.66
_14600_,30.64
_03027_,30.635
_22533_,30.635
_03881_,30.62
_04569_,30.62
_05399_,30.62
_07472_,30.62
u_core0.ROW\[27\].COL\[0\].u_pe.sum_out\[5\],30.62
_07163_,30.615
_15319_,30.6
_17519_,30.6
_18807_,30.6
_00666_,30.58
_08224_,30.58
_10217_,30.58
_19909_,30.58
_24077_,30.58
_12349_,30.56
_15028_,30.56
_18886_,30.56
_02038_,30.555
_07823_,30.54
_11242_,30.54
_16995_,30.54
_22717_,30.54
u_core0.ROW\[0\].COL\[1\].u_pe.sum_out\[9\],30.54
_00259_,30.52
_02358_,30.52
_24559_,30.52
_13181_,30.51
_09629_,30.5
_19695_,30.5
_21498_,30.48
_26870_,30.475
_14682_,30.47
_22719_,30.47
_12253_,30.46
_19650_,30.46
_21374_,30.44
_23655_,30.44
_26670_,30.44
_14164_,30.43
_08767_,30.42
_20745_,30.42
_06141_,30.4
_02172_,30.38
_10133_,30.38
_25397_,30.38
u_core0.ROW\[12\].COL\[0\].u_pe.sum_out\[8\],30.38
u_core0.ROW\[22\].COL\[0\].u_pe.sum_out\[13\],30.38
_06999_,30.36
u_core0.A_inputs\[131\],30.36
_00709_,30.34
_05351_,30.34
_06099_,30.34
_00094_,30.325
_13752_,30.32
_14533_,30.32
_19193_,30.32
_06854_,30.3
_16829_,30.3
_00062_,30.28
_00270_,30.28
_02912_,30.28
_25818_,30.28
clknet_leaf_184_clk,30.28
_02581_,30.26
_19850_,30.26
_10345_,30.25
_14468_,30.25
_19450_,30.25
_13908_,30.24
_17998_,30.24
_26990_,30.24
_26470_,30.22
_26611_,30.22
_00918_,30.2
_02799_,30.2
_05653_,30.2
_15003_,30.2
_26401_,30.2
_02239_,30.18
_07751_,30.18
_12179_,30.18
_16599_,30.145
_08685_,30.14
_11727_,30.14
_13896_,30.14
_17467_,30.14
_26333_,30.14
net762,30.13
_16749_,30.12
_23116_,30.12
_23999_,30.12
_09551_,30.1
_21391_,30.1
_23080_,30.1
_04146_,30.08
_07676_,30.08
_16464_,30.08
_19090_,30.08
_04502_,30.06
_14246_,30.06
_07576_,30.04
_12489_,30.04
_11639_,30.025
_22179_,30.02
_04490_,30
_08831_,30
_22810_,30
_24001_,30
net1014,30
_20623_,29.98
_24080_,29.98
_25597_,29.98
_05326_,29.975
_05748_,29.96
_09176_,29.96
_11096_,29.96
_13652_,29.96
_21715_,29.96
_21890_,29.96
_22118_,29.96
_23368_,29.935
_13662_,29.92
_15908_,29.9
_20347_,29.9
_01709_,29.88
_04452_,29.88
_16313_,29.88
_17128_,29.88
_18070_,29.88
_15142_,29.87
_09313_,29.86
_21555_,29.86
_20700_,29.84
_21404_,29.84
_23141_,29.84
_01373_,29.83
_03049_,29.82
_05306_,29.82
_06017_,29.8
_15722_,29.8
_20091_,29.79
_03769_,29.76
_20287_,29.76
_22169_,29.75
_07138_,29.74
_05217_,29.72
_22602_,29.72
u_core0.ROW\[21\].COL\[1\].u_pe.sum_out\[1\],29.72
_11212_,29.7
_18908_,29.7
_23012_,29.7
_05403_,29.69
_20918_,29.68
_25855_,29.68
_12515_,29.66
_19759_,29.66
u_core0.ROW\[7\].COL\[1\].u_pe.sum_out\[10\],29.66
_06478_,29.645
_26450_,29.64
_14120_,29.635
_02473_,29.62
_04520_,29.62
_05639_,29.62
_07177_,29.62
_17550_,29.62
_21431_,29.62
_06509_,29.6
_07357_,29.6
_15577_,29.6
_02367_,29.59
_06306_,29.58
_24221_,29.58
_25140_,29.55
_07161_,29.54
_14465_,29.54
_18454_,29.54
_21633_,29.54
_23863_,29.54
_25664_,29.54
_21348_,29.53
_01488_,29.52
_12589_,29.52
_19593_,29.51
_02882_,29.5
_08584_,29.5
_10487_,29.5
_13478_,29.5
_17760_,29.5
_25409_,29.5
u_core0.ROW\[26\].COL\[0\].u_pe.sum_out\[9\],29.495
_17370_,29.48
clknet_leaf_67_clk,29.48
_22780_,29.475
_08649_,29.46
_26325_,29.46
_07520_,29.44
_09229_,29.44
_22808_,29.44
_09372_,29.435
_02772_,29.42
_04079_,29.42
_13649_,29.42
_25122_,29.42
_02131_,29.4
_05582_,29.4
_15264_,29.4
_19057_,29.4
_05697_,29.38
_22366_,29.38
u_core0.ROW\[28\].COL\[0\].u_pe.sum_out\[14\],29.38
_23592_,29.37
u_core0.ROW\[30\].COL\[0\].u_pe.sum_out\[14\],29.37
_02672_,29.36
_20808_,29.36
_09261_,29.34
_07460_,29.32
_14987_,29.32
_15679_,29.32
_16833_,29.32
_25774_,29.32
_15821_,29.31
_20779_,29.3
_02806_,29.29
_17102_,29.28
_21872_,29.275
_13507_,29.27
_02821_,29.26
_24134_,29.26
u_core0.ROW\[0\].COL\[0\].u_pe.sum_out\[5\],29.26
_00232_,29.24
_05350_,29.24
_14470_,29.24
u_core0.ROW\[7\].COL\[0\].u_pe.sum_out\[12\],29.24
_22835_,29.22
_26157_,29.22
_12415_,29.21
_23722_,29.195
_24725_,29.19
_02121_,29.18
_09428_,29.18
clknet_leaf_79_clk,29.18
net1120,29.18
_05231_,29.16
_09217_,29.16
_13346_,29.16
_17208_,29.16
_22908_,29.16
_08631_,29.14
_23346_,29.14
_26750_,29.14
_23992_,29.125
_03407_,29.1
_21808_,29.1
_23399_,29.1
_12406_,29.08
_24860_,29.07
_05479_,29.06
_07757_,29.06
_17365_,29.06
_12059_,29.04
_04284_,29.03
_04641_,29.025
_00905_,29.02
_03167_,29.02
_06911_,29.02
_12485_,29.02
_04509_,29
_21549_,29
_22505_,29
_24293_,29
_10666_,28.99
_06081_,28.98
_08990_,28.98
_19774_,28.98
_23064_,28.98
_24467_,28.98
_04489_,28.97
_04695_,28.96
_15972_,28.94
_00657_,28.92
_03741_,28.92
_25443_,28.9
_14099_,28.88
_25529_,28.88
u_core0.ROW\[7\].COL\[0\].u_pe.sum_out\[16\],28.88
_02399_,28.87
_22334_,28.86
u_core0.ROW\[1\].COL\[1\].u_pe.sum_out\[2\],28.86
_04917_,28.84
_13062_,28.83
result[17],28.83
_01884_,28.82
_02804_,28.82
_18962_,28.82
_23361_,28.82
_05978_,28.8
_14313_,28.8
_15279_,28.8
net819,28.8
_19660_,28.78
_19918_,28.78
_11154_,28.77
_12318_,28.76
_20340_,28.76
_01711_,28.74
_03866_,28.74
_04201_,28.74
_20295_,28.74
_23915_,28.74
_24778_,28.74
_07410_,28.73
_05168_,28.72
_21376_,28.72
_25939_,28.72
u_core0.ROW\[17\].COL\[1\].u_pe.b_out\[4\],28.72
u_core0.ROW\[28\].COL\[1\].u_pe.sum_out\[2\],28.72
u_core0.ROW\[3\].COL\[0\].u_pe.sum_out\[6\],28.72
_06776_,28.7
_08011_,28.7
_16585_,28.7
_19937_,28.7
_02820_,28.68
_03871_,28.68
_12174_,28.68
_14337_,28.68
_16940_,28.68
_20878_,28.68
_26466_,28.68
_16726_,28.67
_09189_,28.66
_17986_,28.66
_06582_,28.64
_18622_,28.64
_00692_,28.62
_05148_,28.62
_22268_,28.62
_23845_,28.62
_13316_,28.6
_16163_,28.6
_23796_,28.6
_20587_,28.58
_05095_,28.57
_03880_,28.56
_09910_,28.56
_16858_,28.56
_23583_,28.56
_23930_,28.56
_00193_,28.54
_02681_,28.54
_03225_,28.54
_10995_,28.54
_14968_,28.54
_23350_,28.54
_05628_,28.52
_10039_,28.52
_24409_,28.52
_23299_,28.515
_06292_,28.51
_09570_,28.5
_02976_,28.48
_09057_,28.48
_15642_,28.48
clknet_leaf_17_clk,28.48
_05675_,28.46
_21293_,28.45
_04094_,28.44
_09647_,28.44
_19097_,28.44
_02874_,28.42
_06917_,28.42
_21575_,28.42
_24307_,28.42
u_core0.ROW\[1\].COL\[1\].u_pe.sum_out\[6\],28.42
_08233_,28.41
_00739_,28.4
_01358_,28.4
_05052_,28.4
_20654_,28.4
_22618_,28.4
u_core0.ROW\[3\].COL\[0\].u_pe.b_out\[3\],28.4
_04725_,28.38
_06592_,28.38
_19086_,28.38
_22902_,28.38
_24021_,28.38
u_core0.ROW\[29\].COL\[0\].u_pe.sum_out\[16\],28.38
_12314_,28.37
_01428_,28.36
_07701_,28.36
_15444_,28.36
_18077_,28.36
u_core0.ROW\[14\].COL\[0\].u_pe.sum_out\[1\],28.36
clknet_leaf_171_clk,28.36
_02466_,28.35
_14373_,28.34
_17272_,28.34
_24118_,28.34
_25219_,28.34
_10698_,28.33
_02178_,28.32
_05144_,28.32
_08373_,28.32
_10198_,28.32
_02223_,28.3
_05524_,28.3
_05975_,28.3
_14912_,28.3
_16298_,28.3
net753,28.3
_18719_,28.29
_01352_,28.28
_01482_,28.28
_02919_,28.28
_06599_,28.28
_07352_,28.28
_11303_,28.28
_15394_,28.28
_21585_,28.28
u_core0.ROW\[0\].COL\[0\].u_pe.sum_out\[6\],28.28
u_core0.ROW\[20\].COL\[1\].u_pe.b_out\[0\],28.28
_00443_,28.26
_11200_,28.26
_20493_,28.26
_21173_,28.26
_21505_,28.26
_18279_,28.24
_02291_,28.22
_15100_,28.22
u_core0.ROW\[13\].COL\[0\].u_pe.sum_out\[8\],28.21
_10917_,28.2
_18040_,28.2
_25497_,28.2
_13312_,28.185
_04438_,28.18
_04495_,28.16
_24947_,28.16
u_core0.ROW\[4\].COL\[1\].u_pe.sum_out\[4\],28.16
_00708_,28.14
_03455_,28.14
_21342_,28.14
_02959_,28.12
_12350_,28.12
_18252_,28.12
_26397_,28.12
_14297_,28.1
_06695_,28.08
_11426_,28.08
_15462_,28.08
_17026_,28.08
_23049_,28.08
_26169_,28.08
_26309_,28.08
u_core0.ROW\[19\].COL\[1\].u_pe.b_out\[1\],28.065
_03435_,28.06
_05530_,28.06
_06414_,28.06
_16156_,28.06
_22502_,28.06
_07174_,28.04
_17367_,28.04
u_core0.ROW\[22\].COL\[1\].u_pe.sum_out\[10\],28.04
_14918_,28.03
_19642_,28
_18723_,27.99
_06378_,27.98
_08330_,27.98
_09175_,27.98
_15943_,27.98
u_core0.ROW\[21\].COL\[0\].u_pe.sum_out\[14\],27.98
u_core0.ROW\[7\].COL\[1\].u_pe.sum_out\[7\],27.98
_11376_,27.96
_22836_,27.96
_05420_,27.95
_01570_,27.94
_07020_,27.94
_08154_,27.94
_18952_,27.94
_23139_,27.94
_23810_,27.94
_24791_,27.94
_17229_,27.935
_01140_,27.92
_11368_,27.92
_12290_,27.92
_20613_,27.91
_00304_,27.9
_10357_,27.9
_13810_,27.9
_04521_,27.88
_05871_,27.88
_06620_,27.88
_13824_,27.88
_16813_,27.86
_23449_,27.86
_26423_,27.86
net759,27.86
_03345_,27.84
_13837_,27.84
_19292_,27.84
_12808_,27.82
_16071_,27.82
_18705_,27.82
_19834_,27.82
_21254_,27.82
u_core0.ROW\[25\].COL\[0\].u_pe.sum_out\[18\],27.82
u_core0.ROW\[16\].COL\[0\].u_pe.sum_out\[3\],27.8
clknet_leaf_2_clk,27.8
_03568_,27.78
_25971_,27.78
u_core0.ROW\[28\].COL\[0\].u_pe.sum_out\[7\],27.78
clknet_leaf_97_clk,27.78
_03125_,27.76
_07119_,27.76
_19964_,27.76
_23425_,27.76
_09855_,27.755
_10624_,27.74
_19925_,27.74
_07448_,27.73
_12108_,27.72
_26163_,27.71
_04524_,27.7
_25758_,27.7
net1051,27.7
_02865_,27.68
_25983_,27.68
u_core0.ROW\[16\].COL\[0\].u_pe.sum_out\[1\],27.68
_03075_,27.67
u_core0.ROW\[22\].COL\[0\].u_pe.sum_out\[10\],27.67
_05867_,27.65
_04920_,27.64
_07442_,27.64
_07451_,27.64
_16471_,27.64
_26132_,27.64
u_core0.ROW\[12\].COL\[1\].u_pe.b_out\[3\],27.64
_23154_,27.63
_04608_,27.615
u_core0.ROW\[3\].COL\[0\].u_pe.sum_out\[14\],27.61
_00385_,27.6
_01581_,27.6
_07346_,27.6
_12040_,27.6
_21697_,27.6
u_core0.ROW\[3\].COL\[1\].u_pe.sum_out\[5\],27.6
_01517_,27.595
_02836_,27.58
_04353_,27.58
_09181_,27.58
_25836_,27.58
_08425_,27.57
_21895_,27.57
_05684_,27.56
_09925_,27.56
_12157_,27.56
u_core0.ROW\[0\].COL\[0\].u_pe.sum_out\[3\],27.56
_11428_,27.555
_10730_,27.54
_17019_,27.54
_24615_,27.54
_12863_,27.52
_19851_,27.52
_01548_,27.5
_10118_,27.5
_19977_,27.5
_23574_,27.5
_26298_,27.5
_19428_,27.49
_14258_,27.48
_16519_,27.48
_07490_,27.46
_01329_,27.44
_13126_,27.42
_11972_,27.4
_23986_,27.4
_24639_,27.4
u_core0.ROW\[8\].COL\[0\].u_pe.sum_out\[15\],27.38
_13942_,27.375
_03152_,27.36
_06259_,27.36
_05753_,27.34
_10785_,27.34
_19709_,27.34
u_core0.ROW\[6\].COL\[1\].u_pe.sum_out\[4\],27.34
_02356_,27.32
_05089_,27.32
_18438_,27.32
_24591_,27.315
_10098_,27.31
_20278_,27.31
_01827_,27.3
_00571_,27.28
_01057_,27.28
_08033_,27.28
_11193_,27.28
_10696_,27.26
_14303_,27.26
_07337_,27.24
_24768_,27.24
_01595_,27.22
_15666_,27.22
_19535_,27.22
_21632_,27.22
_04685_,27.21
_23963_,27.21
_07859_,27.2
_13982_,27.2
_18334_,27.2
_12995_,27.185
_03654_,27.18
_05541_,27.18
_06443_,27.18
_08286_,27.18
_12569_,27.18
_13125_,27.18
_16121_,27.18
_04748_,27.16
_07524_,27.16
_18508_,27.16
_25885_,27.16
_04938_,27.14
_17875_,27.14
_23803_,27.14
_25131_,27.14
_02425_,27.13
_05415_,27.13
_10573_,27.12
_22305_,27.12
_08845_,27.1
_08898_,27.1
_15927_,27.1
_16143_,27.1
_23561_,27.1
_04494_,27.09
_20949_,27.09
_06139_,27.08
_06147_,27.08
_12651_,27.08
_13804_,27.08
_05261_,27.07
_25465_,27.07
_01819_,27.06
_02936_,27.06
_06383_,27.06
_17434_,27.06
_25205_,27.04
_26029_,27.04
_19599_,27.02
clknet_leaf_222_clk,27.02
_02254_,27
_04024_,27
_06806_,27
_10967_,27
_13936_,27
_05893_,26.99
_04546_,26.98
_03805_,26.96
_05049_,26.96
u_core0.ROW\[24\].COL\[1\].u_pe.sum_out\[10\],26.96
_19946_,26.95
_02628_,26.94
_18104_,26.94
u_core0.ROW\[11\].COL\[0\].u_pe.b_out\[5\],26.94
u_core0.ROW\[6\].COL\[0\].u_pe.sum_out\[17\],26.94
_09494_,26.935
_21105_,26.93
_04470_,26.92
_17313_,26.92
_03809_,26.9
_08404_,26.9
_15636_,26.9
_25035_,26.9
_13177_,26.88
_16363_,26.88
_17033_,26.88
_02153_,26.87
_04760_,26.86
_12150_,26.86
_21558_,26.86
_03702_,26.84
_05896_,26.84
_17075_,26.84
_02059_,26.82
_02416_,26.82
_20128_,26.82
_22090_,26.82
_22198_,26.82
_26873_,26.82
u_core0.ROW\[30\].COL\[0\].u_pe.sum_out\[12\],26.82
_12259_,26.81
_07402_,26.8
_05932_,26.79
_15157_,26.79
_02475_,26.78
_04530_,26.78
_10320_,26.78
_12263_,26.78
_15668_,26.78
_18360_,26.78
_02644_,26.76
_03356_,26.76
u_core0.ROW\[14\].COL\[0\].u_pe.sum_out\[15\],26.76
_10446_,26.75
_06961_,26.74
_12584_,26.74
_24548_,26.72
_14434_,26.7
_16402_,26.7
_21258_,26.7
u_core0.ROW\[12\].COL\[1\].u_pe.sum_out\[5\],26.7
_05971_,26.68
_09168_,26.68
_19339_,26.68
_24879_,26.68
clknet_leaf_47_clk,26.68
_04778_,26.66
_10024_,26.66
_22349_,26.66
_24579_,26.66
_08210_,26.64
_13116_,26.64
_17960_,26.64
_20999_,26.64
_07515_,26.63
_18131_,26.62
_20653_,26.62
_16410_,26.61
_08338_,26.6
_10533_,26.6
_11571_,26.6
_13683_,26.6
_23801_,26.6
_07603_,26.595
_05027_,26.59
u_core0.ROW\[21\].COL\[0\].u_pe.sum_out\[12\],26.58
_00673_,26.56
_03912_,26.56
_05418_,26.56
_09282_,26.56
_09558_,26.56
clknet_leaf_131_clk,26.56
clknet_leaf_282_clk,26.56
_21763_,26.555
_08783_,26.54
_09344_,26.54
_20403_,26.53
_10838_,26.52
_12778_,26.52
_13109_,26.52
_18636_,26.52
_25486_,26.52
_05283_,26.51
_09678_,26.51
_24044_,26.5
_05296_,26.48
_13410_,26.48
_17819_,26.48
_19387_,26.48
_23186_,26.48
_24153_,26.48
clknet_leaf_156_clk,26.48
_07452_,26.475
_03317_,26.46
_07149_,26.46
_08794_,26.46
_20933_,26.46
_22558_,26.46
_24931_,26.46
_02029_,26.44
_13738_,26.44
_25809_,26.44
_11751_,26.42
_21769_,26.41
_02898_,26.4
_08787_,26.4
_15968_,26.4
_16181_,26.4
_17100_,26.4
_22302_,26.4
_22601_,26.4
_24038_,26.4
u_core0.ROW\[30\].COL\[1\].u_pe.sum_out\[2\],26.4
_08263_,26.38
_10157_,26.38
_21747_,26.38
u_core0.ROW\[23\].COL\[0\].u_pe.sum_out\[18\],26.38
_02378_,26.36
_05788_,26.35
_01590_,26.34
_03487_,26.34
_17883_,26.34
_21216_,26.34
_25919_,26.34
u_core0.ROW\[29\].COL\[0\].u_pe.sum_out\[6\],26.34
_03624_,26.32
_09012_,26.32
_09203_,26.32
_03143_,26.3
_15720_,26.3
_24590_,26.29
_02663_,26.28
_08524_,26.28
_26330_,26.28
_26348_,26.27
_02598_,26.26
_03499_,26.26
_06211_,26.26
_12920_,26.26
_23823_,26.26
_21132_,26.24
_20737_,26.22
_23749_,26.22
_01705_,26.215
_06670_,26.2
_11853_,26.2
_12765_,26.2
_16837_,26.2
_17414_,26.2
_18712_,26.2
_19234_,26.2
u_core0.ROW\[2\].COL\[0\].u_pe.sum_out\[9\],26.19
_19341_,26.18
u_core0.ROW\[5\].COL\[0\].u_pe.sum_out\[18\],26.16
_04463_,26.155
_10558_,26.14
_19055_,26.14
_19081_,26.14
_25539_,26.14
_08128_,26.12
_14487_,26.12
_16019_,26.12
_04260_,26.11
_00851_,26.1
_21753_,26.1
_24254_,26.1
_11506_,26.08
_20446_,26.08
_23865_,26.08
u_core0.ROW\[20\].COL\[0\].u_pe.sum_out\[11\],26.08
_01851_,26.075
u_core0.ROW\[29\].COL\[1\].u_pe.sum_out\[2\],26.06
_05984_,26.04
_20298_,26.04
_20386_,26.04
_23225_,26.04
_24183_,26.04
_15849_,26.02
_16731_,26.02
_16919_,26.02
_17122_,26.02
_04437_,26.01
_10025_,26
_10282_,26
_16517_,26
_24425_,26
_02381_,25.98
_03736_,25.98
_12184_,25.98
u_core0.ROW\[27\].COL\[0\].u_pe.sum_out\[7\],25.98
_02691_,25.96
_06434_,25.96
_07921_,25.96
_14233_,25.96
_17779_,25.96
_19827_,25.96
_26907_,25.96
u_core0.ROW\[1\].COL\[0\].u_pe.sum_out\[3\],25.96
_14798_,25.95
_05016_,25.94
_06278_,25.94
_06503_,25.94
_09899_,25.94
_14659_,25.94
_18141_,25.94
_26915_,25.94
_09014_,25.92
_18583_,25.92
_24714_,25.92
_24978_,25.92
_02231_,25.9
_14013_,25.9
_19664_,25.9
_21596_,25.9
_12805_,25.88
_20935_,25.88
_26923_,25.88
_06679_,25.86
_14791_,25.86
_18092_,25.86
_06686_,25.84
_07353_,25.84
_26049_,25.84
_26494_,25.84
_12975_,25.82
_21418_,25.82
_23036_,25.82
_26090_,25.82
_08475_,25.81
_01343_,25.8
_02773_,25.8
_22225_,25.8
_24264_,25.8
_02335_,25.78
_10276_,25.78
_12378_,25.78
_23855_,25.78
_25875_,25.78
_13035_,25.76
_21846_,25.76
_01925_,25.74
_11304_,25.74
_20746_,25.74
_06235_,25.72
_16933_,25.72
_25934_,25.72
u_core0.ROW\[17\].COL\[0\].u_pe.sum_out\[15\],25.72
u_core0.ROW\[8\].COL\[1\].u_pe.sum_out\[6\],25.72
_04802_,25.7
_05564_,25.7
_18839_,25.7
_21787_,25.7
_24684_,25.7
_25030_,25.7
_10849_,25.68
_23645_,25.68
_23340_,25.66
clknet_leaf_7_clk,25.66
_09684_,25.64
_13457_,25.64
_13616_,25.64
_06085_,25.635
_09697_,25.635
_24239_,25.63
_15096_,25.62
_19296_,25.62
_23362_,25.62
_03584_,25.6
_05705_,25.6
_05849_,25.6
_08044_,25.6
_11301_,25.6
_12588_,25.6
_15428_,25.6
_23277_,25.6
clknet_leaf_176_clk,25.6
net715,25.6
_05630_,25.595
_14809_,25.58
_20906_,25.58
_04682_,25.56
_07938_,25.56
_11433_,25.56
_13427_,25.56
_15291_,25.56
_25494_,25.56
_02154_,25.54
_17209_,25.54
_22446_,25.54
_25822_,25.54
_26054_,25.54
_03174_,25.52
_11326_,25.52
_19412_,25.52
_23621_,25.51
_01466_,25.5
_08945_,25.5
_21631_,25.5
_11083_,25.49
_26544_,25.49
_10452_,25.48
_12678_,25.48
_14614_,25.48
_22513_,25.48
_24445_,25.48
_04680_,25.46
_05015_,25.46
_13055_,25.46
_21676_,25.46
_04659_,25.44
_08987_,25.44
_13707_,25.44
_20422_,25.44
net725,25.44
_15709_,25.42
_23833_,25.42
_22238_,25.41
net669,25.41
_00652_,25.4
_07447_,25.4
_12275_,25.4
_21845_,25.395
_05109_,25.38
_20614_,25.38
_06894_,25.36
_08520_,25.36
_11496_,25.36
_24935_,25.36
_00662_,25.34
_04197_,25.34
_06442_,25.34
_14719_,25.34
_16415_,25.34
_00700_,25.32
_02520_,25.32
_03400_,25.32
_04366_,25.32
_06368_,25.32
_08040_,25.32
_19011_,25.32
_14061_,25.3
_19345_,25.3
_25988_,25.3
_20978_,25.28
_25258_,25.28
_06661_,25.27
_14645_,25.27
_07450_,25.26
_21430_,25.26
_24227_,25.255
_04320_,25.24
_13137_,25.24
_23905_,25.24
_04098_,25.22
_11609_,25.22
_14091_,25.22
_25412_,25.22
_26501_,25.22
_06118_,25.21
_20047_,25.2
_12971_,25.185
_05282_,25.18
_07801_,25.18
_07936_,25.18
_13697_,25.18
_20097_,25.18
_21367_,25.18
_26233_,25.18
u_core0.ROW\[15\].COL\[0\].u_pe.sum_out\[14\],25.175
_09013_,25.16
_18139_,25.16
_04516_,25.15
_23165_,25.145
_02088_,25.14
_05297_,25.14
_08915_,25.14
_10169_,25.14
_17728_,25.14
_19199_,25.14
_03882_,25.12
_11009_,25.12
_13829_,25.12
_20065_,25.12
_21190_,25.12
_21434_,25.12
_23250_,25.12
_26424_,25.12
_23146_,25.11
_23932_,25.11
_04626_,25.1
_04739_,25.1
_05028_,25.1
_07034_,25.1
_07107_,25.1
_16670_,25.1
_08255_,25.09
_01181_,25.08
_15787_,25.08
_19136_,25.08
_05104_,25.06
_07590_,25.06
_09497_,25.06
_11408_,25.06
_16324_,25.06
_19947_,25.06
_03128_,25.05
_01054_,25.04
_04239_,25.04
_06652_,25.04
_14057_,25.04
_19513_,25.04
net702,25.04
_06708_,25.02
_07507_,25.02
_25545_,25.02
_25901_,25.02
_26151_,25.02
u_core0.ROW\[21\].COL\[0\].u_pe.b_out\[7\],25.02
_00396_,25
_11127_,25
_12845_,25
_14652_,25
_16329_,25
_18628_,25
_20173_,25
_26400_,25
_26484_,25
_01179_,24.98
_01385_,24.98
_11351_,24.98
_00514_,24.96
_15016_,24.96
_18586_,24.96
_20810_,24.96
_21401_,24.96
_23829_,24.95
_02477_,24.94
_18343_,24.94
_21955_,24.94
_23213_,24.94
_16560_,24.92
_25417_,24.905
_08917_,24.9
_09544_,24.9
_18547_,24.9
_21745_,24.9
_24667_,24.9
_06072_,24.88
_01758_,24.86
_10650_,24.86
_16327_,24.86
_04163_,24.84
_06341_,24.84
_08259_,24.84
_09908_,24.84
_16527_,24.84
_18760_,24.84
_22663_,24.84
_25200_,24.84
_21567_,24.83
_26164_,24.83
_00461_,24.82
_06403_,24.82
_10219_,24.82
_12360_,24.82
_21584_,24.82
_08261_,24.8
_14206_,24.8
_23366_,24.8
_24340_,24.8
_26574_,24.8
u_core0.ROW\[13\].COL\[1\].u_pe.b_out\[0\],24.8
_01241_,24.78
_08318_,24.78
_14994_,24.76
_13470_,24.755
_17327_,24.74
_19074_,24.74
_03283_,24.73
_15495_,24.73
_20967_,24.73
_02071_,24.72
_07634_,24.72
_09991_,24.72
_10857_,24.72
_25540_,24.72
clknet_leaf_186_clk,24.72
net1092,24.72
_04063_,24.7
_04514_,24.7
_05099_,24.7
_15407_,24.7
_16777_,24.7
u_core0.ROW\[21\].COL\[1\].u_pe.sum_out\[8\],24.7
_03166_,24.68
_03255_,24.68
_11206_,24.68
_18502_,24.68
u_core0.ROW\[7\].COL\[1\].u_pe.b_out\[5\],24.68
clknet_leaf_68_clk,24.68
_16927_,24.66
_22942_,24.66
_24282_,24.66
_02701_,24.65
_03337_,24.64
_05591_,24.64
_17872_,24.64
_19216_,24.64
_20117_,24.64
_20339_,24.64
u_core0.ROW\[7\].COL\[0\].u_pe.sum_out\[15\],24.64
_02769_,24.63
_18686_,24.63
_26849_,24.63
_01982_,24.62
_11878_,24.62
_05620_,24.6
_07087_,24.6
_10735_,24.6
_19626_,24.6
_21734_,24.6
_25447_,24.59
_03665_,24.58
_09292_,24.58
_21493_,24.58
_16865_,24.57
_06914_,24.56
_12113_,24.56
_23220_,24.56
_12373_,24.55
_00584_,24.54
_11042_,24.54
_22189_,24.54
_24963_,24.54
u_core0.ROW\[22\].COL\[0\].u_pe.sum_out\[1\],24.54
u_core0.ROW\[23\].COL\[0\].u_pe.sum_out\[19\],24.54
_02106_,24.53
_10021_,24.52
_12912_,24.52
_20645_,24.52
_00627_,24.5
_01004_,24.5
_09594_,24.5
_13036_,24.5
_19299_,24.5
_22587_,24.5
_12322_,24.49
_23128_,24.48
_25566_,24.48
u_core0.ROW\[11\].COL\[1\].u_pe.b_out\[3\],24.48
_02248_,24.46
_05475_,24.46
_10929_,24.46
_15092_,24.46
_17054_,24.46
_24463_,24.46
_25974_,24.46
_01656_,24.45
_07483_,24.44
_10634_,24.44
_13453_,24.44
_22316_,24.44
_12745_,24.43
_21600_,24.43
_00612_,24.42
_02856_,24.42
_04525_,24.42
_04806_,24.42
_05548_,24.42
_15062_,24.4
_00445_,24.38
_00447_,24.38
_05002_,24.38
_06164_,24.38
_13597_,24.38
_18531_,24.38
_19079_,24.38
_20577_,24.38
_21294_,24.38
_12355_,24.36
_15237_,24.36
_15329_,24.36
_19634_,24.36
_25298_,24.36
_14747_,24.35
u_core0.ROW\[29\].COL\[0\].u_pe.sum_out\[7\],24.345
_00268_,24.34
_02738_,24.34
_07991_,24.34
_10183_,24.34
_15781_,24.34
_18515_,24.34
_23144_,24.34
_24284_,24.34
_07333_,24.32
_09592_,24.32
_17449_,24.32
_20509_,24.32
_00665_,24.3
_04053_,24.3
_06307_,24.3
_06519_,24.3
_13444_,24.3
_16807_,24.3
_18920_,24.3
_24630_,24.3
_20590_,24.295
_11166_,24.29
_00446_,24.28
_17503_,24.28
_24458_,24.28
_24126_,24.27
_02423_,24.26
_10877_,24.26
_11132_,24.26
_13730_,24.26
_17812_,24.26
_21328_,24.26
_24933_,24.25
_22281_,24.24
_03839_,24.22
_06439_,24.22
_19287_,24.22
_23712_,24.22
clknet_leaf_116_clk,24.22
_09336_,24.2
_14249_,24.2
net18,24.2
_01596_,24.195
_09267_,24.195
_22661_,24.195
_16305_,24.185
u_core0.ROW\[0\].COL\[0\].u_pe.sum_out\[8\],24.185
_07629_,24.18
_10902_,24.18
_11598_,24.18
_13393_,24.18
_13692_,24.18
_13737_,24.18
_17739_,24.18
_21104_,24.18
_23325_,24.18
_04704_,24.17
_04541_,24.16
_10373_,24.16
_23540_,24.16
_02362_,24.14
_04264_,24.14
_04378_,24.14
_06666_,24.14
_09071_,24.14
_11077_,24.14
_24692_,24.14
_24771_,24.14
_25898_,24.14
_14004_,24.12
_18245_,24.12
_18652_,24.12
_25629_,24.12
_00625_,24.1
_11157_,24.1
_13481_,24.1
_24653_,24.1
_25718_,24.1
_01875_,24.08
_09135_,24.08
_12409_,24.08
_18276_,24.08
_20488_,24.08
_22853_,24.08
u_core0.ROW\[17\].COL\[0\].u_pe.sum_out\[18\],24.08
_08913_,24.06
_13639_,24.06
_20528_,24.06
_20697_,24.06
_25748_,24.06
_00416_,24.04
_00706_,24.04
_09885_,24.04
_17534_,24.04
_18533_,24.04
_22522_,24.04
_25949_,24.04
net815,24.04
_01094_,24.03
_13450_,24.03
_08803_,24.02
_12928_,24.02
_14920_,24.02
_17484_,24.02
_19941_,24.02
_25834_,24.02
_03965_,24
_12481_,24
_26071_,24
_02201_,23.98
_05185_,23.98
_06225_,23.98
_19985_,23.98
_23695_,23.98
_13386_,23.975
_20448_,23.97
_00194_,23.96
_12612_,23.96
_12772_,23.96
_13794_,23.96
_24949_,23.96
_05589_,23.94
_06995_,23.94
_12330_,23.94
_17112_,23.94
_21654_,23.94
_17225_,23.935
_02571_,23.92
_03883_,23.92
_04173_,23.92
_07780_,23.92
_14988_,23.92
_21616_,23.92
_22869_,23.92
_26679_,23.92
u_core0.ROW\[3\].COL\[0\].u_pe.sum_out\[11\],23.92
_04340_,23.9
_12019_,23.9
_12288_,23.9
_21936_,23.895
_03411_,23.88
_05113_,23.88
_06157_,23.88
_08483_,23.88
_10862_,23.88
_14402_,23.875
_06889_,23.86
_15287_,23.86
_25074_,23.86
_01911_,23.85
_04688_,23.85
_03621_,23.84
_05626_,23.84
_12050_,23.84
_21726_,23.84
_25476_,23.84
u_core0.ROW\[7\].COL\[1\].u_pe.b_out\[6\],23.84
net985,23.84
u_core0.ROW\[2\].COL\[0\].u_pe.sum_out\[16\],23.83
_03326_,23.82
_22084_,23.82
_24537_,23.82
_03772_,23.8
_04942_,23.8
_07429_,23.8
_08097_,23.8
_09578_,23.8
_13421_,23.8
_16538_,23.8
_20042_,23.8
_23258_,23.8
_24421_,23.8
_16828_,23.795
_03802_,23.78
_12356_,23.78
_23974_,23.78
_24489_,23.78
_02183_,23.76
_02914_,23.76
_03977_,23.76
_05866_,23.76
_06474_,23.76
_08619_,23.76
_11281_,23.76
_21571_,23.76
_21748_,23.76
_22829_,23.76
_11487_,23.75
net676,23.745
_01556_,23.74
_04325_,23.74
_16775_,23.74
_19776_,23.74
_21272_,23.74
_21346_,23.74
_24131_,23.74
_06482_,23.73
_04501_,23.72
_05999_,23.72
_16675_,23.72
_23256_,23.72
_24709_,23.72
u_core0.ROW\[28\].COL\[0\].u_pe.sum_out\[6\],23.72
_07884_,23.715
_13131_,23.71
_07018_,23.7
_23627_,23.7
_23993_,23.7
u_core0.ROW\[19\].COL\[0\].u_pe.sum_out\[16\],23.7
u_core0.ROW\[28\].COL\[1\].u_pe.sum_out\[5\],23.695
_04476_,23.68
_09126_,23.68
_09319_,23.68
_09749_,23.68
_22701_,23.68
_25917_,23.68
_04601_,23.66
_06063_,23.66
_06079_,23.66
_07396_,23.66
_26134_,23.66
net700,23.66
_06492_,23.655
_01396_,23.64
_02996_,23.64
_03587_,23.64
_10108_,23.64
_15386_,23.64
_25541_,23.64
_08352_,23.635
_04724_,23.62
_05711_,23.62
_12257_,23.62
_22134_,23.62
_00921_,23.6
_01945_,23.6
_06654_,23.6
_10622_,23.6
_11523_,23.6
_00440_,23.58
_02441_,23.58
_05547_,23.58
_12646_,23.58
_13719_,23.58
_21742_,23.58
_22013_,23.58
u_core0.ROW\[25\].COL\[1\].u_pe.b_out\[0\],23.58
_20826_,23.56
_22398_,23.56
u_core0.ROW\[25\].COL\[0\].u_pe.sum_out\[17\],23.56
u_core0.ROW\[4\].COL\[0\].u_pe.sum_out\[12\],23.56
_07019_,23.54
_13773_,23.54
_17316_,23.54
_18638_,23.54
_23935_,23.54
_24503_,23.54
_26805_,23.54
_10181_,23.53
_03278_,23.52
_01187_,23.5
_04693_,23.5
_05615_,23.5
_08887_,23.5
_19823_,23.5
_04058_,23.495
_20625_,23.49
_00306_,23.48
_02823_,23.48
_06150_,23.48
_07797_,23.48
_21388_,23.48
_21669_,23.48
u_core0.ROW\[22\].COL\[0\].u_pe.sum_out\[2\],23.48
u_core0.ROW\[28\].COL\[0\].u_pe.sum_out\[10\],23.48
_07397_,23.47
_02319_,23.46
_06618_,23.46
u_core0.ROW\[4\].COL\[0\].u_pe.sum_out\[7\],23.46
u_core0.ROW\[7\].COL\[0\].u_pe.sum_out\[17\],23.46
_07813_,23.455
_02040_,23.44
_04105_,23.44
_04986_,23.44
_05129_,23.44
_06500_,23.44
_07187_,23.44
_07202_,23.44
_26762_,23.44
_04786_,23.435
_04575_,23.43
_12430_,23.43
_00654_,23.42
_01845_,23.42
_01951_,23.42
_03351_,23.42
_09391_,23.42
_16013_,23.42
_05613_,23.41
_05184_,23.4
_12169_,23.4
_12660_,23.4
_16096_,23.4
_19068_,23.4
_21038_,23.4
_24105_,23.4
_24303_,23.4
u_core0.ROW\[5\].COL\[0\].u_pe.sum_out\[15\],23.4
_26366_,23.395
_04812_,23.39
result[31],23.39
_14819_,23.38
_22188_,23.375
_03133_,23.37
_10685_,23.36
_15420_,23.36
_20721_,23.36
_01404_,23.34
_02664_,23.34
_10641_,23.34
_01483_,23.33
_02677_,23.32
_12722_,23.32
_20322_,23.32
u_core0.ROW\[1\].COL\[1\].u_pe.b_out\[7\],23.32
u_core0.ROW\[29\].COL\[0\].u_pe.b_out\[3\],23.32
_01744_,23.3
_07278_,23.3
_10927_,23.3
_13992_,23.3
_18915_,23.3
_20800_,23.3
_25548_,23.3
_26001_,23.3
_10993_,23.28
_18581_,23.28
_20518_,23.27
u_core0.ROW\[4\].COL\[0\].u_pe.sum_out\[15\],23.27
_05539_,23.265
_00806_,23.26
_20852_,23.26
u_core0.ROW\[24\].COL\[0\].u_pe.sum_out\[4\],23.26
_10377_,23.24
_13372_,23.24
_22315_,23.24
_03153_,23.22
_05346_,23.22
_11799_,23.22
_14320_,23.22
_15913_,23.22
_23125_,23.22
_24092_,23.22
_25357_,23.22
_25695_,23.21
_05880_,23.2
_07394_,23.2
_09371_,23.2
_09683_,23.2
_13262_,23.2
_15387_,23.2
_24454_,23.195
_20954_,23.19
_07948_,23.18
_16722_,23.18
_17017_,23.18
_02762_,23.16
_08369_,23.16
_09342_,23.16
_12386_,23.16
_26718_,23.16
_22493_,23.155
_21063_,23.15
_04644_,23.14
_12818_,23.14
_13423_,23.14
_20804_,23.14
_23648_,23.14
_24973_,23.14
_05440_,23.13
_09816_,23.13
_17167_,23.125
_18579_,23.1
_20389_,23.1
_21783_,23.1
_25543_,23.1
u_core0.ROW\[14\].COL\[0\].u_pe.sum_out\[17\],23.1
u_core0.ROW\[30\].COL\[0\].u_pe.sum_out\[17\],23.1
_05706_,23.08
_09878_,23.08
_12800_,23.08
_19684_,23.08
u_core0.ROW\[5\].COL\[0\].u_pe.sum_out\[5\],23.08
_13739_,23.07
_02290_,23.06
_05074_,23.06
_07276_,23.06
_08617_,23.06
_10079_,23.06
_10820_,23.06
_18444_,23.06
_18699_,23.06
_19045_,23.06
_21460_,23.06
_25782_,23.06
u_core0.ROW\[13\].COL\[0\].u_pe.sum_out\[7\],23.06
net976,23.06
_22284_,23.05
_00147_,23.04
_16955_,23.04
_19133_,23.04
_19146_,23.04
u_core0.ROW\[11\].COL\[1\].u_pe.b_out\[2\],23.04
_07925_,23.03
_05072_,23.02
_05247_,23.02
_09165_,23.02
_09803_,23.02
_16875_,23.02
_19521_,23.02
_21409_,23.02
_26081_,23.02
u_core0.ROW\[26\].COL\[0\].u_pe.sum_out\[7\],23.02
net873,23.02
_02282_,23
_04960_,23
_05663_,23
_14407_,23
_14736_,23
_20157_,23
_25927_,23
data_in_broad[25],22.99
_00818_,22.98
_01814_,22.98
_04272_,22.98
_04451_,22.98
_06749_,22.98
_10932_,22.98
_12843_,22.98
_16590_,22.98
_23494_,22.98
_26372_,22.98
_18615_,22.97
_00467_,22.96
_04064_,22.96
_16140_,22.96
_25589_,22.96
u_core0.ROW\[4\].COL\[1\].u_pe.sum_out\[3\],22.96
_14811_,22.95
_01937_,22.94
_11090_,22.94
_12015_,22.94
_12513_,22.94
_19744_,22.94
_23939_,22.94
_13846_,22.935
_02860_,22.92
_22368_,22.92
u_core0.ROW\[5\].COL\[0\].u_pe.sum_out\[19\],22.92
_11982_,22.91
_08878_,22.9
_26698_,22.9
_07877_,22.89
_05154_,22.88
_05762_,22.88
_17006_,22.88
_17400_,22.88
_18860_,22.88
_24504_,22.88
_18099_,22.87
_25241_,22.86
_25950_,22.855
_02240_,22.84
_12112_,22.84
_17712_,22.84
_20820_,22.84
_22453_,22.84
_25231_,22.84
u_core0.ROW\[20\].COL\[0\].u_pe.sum_out\[15\],22.835
_03614_,22.82
_06554_,22.82
_06642_,22.82
_08138_,22.82
_16275_,22.82
_18703_,22.82
_19889_,22.82
_20755_,22.82
_10753_,22.8
_10852_,22.8
_17044_,22.8
_04460_,22.78
_08276_,22.78
_09253_,22.78
_12369_,22.78
_20661_,22.78
_06012_,22.77
_11279_,22.76
_13472_,22.76
_19400_,22.76
_19426_,22.76
_21296_,22.76
_04394_,22.74
_05486_,22.74
_07888_,22.74
_07960_,22.74
_17684_,22.74
_23084_,22.74
u_core0.ROW\[17\].COL\[1\].u_pe.b_out\[0\],22.735
_13588_,22.73
_02781_,22.72
_04026_,22.72
_08171_,22.72
_10535_,22.72
_13820_,22.72
_14252_,22.72
_17936_,22.72
_18604_,22.72
_19389_,22.72
_19627_,22.72
_20314_,22.72
_22158_,22.72
u_core0.ROW\[31\].COL\[0\].u_pe.sum_out\[15\],22.72
_05561_,22.705
_01817_,22.7
_08023_,22.7
_11041_,22.7
_12846_,22.7
_23512_,22.7
_17658_,22.69
_24078_,22.69
_07618_,22.68
_24968_,22.67
_12216_,22.66
_25605_,22.66
u_core0.ROW\[25\].COL\[1\].u_pe.sum_out\[2\],22.66
_06958_,22.655
_01084_,22.64
_02805_,22.64
_05103_,22.64
_08123_,22.64
_10489_,22.64
_24216_,22.64
_04219_,22.62
_05062_,22.62
_06725_,22.62
_23638_,22.62
_25283_,22.62
_22143_,22.615
u_core0.ROW\[3\].COL\[0\].u_pe.sum_out\[13\],22.61
_07029_,22.6
_11093_,22.6
_19182_,22.6
_23900_,22.6
_22092_,22.585
_00456_,22.58
_07064_,22.58
_07406_,22.58
_07848_,22.58
_12962_,22.58
_13483_,22.58
_21599_,22.58
_22530_,22.58
_00981_,22.56
_01071_,22.56
_02697_,22.56
_09979_,22.56
_12391_,22.56
_14762_,22.56
_16484_,22.56
_22442_,22.56
_23271_,22.56
_17740_,22.55
_07939_,22.54
_21885_,22.54
_25247_,22.54
u_core0.ROW\[15\].COL\[0\].u_pe.sum_out\[16\],22.54
mem0_rdata\[15\],22.53
_22801_,22.51
_06907_,22.505
_10354_,22.505
_03780_,22.5
_08647_,22.5
_11583_,22.5
_11997_,22.5
_17768_,22.5
_19053_,22.5
_20059_,22.5
_21257_,22.495
_13161_,22.49
_01412_,22.48
_10689_,22.48
_23401_,22.48
_04821_,22.46
_05159_,22.46
_05722_,22.46
_07098_,22.46
_12472_,22.46
_13748_,22.46
_17607_,22.46
_21653_,22.46
_26703_,22.46
net1055,22.46
_01732_,22.44
_05226_,22.44
_04368_,22.42
_12333_,22.42
_12963_,22.42
_15969_,22.42
_20017_,22.42
u_core0.ROW\[12\].COL\[1\].u_pe.b_out\[6\],22.42
_13155_,22.415
_20626_,22.415
_11913_,22.4
_13595_,22.4
_16166_,22.4
_17120_,22.4
_20398_,22.4
_23105_,22.4
_00600_,22.38
_05300_,22.38
_13479_,22.38
_20167_,22.38
_21417_,22.38
u_core0.ROW\[20\].COL\[1\].u_pe.sum_out\[8\],22.38
_15336_,22.375
_02134_,22.37
_02730_,22.36
_14445_,22.36
_20752_,22.36
_23318_,22.36
_23651_,22.36
_26510_,22.36
_01295_,22.35
_07445_,22.34
_08949_,22.34
_21092_,22.34
_23136_,22.34
_23446_,22.34
_11937_,22.335
_12068_,22.335
_23039_,22.335
_24913_,22.33
u_core0.ROW\[0\].COL\[1\].u_pe.b_out\[4\],22.325
_04996_,22.32
_06739_,22.32
_07765_,22.32
_14357_,22.32
_21363_,22.32
_21864_,22.32
_21967_,22.32
_25145_,22.32
_10517_,22.31
_01908_,22.3
_15490_,22.3
_15982_,22.3
_20837_,22.3
_21080_,22.3
u_core0.ROW\[26\].COL\[0\].u_pe.sum_out\[13\],22.3
u_core0.ROW\[3\].COL\[0\].u_pe.b_out\[2\],22.3
_04446_,22.29
_09123_,22.28
_16238_,22.28
_18569_,22.28
_26095_,22.28
_06388_,22.27
_06690_,22.26
_08413_,22.26
_09198_,22.26
_13856_,22.26
_00034_,22.245
_13297_,22.24
_19059_,22.24
_21758_,22.24
_24437_,22.24
_25972_,22.24
_08632_,22.22
_09831_,22.22
_14157_,22.22
_19525_,22.22
_24885_,22.22
u_core0.ROW\[5\].COL\[1\].u_pe.sum_out\[9\],22.22
_04461_,22.2
_07316_,22.2
_07869_,22.2
_15824_,22.2
_16960_,22.2
_21951_,22.2
_22186_,22.2
_26492_,22.2
net1069,22.2
_04389_,22.18
_10680_,22.18
_15248_,22.18
_18110_,22.18
_21187_,22.18
u_core0.ROW\[26\].COL\[0\].u_pe.sum_out\[16\],22.18
_18949_,22.175
_06276_,22.16
_07408_,22.16
_21592_,22.16
_23086_,22.16
_25123_,22.16
_06450_,22.15
_17008_,22.15
_01107_,22.14
_05549_,22.14
_07345_,22.14
_11059_,22.14
_19488_,22.14
_21052_,22.14
_23666_,22.14
u_core0.ROW\[6\].COL\[0\].u_pe.sum_out\[5\],22.14
_15815_,22.135
_13832_,22.13
_04901_,22.12
_11080_,22.12
_11165_,22.12
_13685_,22.12
_14139_,22.12
_02273_,22.1
_03795_,22.1
_08895_,22.1
_09109_,22.1
_13492_,22.1
_21828_,22.1
_26052_,22.1
_12709_,22.095
_04820_,22.09
_03358_,22.08
_03925_,22.08
_05421_,22.08
_06023_,22.08
_07094_,22.08
_07105_,22.08
_26911_,22.08
clknet_leaf_42_clk,22.08
_22566_,22.07
_06866_,22.06
_07147_,22.06
_07474_,22.055
_21782_,22.05
_25116_,22.05
_05600_,22.045
_09257_,22.04
_15102_,22.04
_20718_,22.04
_22911_,22.04
_25450_,22.04
_25638_,22.04
_26727_,22.04
_07293_,22.02
_09087_,22.02
_22271_,22.02
_25996_,22.02
_12368_,22.01
_01381_,22
_13305_,22
_19265_,22
_19811_,22
_21159_,22
_22843_,22
u_core0.ROW\[16\].COL\[1\].u_pe.b_out\[5\],22
_19785_,21.985
net1032,21.985
_13067_,21.98
_18674_,21.98
_23590_,21.98
_24508_,21.98
_26735_,21.965
_01860_,21.96
_06859_,21.96
_07728_,21.96
_10556_,21.96
_11422_,21.96
_21825_,21.96
_26835_,21.96
_06657_,21.945
_21755_,21.94
_22975_,21.94
_04700_,21.92
_08814_,21.92
_15899_,21.92
_24019_,21.92
_26025_,21.92
u_core0.ROW\[26\].COL\[0\].u_pe.sum_out\[14\],21.915
_06360_,21.91
_08204_,21.91
_00144_,21.9
_05852_,21.9
_12743_,21.9
_25905_,21.9
u_core0.ROW\[25\].COL\[1\].u_pe.sum_out\[8\],21.9
_03221_,21.89
_01284_,21.88
_02705_,21.88
_06997_,21.88
_15392_,21.88
_17849_,21.88
_22517_,21.88
_27019_,21.88
_16070_,21.875
_07497_,21.86
_10900_,21.86
_23987_,21.86
_22540_,21.85
_06828_,21.84
_07793_,21.84
_15306_,21.84
_20206_,21.84
_20628_,21.84
_26811_,21.84
_08536_,21.83
_04248_,21.82
_04396_,21.82
_06982_,21.82
_22234_,21.82
_22957_,21.82
_26938_,21.82
_05307_,21.8
_06200_,21.8
_12120_,21.8
_18662_,21.8
_18672_,21.8
_19006_,21.8
_24986_,21.8
_25108_,21.8
_08451_,21.78
_14327_,21.78
_26731_,21.78
_26753_,21.78
_26851_,21.78
u_core0.ROW\[12\].COL\[1\].u_pe.sum_out\[7\],21.78
_04726_,21.77
_04534_,21.76
_06057_,21.76
_08678_,21.76
_09873_,21.76
_11050_,21.76
_14290_,21.76
_15580_,21.76
_17409_,21.76
_20993_,21.76
_24640_,21.76
_26070_,21.76
_26748_,21.76
_09984_,21.74
_12736_,21.74
_17756_,21.74
u_core0.ROW\[21\].COL\[0\].u_pe.sum_out\[2\],21.73
_16101_,21.72
_24426_,21.72
_01969_,21.7
_02415_,21.7
_04048_,21.7
_04159_,21.7
_08933_,21.7
_10174_,21.7
_14493_,21.7
_20019_,21.7
_23913_,21.7
_01332_,21.68
_04160_,21.68
_07344_,21.68
_08642_,21.68
_13142_,21.68
_17332_,21.68
_17805_,21.67
_18960_,21.66
_21855_,21.66
_22155_,21.66
_24362_,21.66
u_core0.ROW\[11\].COL\[0\].u_pe.sum_out\[6\],21.66
_13032_,21.65
_01955_,21.64
_11736_,21.64
_13664_,21.64
_16623_,21.64
_24525_,21.64
u_core0.ROW\[12\].COL\[0\].u_pe.sum_out\[10\],21.64
_20094_,21.635
_06073_,21.62
_08173_,21.62
_11225_,21.62
_12690_,21.62
_14647_,21.62
_20639_,21.62
_20923_,21.62
_09582_,21.6
u_core0.ROW\[4\].COL\[0\].u_pe.sum_out\[18\],21.6
_04348_,21.595
_01805_,21.58
_04040_,21.58
_08586_,21.58
_09349_,21.58
_10224_,21.58
_10847_,21.58
_25890_,21.58
u_core0.ROW\[7\].COL\[1\].u_pe.b_out\[0\],21.58
_20627_,21.575
u_core0.ROW\[22\].COL\[0\].u_pe.sum_out\[9\],21.565
_08798_,21.56
_10220_,21.56
_21177_,21.56
_25094_,21.56
_02642_,21.54
_04101_,21.54
_08941_,21.54
_11047_,21.54
_11895_,21.54
_15189_,21.54
_23693_,21.54
clknet_leaf_119_clk,21.54
_05188_,21.52
_19510_,21.52
_26449_,21.52
result[26],21.51
_00030_,21.5
_01064_,21.5
_01863_,21.5
_06688_,21.5
_10899_,21.5
_14406_,21.5
_22363_,21.5
_23203_,21.5
_24908_,21.5
_26225_,21.5
_09251_,21.48
_15579_,21.48
_18351_,21.48
_02775_,21.47
_04379_,21.46
_07768_,21.46
_23482_,21.46
_24312_,21.46
clknet_leaf_151_clk,21.46
_19957_,21.455
_06488_,21.44
_07521_,21.44
_16105_,21.44
_17210_,21.44
_26433_,21.44
_03023_,21.42
_15798_,21.42
u_core0.ROW\[21\].COL\[1\].u_pe.sum_out\[5\],21.42
_03748_,21.4
_06805_,21.4
_13572_,21.4
_14602_,21.4
_20965_,21.4
_26526_,21.4
_05065_,21.38
_05538_,21.38
_05944_,21.38
_06137_,21.38
_08235_,21.38
_21214_,21.38
_24804_,21.375
_01580_,21.36
_02017_,21.36
_02530_,21.36
_10488_,21.36
_12617_,21.36
_14383_,21.36
_15651_,21.36
_21550_,21.36
_04015_,21.34
_16748_,21.34
_25956_,21.34
_00856_,21.32
_04613_,21.32
_13954_,21.32
_15845_,21.32
u_core0.ROW\[26\].COL\[1\].u_pe.sum_out\[9\],21.32
_10729_,21.31
_02389_,21.3
_07611_,21.3
_07616_,21.3
_25556_,21.3
u_core0.ROW\[13\].COL\[0\].u_pe.a_out\[2\],21.3
_02877_,21.29
_07233_,21.29
_03951_,21.28
_23261_,21.28
_23850_,21.28
_24811_,21.28
_13082_,21.27
_22854_,21.27
_01066_,21.26
_09143_,21.26
_09931_,21.26
_11619_,21.26
_22197_,21.26
_07096_,21.255
_07313_,21.25
_01747_,21.24
_04697_,21.24
_10091_,21.24
_14231_,21.24
_14887_,21.24
_19741_,21.24
net1088,21.24
_17822_,21.235
_21553_,21.23
_02430_,21.22
_04298_,21.22
_04854_,21.22
_05933_,21.22
_07697_,21.22
_09862_,21.22
_18377_,21.22
_20003_,21.22
u_core0.ROW\[20\].COL\[1\].u_pe.sum_out\[6\],21.22
_01300_,21.2
_01312_,21.2
_03846_,21.2
_08287_,21.2
_09577_,21.2
_16853_,21.2
_17552_,21.2
_13168_,21.195
_07325_,21.18
_09171_,21.18
_14608_,21.18
_17900_,21.18
_18254_,21.18
_19657_,21.18
_09902_,21.17
_11311_,21.17
u_core0.ROW\[3\].COL\[0\].u_pe.b_out\[7\],21.165
_03296_,21.16
_06904_,21.16
_17634_,21.16
_18480_,21.16
_18879_,21.16
_23884_,21.16
_25507_,21.16
_01615_,21.155
_25559_,21.15
_00606_,21.14
_21764_,21.14
_26274_,21.14
_03070_,21.12
_10532_,21.12
_15046_,21.12
_15752_,21.12
_16201_,21.12
u_core0.ROW\[24\].COL\[1\].u_pe.sum_out\[5\],21.12
_17077_,21.105
_19904_,21.1
_25871_,21.1
clknet_leaf_38_clk,21.1
_04897_,21.09
_18717_,21.09
_04611_,21.08
_07519_,21.08
_11707_,21.08
_12640_,21.08
_13002_,21.08
_15376_,21.08
_19233_,21.08
_25915_,21.08
_06228_,21.06
_11256_,21.06
_22960_,21.06
_24271_,21.06
_25362_,21.06
_26149_,21.06
u_core0.ROW\[21\].COL\[0\].u_pe.sum_out\[13\],21.06
_05199_,21.04
_10722_,21.04
_17787_,21.04
_19553_,21.04
_25581_,21.04
_01123_,21.03
_03949_,21.02
_06559_,21.02
_15005_,21.02
_16033_,21.02
_24030_,21.02
u_core0.ROW\[8\].COL\[1\].u_pe.sum_out\[10\],21.02
_24755_,21.015
_26067_,21.015
_03123_,21
_04819_,21
_05752_,21
_06723_,21
_10923_,21
_14788_,21
_15020_,21
_15698_,21
_22214_,21
_23767_,21
u_core0.ROW\[30\].COL\[0\].u_pe.sum_out\[1\],21
_10167_,20.98
_11880_,20.98
_15894_,20.98
_17614_,20.98
_25451_,20.98
_26996_,20.98
_00356_,20.96
_01169_,20.96
_03725_,20.96
_04218_,20.96
_07654_,20.96
_08172_,20.96
_18058_,20.96
_21695_,20.96
_21867_,20.96
_23095_,20.96
_24252_,20.96
_26677_,20.96
_21987_,20.945
_01733_,20.94
_06574_,20.94
_11004_,20.94
_23221_,20.93
_02777_,20.92
_07351_,20.92
_16612_,20.92
_16780_,20.92
_19914_,20.92
_20734_,20.92
_26387_,20.92
_20559_,20.91
_03200_,20.9
_03475_,20.9
_04863_,20.9
_08038_,20.9
_09364_,20.9
_15889_,20.9
_01938_,20.89
_01227_,20.88
_02723_,20.88
_09912_,20.88
_19735_,20.88
_24746_,20.88
_24765_,20.88
u_core0.ROW\[3\].COL\[1\].u_pe.b_out\[2\],20.88
_17757_,20.875
_03230_,20.86
_12530_,20.86
_14537_,20.86
_16185_,20.86
_16650_,20.86
_25619_,20.86
_03998_,20.84
_07332_,20.84
_07343_,20.84
_11729_,20.84
_13501_,20.84
_18817_,20.84
_24474_,20.84
_26201_,20.84
u_core0.ROW\[3\].COL\[0\].u_pe.b_out\[5\],20.84
net831,20.84
_07905_,20.83
_11734_,20.82
_12146_,20.82
_12433_,20.82
_18267_,20.82
_26251_,20.82
_07003_,20.81
_03442_,20.8
_09334_,20.8
_11962_,20.8
_20990_,20.8
_21151_,20.8
_23557_,20.8
_26114_,20.8
_18369_,20.795
_03439_,20.78
_04884_,20.78
_10999_,20.78
_19780_,20.78
_21610_,20.78
_22280_,20.78
_25057_,20.78
_21343_,20.775
_02932_,20.76
_03338_,20.76
_06411_,20.76
_13157_,20.76
_15681_,20.76
_17421_,20.76
_22706_,20.76
_24788_,20.76
_25437_,20.76
_26503_,20.76
net1079,20.76
_05872_,20.745
_01471_,20.74
_03371_,20.74
_05212_,20.74
_15317_,20.74
_16241_,20.74
_20001_,20.74
_25596_,20.74
u_core0.ROW\[20\].COL\[1\].u_pe.sum_out\[0\],20.74
u_core0.ROW\[12\].COL\[0\].u_pe.sum_out\[14\],20.73
_10605_,20.72
_12035_,20.72
_14767_,20.72
_15214_,20.72
_15655_,20.72
_16425_,20.72
_18094_,20.72
_18309_,20.72
_20107_,20.72
_24348_,20.72
_26363_,20.72
_26981_,20.72
u_core0.ROW\[24\].COL\[0\].u_pe.sum_out\[7\],20.72
_20894_,20.71
_08548_,20.7
_09429_,20.7
_11158_,20.7
_11339_,20.7
_16030_,20.7
_17194_,20.7
_19865_,20.7
_21718_,20.7
u_core0.ROW\[16\].COL\[0\].u_pe.sum_out\[2\],20.7
u_core0.ROW\[28\].COL\[0\].u_pe.sum_out\[3\],20.7
u_core0.ROW\[3\].COL\[1\].u_pe.sum_out\[4\],20.7
u_core0.ROW\[3\].COL\[1\].u_pe.sum_out\[9\],20.7
_12468_,20.68
_15765_,20.68
_20366_,20.68
_24793_,20.68
_25702_,20.68
_26265_,20.68
_05487_,20.665
_01068_,20.66
_05038_,20.66
_05098_,20.66
_06612_,20.66
_07348_,20.66
_13118_,20.66
_14942_,20.66
_15999_,20.66
_16571_,20.66
_22256_,20.66
u_core0.ROW\[0\].COL\[0\].u_pe.b_out\[6\],20.66
u_core0.ROW\[14\].COL\[1\].u_pe.b_out\[0\],20.66
net667,20.66
_26808_,20.655
_07972_,20.64
_08385_,20.64
_09710_,20.64
_21096_,20.64
clknet_leaf_237_clk,20.64
_03257_,20.62
_08832_,20.62
_09795_,20.62
_12331_,20.62
_14398_,20.62
_15024_,20.62
_15467_,20.62
_16632_,20.62
_16692_,20.62
_16802_,20.62
_18497_,20.62
_22318_,20.62
_08550_,20.615
_02845_,20.61
_08319_,20.6
_16123_,20.6
_16188_,20.6
_21453_,20.6
_04768_,20.59
_01985_,20.58
_04045_,20.58
_05035_,20.58
_05214_,20.58
_05593_,20.58
_06691_,20.58
_08972_,20.58
_11029_,20.58
_21994_,20.58
_22768_,20.58
_23464_,20.58
_24462_,20.58
_24750_,20.58
_02022_,20.56
_04136_,20.56
_07533_,20.56
_10934_,20.56
_19161_,20.56
_20191_,20.56
_20670_,20.55
_02702_,20.54
_05934_,20.54
_06124_,20.54
_07413_,20.54
_09163_,20.54
_15052_,20.54
_17040_,20.54
_20765_,20.54
_22561_,20.53
_04269_,20.52
_05165_,20.52
_06583_,20.52
_06586_,20.52
_20712_,20.52
_25282_,20.52
_10888_,20.51
_02482_,20.5
_02718_,20.5
_05546_,20.5
_08301_,20.5
_14933_,20.5
_20869_,20.5
_21858_,20.5
_24366_,20.5
_24598_,20.5
_26782_,20.5
clknet_leaf_0_clk,20.5
u_core0.ROW\[20\].COL\[0\].u_pe.sum_out\[4\],20.5
_00495_,20.48
_04619_,20.48
_10628_,20.48
_12143_,20.48
_15502_,20.47
_02035_,20.46
_10496_,20.46
_13679_,20.46
_17967_,20.46
_00417_,20.44
_05504_,20.44
_08075_,20.44
_11341_,20.44
_18955_,20.44
u_core0.ROW\[10\].COL\[0\].u_pe.sum_out\[1\],20.44
_01234_,20.42
_02758_,20.42
_04594_,20.42
_09522_,20.42
_15601_,20.42
_16954_,20.42
_21727_,20.42
_24634_,20.42
_25332_,20.42
u_core0.ROW\[21\].COL\[1\].u_pe.sum_out\[4\],20.42
_21106_,20.415
_01704_,20.41
_08585_,20.4
_12828_,20.4
_20144_,20.4
_21776_,20.4
_20171_,20.395
_26337_,20.39
_00455_,20.38
_01811_,20.38
_02611_,20.38
_02638_,20.38
_02650_,20.38
_02835_,20.38
_03695_,20.38
_16770_,20.38
_18067_,20.38
_21458_,20.38
_16193_,20.37
_01686_,20.36
_04640_,20.36
_07599_,20.36
_12767_,20.36
_19930_,20.36
_20052_,20.36
_23541_,20.36
_24996_,20.36
_10569_,20.34
_11749_,20.34
_14840_,20.34
_25267_,20.34
_26019_,20.34
_20078_,20.33
_02469_,20.32
_02632_,20.32
_06933_,20.32
_08736_,20.32
_09310_,20.32
_10230_,20.32
_11471_,20.32
_15773_,20.32
_16713_,20.32
_19499_,20.32
_21429_,20.32
_22347_,20.32
_26152_,20.32
u_core0.ROW\[16\].COL\[1\].u_pe.b_out\[0\],20.32
_02161_,20.31
_02443_,20.3
_04510_,20.3
_06547_,20.3
_08660_,20.3
_11587_,20.3
_14036_,20.3
_15941_,20.3
_24739_,20.3
_26092_,20.3
u_core0.ROW\[17\].COL\[0\].u_pe.sum_out\[16\],20.3
_15713_,20.295
_02748_,20.28
_04631_,20.28
_06598_,20.28
_07811_,20.28
_12954_,20.28
_21699_,20.28
u_core0.ROW\[1\].COL\[0\].u_pe.sum_out\[2\],20.28
u_core0.ROW\[6\].COL\[0\].u_pe.sum_out\[15\],20.28
_22557_,20.27
_00192_,20.26
_06602_,20.26
_06643_,20.26
_07186_,20.26
_18162_,20.26
_18259_,20.26
_20068_,20.26
_21664_,20.26
_25849_,20.26
_26104_,20.26
_05556_,20.24
_09210_,20.24
_09537_,20.24
_09824_,20.24
_10589_,20.24
_10725_,20.24
_11318_,20.24
_11640_,20.24
_13325_,20.24
_13404_,20.24
_18819_,20.24
_19471_,20.24
_20445_,20.24
_23027_,20.24
u_core0.ROW\[17\].COL\[0\].u_pe.sum_out\[19\],20.24
u_core0.ROW\[25\].COL\[0\].u_pe.sum_out\[14\],20.24
clknet_leaf_236_clk,20.24
_05707_,20.23
_03506_,20.22
_10205_,20.22
_11675_,20.22
_14038_,20.22
_14951_,20.22
_17853_,20.22
_18965_,20.22
_20130_,20.22
_23683_,20.22
_25449_,20.22
net712,20.22
_01115_,20.2
_06712_,20.2
_07967_,20.2
_09530_,20.2
_11558_,20.2
_23216_,20.2
_24024_,20.2
_07468_,20.19
_07526_,20.18
_13629_,20.18
_23417_,20.17
_06689_,20.16
_07342_,20.16
_10119_,20.16
_14793_,20.16
_17134_,20.16
_17789_,20.16
_20063_,20.16
_20806_,20.16
_26687_,20.16
_17103_,20.155
_10638_,20.15
_02107_,20.14
_06621_,20.14
_07169_,20.14
_07446_,20.14
_21624_,20.14
_25771_,20.13
_01870_,20.12
_02206_,20.12
_02925_,20.12
_04297_,20.12
_08062_,20.12
_09223_,20.12
_09875_,20.12
_12758_,20.12
_13164_,20.12
_13667_,20.12
_13808_,20.12
_14315_,20.12
_14794_,20.12
_17383_,20.12
_21081_,20.12
_22467_,20.12
_24770_,20.12
_25034_,20.12
_27009_,20.105
_04676_,20.1
_06039_,20.1
_13119_,20.1
_14899_,20.1
_17117_,20.1
_20556_,20.1
_21707_,20.1
_24387_,20.1
_21675_,20.095
_03947_,20.08
_04826_,20.08
_07157_,20.08
_08079_,20.08
_08315_,20.08
_08747_,20.08
_12195_,20.08
_13612_,20.08
_13762_,20.08
_25851_,20.08
net656,20.07
_07443_,20.06
_15809_,20.06
_26394_,20.06
_06134_,20.04
_12826_,20.04
_23334_,20.04
_24102_,20.04
_25049_,20.04
_26717_,20.04
_04997_,20.02
_08066_,20.02
_10100_,20.02
_20116_,20.02
_23919_,20.02
_24398_,20.02
_01236_,20.01
_26973_,20.01
_04131_,20
_06813_,20
_07940_,20
_10069_,20
_20312_,20
_24286_,20
_08496_,19.995
_02652_,19.98
_06295_,19.98
_09164_,19.98
_09764_,19.98
_11599_,19.98
_16453_,19.98
_16727_,19.98
u_core0.ROW\[0\].COL\[0\].u_pe.sum_out\[0\],19.98
_01213_,19.96
_08443_,19.96
_11622_,19.96
_12139_,19.96
_19705_,19.96
_21041_,19.96
_21538_,19.96
_24136_,19.96
clknet_leaf_267_clk,19.96
u_core0.ROW\[27\].COL\[1\].u_pe.b_out\[2\],19.955
_01321_,19.94
_01808_,19.94
_02109_,19.94
_08477_,19.94
_18578_,19.94
_21107_,19.94
_25827_,19.94
_08437_,19.925
_00953_,19.92
_02197_,19.92
_08995_,19.92
_10191_,19.92
_16350_,19.92
u_core0.ROW\[4\].COL\[1\].u_pe.b_out\[6\],19.92
_09477_,19.915
_00127_,19.9
_03680_,19.9
_06047_,19.9
_08577_,19.9
_12853_,19.9
_13898_,19.9
_23311_,19.9
_25828_,19.9
_26775_,19.9
_21804_,19.89
_01724_,19.88
_05183_,19.88
_07984_,19.88
_10355_,19.88
_17970_,19.88
_26847_,19.88
_05941_,19.87
_04968_,19.86
_06113_,19.86
_09038_,19.86
_10011_,19.86
_15030_,19.86
_15359_,19.86
_26599_,19.86
_02343_,19.84
_08134_,19.84
_09560_,19.84
_11618_,19.84
_11975_,19.84
_13145_,19.84
_15649_,19.84
_16988_,19.84
_17549_,19.84
_17625_,19.84
_18423_,19.84
_20151_,19.84
_23805_,19.84
u_core0.ROW\[10\].COL\[1\].u_pe.sum_out\[7\],19.84
u_core0.ROW\[28\].COL\[0\].u_pe.sum_out\[9\],19.84
_06530_,19.83
_06646_,19.82
_11723_,19.82
_13258_,19.82
_15645_,19.82
_16499_,19.82
_18983_,19.82
_19756_,19.82
_25658_,19.82
u_core0.ROW\[13\].COL\[0\].u_pe.b_out\[1\],19.82
_14869_,19.81
result[20],19.81
_08498_,19.8
_08943_,19.8
_09481_,19.8
_20828_,19.8
_22324_,19.8
_23649_,19.8
u_core0.ROW\[8\].COL\[1\].u_pe.sum_out\[5\],19.8
_01178_,19.78
_02094_,19.78
_05634_,19.78
_09514_,19.78
_09964_,19.78
_15796_,19.78
_17203_,19.78
_19457_,19.78
_19523_,19.78
_19766_,19.78
_21803_,19.78
_23476_,19.78
_23607_,19.78
_25574_,19.78
net1108,19.78
_03884_,19.77
_19881_,19.77
_14927_,19.765
_01784_,19.76
_05059_,19.76
_08029_,19.76
_08924_,19.76
_09654_,19.76
_09659_,19.76
_19238_,19.76
_21834_,19.76
_04186_,19.74
_12281_,19.74
_16566_,19.74
_22527_,19.74
_22989_,19.74
_23282_,19.74
_24749_,19.74
_26320_,19.74
_12544_,19.73
_15662_,19.73
_16502_,19.73
_08130_,19.72
_17631_,19.72
_20791_,19.72
u_core0.ROW\[8\].COL\[0\].u_pe.sum_out\[17\],19.72
_01882_,19.7
_05920_,19.7
_10148_,19.7
_12981_,19.7
_15373_,19.7
_20026_,19.7
_24606_,19.7
_26406_,19.7
_04157_,19.68
_08322_,19.68
_13093_,19.68
_09439_,19.66
_09451_,19.66
_11603_,19.66
_14159_,19.66
_15966_,19.66
_20767_,19.66
_21408_,19.66
_21966_,19.66
_22777_,19.66
u_core0.ROW\[11\].COL\[0\].u_pe.b_out\[3\],19.66
u_core0.ROW\[2\].COL\[1\].u_pe.sum_out\[3\],19.66
_05458_,19.655
_20150_,19.655
_07774_,19.65
_00790_,19.64
_03968_,19.64
_12295_,19.64
_13735_,19.64
_15025_,19.64
_18995_,19.64
_21156_,19.64
_26288_,19.64
_06260_,19.62
_08762_,19.62
_14789_,19.62
_18479_,19.62
_25209_,19.62
net692,19.62
_15156_,19.615
_12155_,19.61
u_core0.ROW\[7\].COL\[1\].u_pe.b_out\[4\],19.605
_06493_,19.6
_06685_,19.6
_22958_,19.6
_24272_,19.6
_25560_,19.6
clknet_leaf_229_clk,19.6
_13663_,19.58
_20370_,19.58
_22543_,19.58
_05390_,19.56
_07608_,19.56
_14917_,19.56
u_core0.ROW\[26\].COL\[1\].u_pe.b_out\[6\],19.56
u_core0.ROW\[28\].COL\[1\].u_pe.sum_out\[6\],19.555
_13350_,19.54
_18176_,19.54
_18866_,19.54
_22948_,19.54
_26471_,19.54
_26594_,19.54
_01105_,19.52
_03599_,19.52
_04450_,19.52
_07237_,19.52
_08382_,19.52
_13906_,19.52
_15675_,19.52
_16061_,19.52
_17668_,19.52
_20334_,19.52
_21644_,19.52
_21751_,19.52
_22326_,19.52
_23904_,19.52
_24646_,19.52
_24946_,19.52
_06986_,19.51
_01843_,19.5
_03440_,19.5
_03727_,19.5
_05592_,19.5
_16008_,19.5
_17941_,19.5
_22089_,19.5
_01338_,19.48
_02357_,19.48
_03043_,19.48
_03274_,19.48
_06604_,19.48
_07459_,19.48
_07637_,19.48
_12291_,19.48
_12718_,19.48
_13997_,19.48
_14441_,19.48
_20285_,19.48
_24175_,19.48
_24625_,19.48
u_core0.ROW\[10\].COL\[0\].u_pe.sum_in\[10\],19.48
_16948_,19.47
_24569_,19.47
_01443_,19.46
_09207_,19.46
_19562_,19.46
_20158_,19.46
rst_n,19.46
_25652_,19.455
_10883_,19.44
_12669_,19.44
_16118_,19.44
_16511_,19.44
_18192_,19.44
_18217_,19.44
_24460_,19.44
_24517_,19.44
_26796_,19.44
_02793_,19.43
_01249_,19.42
_07488_,19.42
_10144_,19.42
_12755_,19.42
_18804_,19.42
_20324_,19.42
u_core0.ROW\[12\].COL\[0\].u_pe.sum_out\[9\],19.42
_02041_,19.4
_05280_,19.4
_12111_,19.4
_12283_,19.4
_19019_,19.4
_20836_,19.4
_22678_,19.4
_24054_,19.4
_24205_,19.4
_25544_,19.4
_26118_,19.4
u_core0.ROW\[19\].COL\[0\].u_pe.sum_out\[15\],19.4
_03784_,19.38
_05352_,19.38
_09026_,19.38
_20880_,19.38
u_core0.ROW\[0\].COL\[1\].u_pe.sum_out\[5\],19.38
_21595_,19.37
_08733_,19.36
_24596_,19.36
u_core0.ROW\[29\].COL\[1\].u_pe.sum_out\[8\],19.36
_05737_,19.35
_01856_,19.34
_02931_,19.34
_03544_,19.34
_04549_,19.34
_05410_,19.34
_12476_,19.34
_13080_,19.34
_18948_,19.34
_22729_,19.34
_08376_,19.33
_18315_,19.33
_23836_,19.33
_02058_,19.32
_03189_,19.32
_03612_,19.32
_03628_,19.32
_05017_,19.32
_06452_,19.32
_11314_,19.32
_12180_,19.32
_12684_,19.32
_23369_,19.32
_26115_,19.32
u_core0.ROW\[1\].COL\[1\].u_pe.sum_out\[4\],19.32
_07815_,19.315
_06563_,19.3
_08389_,19.3
_13965_,19.3
_13991_,19.3
_16899_,19.3
_23532_,19.3
_24314_,19.3
_24319_,19.3
_26261_,19.3
_00946_,19.28
_03529_,19.28
_06948_,19.28
_08889_,19.28
_13398_,19.28
_20077_,19.28
u_core0.ROW\[3\].COL\[1\].u_pe.sum_out\[10\],19.28
u_core0.ROW\[8\].COL\[1\].u_pe.sum_out\[7\],19.28
_19508_,19.275
_24190_,19.275
_20188_,19.27
_04475_,19.26
_05536_,19.26
_07296_,19.26
_11754_,19.26
_13641_,19.26
_26859_,19.25
_06052_,19.24
_06122_,19.24
_06256_,19.24
_09871_,19.24
_11343_,19.24
_11762_,19.24
_14722_,19.24
_14910_,19.24
_21090_,19.24
_23188_,19.24
_24213_,19.24
u_core0.ROW\[11\].COL\[1\].u_pe.b_out\[5\],19.24
net249,19.24
_24581_,19.225
_01151_,19.22
_02711_,19.22
_05164_,19.22
_17987_,19.22
_19986_,19.22
_21093_,19.22
_25713_,19.22
_26027_,19.22
_13334_,19.215
_21708_,19.205
_00681_,19.2
_01695_,19.2
_02687_,19.2
_03185_,19.2
_03838_,19.2
_05441_,19.2
_05993_,19.2
_08816_,19.2
_09362_,19.2
_17127_,19.2
_19335_,19.2
_20742_,19.2
_22378_,19.2
_25358_,19.2
u_core0.ROW\[8\].COL\[0\].u_pe.sum_out\[5\],19.2
_14627_,19.19
_09484_,19.18
_11446_,19.18
_13525_,19.18
_01629_,19.165
_02083_,19.16
_13907_,19.16
_19700_,19.16
_25065_,19.16
_25174_,19.16
_25966_,19.16
_25969_,19.16
_26801_,19.16
_02838_,19.155
_05045_,19.15
_03453_,19.14
_03569_,19.14
_06498_,19.14
_22249_,19.14
_22998_,19.14
_23521_,19.14
_24912_,19.14
u_core0.ROW\[16\].COL\[1\].u_pe.b_out\[4\],19.14
_02433_,19.12
_04165_,19.12
_06447_,19.12
_10676_,19.12
_12131_,19.12
_22260_,19.12
_23872_,19.12
_24116_,19.12
_25838_,19.12
u_core0.ROW\[18\].COL\[0\].u_pe.sum_out\[16\],19.12
_21099_,19.115
_13594_,19.11
_20557_,19.11
_22317_,19.11
_04648_,19.09
_10941_,19.09
_24589_,19.09
_02280_,19.08
_05456_,19.08
_10485_,19.08
_14578_,19.08
_15375_,19.08
_18111_,19.08
_20868_,19.08
_21292_,19.08
_24120_,19.08
u_core0.ROW\[20\].COL\[1\].u_pe.b_out\[5\],19.08
_02272_,19.06
_06870_,19.06
_08166_,19.06
_24477_,19.06
_03259_,19.04
_04498_,19.04
_07920_,19.04
_09791_,19.04
_09962_,19.04
_11413_,19.04
_21205_,19.04
_25309_,19.04
_25500_,19.04
u_core0.ROW\[16\].COL\[1\].u_pe.sum_out\[4\],19.04
u_core0.ROW\[26\].COL\[1\].u_pe.sum_out\[2\],19.04
net1112,19.04
_07363_,19.035
_02267_,19.02
_07209_,19.02
_08461_,19.02
_08822_,19.02
_10875_,19.02
_10991_,19.02
_17085_,19.02
_24763_,19.02
u_core0.ROW\[6\].COL\[0\].u_pe.sum_out\[4\],19.02
_15018_,19.015
u_core0.ROW\[26\].COL\[1\].u_pe.sum_out\[4\],19.01
_02881_,19
_02982_,19
_07643_,19
_08454_,19
_10034_,19
_12804_,19
_13026_,19
_13743_,19
_16639_,19
_18942_,19
_20570_,19
_21732_,19
_23060_,19
_24696_,19
_25873_,19
net1017,19
_00386_,18.98
_06261_,18.98
_08760_,18.98
_08770_,18.98
_13339_,18.98
_14751_,18.98
_15365_,18.98
_17000_,18.98
_18097_,18.98
u_core0.ROW\[13\].COL\[1\].u_pe.sum_out\[2\],18.98
u_core0.ROW\[19\].COL\[1\].u_pe.b_out\[3\],18.98
_03893_,18.965
_10769_,18.965
_02168_,18.96
_03239_,18.96
_03753_,18.96
_06605_,18.96
_07110_,18.96
_13951_,18.96
_18348_,18.96
_19913_,18.96
_20162_,18.96
_20272_,18.96
_20680_,18.96
u_core0.ROW\[28\].COL\[0\].u_pe.sum_out\[15\],18.96
_01279_,18.95
_03201_,18.94
_06026_,18.94
_07170_,18.94
_18319_,18.94
_23008_,18.94
_25675_,18.94
_14670_,18.935
_04384_,18.92
_08284_,18.92
_16582_,18.92
_25092_,18.92
_25109_,18.92
_16652_,18.91
_04828_,18.9
_08016_,18.9
_10864_,18.9
_14363_,18.9
_17345_,18.9
_22974_,18.9
_08597_,18.88
_10543_,18.88
_20323_,18.88
_20396_,18.88
_21435_,18.88
_25495_,18.875
_02990_,18.86
_04598_,18.86
_05066_,18.86
_05991_,18.86
_15862_,18.86
_16279_,18.86
_17123_,18.86
_18794_,18.86
_20744_,18.86
_22370_,18.86
_23985_,18.86
_24493_,18.86
_26848_,18.86
_17802_,18.85
_02211_,18.84
_08388_,18.84
_12712_,18.84
_14857_,18.84
_20444_,18.84
_21194_,18.84
_24723_,18.84
_26014_,18.84
_26285_,18.84
_03373_,18.82
_06101_,18.82
_09865_,18.82
_11944_,18.82
_12095_,18.82
_13073_,18.82
_15164_,18.82
_16234_,18.82
_20945_,18.815
_04177_,18.8
_07725_,18.8
_09569_,18.8
_13099_,18.8
_20671_,18.8
_26075_,18.8
_26988_,18.8
_04190_,18.79
_18179_,18.79
result[23],18.79
result[27],18.79
_07814_,18.78
_08580_,18.78
_12665_,18.78
_15139_,18.78
_15401_,18.78
_19606_,18.78
u_core0.ROW\[26\].COL\[0\].u_pe.sum_out\[17\],18.78
net251,18.78
_10757_,18.76
_13674_,18.76
_17330_,18.76
_19532_,18.76
_19975_,18.76
_26350_,18.76
_01940_,18.75
_06645_,18.74
_07566_,18.74
_12279_,18.74
_13890_,18.74
_14275_,18.74
_14750_,18.74
_21370_,18.74
_22757_,18.74
_23130_,18.74
_24853_,18.74
_25747_,18.74
_10379_,18.725
_00972_,18.72
_03711_,18.72
_04868_,18.72
_06485_,18.72
_06817_,18.72
_11035_,18.72
_18447_,18.72
_03090_,18.7
_03789_,18.7
_03901_,18.7
_04544_,18.7
_09612_,18.7
_12358_,18.7
_13134_,18.7
_15729_,18.7
_18818_,18.7
_20731_,18.7
_21892_,18.7
_22351_,18.7
_25314_,18.7
_25420_,18.7
u_core0.ROW\[11\].COL\[1\].u_pe.b_out\[1\],18.7
_15143_,18.695
_13496_,18.68
_19916_,18.68
_24663_,18.68
data_in_broad[0],18.67
_01935_,18.66
_03150_,18.66
_05633_,18.66
_07253_,18.66
_07644_,18.66
_09321_,18.66
_11718_,18.66
_12017_,18.66
_15221_,18.66
_15480_,18.66
_17165_,18.66
_17881_,18.66
_18588_,18.66
_18985_,18.66
_23298_,18.66
_25280_,18.66
_07067_,18.65
_05807_,18.64
_07217_,18.64
_09774_,18.64
_09894_,18.64
_21378_,18.64
_21972_,18.64
_23614_,18.64
_21832_,18.635
_26497_,18.635
_26773_,18.635
_00228_,18.62
_02293_,18.62
_03470_,18.62
_05220_,18.62
_08021_,18.62
_12605_,18.62
_13497_,18.62
_14704_,18.62
_19539_,18.62
u_core0.ROW\[28\].COL\[0\].u_pe.sum_out\[12\],18.62
_17201_,18.61
_07963_,18.6
_12487_,18.6
_14481_,18.6
_22129_,18.6
_22806_,18.6
_26795_,18.6
_05151_,18.59
_01003_,18.58
_05796_,18.58
_06532_,18.58
_11401_,18.58
_11996_,18.58
_19442_,18.58
_24429_,18.58
_24542_,18.58
u_core0.ROW\[0\].COL\[0\].u_pe.sum_out\[9\],18.58
_10154_,18.56
_14509_,18.56
_19110_,18.56
_21733_,18.56
u_core0.ROW\[4\].COL\[0\].u_pe.sum_out\[17\],18.56
u_core0.ROW\[5\].COL\[0\].u_pe.sum_out\[13\],18.545
_04550_,18.54
_05478_,18.54
_16642_,18.54
_17633_,18.54
_17896_,18.54
_20477_,18.54
_21799_,18.54
_23897_,18.54
_24018_,18.54
u_core0.ROW\[7\].COL\[1\].u_pe.b_out\[3\],18.54
_20066_,18.525
_01688_,18.52
_04542_,18.52
_07183_,18.52
_13485_,18.52
_17126_,18.52
_23231_,18.52
net821,18.52
_21537_,18.51
_01188_,18.5
_01553_,18.5
_06019_,18.5
_06873_,18.5
_13184_,18.5
_14421_,18.5
_20136_,18.5
_25903_,18.5
_19793_,18.495
_02308_,18.485
_05773_,18.48
_10031_,18.48
_13569_,18.48
_15677_,18.48
_15789_,18.48
_19781_,18.48
_25196_,18.48
u_core0.ROW\[23\].COL\[0\].u_pe.sum_out\[17\],18.48
u_core0.ROW\[29\].COL\[0\].u_pe.sum_out\[8\],18.48
_10026_,18.475
_02760_,18.47
_06048_,18.47
_01344_,18.46
_02862_,18.46
_04951_,18.46
_05739_,18.46
_06313_,18.46
_06522_,18.46
_07089_,18.46
_07267_,18.46
_15571_,18.46
_19613_,18.46
_25833_,18.46
net752,18.46
_17216_,18.45
result[2],18.45
_10799_,18.44
_11275_,18.44
_26713_,18.44
_26846_,18.44
u_core0.ROW\[8\].COL\[1\].u_pe.sum_out\[9\],18.44
clknet_leaf_82_clk,18.44
_06420_,18.42
_07879_,18.42
_14437_,18.42
_14787_,18.42
_16145_,18.42
_19310_,18.42
_19569_,18.42
_19847_,18.42
_22145_,18.42
_22211_,18.42
_25517_,18.42
_26587_,18.42
_07829_,18.41
_03837_,18.4
_17860_,18.4
_18993_,18.4
_21911_,18.4
_23268_,18.4
net983,18.4
_12507_,18.39
_00018_,18.38
_00817_,18.38
_02960_,18.38
_06947_,18.38
_10738_,18.38
_10886_,18.38
_23066_,18.38
_25867_,18.38
_26199_,18.38
_26916_,18.38
net938,18.38
_25859_,18.375
_01653_,18.37
_05115_,18.36
_11862_,18.36
_13384_,18.36
_24534_,18.36
_25607_,18.36
_20768_,18.35
_06004_,18.34
_06213_,18.34
_06471_,18.34
_07249_,18.34
_11788_,18.34
_12284_,18.34
_12427_,18.34
_19260_,18.34
u_core0.ROW\[22\].COL\[0\].u_pe.sum_out\[5\],18.34
_14807_,18.335
u_core0.ROW\[10\].COL\[0\].u_pe.sum_in\[4\],18.335
_02913_,18.33
_01311_,18.32
_02736_,18.32
_05424_,18.32
_06236_,18.32
_09981_,18.32
_13464_,18.32
_15418_,18.32
_18034_,18.32
_18392_,18.32
_18861_,18.32
u_core0.ROW\[5\].COL\[0\].u_pe.sum_out\[8\],18.32
_18849_,18.31
_03144_,18.3
_05160_,18.3
_12941_,18.3
_17749_,18.3
_20975_,18.3
_24847_,18.3
_07547_,18.285
_21552_,18.285
_01820_,18.28
_01931_,18.28
_06158_,18.28
_14242_,18.28
_14958_,18.28
_15697_,18.28
_18562_,18.28
_20523_,18.28
_21735_,18.28
_24285_,18.28
_17714_,18.275
_02593_,18.27
_21049_,18.27
_07377_,18.265
_02101_,18.26
_03830_,18.26
_07104_,18.26
_21364_,18.26
u_core0.ROW\[11\].COL\[1\].u_pe.sum_out\[0\],18.26
u_core0.ROW\[16\].COL\[0\].u_pe.sum_out\[5\],18.26
u_core0.ROW\[29\].COL\[0\].u_pe.sum_out\[17\],18.26
clknet_leaf_160_clk,18.26
_03177_,18.24
_07838_,18.24
_08482_,18.24
_14464_,18.24
_15837_,18.24
_16417_,18.24
_16800_,18.24
_17218_,18.24
_18222_,18.24
_20811_,18.24
_21242_,18.24
_24306_,18.24
_26514_,18.24
u_core0.ROW\[2\].COL\[0\].u_pe.sum_out\[12\],18.24
_26726_,18.225
_03322_,18.22
_04279_,18.22
_24066_,18.22
_24143_,18.22
_24620_,18.22
_25169_,18.22
_08383_,18.215
_19748_,18.215
_05170_,18.2
_05851_,18.2
_06428_,18.2
_07381_,18.2
_21179_,18.2
_26127_,18.2
_26622_,18.2
_26789_,18.2
_26832_,18.195
_24745_,18.19
_14350_,18.185
_00138_,18.18
_05234_,18.18
_05691_,18.18
_08006_,18.18
_09655_,18.18
_13075_,18.18
_21157_,18.18
_22591_,18.18
_25627_,18.18
u_core0.ROW\[13\].COL\[0\].u_pe.sum_out\[6\],18.18
u_core0.ROW\[14\].COL\[1\].u_pe.b_out\[7\],18.18
_01231_,18.16
_03229_,18.16
_13962_,18.16
_18469_,18.16
_24218_,18.16
_24313_,18.16
_21108_,18.15
_02210_,18.14
_05362_,18.14
_05855_,18.14
_15023_,18.14
_17898_,18.14
u_core0.ROW\[22\].COL\[0\].u_pe.sum_out\[11\],18.14
_07511_,18.125
_01480_,18.12
_01847_,18.12
_03170_,18.12
_03791_,18.12
_09927_,18.12
_10020_,18.12
_12754_,18.12
_15673_,18.12
_17426_,18.12
_18744_,18.12
u_core0.ROW\[28\].COL\[0\].u_pe.sum_out\[13\],18.12
_07031_,18.1
_11177_,18.1
_12417_,18.1
_12692_,18.1
_13114_,18.1
_20020_,18.1
_20315_,18.1
_24671_,18.1
_25050_,18.1
_26512_,18.1
_01393_,18.08
_07384_,18.08
_15338_,18.08
_21582_,18.08
_22107_,18.08
_24056_,18.08
_26065_,18.08
_26432_,18.08
net1105,18.08
_08258_,18.075
_23581_,18.07
_04365_,18.06
_07175_,18.06
_09810_,18.06
_10584_,18.06
_12998_,18.06
_13361_,18.06
_14835_,18.06
_15211_,18.06
_18147_,18.06
_26614_,18.06
u_core0.ROW\[20\].COL\[0\].u_pe.sum_out\[18\],18.06
net1020,18.06
_10942_,18.055
_10436_,18.05
_02449_,18.04
_02715_,18.04
_04765_,18.04
_08211_,18.04
_16462_,18.04
_16760_,18.04
_25101_,18.04
u_core0.ROW\[26\].COL\[0\].u_pe.sum_out\[8\],18.04
_04582_,18.03
_01139_,18.02
_01205_,18.02
_04425_,18.02
_04675_,18.02
_09369_,18.02
_10298_,18.02
_11755_,18.02
_14953_,18.02
_15512_,18.02
_21135_,18.02
_22507_,18.02
_23156_,18.02
_25173_,18.02
_26178_,18.02
u_core0.ROW\[22\].COL\[0\].u_pe.sum_out\[8\],18.02
_13324_,18.015
_00139_,18.005
_01832_,18
_10314_,18
_13123_,18
_16881_,18
_18210_,18
_23667_,18
_25940_,17.995
_06453_,17.98
_08428_,17.98
_23163_,17.98
_25041_,17.98
_25643_,17.98
_13956_,17.975
_17237_,17.97
_18158_,17.97
_02006_,17.96
_08462_,17.96
_13727_,17.96
_17088_,17.96
_19284_,17.96
_02726_,17.94
_04566_,17.94
_05836_,17.94
_07140_,17.94
_11925_,17.94
_14351_,17.94
_15301_,17.94
_15484_,17.94
_18145_,17.94
_21749_,17.94
_24046_,17.94
_24740_,17.94
_05082_,17.93
_25069_,17.93
_02050_,17.92
_13419_,17.92
_16782_,17.92
_22452_,17.92
u_core0.ROW\[7\].COL\[1\].u_pe.b_out\[7\],17.92
_21876_,17.91
data_in_broad[2],17.91
_00290_,17.9
_00413_,17.9
_03651_,17.9
_05252_,17.9
_06832_,17.9
_07081_,17.9
_09225_,17.9
_10284_,17.9
_15470_,17.9
_17156_,17.9
_17770_,17.9
_18941_,17.9
_22311_,17.9
_23658_,17.9
_23760_,17.9
_24287_,17.9
_25650_,17.9
clknet_leaf_255_clk,17.9
_09828_,17.89
_22758_,17.885
_02690_,17.88
_14359_,17.88
_15284_,17.88
_17837_,17.88
_26654_,17.87
_00438_,17.86
_01410_,17.86
_03001_,17.86
_03301_,17.86
_06480_,17.86
_06687_,17.86
_10915_,17.86
_15155_,17.86
_17372_,17.86
_23184_,17.86
_23199_,17.86
_26448_,17.86
_17600_,17.85
_02258_,17.84
_02573_,17.84
_04457_,17.84
_05268_,17.84
_05834_,17.84
_06193_,17.84
_07350_,17.84
_14625_,17.84
_18543_,17.84
_19070_,17.84
_19255_,17.84
_22900_,17.84
_24753_,17.84
_25740_,17.84
_01472_,17.83
_18340_,17.83
_00984_,17.825
_04789_,17.82
_05988_,17.82
_06126_,17.82
_10613_,17.82
_14764_,17.82
_14864_,17.82
_16112_,17.82
_16884_,17.82
_17062_,17.82
_25296_,17.82
_25538_,17.82
_26531_,17.82
_26728_,17.82
u_core0.ROW\[16\].COL\[0\].u_pe.b_out\[1\],17.82
u_core0.ROW\[2\].COL\[0\].u_pe.sum_out\[0\],17.82
_03630_,17.815
_15458_,17.8
_20987_,17.8
_21898_,17.8
_22987_,17.79
_05030_,17.78
_05597_,17.78
_06970_,17.78
_14805_,17.78
_16532_,17.78
_21491_,17.78
_22287_,17.78
_23643_,17.78
_25291_,17.78
_08055_,17.76
_08966_,17.76
_14771_,17.76
_18663_,17.76
_18684_,17.76
_00231_,17.74
_06412_,17.74
_06668_,17.74
_07011_,17.74
_07975_,17.74
_09540_,17.74
_10366_,17.74
_16141_,17.74
_16863_,17.74
_17762_,17.74
_19836_,17.74
_20711_,17.74
_26549_,17.74
_26944_,17.74
u_core0.ROW\[17\].COL\[1\].u_pe.sum_out\[5\],17.74
_10246_,17.735
_03557_,17.72
_04586_,17.72
_05482_,17.72
_05861_,17.72
_15078_,17.72
_18305_,17.72
_21623_,17.72
_22594_,17.72
_22852_,17.72
_25154_,17.72
_26696_,17.72
_26701_,17.72
_01341_,17.7
_03975_,17.7
_07609_,17.7
_13665_,17.7
_13768_,17.7
_14624_,17.7
_15767_,17.7
_23736_,17.7
_22195_,17.695
_00512_,17.68
_02621_,17.68
_08802_,17.68
_11748_,17.68
_14733_,17.68
_23470_,17.68
u_core0.ROW\[25\].COL\[1\].u_pe.sum_out\[10\],17.68
_25368_,17.675
_10853_,17.67
_00307_,17.66
_03992_,17.66
_05800_,17.66
_06871_,17.66
_08658_,17.66
_11892_,17.66
_18514_,17.66
_19559_,17.66
_20830_,17.66
_21141_,17.66
_24792_,17.66
_25554_,17.66
net31,17.66
_00767_,17.64
_04971_,17.64
_07539_,17.64
_07826_,17.64
_09567_,17.64
_22546_,17.64
_23902_,17.64
_26874_,17.64
_26998_,17.64
_06405_,17.62
_09643_,17.62
_09986_,17.62
_12007_,17.62
_15716_,17.62
_15756_,17.62
_18151_,17.62
_20267_,17.62
_21066_,17.62
_22677_,17.62
_20969_,17.61
result[24],17.61
_01786_,17.6
_04077_,17.6
_08344_,17.6
_09513_,17.6
_15431_,17.6
_24087_,17.6
_25746_,17.6
_25936_,17.6
_26533_,17.6
_06935_,17.595
_25579_,17.595
_03981_,17.58
_05949_,17.58
_15085_,17.58
_18395_,17.58
_18708_,17.58
_18846_,17.58
_18868_,17.58
_19030_,17.58
_19094_,17.58
_20890_,17.58
_11520_,17.57
data_in_broad[18],17.57
_14818_,17.565
_04206_,17.56
_05416_,17.56
_09789_,17.56
_15094_,17.56
_21729_,17.56
_22842_,17.56
_24359_,17.56
_01890_,17.54
_04936_,17.54
_05178_,17.54
_05498_,17.54
_11094_,17.54
_11584_,17.54
_14991_,17.54
_15395_,17.54
_18729_,17.54
u_core0.ROW\[8\].COL\[0\].u_pe.sum_out\[14\],17.54
_03228_,17.52
_06703_,17.52
_06834_,17.52
_09626_,17.52
_09955_,17.52
_15626_,17.52
_17959_,17.52
_20492_,17.52
_25453_,17.52
_25631_,17.52
_25761_,17.52
_26711_,17.52
_13564_,17.51
_02246_,17.5
_04698_,17.5
_07466_,17.5
_11364_,17.5
_11504_,17.5
_11778_,17.5
_12676_,17.5
_13614_,17.5
_14845_,17.5
_18120_,17.5
_23747_,17.5
_26896_,17.5
u_core0.ROW\[13\].COL\[0\].u_pe.sum_out\[4\],17.5
_01185_,17.48
_01238_,17.48
_01468_,17.48
_03744_,17.48
_04418_,17.48
_04795_,17.48
_09435_,17.48
_10196_,17.48
_12382_,17.48
_14282_,17.48
_14618_,17.48
_14731_,17.48
_16138_,17.48
_18929_,17.48
_20691_,17.48
_24519_,17.48
_25938_,17.48
_25945_,17.48
u_core0.ROW\[16\].COL\[0\].u_pe.sum_out\[16\],17.48
net793,17.48
_07990_,17.475
_04888_,17.47
_02371_,17.46
_03583_,17.46
_04245_,17.46
_08860_,17.46
_13880_,17.46
_14534_,17.46
_15672_,17.46
_23062_,17.46
_24144_,17.46
_22726_,17.455
_03071_,17.45
_05203_,17.45
_24171_,17.45
_05107_,17.44
_06018_,17.44
_06179_,17.44
_08353_,17.44
_18800_,17.44
_25719_,17.44
_04314_,17.43
_03344_,17.42
_03924_,17.42
_04634_,17.42
_04754_,17.42
_11110_,17.42
_11247_,17.42
_12810_,17.42
_17205_,17.42
_25446_,17.42
_21266_,17.41
_05064_,17.4
_08980_,17.4
_09737_,17.4
_14796_,17.4
_19644_,17.4
_20306_,17.4
_25998_,17.4
_26120_,17.4
_26422_,17.4
u_core0.ROW\[16\].COL\[0\].u_pe.sum_out\[17\],17.4
u_core0.ROW\[20\].COL\[0\].u_pe.sum_out\[1\],17.4
_03280_,17.39
_04267_,17.38
_05989_,17.38
_06527_,17.38
_07021_,17.38
_08196_,17.38
_17150_,17.38
_18169_,17.38
_18874_,17.38
_19040_,17.38
_20529_,17.38
_24119_,17.38
u_core0.ROW\[25\].COL\[0\].u_pe.sum_out\[8\],17.38
_01815_,17.36
_01936_,17.36
_04838_,17.36
_09119_,17.36
_12341_,17.36
_14110_,17.36
_16654_,17.36
_18912_,17.36
_22187_,17.36
_22861_,17.36
_23977_,17.36
u_core0.ROW\[16\].COL\[1\].u_pe.sum_out\[5\],17.36
clknet_leaf_175_clk,17.36
_21971_,17.35
_20727_,17.345
_00873_,17.34
_02251_,17.34
_10700_,17.34
_16673_,17.34
_25271_,17.34
_03730_,17.32
_06740_,17.32
_07818_,17.32
_08014_,17.32
_09290_,17.32
_09521_,17.32
_11307_,17.32
_11394_,17.32
_13509_,17.32
_13967_,17.32
_20998_,17.32
_03404_,17.315
_02795_,17.3
_11136_,17.3
_23665_,17.3
u_core0.ROW\[6\].COL\[0\].u_pe.sum_out\[13\],17.3
_08377_,17.295
_10507_,17.29
_22142_,17.29
_01477_,17.28
_01869_,17.28
_02216_,17.28
_02727_,17.28
_05394_,17.28
_06196_,17.28
_09122_,17.28
_12711_,17.28
_14826_,17.28
_16038_,17.28
_16106_,17.28
_16155_,17.28
_19200_,17.28
_19948_,17.28
_23566_,17.28
_22483_,17.27
_05037_,17.26
_06557_,17.26
_08149_,17.26
_09231_,17.26
_09279_,17.26
_14738_,17.26
_15192_,17.26
_17056_,17.26
_18043_,17.26
_23629_,17.26
_24298_,17.26
_26710_,17.26
u_core0.ROW\[12\].COL\[0\].u_pe.sum_out\[13\],17.26
u_core0.ROW\[1\].COL\[1\].u_pe.b_out\[6\],17.26
_03158_,17.24
_07023_,17.24
_09297_,17.24
_11951_,17.24
_12967_,17.24
_16153_,17.24
_18025_,17.24
_19009_,17.24
_20417_,17.24
_20699_,17.24
_22082_,17.24
u_core0.ROW\[22\].COL\[0\].u_pe.sum_out\[7\],17.24
u_core0.ROW\[30\].COL\[0\].u_pe.sum_out\[5\],17.24
_08495_,17.23
_03010_,17.22
_04172_,17.22
_08587_,17.22
_11010_,17.22
_15451_,17.22
_16170_,17.22
_21033_,17.22
_26784_,17.22
_07167_,17.21
_04462_,17.2
_05101_,17.2
_10465_,17.2
_12030_,17.2
_12191_,17.2
_16934_,17.2
_18389_,17.2
_18449_,17.2
_21627_,17.2
_23227_,17.2
_26854_,17.2
_06003_,17.195
_07926_,17.19
_17952_,17.19
_03840_,17.18
_14408_,17.18
_18857_,17.18
_19268_,17.18
u_core0.ROW\[21\].COL\[0\].u_pe.sum_out\[19\],17.18
u_core0.ROW\[7\].COL\[1\].u_pe.sum_out\[5\],17.18
_16148_,17.17
_01444_,17.16
_02400_,17.16
_03793_,17.16
_03876_,17.16
_04056_,17.16
_06921_,17.16
_07473_,17.16
_10642_,17.16
_11293_,17.16
_13686_,17.16
_16690_,17.16
_17794_,17.16
_07529_,17.15
_21131_,17.15
_00497_,17.14
_00705_,17.14
_00968_,17.14
_02181_,17.14
_02476_,17.14
_02529_,17.14
_04715_,17.14
_05673_,17.14
_05877_,17.14
_07368_,17.14
_11642_,17.14
_19401_,17.14
_21551_,17.14
_22064_,17.14
u_core0.ROW\[28\].COL\[1\].u_pe.b_out\[1\],17.14
_15380_,17.13
_00112_,17.12
_00229_,17.12
_01437_,17.12
_04557_,17.12
_04813_,17.12
_06566_,17.12
_08082_,17.12
_08356_,17.12
_11075_,17.12
_13603_,17.12
_16845_,17.12
_21559_,17.12
_24020_,17.12
_24482_,17.12
_24115_,17.115
_01167_,17.1
_01237_,17.1
_01285_,17.1
_04153_,17.1
_07262_,17.1
_07934_,17.1
_10982_,17.1
_11976_,17.1
_13382_,17.1
_13671_,17.1
_14151_,17.1
_19703_,17.1
_20667_,17.1
_21451_,17.1
_22654_,17.1
_24283_,17.1
_26695_,17.1
u_core0.ROW\[20\].COL\[1\].u_pe.sum_out\[5\],17.1
_14089_,17.095
_19347_,17.09
_09812_,17.08
_13841_,17.08
_17404_,17.08
_17909_,17.08
_19873_,17.08
_23633_,17.08
_22567_,17.075
_10878_,17.06
_11455_,17.06
_11576_,17.06
_12181_,17.06
_21360_,17.06
_21922_,17.06
_23447_,17.06
u_core0.ROW\[11\].COL\[0\].u_pe.sum_out\[4\],17.06
_07076_,17.05
_18566_,17.05
_03399_,17.04
_04540_,17.04
_08489_,17.04
_18160_,17.04
_22413_,17.04
_24322_,17.04
_06751_,17.02
_08122_,17.02
_12187_,17.02
_14154_,17.02
_15807_,17.02
_16002_,17.02
_17072_,17.02
_22688_,17.02
_22730_,17.02
_23584_,17.02
_24125_,17.02
_25883_,17.02
u_core0.ROW\[10\].COL\[0\].u_pe.sum_out\[16\],17.02
_04388_,17.01
_03577_,17
_09060_,17
_09374_,17
_14006_,17
_15203_,17
_15525_,17
_16432_,17
_19831_,17
_23314_,17
_24672_,17
_25910_,17
net961,17
_19364_,16.995
_22350_,16.995
_00369_,16.98
_08295_,16.98
_10911_,16.98
_10953_,16.98
_12375_,16.98
_19370_,16.98
_23705_,16.98
u_core0.ROW\[21\].COL\[0\].u_pe.sum_out\[17\],16.98
u_core0.ROW\[30\].COL\[0\].u_pe.sum_out\[9\],16.98
net1137,16.98
_11410_,16.97
_19573_,16.97
_08952_,16.96
_13103_,16.96
_15632_,16.96
_18445_,16.96
_25930_,16.96
u_core0.B_inputs\[102\],16.945
_00624_,16.94
_04946_,16.94
_05953_,16.94
_06010_,16.94
_06241_,16.94
_06401_,16.94
_07553_,16.94
_07912_,16.94
_10767_,16.94
_10920_,16.94
_12838_,16.94
_19201_,16.94
_20089_,16.94
_23654_,16.94
_25339_,16.94
_25484_,16.94
_26148_,16.94
u_core0.ROW\[15\].COL\[0\].u_pe.sum_out\[17\],16.94
_19591_,16.93
_02645_,16.92
_04732_,16.92
_07428_,16.92
_08246_,16.92
_13188_,16.92
_13798_,16.92
_18286_,16.92
net1033,16.92
_02048_,16.9
_06060_,16.9
_06677_,16.9
_07702_,16.9
_07908_,16.9
_10331_,16.9
_10500_,16.9
_11316_,16.9
_16157_,16.9
_16855_,16.9
_25236_,16.9
_26284_,16.9
_23379_,16.89
_01912_,16.88
_13022_,16.88
_00358_,16.86
_01125_,16.86
_04310_,16.86
_07435_,16.86
_08961_,16.86
_11411_,16.86
_11837_,16.86
_11990_,16.86
_17544_,16.86
_17961_,16.86
net718,16.86
_02499_,16.845
_02810_,16.84
_03715_,16.84
_05112_,16.84
_06243_,16.84
_07903_,16.84
_13442_,16.84
_13760_,16.84
_16795_,16.84
_18008_,16.84
_19375_,16.84
_20741_,16.84
_23021_,16.84
_23816_,16.84
_04632_,16.83
_22709_,16.83
_03252_,16.82
_04213_,16.82
_09943_,16.82
_10138_,16.82
_14339_,16.82
_15445_,16.82
_18311_,16.82
_19417_,16.82
_23495_,16.82
_23875_,16.81
_04158_,16.8
_06766_,16.8
_10448_,16.8
_23377_,16.8
_24209_,16.8
u_core0.ROW\[28\].COL\[1\].u_pe.sum_out\[8\],16.8
net1074,16.8
_10121_,16.79
_00427_,16.78
_03580_,16.78
_04497_,16.78
_04859_,16.78
_06580_,16.78
_07182_,16.78
_09379_,16.78
_17265_,16.78
_20491_,16.78
_23754_,16.78
_25261_,16.78
_25895_,16.78
_00974_,16.76
_04532_,16.76
_14672_,16.76
_20881_,16.76
_26087_,16.76
_22953_,16.75
_02403_,16.74
_07389_,16.74
_10296_,16.74
_11655_,16.74
_12122_,16.74
_12171_,16.74
_12674_,16.74
_15408_,16.74
_17620_,16.74
_20889_,16.74
_21772_,16.74
_22233_,16.74
_22624_,16.74
_23239_,16.74
_24803_,16.74
_25232_,16.74
_25325_,16.74
_26308_,16.74
net965,16.725
_00738_,16.72
_01081_,16.72
_04972_,16.72
_05238_,16.72
_10603_,16.72
_13757_,16.72
_14529_,16.72
_20109_,16.72
_22262_,16.72
_22460_,16.72
_22826_,16.72
u_core0.ROW\[12\].COL\[0\].u_pe.sum_out\[6\],16.72
_03845_,16.71
_12310_,16.71
_17964_,16.71
_02427_,16.7
_04961_,16.7
_12404_,16.7
_12694_,16.7
_13726_,16.7
_14720_,16.7
_18229_,16.7
_18830_,16.7
_18850_,16.7
_26349_,16.7
_26881_,16.7
data_in_broad[28],16.7
_00707_,16.68
_01430_,16.68
_05290_,16.68
_06664_,16.68
_08726_,16.68
_09138_,16.68
_11745_,16.68
_12697_,16.68
_22588_,16.68
_26003_,16.68
u_core0.ROW\[12\].COL\[1\].u_pe.sum_out\[0\],16.68
_19805_,16.665
_08326_,16.66
_11657_,16.66
_13494_,16.66
_16638_,16.66
_21290_,16.66
_21661_,16.66
_26341_,16.66
_12380_,16.65
_02545_,16.645
_04537_,16.64
_04852_,16.64
_05995_,16.64
_06038_,16.64
_06826_,16.64
_11002_,16.64
_11037_,16.64
_13711_,16.64
_20143_,16.64
_21389_,16.64
_21816_,16.64
_22028_,16.64
_24522_,16.64
_25016_,16.64
_26588_,16.64
_12315_,16.635
_20433_,16.63
_07955_,16.62
_09797_,16.62
_13502_,16.62
_17486_,16.62
_21934_,16.62
_23881_,16.62
_24275_,16.62
_18457_,16.615
_16860_,16.61
_02710_,16.6
_13699_,16.6
_13709_,16.6
_16823_,16.6
_23291_,16.6
_23618_,16.6
_24075_,16.6
_25856_,16.6
_26475_,16.6
u_core0.ROW\[25\].COL\[1\].u_pe.sum_out\[3\],16.6
_13331_,16.59
_03116_,16.58
_04573_,16.58
_06573_,16.58
_09152_,16.58
_10592_,16.58
_11894_,16.58
_12851_,16.58
_13394_,16.58
_13812_,16.58
_13887_,16.58
_14480_,16.58
_15860_,16.58
_18974_,16.58
_20325_,16.58
_26502_,16.58
u_core0.ROW\[25\].COL\[0\].u_pe.sum_out\[2\],16.58
_19862_,16.57
_00805_,16.56
_01096_,16.56
_04104_,16.56
_04352_,16.56
_05526_,16.56
_07030_,16.56
_10122_,16.56
_10215_,16.56
_21953_,16.56
_22300_,16.56
_24529_,16.56
_26220_,16.56
_26550_,16.56
u_core0.ROW\[8\].COL\[1\].u_pe.sum_out\[8\],16.56
_04649_,16.54
_05134_,16.54
_05599_,16.54
_05759_,16.54
_05959_,16.54
_06042_,16.54
_06044_,16.54
_08430_,16.54
_08497_,16.54
_12038_,16.54
_13205_,16.54
_13568_,16.54
_15763_,16.54
_19551_,16.54
_21009_,16.54
_20985_,16.53
_25630_,16.53
data_in_broad[13],16.53
data_in_broad[24],16.53
_23837_,16.525
_04647_,16.52
_04886_,16.52
_06444_,16.52
_07713_,16.52
_10670_,16.52
_11518_,16.52
_11573_,16.52
_12630_,16.52
_12839_,16.52
_14686_,16.52
_15575_,16.52
_15993_,16.52
_18483_,16.52
_23593_,16.52
_23652_,16.52
_23906_,16.52
_25481_,16.52
_26404_,16.52
u_core0.ROW\[25\].COL\[0\].u_pe.b_out\[0\],16.52
_16640_,16.51
_06454_,16.5
_21526_,16.5
_22091_,16.5
_24754_,16.5
_25237_,16.5
u_core0.ROW\[29\].COL\[0\].u_pe.sum_out\[5\],16.5
_01414_,16.48
_04078_,16.48
_04326_,16.48
_04486_,16.48
_07835_,16.48
_07932_,16.48
_08314_,16.48
_11580_,16.48
_12159_,16.48
_12762_,16.48
_22786_,16.48
_26455_,16.48
net1114,16.48
_04728_,16.465
_20460_,16.465
_04954_,16.46
_05728_,16.46
_12401_,16.46
_16267_,16.46
_18287_,16.46
_20037_,16.46
_25735_,16.455
_26646_,16.45
net1133,16.45
_01503_,16.44
_01800_,16.44
_02446_,16.44
_04403_,16.44
_06114_,16.44
_06915_,16.44
_09553_,16.44
_12822_,16.44
_13374_,16.44
_13950_,16.44
_19736_,16.44
_20545_,16.44
_21231_,16.44
_21351_,16.44
_24114_,16.44
_25611_,16.44
_26580_,16.44
u_core0.ROW\[26\].COL\[1\].u_pe.sum_out\[1\],16.44
_06129_,16.42
_06239_,16.42
_08139_,16.42
_11458_,16.42
_22272_,16.42
_12251_,16.41
u_core0.ROW\[7\].COL\[0\].u_pe.b_out\[4\],16.405
_05717_,16.4
_06568_,16.4
_07977_,16.4
_09602_,16.4
_11582_,16.4
_12031_,16.4
_12491_,16.4
_12792_,16.4
_13825_,16.4
_22747_,16.4
_24191_,16.4
_25377_,16.4
_25553_,16.4
_26097_,16.4
_26490_,16.4
_07016_,16.39
_12116_,16.39
_07798_,16.38
_08367_,16.38
_16179_,16.38
_17863_,16.38
_18727_,16.38
_21805_,16.38
_22524_,16.38
_22581_,16.38
_26171_,16.38
_04547_,16.37
_02315_,16.36
_02744_,16.36
_04831_,16.36
_05950_,16.36
_07303_,16.36
_10156_,16.36
_12041_,16.36
_12737_,16.36
_13275_,16.36
_15064_,16.36
_15492_,16.36
_18431_,16.36
_22160_,16.36
_23395_,16.36
_23730_,16.36
_24628_,16.36
net750,16.36
_04138_,16.35
_05334_,16.34
_06136_,16.34
_07577_,16.34
_09868_,16.34
_12705_,16.34
_13240_,16.34
_16677_,16.34
_21217_,16.34
_22764_,16.34
_22903_,16.34
_23737_,16.34
_23859_,16.34
clknet_leaf_240_clk,16.34
_21965_,16.33
_02095_,16.32
_02583_,16.32
_03616_,16.32
_03943_,16.32
_08096_,16.32
_13329_,16.32
_16129_,16.32
_17021_,16.32
_19491_,16.32
_23903_,16.32
_25099_,16.32
_00357_,16.3
_05210_,16.3
_06034_,16.3
_06579_,16.3
_13014_,16.3
_13617_,16.3
_18766_,16.3
_22329_,16.3
_24206_,16.3
u_core0.ROW\[25\].COL\[1\].u_pe.sum_out\[9\],16.3
u_core0.ROW\[2\].COL\[1\].u_pe.sum_out\[7\],16.3
clknet_leaf_224_clk,16.3
_11973_,16.29
_05611_,16.28
_11218_,16.28
_11970_,16.28
_12922_,16.28
_13514_,16.28
_14860_,16.28
_17411_,16.28
_18251_,16.28
_19220_,16.28
_20807_,16.28
_21548_,16.28
_22894_,16.28
_26964_,16.28
_24071_,16.27
_00516_,16.26
_01687_,16.26
_03137_,16.26
_05895_,16.26
_06067_,16.26
_06385_,16.26
_08544_,16.26
_08742_,16.26
_09526_,16.26
_10352_,16.26
_12469_,16.26
_14093_,16.26
_15309_,16.26
_18598_,16.26
_19322_,16.26
_22022_,16.26
_26273_,16.26
net1089,16.26
_02159_,16.25
_04950_,16.24
_05172_,16.24
_07651_,16.24
_11873_,16.24
_15465_,16.24
_15472_,16.24
_17876_,16.24
_18526_,16.24
_19560_,16.24
_20551_,16.24
_21047_,16.24
_21518_,16.24
_06020_,16.235
_01379_,16.22
_01684_,16.22
_03658_,16.22
_05955_,16.22
_08267_,16.22
_11377_,16.22
_14636_,16.22
_15405_,16.22
_15653_,16.22
_16634_,16.22
_16680_,16.22
_21046_,16.22
_22570_,16.22
_08371_,16.21
_07347_,16.2
_12085_,16.2
_14379_,16.2
_15017_,16.2
_21078_,16.2
_23563_,16.2
_26383_,16.2
_26720_,16.2
u_core0.ROW\[16\].COL\[1\].u_pe.b_out\[1\],16.2
u_core0.ROW\[21\].COL\[1\].u_pe.b_out\[4\],16.2
u_core0.ROW\[29\].COL\[1\].u_pe.sum_out\[4\],16.2
u_core0.ROW\[13\].COL\[0\].u_pe.sum_out\[11\],16.19
u_core0.ROW\[8\].COL\[0\].u_pe.sum_out\[2\],16.19
_00338_,16.18
_01872_,16.18
_10301_,16.18
_20902_,16.18
_25440_,16.18
_18342_,16.175
_02776_,16.16
_09780_,16.16
_11753_,16.16
_17530_,16.16
_25115_,16.16
_16466_,16.155
_01406_,16.14
_03285_,16.14
_04882_,16.14
_05181_,16.14
_06665_,16.14
_09572_,16.14
_11288_,16.14
_14068_,16.14
_18214_,16.14
_20953_,16.14
_23259_,16.14
_24955_,16.14
_25704_,16.14
u_core0.ROW\[25\].COL\[1\].u_pe.b_out\[1\],16.14
u_core0.ROW\[7\].COL\[1\].u_pe.b_out\[2\],16.14
net727,16.14
net1115,16.14
_05462_,16.12
_06481_,16.12
_07158_,16.12
_07613_,16.12
_07989_,16.12
_08048_,16.12
_08124_,16.12
_09648_,16.12
_10240_,16.12
_12089_,16.12
_13143_,16.12
_14491_,16.12
_17323_,16.12
_18230_,16.12
_23469_,16.12
_25299_,16.12
net1078,16.12
_18891_,16.115
_21223_,16.115
_02984_,16.11
_13242_,16.11
_02200_,16.1
_04234_,16.1
_05202_,16.1
_05608_,16.1
_09173_,16.1
_10131_,16.1
_11264_,16.1
_12914_,16.1
_13571_,16.1
_15113_,16.1
_15515_,16.1
_19311_,16.1
_23051_,16.1
u_core0.ROW\[21\].COL\[0\].u_pe.sum_out\[11\],16.1
_12856_,16.09
_06041_,16.08
_06046_,16.08
_07248_,16.08
_12134_,16.08
_12458_,16.08
_13732_,16.08
_14804_,16.08
_26078_,16.08
_05829_,16.07
result[18],16.07
_02024_,16.06
_02203_,16.06
_04762_,16.06
_05060_,16.06
_05370_,16.06
_10171_,16.06
_10319_,16.06
_11092_,16.06
_12932_,16.06
_20354_,16.06
_20997_,16.06
_21438_,16.06
_22459_,16.06
_25668_,16.06
_26586_,16.06
_02321_,16.05
_04294_,16.05
_04718_,16.05
_05746_,16.04
_11260_,16.04
_24555_,16.04
_25995_,16.04
_14687_,16.03
_02230_,16.02
_02910_,16.02
_05806_,16.02
_06508_,16.02
_07388_,16.02
_07421_,16.02
_08876_,16.02
_09247_,16.02
_09555_,16.02
_10203_,16.02
_15448_,16.02
_23545_,16.02
_23740_,16.02
_26691_,16.02
_26736_,16.02
net870,16.02
_02901_,16.015
_04751_,16
_05189_,16
_05545_,16
_20313_,16
_22867_,16
_23170_,16
_13977_,15.99
_14332_,15.99
_02833_,15.98
_03395_,15.98
_11122_,15.98
_14318_,15.98
_16490_,15.98
_17927_,15.98
_17975_,15.98
_18937_,15.98
_20920_,15.98
_22848_,15.98
_24516_,15.98
_25730_,15.98
_26077_,15.98
_27007_,15.98
_17846_,15.975
_18177_,15.97
_22681_,15.97
_03874_,15.96
_04358_,15.96
_10146_,15.96
_14224_,15.96
_20292_,15.96
_21300_,15.96
_23615_,15.96
_24281_,15.96
net651,15.95
_01308_,15.94
_02939_,15.94
_05844_,15.94
_05982_,15.94
_07615_,15.94
_26467_,15.94
_20845_,15.935
_00442_,15.92
_01303_,15.92
_02067_,15.92
_06195_,15.92
_06483_,15.92
_15411_,15.92
_16152_,15.92
_17918_,15.92
_19743_,15.92
_20726_,15.92
_22531_,15.92
_25617_,15.92
_26774_,15.92
u_core0.ROW\[19\].COL\[1\].u_pe.sum_out\[6\],15.92
_01946_,15.9
_02950_,15.9
_03194_,15.9
_03663_,15.9
_04627_,15.9
_06758_,15.9
_07051_,15.9
_14229_,15.9
_15384_,15.9
_17568_,15.9
_18927_,15.9
_19247_,15.9
_21457_,15.9
_09353_,15.895
_00295_,15.88
_01664_,15.88
_06633_,15.88
_10855_,15.88
_11591_,15.88
_12049_,15.88
_13306_,15.88
_14063_,15.88
_14769_,15.88
_16077_,15.88
_16360_,15.88
_26613_,15.87
_03391_,15.86
_04639_,15.86
_04709_,15.86
_04915_,15.86
_12265_,15.86
_16662_,15.86
_17002_,15.86
_19714_,15.86
_21604_,15.86
_23421_,15.86
_24650_,15.86
_25863_,15.86
_27016_,15.86
data_in_broad[12],15.85
data_in_broad[22],15.85
data_in_broad[8],15.85
_03437_,15.84
_06120_,15.84
_06523_,15.84
_06711_,15.84
_07123_,15.84
_15162_,15.84
_20930_,15.84
_22841_,15.84
_24647_,15.84
_25814_,15.84
_04012_,15.82
_07440_,15.82
_07542_,15.82
_09515_,15.82
_13446_,15.82
_16139_,15.82
_17060_,15.82
_20318_,15.82
_23347_,15.82
_05191_,15.81
_01810_,15.8
_02004_,15.8
_03950_,15.8
_05120_,15.8
_09340_,15.8
_12094_,15.8
_13060_,15.8
_15255_,15.8
_15591_,15.8
_16063_,15.8
_16065_,15.8
_17709_,15.8
_17858_,15.8
_24174_,15.8
u_core0.ROW\[10\].COL\[0\].u_pe.sum_in\[3\],15.8
u_core0.ROW\[2\].COL\[0\].u_pe.sum_out\[13\],15.8
_19473_,15.785
_01255_,15.78
_01867_,15.78
_04017_,15.78
_05730_,15.78
_07741_,15.78
_14269_,15.78
_17700_,15.78
_17840_,15.78
_18022_,15.78
_18235_,15.78
_21822_,15.78
_24436_,15.78
_26482_,15.78
u_core0.ROW\[25\].COL\[0\].u_pe.sum_out\[5\],15.78
_06980_,15.775
_09889_,15.77
_03894_,15.76
_04638_,15.76
_04674_,15.76
_05018_,15.76
_05777_,15.76
_10161_,15.76
_10180_,15.76
_10646_,15.76
_12083_,15.76
_18060_,15.76
_18903_,15.76
_19267_,15.76
_20415_,15.76
_21447_,15.76
_22412_,15.76
_23127_,15.76
_23142_,15.76
_23675_,15.76
_24782_,15.76
_24896_,15.76
u_core0.ROW\[27\].COL\[1\].u_pe.b_out\[5\],15.76
_07988_,15.755
_22016_,15.75
_01917_,15.74
_03460_,15.74
_03856_,15.74
_07880_,15.74
_11594_,15.74
_12186_,15.74
_13046_,15.74
_14802_,15.74
_16337_,15.74
_18958_,15.74
_26108_,15.74
_02090_,15.72
_02165_,15.72
_04793_,15.72
_12873_,15.72
_14674_,15.72
_16174_,15.72
_19666_,15.72
_19760_,15.72
_22756_,15.72
_24418_,15.72
_26047_,15.72
_26830_,15.72
_02144_,15.7
_09003_,15.7
_14256_,15.7
_14654_,15.7
_15173_,15.7
_17106_,15.7
_17366_,15.7
_19320_,15.7
_01745_,15.68
_04504_,15.68
_05695_,15.68
_08950_,15.68
_08957_,15.68
_09853_,15.68
_10973_,15.68
_11268_,15.68
_15060_,15.68
_20485_,15.68
_22744_,15.68
_22955_,15.68
_23301_,15.68
_24304_,15.68
_24490_,15.68
_12193_,15.675
_01960_,15.66
_06108_,15.66
_07052_,15.66
_07126_,15.66
_07567_,15.66
_09532_,15.66
_11961_,15.66
_12397_,15.66
_15702_,15.66
_18164_,15.66
_18655_,15.66
_19392_,15.66
_20279_,15.66
_23716_,15.66
_24728_,15.66
_25215_,15.66
_26534_,15.66
_01885_,15.65
_13233_,15.65
_02569_,15.64
_05076_,15.64
_06977_,15.64
_07579_,15.64
_11403_,15.64
_11939_,15.64
_15951_,15.64
_17136_,15.64
_18424_,15.64
_19391_,15.64
_25448_,15.64
_25908_,15.64
_26683_,15.64
_26898_,15.64
u_core0.ROW\[11\].COL\[0\].u_pe.sum_out\[3\],15.64
_26841_,15.63
u_core0.ROW\[10\].COL\[0\].u_pe.sum_in\[13\],15.625
_07950_,15.62
_13380_,15.62
_21037_,15.62
_26577_,15.62
u_core0.ROW\[21\].COL\[0\].u_pe.sum_out\[18\],15.62
u_core0.ROW\[2\].COL\[1\].u_pe.sum_out\[8\],15.62
_02815_,15.61
_19348_,15.61
_07055_,15.6
_09491_,15.6
_10006_,15.6
_14538_,15.6
_15498_,15.6
_16353_,15.6
_18603_,15.6
_19313_,15.6
_20887_,15.6
_21395_,15.6
_26135_,15.6
net1113,15.6
_12517_,15.59
_22185_,15.59
_07160_,15.58
_09784_,15.58
_14734_,15.58
_26316_,15.58
_04424_,15.57
_02417_,15.56
_02759_,15.56
_03848_,15.56
_04426_,15.56
_04771_,15.56
_05833_,15.56
_08453_,15.56
_11952_,15.56
_12413_,15.56
_14978_,15.56
_20286_,15.56
_21650_,15.56
_21692_,15.56
_23742_,15.56
_26195_,15.56
_26532_,15.56
_26776_,15.56
_02729_,15.54
_08190_,15.54
_19330_,15.54
_20932_,15.54
_05021_,15.535
_08227_,15.53
_15754_,15.53
_01224_,15.52
_05586_,15.52
_06125_,15.52
_06133_,15.52
_10252_,15.52
_11033_,15.52
_11088_,15.52
_12163_,15.52
_16026_,15.52
_16081_,15.52
_16459_,15.52
_20793_,15.52
_21941_,15.52
_24027_,15.52
_26198_,15.52
_26240_,15.52
_26967_,15.52
u_core0.ROW\[10\].COL\[1\].u_pe.sum_out\[11\],15.52
u_core0.ROW\[2\].COL\[0\].u_pe.sum_out\[6\],15.52
_05544_,15.51
_17704_,15.51
_25678_,15.51
data_in_broad[5],15.51
_02318_,15.5
_03135_,15.5
_04275_,15.5
_11658_,15.5
_13592_,15.5
_13787_,15.5
_17037_,15.5
_22221_,15.5
_23367_,15.5
_13623_,15.49
_05063_,15.48
_07304_,15.48
_12662_,15.48
_13023_,15.48
_14665_,15.48
_19358_,15.48
_21659_,15.48
_24237_,15.48
_24983_,15.48
_21998_,15.475
_10626_,15.465
_00647_,15.46
_01427_,15.46
_02026_,15.46
_02257_,15.46
_04803_,15.46
_05517_,15.46
_05636_,15.46
_10295_,15.46
_10325_,15.46
_11331_,15.46
_14030_,15.46
_14342_,15.46
_14388_,15.46
_16212_,15.46
_16982_,15.46
_16996_,15.46
_18605_,15.46
u_core0.ROW\[17\].COL\[0\].u_pe.sum_out\[4\],15.46
_10770_,15.455
_19177_,15.455
_19879_,15.455
_01781_,15.45
_26508_,15.45
_19755_,15.445
_00410_,15.44
_03398_,15.44
_11693_,15.44
_13994_,15.44
_14364_,15.44
_16866_,15.44
_20006_,15.44
_22723_,15.44
_25157_,15.44
_21554_,15.435
_01855_,15.42
_02164_,15.42
_03383_,15.42
_04083_,15.42
_10591_,15.42
_17464_,15.42
_17945_,15.42
_19016_,15.42
_20369_,15.42
_22348_,15.42
_23751_,15.42
_24743_,15.42
_26275_,15.42
_26359_,15.42
u_core0.ROW\[10\].COL\[0\].u_pe.sum_in\[11\],15.42
u_core0.ROW\[8\].COL\[1\].u_pe.b_out\[7\],15.42
net1145,15.42
_01175_,15.4
_04223_,15.4
_09845_,15.4
_16374_,15.4
_19305_,15.4
_24842_,15.4
u_core0.ROW\[11\].COL\[1\].u_pe.b_out\[4\],15.4
_21365_,15.395
_20086_,15.385
_08045_,15.38
_09204_,15.38
_14702_,15.38
_15518_,15.38
_16049_,15.38
_26487_,15.38
_03159_,15.36
_05131_,15.36
_06289_,15.36
_18911_,15.36
_21791_,15.36
_23685_,15.36
_26593_,15.36
_20605_,15.35
_02840_,15.34
_02998_,15.34
_08395_,15.34
_09999_,15.34
_15863_,15.34
_17223_,15.34
_23448_,15.34
u_core0.ROW\[20\].COL\[1\].u_pe.sum_out\[7\],15.34
_06070_,15.335
_25994_,15.335
_09579_,15.33
_14642_,15.325
_02136_,15.32
_02608_,15.32
_03021_,15.32
_05520_,15.32
_07807_,15.32
_08749_,15.32
_10737_,15.32
_10762_,15.32
_14155_,15.32
_14436_,15.32
_17352_,15.32
_20888_,15.32
_20907_,15.32
_21839_,15.32
_22265_,15.32
_23838_,15.32
_25964_,15.32
u_core0.ROW\[8\].COL\[0\].u_pe.sum_out\[8\],15.32
_05990_,15.315
_01919_,15.3
_06862_,15.3
_11994_,15.3
_15160_,15.3
_15526_,15.3
_17443_,15.3
_18687_,15.3
_23739_,15.3
_24528_,15.3
u_core0.ROW\[7\].COL\[0\].u_pe.b_out\[7\],15.3
_25427_,15.295
_01597_,15.28
_01981_,15.28
_04062_,15.28
_07331_,15.28
_10870_,15.28
_13174_,15.28
_14462_,15.28
_18394_,15.28
_21207_,15.28
_21334_,15.28
_22041_,15.28
_22332_,15.28
_26681_,15.28
u_core0.ROW\[26\].COL\[0\].u_pe.sum_out\[4\],15.28
_05987_,15.26
_12294_,15.26
_14005_,15.26
_14145_,15.26
_14243_,15.26
_14629_,15.26
_14694_,15.26
_23432_,15.26
_26993_,15.26
u_core0.ROW\[11\].COL\[0\].u_pe.sum_out\[18\],15.26
net743,15.26
_02019_,15.255
_04599_,15.24
_07512_,15.24
_08225_,15.24
_08721_,15.24
_10339_,15.24
_13265_,15.24
_13817_,15.24
_14197_,15.24
_19577_,15.24
_19952_,15.24
_20663_,15.24
_22622_,15.24
_23450_,15.24
_25008_,15.24
_26281_,15.24
u_core0.ROW\[13\].COL\[0\].u_pe.sum_out\[14\],15.24
_01605_,15.23
_26928_,15.23
_01197_,15.22
_04397_,15.22
_04545_,15.22
_04577_,15.22
_05958_,15.22
_08727_,15.22
_12020_,15.22
_12052_,15.22
_12321_,15.22
_12834_,15.22
_13003_,15.22
_14328_,15.22
_14424_,15.22
_18016_,15.22
_19042_,15.22
_19138_,15.22
_24699_,15.22
_25439_,15.22
u_core0.ROW\[21\].COL\[0\].u_pe.sum_out\[5\],15.22
u_core0.ROW\[2\].COL\[0\].u_pe.sum_out\[11\],15.22
net1038,15.22
_18970_,15.21
_01824_,15.2
_02392_,15.2
_02582_,15.2
_02902_,15.2
_03609_,15.2
_05577_,15.2
_06578_,15.2
_08554_,15.2
_13238_,15.2
_14637_,15.2
_17829_,15.2
_19497_,15.2
_20571_,15.2
_22372_,15.2
_22805_,15.2
_23370_,15.2
_23498_,15.2
_25621_,15.2
_26705_,15.2
u_core0.ROW\[10\].COL\[0\].u_pe.a_out\[5\],15.2
_13487_,15.19
_05110_,15.18
_05494_,15.18
_06965_,15.18
_07036_,15.18
_07993_,15.18
_08588_,15.18
_09929_,15.18
_10185_,15.18
_10350_,15.18
_11793_,15.18
_14044_,15.18
_15333_,15.18
_18654_,15.18
_20028_,15.18
_21327_,15.18
_24099_,15.18
_24200_,15.18
_25958_,15.18
_26236_,15.18
_23537_,15.17
_04399_,15.16
_05981_,15.16
_06123_,15.16
_06631_,15.16
_07918_,15.16
_08769_,15.16
_09917_,15.16
_12464_,15.16
_15416_,15.16
_17143_,15.16
_19812_,15.16
_23202_,15.16
_24814_,15.16
_20476_,15.15
_23744_,15.15
_04653_,15.14
_08985_,15.14
_09265_,15.14
_11627_,15.14
_12780_,15.14
_15037_,15.14
_15307_,15.14
_16625_,15.14
_17092_,15.14
_17160_,15.14
_17447_,15.14
_17744_,15.14
_17783_,15.14
_18308_,15.14
_18963_,15.14
_20684_,15.14
_20939_,15.14
_25015_,15.14
_25785_,15.14
_07380_,15.13
_24532_,15.13
_03050_,15.12
_15183_,15.12
_15521_,15.12
_18088_,15.12
_20305_,15.12
_20898_,15.12
_23284_,15.115
_02069_,15.1
_02283_,15.1
_04618_,15.1
_05565_,15.1
_06849_,15.1
_07066_,15.1
_07738_,15.1
_11335_,15.1
_11774_,15.1
_17139_,15.1
_18127_,15.1
_19435_,15.1
_19903_,15.1
_20284_,15.1
_23617_,15.1
_24266_,15.1
u_core0.ROW\[13\].COL\[1\].u_pe.sum_out\[8\],15.1
_08022_,15.09
net657,15.09
_07224_,15.08
_08590_,15.08
_08782_,15.08
_10800_,15.08
_13107_,15.08
_13609_,15.08
_13853_,15.08
_14508_,15.08
_14586_,15.08
_15098_,15.08
_17028_,15.08
_17622_,15.08
_19487_,15.08
_23462_,15.08
u_core0.ROW\[27\].COL\[1\].u_pe.sum_out\[3\],15.08
_01779_,15.06
_03387_,15.06
_03601_,15.06
_03759_,15.06
_04780_,15.06
_06096_,15.06
_07532_,15.06
_08165_,15.06
_08929_,15.06
_09382_,15.06
_09517_,15.06
_10124_,15.06
_10479_,15.06
_11221_,15.06
_12084_,15.06
_12097_,15.06
_13057_,15.06
_16943_,15.06
_17517_,15.06
_21817_,15.06
_22435_,15.06
_25942_,15.06
u_core0.ROW\[12\].COL\[0\].u_pe.sum_out\[11\],15.06
u_core0.ROW\[13\].COL\[1\].u_pe.sum_out\[4\],15.06
u_core0.ROW\[22\].COL\[0\].u_pe.b_out\[1\],15.06
u_core0.ROW\[28\].COL\[0\].u_pe.sum_out\[4\],15.06
net879,15.06
_03729_,15.04
_05716_,15.04
_06215_,15.04
_09935_,15.04
_10893_,15.04
_11743_,15.04
_16326_,15.04
_18664_,15.04
_19731_,15.04
_20959_,15.04
_01431_,15.02
_05727_,15.02
_06418_,15.02
_10200_,15.02
_10663_,15.02
_11109_,15.02
_13100_,15.02
_13159_,15.02
_18815_,15.02
_22511_,15.02
_22929_,15.02
_25654_,15.02
_26180_,15.02
_03410_,15
_03478_,15
_09102_,15
_13894_,15
_15112_,15
_17431_,15
_17522_,15
_25858_,15
_26729_,15
u_core0.ROW\[17\].COL\[0\].u_pe.b_out\[4\],14.985
_06169_,14.98
_11595_,14.98
_11874_,14.98
_14000_,14.98
_16009_,14.98
_16321_,14.98
_16734_,14.98
_17890_,14.98
_19455_,14.98
_19707_,14.98
_20936_,14.98
_24845_,14.98
_26129_,14.98
_26536_,14.98
_26786_,14.98
u_core0.ROW\[0\].COL\[0\].u_pe.sum_out\[14\],14.98
_13330_,14.97
_00890_,14.96
_04344_,14.96
_05215_,14.96
_07001_,14.96
_07430_,14.96
_10068_,14.96
_11815_,14.96
_14610_,14.96
_15707_,14.96
_18200_,14.96
_20465_,14.96
_23159_,14.96
u_core0.ROW\[6\].COL\[1\].u_pe.sum_out\[7\],14.96
_16969_,14.95
_02207_,14.94
_04221_,14.94
_06881_,14.94
_08533_,14.94
_10494_,14.94
_12984_,14.94
_16365_,14.94
_17195_,14.94
_21121_,14.94
_21362_,14.94
_22862_,14.94
_23793_,14.94
_26228_,14.94
_02368_,14.92
_05876_,14.92
_06780_,14.92
_13332_,14.92
_13463_,14.92
_14202_,14.92
_18425_,14.92
_19758_,14.92
_04723_,14.91
_02605_,14.9
_03755_,14.9
_04027_,14.9
_06284_,14.9
_07647_,14.9
_08468_,14.9
_09587_,14.9
_13364_,14.9
_14034_,14.9
_14122_,14.9
_14319_,14.9
_15604_,14.9
_20715_,14.9
_19767_,14.89
_23287_,14.89
_00840_,14.88
_01588_,14.88
_04193_,14.88
_05799_,14.88
_06502_,14.88
_10408_,14.88
_11063_,14.88
_11545_,14.88
_15728_,14.88
_19869_,14.88
_20655_,14.88
_25126_,14.88
u_core0.ROW\[13\].COL\[0\].u_pe.sum_out\[1\],14.88
u_core0.ROW\[18\].COL\[1\].u_pe.sum_out\[3\],14.88
_06981_,14.87
_01434_,14.86
_02848_,14.86
_03117_,14.86
_04755_,14.86
_05257_,14.86
_05284_,14.86
_07213_,14.86
_12211_,14.86
_12390_,14.86
_14271_,14.86
_14980_,14.86
_19283_,14.86
_21720_,14.86
_24094_,14.86
_24759_,14.86
_25238_,14.86
_25881_,14.86
_26139_,14.86
_26562_,14.86
_26936_,14.86
u_core0.ROW\[20\].COL\[0\].u_pe.sum_out\[16\],14.86
_01259_,14.855
_18436_,14.85
_00975_,14.84
_01422_,14.84
_04214_,14.84
_05974_,14.84
_06555_,14.84
_08034_,14.84
_08069_,14.84
_08311_,14.84
_08410_,14.84
_08911_,14.84
_09823_,14.84
_11031_,14.84
_12055_,14.84
_12104_,14.84
_14581_,14.84
_14724_,14.84
_15352_,14.84
_16814_,14.84
_17081_,14.84
_17374_,14.84
_17462_,14.84
_21444_,14.84
_24509_,14.84
_26213_,14.84
_26843_,14.84
u_core0.ROW\[4\].COL\[1\].u_pe.b_out\[5\],14.84
_01961_,14.83
_14430_,14.83
data_in_broad[10],14.825
_02839_,14.82
_04507_,14.82
_06855_,14.82
_09331_,14.82
_14096_,14.82
_21165_,14.82
_22323_,14.82
_23631_,14.82
net979,14.82
_18534_,14.815
data_in_broad[20],14.81
_01402_,14.8
_03340_,14.8
_04583_,14.8
_09338_,14.8
_10948_,14.8
_11770_,14.8
_14247_,14.8
_16423_,14.8
_19239_,14.8
_20996_,14.8
_26800_,14.8
u_core0.ROW\[29\].COL\[0\].u_pe.sum_out\[9\],14.8
_11590_,14.79
u_core0.ROW\[27\].COL\[0\].u_pe.sum_out\[4\],14.79
_03113_,14.78
_03233_,14.78
_06068_,14.78
_07166_,14.78
_08800_,14.78
_08877_,14.78
_16500_,14.78
_17153_,14.78
_18224_,14.78
_19498_,14.78
_22737_,14.78
net745,14.78
_02439_,14.76
_03147_,14.76
_07151_,14.76
_07171_,14.76
_07484_,14.76
_08310_,14.76
_09345_,14.76
_11024_,14.76
_11633_,14.76
_12014_,14.76
_12080_,14.76
_12519_,14.76
_13636_,14.76
_14715_,14.76
_16103_,14.76
_22431_,14.76
_24732_,14.76
_22447_,14.745
_02039_,14.74
_04628_,14.74
_06135_,14.74
_07070_,14.74
_08251_,14.74
_09305_,14.74
_10860_,14.74
_11710_,14.74
_12541_,14.74
_12668_,14.74
_14235_,14.74
_15123_,14.74
_16074_,14.74
_17275_,14.74
_17996_,14.74
_18295_,14.74
_19453_,14.74
_23171_,14.74
_24929_,14.74
_26445_,14.74
u_core0.ROW\[19\].COL\[1\].u_pe.b_out\[6\],14.74
_04228_,14.72
_04482_,14.72
_08960_,14.72
_10187_,14.72
_12345_,14.72
_15630_,14.72
_17010_,14.72
_17587_,14.72
_18714_,14.72
_19343_,14.72
_21590_,14.72
_22839_,14.72
_23034_,14.72
_23410_,14.72
_24707_,14.72
u_core0.ROW\[4\].COL\[0\].u_pe.sum_out\[19\],14.72
net1083,14.71
_17070_,14.7
_01999_,14.69
_11103_,14.69
_21570_,14.69
_01718_,14.68
_03333_,14.68
_06614_,14.68
_06724_,14.68
_10946_,14.68
_11384_,14.68
_11948_,14.68
_16449_,14.68
_19301_,14.68
_20165_,14.68
_22762_,14.68
_24328_,14.68
_24648_,14.68
_25953_,14.68
_26351_,14.68
u_core0.ROW\[16\].COL\[0\].u_pe.sum_out\[7\],14.68
_16540_,14.66
_18713_,14.66
_19479_,14.66
_19587_,14.66
_26389_,14.66
_00007_,14.645
_01387_,14.64
_03324_,14.64
_06857_,14.64
_07154_,14.64
_07372_,14.64
_07866_,14.64
_08627_,14.64
_10655_,14.64
_12335_,14.64
_13090_,14.64
_14673_,14.64
_15689_,14.64
_16397_,14.64
_17582_,14.64
_17808_,14.64
_18403_,14.64
_20281_,14.64
_21130_,14.64
_21264_,14.64
_21721_,14.64
_23191_,14.64
_24310_,14.64
_24480_,14.64
_24514_,14.64
u_core0.ROW\[13\].COL\[0\].u_pe.sum_out\[16\],14.64
net946,14.64
_04953_,14.635
_10630_,14.635
_08849_,14.625
_01244_,14.62
_02398_,14.62
_03171_,14.62
_03309_,14.62
_03618_,14.62
_10329_,14.62
_10618_,14.62
_11274_,14.62
_12086_,14.62
_14173_,14.62
_14322_,14.62
_14358_,14.62
_14721_,14.62
_21153_,14.62
_21263_,14.62
_22057_,14.62
_23783_,14.62
_04661_,14.605
_01218_,14.6
_01232_,14.6
_03782_,14.6
_05241_,14.6
_06040_,14.6
_12859_,14.6
_13577_,14.6
_15240_,14.6
_16087_,14.6
_17888_,14.6
_24294_,14.6
_26136_,14.6
_23554_,14.595
_26459_,14.59
_05448_,14.585
_02110_,14.58
_05004_,14.58
_07610_,14.58
_11855_,14.58
_16685_,14.58
_22095_,14.58
_23267_,14.58
_24669_,14.58
_26477_,14.58
_26723_,14.58
net654,14.58
_02379_,14.56
_06719_,14.56
_06922_,14.56
_08421_,14.56
_14691_,14.56
_15850_,14.56
_19611_,14.56
_23878_,14.56
_25760_,14.56
_26155_,14.56
_03607_,14.55
_05449_,14.54
_06387_,14.54
_11954_,14.54
_12118_,14.54
_16448_,14.54
_16834_,14.54
_18154_,14.54
_19013_,14.54
_21071_,14.54
net1,14.54
_14073_,14.525
_00508_,14.52
_01340_,14.52
_01395_,14.52
_02170_,14.52
_03668_,14.52
_04110_,14.52
_06634_,14.52
_07061_,14.52
_09524_,14.52
_09604_,14.52
_10501_,14.52
_15389_,14.52
_16099_,14.52
_17502_,14.52
_18658_,14.52
_19747_,14.52
_21635_,14.52
_21731_,14.52
_22047_,14.52
_22128_,14.52
_22325_,14.52
_22963_,14.52
_02750_,14.515
_00555_,14.5
_00556_,14.5
_05385_,14.5
_06299_,14.5
_06514_,14.5
_06628_,14.5
_09574_,14.5
_11991_,14.5
_13068_,14.5
_13338_,14.5
_20958_,14.5
_24920_,14.5
_25010_,14.5
_25434_,14.5
u_core0.ROW\[0\].COL\[1\].u_pe.sum_out\[10\],14.5
u_core0.ROW\[29\].COL\[0\].u_pe.sum_out\[18\],14.5
u_core0.ROW\[4\].COL\[0\].u_pe.sum_out\[2\],14.5
u_core0.ROW\[5\].COL\[0\].u_pe.sum_out\[4\],14.5
_19528_,14.49
_00248_,14.48
_01174_,14.48
_06323_,14.48
_14240_,14.48
_15667_,14.48
_19839_,14.48
_20973_,14.48
_22243_,14.48
_23559_,14.48
_25307_,14.48
_25488_,14.48
_26692_,14.48
net1117,14.48
data_in_broad[19],14.47
_02322_,14.46
_03036_,14.46
_03850_,14.46
_07168_,14.46
_08024_,14.46
_08965_,14.46
_09550_,14.46
_10349_,14.46
_10921_,14.46
_11678_,14.46
_12037_,14.46
_18873_,14.46
_19466_,14.46
_22417_,14.46
_24324_,14.46
_25720_,14.46
_26457_,14.46
_26856_,14.46
u_core0.ROW\[19\].COL\[0\].u_pe.sum_out\[18\],14.46
net746,14.46
_07121_,14.45
_26279_,14.45
net650,14.45
net659,14.45
_02577_,14.44
_03232_,14.44
_04090_,14.44
_04842_,14.44
_08328_,14.44
_08688_,14.44
_15979_,14.44
_18261_,14.44
_19051_,14.44
u_core0.ROW\[23\].COL\[0\].u_pe.sum_out\[16\],14.44
_24676_,14.435
_26260_,14.43
_26276_,14.43
_01319_,14.425
_02244_,14.42
_03639_,14.42
_04364_,14.42
_04588_,14.42
_06983_,14.42
_08077_,14.42
_09990_,14.42
_10872_,14.42
_13948_,14.42
_18535_,14.42
_19083_,14.42
_19333_,14.42
_21371_,14.42
_22585_,14.42
_23078_,14.42
_25636_,14.42
_25857_,14.42
_26640_,14.42
u_core0.ROW\[5\].COL\[0\].u_pe.sum_out\[0\],14.42
_03279_,14.4
_05032_,14.4
_06167_,14.4
_06189_,14.4
_06413_,14.4
_08778_,14.4
_16320_,14.4
_20980_,14.4
_22020_,14.4
_22168_,14.4
_24098_,14.4
_24518_,14.4
_25214_,14.4
u_core0.ROW\[0\].COL\[0\].u_pe.sum_out\[12\],14.4
_04670_,14.38
_05715_,14.38
_06061_,14.38
_06943_,14.38
_07361_,14.38
_09495_,14.38
_12773_,14.38
_13566_,14.38
_14697_,14.38
_15855_,14.38
_16889_,14.38
_18036_,14.38
_20172_,14.38
_23074_,14.38
_25248_,14.38
_25768_,14.38
_26083_,14.38
u_core0.ROW\[0\].COL\[0\].u_pe.sum_out\[11\],14.38
u_core0.ROW\[2\].COL\[1\].u_pe.sum_out\[9\],14.38
u_core0.ROW\[8\].COL\[0\].u_pe.sum_out\[4\],14.38
result[22],14.37
_03423_,14.36
_05532_,14.36
_21485_,14.36
_23703_,14.36
_23790_,14.36
_24722_,14.345
_02374_,14.34
_02731_,14.34
_03318_,14.34
_03357_,14.34
_03514_,14.34
_06364_,14.34
_06799_,14.34
_13681_,14.34
_23820_,14.34
_26950_,14.34
u_core0.ROW\[8\].COL\[1\].u_pe.sum_out\[4\],14.34
net665,14.34
_13983_,14.33
_18322_,14.33
_07928_,14.32
_09326_,14.32
_12311_,14.32
_16017_,14.32
_19942_,14.32
_24096_,14.32
_01722_,14.3
_03432_,14.3
_08542_,14.3
_08766_,14.3
_09473_,14.3
_10571_,14.3
_11021_,14.3
_12446_,14.3
_12649_,14.3
_12965_,14.3
_13008_,14.3
_13269_,14.3
_14085_,14.3
_14453_,14.3
_16671_,14.3
_16723_,14.3
_17870_,14.3
_18692_,14.3
_19594_,14.3
_19962_,14.3
_22611_,14.3
_23595_,14.3
_24346_,14.3
_26021_,14.3
_22969_,14.295
_01923_,14.28
_06050_,14.28
_07899_,14.28
_08850_,14.28
_12309_,14.28
_12698_,14.28
_19996_,14.28
_26504_,14.28
_25334_,14.275
_17691_,14.27
_27010_,14.27
_02145_,14.26
_03421_,14.26
_05281_,14.26
_06105_,14.26
_06506_,14.26
_06931_,14.26
_10258_,14.26
_11348_,14.26
_12093_,14.26
_20484_,14.26
_20802_,14.26
_21150_,14.26
_21314_,14.26
_21968_,14.26
_23193_,14.26
_26175_,14.26
_26480_,14.26
_26708_,14.26
_17306_,14.255
_12811_,14.25
_02193_,14.24
_02323_,14.24
_06352_,14.24
_12323_,14.24
_17513_,14.24
_24985_,14.24
_25275_,14.24
u_core0.ROW\[4\].COL\[0\].u_pe.sum_out\[5\],14.24
_10699_,14.23
data_in_broad[6],14.23
_02428_,14.22
_02543_,14.22
_06967_,14.22
_09276_,14.22
_10510_,14.22
_11305_,14.22
_11767_,14.22
_12129_,14.22
_14413_,14.22
_16205_,14.22
_16347_,14.22
_17119_,14.22
_18461_,14.22
_18743_,14.22
_20672_,14.22
_21230_,14.22
_22612_,14.22
_24738_,14.22
_25590_,14.22
_15089_,14.21
_17041_,14.21
_04142_,14.2
_05413_,14.2
_09987_,14.2
_13714_,14.2
_14101_,14.2
_16664_,14.2
_16733_,14.2
_17198_,14.2
_17514_,14.2
_19383_,14.2
_24138_,14.2
_25251_,14.2
_01575_,14.195
_16975_,14.195
_00298_,14.18
_02436_,14.18
_02917_,14.18
_04990_,14.18
_05901_,14.18
_06504_,14.18
_07563_,14.18
_08361_,14.18
_08841_,14.18
_09182_,14.18
_13872_,14.18
_14135_,14.18
_16092_,14.18
_19853_,14.18
_23160_,14.18
_23471_,14.18
_23611_,14.18
_26219_,14.18
net658,14.18
net736,14.18
_01296_,14.16
_01714_,14.16
_03726_,14.16
_04084_,14.16
_05451_,14.16
_13237_,14.16
_13585_,14.16
_14278_,14.16
_15161_,14.16
_16468_,14.16
_18202_,14.16
_18408_,14.16
net1045,14.16
_00441_,14.14
_01372_,14.14
_02340_,14.14
_02531_,14.14
_02666_,14.14
_06791_,14.14
_07056_,14.14
_07246_,14.14
_08799_,14.14
_12643_,14.14
_17001_,14.14
_18565_,14.14
_18665_,14.14
_18895_,14.14
_19379_,14.14
_21581_,14.14
_21752_,14.14
_22590_,14.14
_22761_,14.14
_23812_,14.14
_25080_,14.14
u_core0.ROW\[17\].COL\[0\].u_pe.sum_out\[5\],14.14
_06827_,14.13
_00596_,14.12
_02617_,14.12
_05315_,14.12
_06255_,14.12
_11324_,14.12
_19236_,14.12
_25317_,14.12
_04087_,14.115
_02893_,14.11
_00296_,14.1
_01496_,14.1
_01554_,14.1
_02622_,14.1
_03812_,14.1
_03993_,14.1
_06393_,14.1
_09641_,14.1
_12099_,14.1
_13847_,14.1
_14239_,14.1
_15178_,14.1
_16042_,14.1
_16608_,14.1
_18555_,14.1
_24101_,14.1
_24360_,14.1
u_core0.ROW\[17\].COL\[0\].u_pe.sum_out\[3\],14.1
net923,14.1
_17137_,14.095
_06635_,14.09
_19877_,14.085
_02031_,14.08
_02274_,14.08
_03526_,14.08
_06525_,14.08
_06990_,14.08
_08458_,14.08
_10143_,14.08
_10313_,14.08
_10668_,14.08
_11505_,14.08
_12902_,14.08
_15981_,14.08
_16847_,14.08
_17722_,14.08
_19175_,14.08
_21149_,14.08
_21877_,14.08
_22176_,14.08
u_core0.ROW\[30\].COL\[1\].u_pe.b_out\[3\],14.08
_00593_,14.06
_01663_,14.06
_03762_,14.06
_05237_,14.06
_05514_,14.06
_08772_,14.06
_09413_,14.06
_10141_,14.06
_11240_,14.06
_13247_,14.06
_14971_,14.06
_15363_,14.06
_18023_,14.06
_18381_,14.06
_19050_,14.06
_19290_,14.06
_20071_,14.06
_24148_,14.06
_24222_,14.06
_25783_,14.06
_08637_,14.05
_16789_,14.05
_05562_,14.045
_05056_,14.04
_07039_,14.04
_07555_,14.04
_08049_,14.04
_10294_,14.04
_13016_,14.04
_16622_,14.04
_17742_,14.04
_18024_,14.04
_18426_,14.04
_22212_,14.04
_24943_,14.04
u_core0.ROW\[16\].COL\[0\].u_pe.sum_out\[4\],14.04
u_core0.ROW\[19\].COL\[1\].u_pe.b_out\[0\],14.04
_01957_,14.03
_11850_,14.03
result[15],14.03
result[1],14.03
result[5],14.03
_01162_,14.02
_01336_,14.02
_01339_,14.02
_03121_,14.02
_03386_,14.02
_06798_,14.02
_07475_,14.02
_12926_,14.02
_13040_,14.02
_13999_,14.02
_15058_,14.02
_15254_,14.02
_15911_,14.02
_16382_,14.02
_18715_,14.02
_18869_,14.02
_20676_,14.02
_23206_,14.02
_25385_,14.02
_25524_,14.02
_01132_,14.01
_00289_,14
_01214_,14
_04073_,14
_04225_,14
_04692_,14
_05491_,14
_06925_,14
_07453_,14
_07961_,14
_09401_,14
_11574_,14
_11651_,14
_19979_,14
_21658_,14
_21893_,14
_22613_,14
_24318_,14
_18616_,13.99
_21645_,13.99
net652,13.99
net649,13.99
_01902_,13.98
_04712_,13.98
_07349_,13.98
_07584_,13.98
_10566_,13.98
_11645_,13.98
_14512_,13.98
_15741_,13.98
_17338_,13.98
_17723_,13.98
_17766_,13.98
_20175_,13.98
_22105_,13.98
_25723_,13.98
_17612_,13.97
_02052_,13.96
_02685_,13.96
_03570_,13.96
_04093_,13.96
_07083_,13.96
_09719_,13.96
_12402_,13.96
_12527_,13.96
_16386_,13.96
_17090_,13.96
_17329_,13.96
_17562_,13.96
_18078_,13.96
_18592_,13.96
_20289_,13.96
_21297_,13.96
_22375_,13.96
_24825_,13.96
_25644_,13.96
u_core0.ROW\[30\].COL\[0\].u_pe.sum_out\[16\],13.96
net653,13.95
net655,13.95
net660,13.95
_01463_,13.94
_02158_,13.94
_02180_,13.94
_03390_,13.94
_03493_,13.94
_03914_,13.94
_05123_,13.94
_06737_,13.94
_06942_,13.94
_08179_,13.94
_09433_,13.94
_14220_,13.94
_16315_,13.94
_17602_,13.94
_18680_,13.94
_23620_,13.94
_23871_,13.94
_25075_,13.94
_26271_,13.94
u_core0.ROW\[29\].COL\[0\].u_pe.sum_out\[1\],13.94
net1121,13.94
_02989_,13.92
_03372_,13.92
_08009_,13.92
_10931_,13.92
_14162_,13.92
_16189_,13.92
_16986_,13.92
_17815_,13.92
_20105_,13.92
_21591_,13.92
_23083_,13.92
_24515_,13.92
_24828_,13.92
_26541_,13.92
u_core0.ROW\[20\].COL\[1\].u_pe.sum_out\[1\],13.92
u_core0.ROW\[3\].COL\[0\].u_pe.sum_out\[17\],13.92
u_core0.ROW\[3\].COL\[0\].u_pe.sum_out\[5\],13.92
_04531_,13.91
_03800_,13.9
_04171_,13.9
_04684_,13.9
_08100_,13.9
_08120_,13.9
_11187_,13.9
_13745_,13.9
_16907_,13.9
_21234_,13.9
_21574_,13.9
_25712_,13.9
u_core0.ROW\[17\].COL\[1\].u_pe.b_out\[3\],13.9
_01979_,13.88
_02046_,13.88
_04041_,13.88
_04744_,13.88
_06835_,13.88
_06950_,13.88
_10720_,13.88
_12302_,13.88
_16786_,13.88
_20479_,13.88
_21800_,13.88
_25143_,13.88
net1065,13.88
_02669_,13.86
_02949_,13.86
_08438_,13.86
_09966_,13.86
_13153_,13.86
_16437_,13.86
_18797_,13.86
_20812_,13.86
_21122_,13.86
_21168_,13.86
u_core0.ROW\[13\].COL\[0\].u_pe.a_out\[0\],13.86
_03211_,13.84
_03785_,13.84
_04067_,13.84
_04505_,13.84
_07952_,13.84
_11250_,13.84
_12069_,13.84
_13728_,13.84
_15705_,13.84
_16098_,13.84
_19458_,13.84
_20630_,13.84
_20724_,13.84
_23052_,13.84
_23898_,13.84
_24603_,13.84
_25635_,13.84
u_core0.ROW\[22\].COL\[1\].u_pe.sum_out\[8\],13.84
u_core0.ROW\[27\].COL\[1\].u_pe.b_out\[4\],13.84
u_core0.ROW\[6\].COL\[0\].u_pe.sum_out\[18\],13.84
net823,13.84
_02237_,13.82
_02539_,13.82
_02905_,13.82
_03206_,13.82
_04102_,13.82
_09184_,13.82
_10672_,13.82
_10771_,13.82
_11179_,13.82
_12258_,13.82
_12595_,13.82
_14758_,13.82
_18300_,13.82
_21357_,13.82
_24259_,13.82
_25967_,13.82
net703,13.82
_09317_,13.815
_06183_,13.81
_18196_,13.81
_23145_,13.81
data_in_broad[1],13.81
_03561_,13.8
_04167_,13.8
_04220_,13.8
_06440_,13.8
_07032_,13.8
_11541_,13.8
_11648_,13.8
_13827_,13.8
_15453_,13.8
_15994_,13.8
_19662_,13.8
_22407_,13.8
_24042_,13.8
_24523_,13.8
_16714_,13.795
_05770_,13.79
_15262_,13.79
_03814_,13.78
_06710_,13.78
_08355_,13.78
_10044_,13.78
_13891_,13.78
_15721_,13.78
_17597_,13.78
_23226_,13.78
_07496_,13.77
_03490_,13.76
_04862_,13.76
_09840_,13.76
_10765_,13.76
_12336_,13.76
_13750_,13.76
_15744_,13.76
_16472_,13.76
_17525_,13.76
_18916_,13.76
_19534_,13.76
_21850_,13.76
_23660_,13.76
_24265_,13.76
_25276_,13.76
u_core0.ROW\[10\].COL\[0\].u_pe.a_out\[4\],13.76
u_core0.ROW\[11\].COL\[0\].u_pe.b_out\[4\],13.76
_13964_,13.75
_04808_,13.74
_11061_,13.74
_14334_,13.74
_19252_,13.74
_20447_,13.74
_22837_,13.74
_26145_,13.74
_01258_,13.72
_01685_,13.72
_01713_,13.72
_03145_,13.72
_03172_,13.72
_03498_,13.72
_04002_,13.72
_04533_,13.72
_04991_,13.72
_07300_,13.72
_09637_,13.72
_10030_,13.72
_10159_,13.72
_10162_,13.72
_10263_,13.72
_13000_,13.72
_15107_,13.72
_15245_,13.72
_15397_,13.72
_15422_,13.72
_16944_,13.72
_17470_,13.72
_18676_,13.72
_19060_,13.72
_19371_,13.72
_19673_,13.72
_22674_,13.72
_23528_,13.72
_23976_,13.72
_24710_,13.72
_25316_,13.72
_25920_,13.72
_26641_,13.72
u_core0.ROW\[19\].COL\[0\].u_pe.sum_out\[17\],13.72
u_core0.ROW\[25\].COL\[0\].u_pe.sum_out\[4\],13.72
_21286_,13.715
_00938_,13.7
_01318_,13.7
_01593_,13.7
_01933_,13.7
_02289_,13.7
_06394_,13.7
_10166_,13.7
_10544_,13.7
_14970_,13.7
_22399_,13.7
_24706_,13.7
u_core0.ROW\[10\].COL\[0\].u_pe.sum_in\[16\],13.7
_09838_,13.695
_19647_,13.695
data_in_broad[14],13.69
_00140_,13.68
_04818_,13.68
_05905_,13.68
_07317_,13.68
_07321_,13.68
_07423_,13.68
_08116_,13.68
_08291_,13.68
_16127_,13.68
_17333_,13.68
_19072_,13.68
_19279_,13.68
_21321_,13.68
_21979_,13.68
_24580_,13.68
_25472_,13.68
_25980_,13.68
_26897_,13.68
net1024,13.68
_22207_,13.67
_00617_,13.66
_00772_,13.66
_10293_,13.66
_13528_,13.66
_16176_,13.66
_17145_,13.66
_20683_,13.66
_24584_,13.66
_03254_,13.655
_17089_,13.655
_21665_,13.65
_05330_,13.64
_06053_,13.64
_07258_,13.64
_07687_,13.64
_09538_,13.64
_10241_,13.64
_10438_,13.64
_14678_,13.64
_15127_,13.64
_18668_,13.64
_21185_,13.64
_21204_,13.64
_23157_,13.64
_23772_,13.64
_23938_,13.64
_25860_,13.64
u_core0.ROW\[4\].COL\[0\].u_pe.sum_out\[16\],13.64
_22194_,13.625
_03046_,13.62
_05724_,13.62
_06473_,13.62
_06479_,13.62
_08114_,13.62
_09588_,13.62
_09656_,13.62
_10844_,13.62
_11963_,13.62
_16874_,13.62
_17429_,13.62
_18366_,13.62
_20414_,13.62
_24064_,13.62
clknet_leaf_81_clk,13.62
_09787_,13.61
_22394_,13.605
_02920_,13.6
_03767_,13.6
_06395_,13.6
_09365_,13.6
_10409_,13.6
_11115_,13.6
_14439_,13.6
_21167_,13.6
_21861_,13.6
_22461_,13.6
_22847_,13.6
_24995_,13.6
_25978_,13.6
_26030_,13.6
data_in_broad[26],13.6
data_in_broad[29],13.6
_15532_,13.59
_00570_,13.585
_00686_,13.58
_03316_,13.58
_09195_,13.58
_11135_,13.58
_11821_,13.58
_13834_,13.58
_16306_,13.58
_16628_,13.58
_16892_,13.58
_22167_,13.58
_24585_,13.58
_24660_,13.58
_25752_,13.58
_25935_,13.58
_26591_,13.58
_26963_,13.58
u_core0.ROW\[16\].COL\[0\].u_pe.sum_out\[8\],13.58
_05700_,13.57
_16763_,13.57
_00498_,13.56
_00939_,13.56
_01752_,13.56
_06409_,13.56
_08546_,13.56
_08563_,13.56
_13132_,13.56
_19399_,13.56
_23263_,13.56
_23587_,13.56
_25229_,13.56
_25487_,13.56
_26039_,13.56
net1034,13.56
_22824_,13.555
_03138_,13.55
_05132_,13.55
_04779_,13.54
_06396_,13.54
_12837_,13.54
_13186_,13.54
_15026_,13.54
_15216_,13.54
_17750_,13.54
_18972_,13.54
_20102_,13.54
_20867_,13.54
_21203_,13.54
_22364_,13.54
_25904_,13.54
u_core0.ROW\[20\].COL\[1\].u_pe.b_out\[2\],13.525
_00003_,13.52
_01073_,13.52
_02975_,13.52
_04123_,13.52
_05957_,13.52
_07514_,13.52
_07690_,13.52
_07985_,13.52
_08871_,13.52
_12691_,13.52
_14381_,13.52
_14742_,13.52
_17726_,13.52
_19921_,13.52
_21298_,13.52
_24536_,13.52
_13604_,13.51
_01222_,13.5
_02309_,13.5
_02395_,13.5
_03085_,13.5
_04576_,13.5
_04983_,13.5
_05270_,13.5
_05616_,13.5
_06148_,13.5
_06176_,13.5
_06517_,13.5
_08094_,13.5
_09201_,13.5
_12298_,13.5
_14974_,13.5
_15517_,13.5
_16035_,13.5
_21032_,13.5
_21352_,13.5
_23661_,13.5
_25779_,13.5
u_core0.ROW\[13\].COL\[1\].u_pe.sum_out\[7\],13.5
net830,13.5
net846,13.5
_01602_,13.48
_02467_,13.48
_03108_,13.48
_03679_,13.48
_04342_,13.48
_05145_,13.48
_06216_,13.48
_07205_,13.48
_08526_,13.48
_10105_,13.48
_10913_,13.48
_12424_,13.48
_12570_,13.48
_15008_,13.48
_15073_,13.48
_17953_,13.48
_21640_,13.48
_22568_,13.48
_23923_,13.48
data_in_broad[27],13.48
data_in_broad[30],13.48
data_in_broad[31],13.48
u_core0.ROW\[12\].COL\[0\].u_pe.sum_out\[16\],13.48
net1050,13.48
_05606_,13.47
_09360_,13.47
_03281_,13.46
_04543_,13.46
_04830_,13.46
_06790_,13.46
_06836_,13.46
_11207_,13.46
_12167_,13.46
_12877_,13.46
_12929_,13.46
_12977_,13.46
_13582_,13.46
_15039_,13.46
_17839_,13.46
_17864_,13.46
_18487_,13.46
_20329_,13.46
_20482_,13.46
_20486_,13.46
_20658_,13.46
_21461_,13.46
_21744_,13.46
_22849_,13.46
_25741_,13.46
_25742_,13.46
_26364_,13.46
_26530_,13.46
u_core0.ROW\[3\].COL\[0\].u_pe.b_out\[6\],13.46
net933,13.46
data_in_broad[16],13.45
_06287_,13.44
_06746_,13.44
_08289_,13.44
_08335_,13.44
_09700_,13.44
_15989_,13.44
_16541_,13.44
_25918_,13.44
_02746_,13.43
_13087_,13.43
_19990_,13.43
_03041_,13.42
_03804_,13.42
_04552_,13.42
_05206_,13.42
_08456_,13.42
_09888_,13.42
_11949_,13.42
_12002_,13.42
_14553_,13.42
_15218_,13.42
_19027_,13.42
_22886_,13.42
_23731_,13.42
_23929_,13.42
_24752_,13.42
_25257_,13.42
_26272_,13.42
u_core0.ROW\[12\].COL\[1\].u_pe.sum_out\[1\],13.42
_02030_,13.415
u_core0.ROW\[28\].COL\[1\].u_pe.b_out\[0\],13.405
_06707_,13.4
_09221_,13.4
_10925_,13.4
_13052_,13.4
_14955_,13.4
_15274_,13.4
_15761_,13.4
_17515_,13.4
_19039_,13.4
_20860_,13.4
_21281_,13.4
_06187_,13.39
_09110_,13.39
_04135_,13.38
_09895_,13.38
_10278_,13.38
_10865_,13.38
_11459_,13.38
_11653_,13.38
_12879_,13.38
_13546_,13.38
_13725_,13.38
_15670_,13.38
_19567_,13.38
_20787_,13.38
_24201_,13.38
_24678_,13.38
_25832_,13.38
_02037_,13.36
_02185_,13.36
_02199_,13.36
_03686_,13.36
_04307_,13.36
_04636_,13.36
_05014_,13.36
_07686_,13.36
_11652_,13.36
_12448_,13.36
_14022_,13.36
_15933_,13.36
_24058_,13.36
_25110_,13.36
_25876_,13.36
u_core0.ROW\[21\].COL\[0\].u_pe.sum_out\[1\],13.36
_25526_,13.35
result[11],13.35
result[13],13.35
result[19],13.35
result[21],13.35
result[25],13.35
result[3],13.35
result[7],13.35
result[9],13.35
_01380_,13.34
_03443_,13.34
_03602_,13.34
_03620_,13.34
_03631_,13.34
_04328_,13.34
_04896_,13.34
_05259_,13.34
_05550_,13.34
_07652_,13.34
_12033_,13.34
_14856_,13.34
_15964_,13.34
_17931_,13.34
_20859_,13.34
_22715_,13.34
_22939_,13.34
_23538_,13.34
_26885_,13.34
_18805_,13.335
data_in_broad[11],13.325
_00616_,13.32
_05654_,13.32
_06119_,13.32
_07111_,13.32
_07980_,13.32
_16268_,13.32
_16508_,13.32
_24182_,13.32
_10238_,13.31
_17490_,13.31
_25127_,13.31
_00375_,13.3
_01166_,13.3
_03096_,13.3
_03299_,13.3
_06280_,13.3
_09857_,13.3
_12201_,13.3
_14675_,13.3
_20925_,13.3
_21079_,13.3
_21277_,13.3
_21350_,13.3
_22301_,13.3
_23090_,13.3
_25177_,13.3
_25342_,13.3
_04664_,13.29
_00093_,13.285
_08672_,13.28
_16006_,13.28
_21962_,13.28
_24012_,13.28
_24637_,13.28
_26023_,13.28
_26303_,13.28
_00628_,13.26
_01495_,13.26
_03268_,13.26
_04731_,13.26
_06861_,13.26
_08374_,13.26
_08737_,13.26
_10645_,13.26
_11139_,13.26
_11605_,13.26
_12732_,13.26
_13795_,13.26
_13987_,13.26
_15360_,13.26
_15634_,13.26
_16358_,13.26
_17754_,13.26
_18820_,13.26
_22603_,13.26
_23689_,13.26
_24748_,13.26
_25410_,13.26
u_core0.ROW\[25\].COL\[0\].u_pe.sum_out\[16\],13.26
_01415_,13.255
_14622_,13.255
_24657_,13.255
_01624_,13.24
_02964_,13.24
_03438_,13.24
_14909_,13.24
_15049_,13.24
_16430_,13.24
_17046_,13.24
_21316_,13.24
_24662_,13.24
_25210_,13.24
net888,13.24
_04555_,13.23
_12045_,13.23
_14125_,13.23
result[10],13.23
result[28],13.23
result[30],13.23
_00135_,13.22
_00249_,13.22
_00945_,13.22
_03382_,13.22
_04006_,13.22
_06293_,13.22
_08115_,13.22
_11668_,13.22
_11943_,13.22
_12798_,13.22
_12969_,13.22
_13070_,13.22
_13286_,13.22
_13407_,13.22
_18002_,13.22
_18455_,13.22
_19315_,13.22
_26008_,13.22
_15283_,13.215
data_in_broad[9],13.21
_02263_,13.205
_07478_,13.205
_03638_,13.2
_22619_,13.2
_25186_,13.2
_26124_,13.2
_23775_,13.185
_04216_,13.18
_04398_,13.18
_06222_,13.18
_09020_,13.18
_11069_,13.18
_15715_,13.18
_16947_,13.18
_17572_,13.18
_22165_,13.175
_12539_,13.17
_22791_,13.17
_00719_,13.16
_04240_,13.16
_05171_,13.16
_09640_,13.16
_15609_,13.16
_17588_,13.16
_18572_,13.16
_21251_,13.16
_21270_,13.16
_23565_,13.16
_24823_,13.16
_25909_,13.16
_26579_,13.16
_25884_,13.155
_17561_,13.15
_19749_,13.15
_22161_,13.15
_00195_,13.145
_17825_,13.145
_01433_,13.14
_03277_,13.14
_05559_,13.14
_05939_,13.14
_07454_,13.14
_10214_,13.14
_10714_,13.14
_10988_,13.14
_11298_,13.14
_12073_,13.14
_12543_,13.14
_13455_,13.14
_17867_,13.14
_19017_,13.14
_24316_,13.14
_24338_,13.14
_24484_,13.14
_24491_,13.14
_24627_,13.14
_25583_,13.14
_00588_,13.12
_03377_,13.12
_04517_,13.12
_04602_,13.12
_08821_,13.12
_08919_,13.12
_10687_,13.12
_13259_,13.12
_14310_,13.12
_19192_,13.12
_19645_,13.12
_20015_,13.12
_21930_,13.12
_22560_,13.12
_22964_,13.12
net901,13.12
_17605_,13.11
_20986_,13.11
_00814_,13.105
_18546_,13.105
_04496_,13.1
_06090_,13.1
_11117_,13.1
_18969_,13.1
_19385_,13.1
_19900_,13.1
_21180_,13.1
_23420_,13.1
_24079_,13.1
_24379_,13.1
_07852_,13.095
_04037_,13.08
_04730_,13.08
_05227_,13.08
_05509_,13.08
_10640_,13.08
_11053_,13.08
_11058_,13.08
_13127_,13.08
_13298_,13.08
_13779_,13.08
_14189_,13.08
_14443_,13.08
_15633_,13.08
_17603_,13.08
_19103_,13.08
_20437_,13.08
_25941_,13.08
_14331_,13.07
_18271_,13.07
_01260_,13.06
_01592_,13.06
_01984_,13.06
_03708_,13.06
_05040_,13.06
_06529_,13.06
_06754_,13.06
_09622_,13.06
_11904_,13.06
_12432_,13.06
_15136_,13.06
_15988_,13.06
_16114_,13.06
_18593_,13.06
_20357_,13.06
_20703_,13.06
_23345_,13.06
_25900_,13.06
u_core0.ROW\[14\].COL\[0\].u_pe.sum_out\[18\],13.06
_21002_,13.055
_01565_,13.04
_01866_,13.04
_02680_,13.04
_03760_,13.04
_04164_,13.04
_04745_,13.04
_05364_,13.04
_07155_,13.04
_07340_,13.04
_11133_,13.04
_12107_,13.04
_12362_,13.04
_17246_,13.04
_20273_,13.04
_20681_,13.04
_21019_,13.04
_22220_,13.04
_22405_,13.04
_22918_,13.04
_23310_,13.04
_23600_,13.04
_25120_,13.04
_25284_,13.04
_25602_,13.04
_26209_,13.04
_26252_,13.04
_26892_,13.04
_26924_,13.04
_25501_,13.025
_01360_,13.02
_04846_,13.02
_04984_,13.02
_05718_,13.02
_05854_,13.02
_06186_,13.02
_06499_,13.02
_08403_,13.02
_09968_,13.02
_10839_,13.02
_10889_,13.02
_11236_,13.02
_12062_,13.02
_13524_,13.02
_13778_,13.02
_15586_,13.02
_16631_,13.02
_17445_,13.02
_18683_,13.02
_20723_,13.02
_20909_,13.02
_22267_,13.02
_22968_,13.02
_23596_,13.02
_26900_,13.02
_27006_,13.02
net1140,13.02
result[0],13.01
result[12],13.01
result[14],13.01
result[16],13.01
result[4],13.01
result[6],13.01
result[8],13.01
_02649_,13
_03312_,13
_03786_,13
_06206_,13
_07374_,13
_08910_,13
_10307_,13
_12471_,13
_13622_,13
_13884_,13
_13973_,13
_15152_,13
_18087_,13
_19922_,13
_19966_,13
_21860_,13
_23637_,13
u_core0.ROW\[4\].COL\[0\].u_pe.sum_out\[9\],13
_21946_,12.99
_00039_,12.98
_02796_,12.98
_05377_,12.98
_09259_,12.98
_10413_,12.98
_13979_,12.98
_17071_,12.98
_22159_,12.98
_24269_,12.98
_24325_,12.98
_25625_,12.98
_26953_,12.98
_01976_,12.96
_04916_,12.96
_05510_,12.96
_05956_,12.96
_06593_,12.96
_07891_,12.96
_08283_,12.96
_08505_,12.96
_09708_,12.96
_13321_,12.96
_15412_,12.96
_15784_,12.96
_16580_,12.96
_18545_,12.96
_20216_,12.96
_20753_,12.96
_20789_,12.96
_24948_,12.96
_24982_,12.96
_25957_,12.96
u_core0.ROW\[24\].COL\[0\].u_pe.sum_out\[8\],12.96
net852,12.96
_03091_,12.94
_13359_,12.94
_15817_,12.94
_16542_,12.94
_17334_,12.94
_17497_,12.94
_18313_,12.94
_19384_,12.94
_23235_,12.94
_25136_,12.94
_25523_,12.94
net840,12.94
_02714_,12.92
_05341_,12.92
_06700_,12.92
_09781_,12.92
_10149_,12.92
_11362_,12.92
_11378_,12.92
_11462_,12.92
_11968_,12.92
_13490_,12.92
_13761_,12.92
_14071_,12.92
_14114_,12.92
_14115_,12.92
_14141_,12.92
_14778_,12.92
_15437_,12.92
_16427_,12.92
_16822_,12.92
_18106_,12.92
_18529_,12.92
_19682_,12.92
_21838_,12.92
_22174_,12.92
_22565_,12.92
_24196_,12.92
_24685_,12.92
_25555_,12.92
_26207_,12.92
u_core0.ROW\[16\].COL\[1\].u_pe.sum_out\[8\],12.92
u_core0.ROW\[25\].COL\[0\].u_pe.b_out\[5\],12.92
u_core0.ROW\[28\].COL\[0\].u_pe.sum_out\[16\],12.92
net760,12.92
_13396_,12.91
_04774_,12.9
_06801_,12.9
_07027_,12.9
_07041_,12.9
_07680_,12.9
_07949_,12.9
_08460_,12.9
_09940_,12.9
_11226_,12.9
_11732_,12.9
_12202_,12.9
_13375_,12.9
_14859_,12.9
_15282_,12.9
_16949_,12.9
_23794_,12.9
_23924_,12.9
_25187_,12.9
_11846_,12.895
_10577_,12.89
_13654_,12.89
_19366_,12.89
data_in_broad[3],12.89
result[29],12.89
_04230_,12.88
_04621_,12.88
_04944_,12.88
_06032_,12.88
_06968_,12.88
_10032_,12.88
_12437_,12.88
_13096_,12.88
_15533_,12.88
_16963_,12.88
_17393_,12.88
_18115_,12.88
_18294_,12.88
_19619_,12.88
_19789_,12.88
_19817_,12.88
_20794_,12.88
_22920_,12.88
_25150_,12.88
_25587_,12.88
_26287_,12.88
u_core0.ROW\[16\].COL\[1\].u_pe.b_out\[2\],12.88
u_core0.ROW\[3\].COL\[0\].u_pe.b_out\[1\],12.88
_13034_,12.87
_01211_,12.86
_01616_,12.86
_05835_,12.86
_07781_,12.86
_10347_,12.86
_11161_,12.86
_14587_,12.86
_14596_,12.86
_17611_,12.86
_21014_,12.86
_22669_,12.86
_23926_,12.86
_17717_,12.845
_00376_,12.84
_02844_,12.84
_08630_,12.84
_12114_,12.84
_12136_,12.84
_19202_,12.84
_21136_,12.84
_21235_,12.84
_22240_,12.84
_24122_,12.84
_26141_,12.84
_02370_,12.83
_01692_,12.82
_04408_,12.82
_05997_,12.82
_09307_,12.82
_11245_,12.82
_11563_,12.82
_13657_,12.82
_16506_,12.82
_16868_,12.82
_22247_,12.82
_22641_,12.82
_23197_,12.82
_23200_,12.82
_24235_,12.82
_25052_,12.82
_25103_,12.82
_25107_,12.82
_18450_,12.815
_02140_,12.81
_09185_,12.81
_11508_,12.805
_01836_,12.8
_02774_,12.8
_05363_,12.8
_06406_,12.8
_06716_,12.8
_07301_,12.8
_09191_,12.8
_09205_,12.8
_10178_,12.8
_11752_,12.8
_11772_,12.8
_13074_,12.8
_13235_,12.8
_15939_,12.8
_16773_,12.8
_19336_,12.8
_21719_,12.8
_22106_,12.8
_25926_,12.8
_26385_,12.8
u_core0.ROW\[12\].COL\[1\].u_pe.b_out\[1\],12.8
_09957_,12.795
_07206_,12.785
_05289_,12.78
_05397_,12.78
_08146_,12.78
_08463_,12.78
_09715_,12.78
_11464_,12.78
_13065_,12.78
_16788_,12.78
_18368_,12.78
_21806_,12.78
_25083_,12.78
_25551_,12.78
u_core0.ROW\[7\].COL\[0\].u_pe.sum_out\[14\],12.78
_19459_,12.77
data_in_broad[4],12.77
_00979_,12.765
_22353_,12.765
_01294_,12.76
_01834_,12.76
_02241_,12.76
_03903_,12.76
_04742_,12.76
_06543_,12.76
_06940_,12.76
_08890_,12.76
_10984_,12.76
_12420_,12.76
_13140_,12.76
_17474_,12.76
_19955_,12.76
_21814_,12.76
_22157_,12.76
_22377_,12.76
_23877_,12.76
_24128_,12.76
_24189_,12.76
_25306_,12.76
_26402_,12.755
_00726_,12.74
_03567_,12.74
_05162_,12.74
_13746_,12.74
_14312_,12.74
_15514_,12.74
_16916_,12.74
_18735_,12.74
_22433_,12.74
_23697_,12.74
_26519_,12.74
_26627_,12.74
_18640_,12.73
_01505_,12.72
_02157_,12.72
_02346_,12.72
_03246_,12.72
_03799_,12.72
_04412_,12.72
_05251_,12.72
_06188_,12.72
_07771_,12.72
_09333_,12.72
_09959_,12.72
_10264_,12.72
_11620_,12.72
_13267_,12.72
_16885_,12.72
_17173_,12.72
_20320_,12.72
_20705_,12.72
_24549_,12.72
_26473_,12.72
u_core0.ROW\[3\].COL\[1\].u_pe.sum_out\[3\],12.72
net914,12.72
_06600_,12.705
_02500_,12.7
_03773_,12.7
_04949_,12.7
_08349_,12.7
_08728_,12.7
_09147_,12.7
_09804_,12.7
_10576_,12.7
_11143_,12.7
_16379_,12.7
_16406_,12.7
_17049_,12.7
_17594_,12.7
_19698_,12.7
_24193_,12.7
_25084_,12.7
u_core0.ROW\[20\].COL\[0\].u_pe.sum_out\[19\],12.7
u_core0.ROW\[8\].COL\[0\].u_pe.sum_out\[3\],12.7
_13173_,12.69
_03205_,12.68
_05679_,12.68
_06446_,12.68
_06458_,12.68
_09661_,12.68
_11941_,12.68
_12299_,12.68
_12363_,12.68
_13802_,12.68
_14031_,12.68
_14326_,12.68
_15141_,12.68
_15610_,12.68
_15801_,12.68
_16486_,12.68
_17287_,12.68
_19761_,12.68
_20567_,12.68
_20892_,12.68
_21100_,12.68
_22308_,12.68
_22725_,12.68
_26369_,12.68
_21576_,12.675
_23975_,12.675
_01271_,12.66
_01893_,12.66
_01973_,12.66
_03396_,12.66
_03684_,12.66
_03873_,12.66
_05080_,12.66
_05612_,12.66
_05676_,12.66
_06521_,12.66
_08624_,12.66
_09922_,12.66
_10239_,12.66
_12753_,12.66
_13130_,12.66
_13399_,12.66
_15760_,12.66
_15858_,12.66
_17737_,12.66
_18056_,12.66
_18523_,12.66
_18601_,12.66
_18987_,12.66
_19404_,12.66
_20467_,12.66
_20882_,12.66
_23922_,12.66
_24139_,12.66
_25274_,12.66
_25691_,12.66
_26365_,12.66
net29,12.66
_00626_,12.64
_02277_,12.64
_02915_,12.64
_05069_,12.64
_05782_,12.64
_06345_,12.64
_08480_,12.64
_08838_,12.64
_11248_,12.64
_15131_,12.64
_19169_,12.64
_19738_,12.64
_22710_,12.64
_03682_,12.63
_04609_,12.62
_05902_,12.62
_07808_,12.62
_08025_,12.62
_08357_,12.62
_08537_,12.62
_11579_,12.62
_12904_,12.62
_13048_,12.62
_13801_,12.62
_13920_,12.62
_14284_,12.62
_14399_,12.62
_22881_,12.62
_23998_,12.62
_25009_,12.62
u_core0.ROW\[12\].COL\[1\].u_pe.b_out\[0\],12.62
net662,12.62
_02542_,12.6
_05452_,12.6
_05757_,12.6
_06229_,12.6
_06888_,12.6
_13914_,12.6
_15413_,12.6
_16046_,12.6
_16891_,12.6
_19478_,12.6
_19905_,12.6
_20582_,12.6
_24103_,12.6
u_core0.ROW\[30\].COL\[1\].u_pe.sum_out\[3\],12.6
_01357_,12.59
_21050_,12.59
_00351_,12.58
_02606_,12.58
_02813_,12.58
_02861_,12.58
_03038_,12.58
_03593_,12.58
_04021_,12.58
_05516_,12.58
_05786_,12.58
_10669_,12.58
_11126_,12.58
_11999_,12.58
_14940_,12.58
_14966_,12.58
_16607_,12.58
_16728_,12.58
_17087_,12.58
_22146_,12.58
_24308_,12.58
_24323_,12.58
_25348_,12.58
_25955_,12.58
u_core0.ROW\[29\].COL\[1\].u_pe.sum_out\[7\],12.58
net996,12.58
_06362_,12.57
_26235_,12.565
_01150_,12.56
_01816_,12.56
_01980_,12.56
_02128_,12.56
_02234_,12.56
_04019_,12.56
_05190_,12.56
_06321_,12.56
_06845_,12.56
_07231_,12.56
_07247_,12.56
_07419_,12.56
_07998_,12.56
_08739_,12.56
_08926_,12.56
_13300_,12.56
_13413_,12.56
_14040_,12.56
_14104_,12.56
_14753_,12.56
_15144_,12.56
_15238_,12.56
_15623_,12.56
_17158_,12.56
_17532_,12.56
_18795_,12.56
_20082_,12.56
_20483_,12.56
_20900_,12.56
_23397_,12.56
_23588_,12.56
_24208_,12.56
_25235_,12.56
_25817_,12.56
_26987_,12.56
data_in_broad[15],12.545
_03328_,12.54
_08429_,12.54
_10378_,12.54
_15369_,12.54
_15542_,12.54
_16946_,12.54
_18495_,12.54
_19820_,12.54
_20308_,12.54
_20373_,12.54
_21403_,12.54
_22630_,12.54
_25042_,12.54
_25869_,12.54
u_core0.ROW\[15\].COL\[1\].u_pe.sum_out\[1\],12.54
u_core0.ROW\[24\].COL\[1\].u_pe.sum_out\[3\],12.54
_12456_,12.535
_24651_,12.535
_03231_,12.52
_09208_,12.52
_09653_,12.52
_11254_,12.52
_12388_,12.52
_15573_,12.52
_15711_,12.52
_17689_,12.52
_22337_,12.52
_24577_,12.52
_24757_,12.52
u_core0.ROW\[20\].COL\[0\].u_pe.sum_out\[6\],12.52
_00509_,12.5
_01206_,12.5
_01334_,12.5
_01759_,12.5
_04302_,12.5
_05720_,12.5
_11271_,12.5
_12560_,12.5
_12679_,12.5
_12898_,12.5
_14052_,12.5
_14378_,12.5
_15213_,12.5
_16177_,12.5
_17946_,12.5
_21756_,12.5
_22665_,12.5
_22763_,12.5
_24813_,12.5
_25733_,12.5
_17807_,12.495
_24622_,12.485
_01304_,12.48
_03302_,12.48
_04393_,12.48
_06201_,12.48
_10113_,12.48
_11624_,12.48
_12680_,12.48
_14685_,12.48
_15868_,12.48
_19368_,12.48
_21287_,12.48
_22124_,12.48
_25405_,12.48
_25432_,12.48
_25665_,12.48
u_core0.ROW\[13\].COL\[1\].u_pe.sum_out\[3\],12.48
_18840_,12.475
_22722_,12.475
_05985_,12.47
_04315_,12.46
_04319_,12.46
_05414_,12.46
_05873_,12.46
_08184_,12.46
_09153_,12.46
_09250_,12.46
_09820_,12.46
_09923_,12.46
_10358_,12.46
_12132_,12.46
_12421_,12.46
_12713_,12.46
_13323_,12.46
_13573_,12.46
_15266_,12.46
_17302_,12.46
_17380_,12.46
_18702_,12.46
_20740_,12.46
_23190_,12.46
_24104_,12.46
_25226_,12.46
net833,12.46
net1096,12.46
_13792_,12.455
_17032_,12.45
_01702_,12.44
_06879_,12.44
_06890_,12.44
_07392_,12.44
_07851_,12.44
_11740_,12.44
_12126_,12.44
_12127_,12.44
_13152_,12.44
_13198_,12.44
_13400_,12.44
_13539_,12.44
_14579_,12.44
_20120_,12.44
_21065_,12.44
_22094_,12.44
_23879_,12.44
_25839_,12.44
_25975_,12.44
u_core0.ROW\[2\].COL\[0\].u_pe.sum_out\[5\],12.44
_15224_,12.43
data_in_broad[17],12.43
data_in_broad[21],12.43
data_in_broad[23],12.43
data_in_broad[7],12.43
_02350_,12.42
_04708_,12.42
_05623_,12.42
_06300_,12.42
_09614_,12.42
_12591_,12.42
_16317_,12.42
_16903_,12.42
_17243_,12.42
_17592_,12.42
_18590_,12.42
_21306_,12.42
_22605_,12.42
_24595_,12.42
_24604_,12.42
_24609_,12.42
_26560_,12.42
u_core0.ROW\[0\].COL\[1\].u_pe.sum_out\[6\],12.42
u_core0.ROW\[16\].COL\[0\].u_pe.sum_out\[13\],12.42
net838,12.42
_11796_,12.415
_01163_,12.41
_01314_,12.41
_00305_,12.405
_08444_,12.405
_02169_,12.4
_03103_,12.4
_05293_,12.4
_17914_,12.4
_24299_,12.4
_07022_,12.395
_04686_,12.38
_08503_,12.38
_11176_,12.38
_11674_,12.38
_12707_,12.38
_13432_,12.38
_15232_,12.38
_15265_,12.38
_18174_,12.38
_18365_,12.38
_18773_,12.38
_22201_,12.38
_22951_,12.38
_23162_,12.38
_25479_,12.38
_26462_,12.38
_26603_,12.38
_00022_,12.36
_00175_,12.36
_04088_,12.36
_04733_,12.36
_08057_,12.36
_08447_,12.36
_10935_,12.36
_11342_,12.36
_11923_,12.36
_13415_,12.36
_17154_,12.36
_22542_,12.36
_24234_,12.36
_25931_,12.36
net782,12.355
_08032_,12.35
_19176_,12.35
_01245_,12.34
_02450_,12.34
_03406_,12.34
_04515_,12.34
_06109_,12.34
_07306_,12.34
_09325_,12.34
_09916_,12.34
_11282_,12.34
_11562_,12.34
_11756_,12.34
_12161_,12.34
_12671_,12.34
_12832_,12.34
_13222_,12.34
_13411_,12.34
_13814_,12.34
_14168_,12.34
_15114_,12.34
_15325_,12.34
_15530_,12.34
_16289_,12.34
_17336_,12.34
_18219_,12.34
_19297_,12.34
_19334_,12.34
_20363_,12.34
_21183_,12.34
_22445_,12.34
_23115_,12.34
_23802_,12.34
_25085_,12.34
_25722_,12.34
_26542_,12.34
u_core0.ROW\[16\].COL\[1\].u_pe.sum_out\[7\],12.34
_05587_,12.33
_02922_,12.32
_06774_,12.32
_09430_,12.32
_10160_,12.32
_14757_,12.32
_18765_,12.32
_21082_,12.32
_22125_,12.32
_23612_,12.32
u_core0.ROW\[10\].COL\[1\].u_pe.b_out\[7\],12.32
_06178_,12.315
_10690_,12.31
_27002_,12.31
_03095_,12.3
_03574_,12.3
_04420_,12.3
_04483_,12.3
_07289_,12.3
_08117_,12.3
_10721_,12.3
_11669_,12.3
_12533_,12.3
_12653_,12.3
_14175_,12.3
_15117_,12.3
_15469_,12.3
_15703_,12.3
_16256_,12.3
_16898_,12.3
_17094_,12.3
_18620_,12.3
_19507_,12.3
_21054_,12.3
_21524_,12.3
_23831_,12.3
_24344_,12.3
_26517_,12.3
_22830_,12.295
_15293_,12.29
_18083_,12.29
_02734_,12.28
_03051_,12.28
_05314_,12.28
_05327_,12.28
_14479_,12.28
_16627_,12.28
_18691_,12.28
_20152_,12.28
_20481_,12.28
_21133_,12.28
_21879_,12.28
_26177_,12.28
_03974_,12.27
_00553_,12.26
_05408_,12.26
_07439_,12.26
_08888_,12.26
_10268_,12.26
_11637_,12.26
_12364_,12.26
_15769_,12.26
_15792_,12.26
_16245_,12.26
_17281_,12.26
_18491_,12.26
_19361_,12.26
_21863_,12.26
_22199_,12.26
_25006_,12.26
_25805_,12.26
_26425_,12.26
u_core0.ROW\[4\].COL\[1\].u_pe.sum_out\[10\],12.26
_16020_,12.255
_16399_,12.25
_22419_,12.25
_17826_,12.245
_02694_,12.24
_03310_,12.24
_04243_,12.24
_04671_,12.24
_07373_,12.24
_09880_,12.24
_12292_,12.24
_14669_,12.24
_14700_,12.24
_16956_,12.24
_18748_,12.24
_23312_,12.24
_25963_,12.24
u_core0.ROW\[26\].COL\[1\].u_pe.sum_out\[5\],12.24
_02189_,12.23
_17715_,12.225
_00237_,12.22
_01600_,12.22
_01680_,12.22
_02696_,12.22
_04589_,12.22
_07143_,12.22
_07336_,12.22
_07956_,12.22
_09705_,12.22
_10177_,12.22
_10751_,12.22
_12477_,12.22
_13733_,12.22
_14832_,12.22
_15292_,12.22
_16040_,12.22
_19971_,12.22
_21970_,12.22
_22029_,12.22
_26293_,12.22
_26378_,12.22
_26855_,12.22
u_core0.ROW\[11\].COL\[0\].u_pe.sum_out\[17\],12.22
_06111_,12.215
_01974_,12.2
_02419_,12.2
_03241_,12.2
_08183_,12.2
_09607_,12.2
_11447_,12.2
_12703_,12.2
_13357_,12.2
_14087_,12.2
_16803_,12.2
_17968_,12.2
_19810_,12.2
_20428_,12.2
_22330_,12.2
_24633_,12.2
_26393_,12.2
u_core0.ROW\[13\].COL\[0\].u_pe.sum_out\[10\],12.2
u_core0.ROW\[20\].COL\[0\].u_pe.sum_out\[8\],12.2
_07495_,12.195
_21587_,12.195
_21528_,12.19
_01055_,12.18
_02025_,12.18
_03844_,12.18
_04152_,12.18
_06954_,12.18
_07040_,12.18
_08198_,12.18
_09314_,12.18
_10716_,12.18
_11134_,12.18
_11195_,12.18
_11789_,12.18
_12077_,12.18
_13818_,12.18
_14054_,12.18
_21279_,12.18
_22967_,12.18
u_core0.ROW\[21\].COL\[1\].u_pe.b_out\[2\],12.18
_21113_,12.17
_03244_,12.16
_04119_,12.16
_04465_,12.16
_06448_,12.16
_06816_,12.16
_07677_,12.16
_11551_,12.16
_11592_,12.16
_12285_,12.16
_12641_,12.16
_16308_,12.16
_17504_,12.16
_19818_,12.16
_22083_,12.16
_23147_,12.16
_24132_,12.16
_26496_,12.16
_06036_,12.155
_21870_,12.15
_23152_,12.145
_01269_,12.14
_02198_,12.14
_03430_,12.14
_05756_,12.14
_07722_,12.14
_07849_,12.14
_08296_,12.14
_09083_,12.14
_12229_,12.14
_14255_,12.14
_14965_,12.14
_15108_,12.14
_16741_,12.14
_19355_,12.14
_21048_,12.14
_21840_,12.14
_21875_,12.14
_21956_,12.14
_22245_,12.14
_22283_,12.14
_22416_,12.14
u_core0.ROW\[25\].COL\[0\].u_pe.sum_out\[1\],12.14
_01995_,12.12
_04337_,12.12
_04800_,12.12
_05093_,12.12
_05114_,12.12
_06887_,12.12
_07309_,12.12
_07400_,12.12
_07694_,12.12
_08093_,12.12
_08936_,12.12
_10897_,12.12
_11544_,12.12
_12220_,12.12
_16400_,12.12
_17192_,12.12
_17315_,12.12
_19139_,12.12
_19224_,12.12
_19318_,12.12
_19356_,12.12
_19821_,12.12
_20053_,12.12
_20411_,12.12
_20842_,12.12
_23403_,12.12
_23852_,12.12
_23948_,12.12
_24764_,12.12
_01076_,12.1
_01598_,12.1
_02250_,12.1
_02924_,12.1
_03641_,12.1
_03902_,12.1
_05629_,12.1
_06115_,12.1
_08963_,12.1
_10367_,12.1
_10562_,12.1
_11418_,12.1
_13272_,12.1
_14062_,12.1
_14655_,12.1
_15399_,12.1
_17362_,12.1
_17792_,12.1
_18660_,12.1
_18761_,12.1
_19576_,12.1
_23546_,12.1
_24041_,12.1
_24552_,12.1
_25149_,12.1
_25840_,12.1
u_core0.ROW\[17\].COL\[0\].u_pe.sum_out\[1\],12.1
_07467_,12.09
_10194_,12.09
_01611_,12.085
_00286_,12.08
_02787_,12.08
_04116_,12.08
_06045_,12.08
_06884_,12.08
_07245_,12.08
_07491_,12.08
_08303_,12.08
_10106_,12.08
_10703_,12.08
_12958_,12.08
_13721_,12.08
_17141_,12.08
_21450_,12.08
_22694_,12.08
_23682_,12.08
_24164_,12.08
_24626_,12.08
_25473_,12.08
_26313_,12.08
_26521_,12.08
u_core0.ROW\[26\].COL\[0\].u_pe.sum_out\[5\],12.08
_23155_,12.075
_02326_,12.07
_06315_,12.06
_10450_,12.06
_21278_,12.06
_21954_,12.06
_22148_,12.06
_23002_,12.06
_25462_,12.06
u_core0.ROW\[8\].COL\[0\].u_pe.sum_out\[7\],12.06
_01320_,12.055
_09214_,12.055
_00097_,12.04
_01756_,12.04
_02944_,12.04
_03739_,12.04
_04091_,12.04
_04757_,12.04
_05846_,12.04
_06275_,12.04
_07504_,12.04
_09263_,12.04
_09849_,12.04
_12383_,12.04
_14192_,12.04
_14207_,12.04
_15831_,12.04
_17107_,12.04
_17110_,12.04
_19137_,12.04
_19398_,12.04
_21406_,12.04
_22239_,12.04
_24154_,12.04
_26076_,12.04
_26165_,12.04
_26353_,12.04
_01673_,12.02
_04477_,12.02
_07770_,12.02
_08293_,12.02
_08516_,12.02
_09830_,12.02
_14615_,12.02
_15048_,12.02
_15657_,12.02
_18511_,12.02
_19898_,12.02
_20328_,12.02
_22604_,12.02
_26935_,12.02
net1048,12.02
_24203_,12.015
_21536_,12.01
_22279_,12.01
_02013_,12
_02811_,12
_03644_,12
_03941_,12
_04610_,12
_05951_,12
_06162_,12
_06640_,12
_07229_,12
_07416_,12
_08837_,12
_10477_,12
_11553_,12
_13723_,12
_13783_,12
_15042_,12
_15285_,12
_17356_,12
_21055_,12
_21163_,12
_21634_,12
_22062_,12
_22411_,12
_23503_,12
_24567_,12
_25067_,12
_25623_,12
_25842_,12
u_core0.ROW\[0\].COL\[1\].u_pe.b_out\[2\],12
net786,12
_03608_,11.995
_02233_,11.98
_08774_,11.98
_09877_,11.98
_10486_,11.98
_11566_,11.98
_11947_,11.98
_13135_,11.98
_15398_,11.98
_17186_,11.98
_17791_,11.98
_19031_,11.98
_22818_,11.98
_24758_,11.98
_25558_,11.98
_14601_,11.975
_17152_,11.975
_02997_,11.96
_04066_,11.96
_04263_,11.96
_04878_,11.96
_06926_,11.96
_07074_,11.96
_07092_,11.96
_09030_,11.96
_09770_,11.96
_11057_,11.96
_11280_,11.96
_18673_,11.96
_19581_,11.96
_20833_,11.96
_22901_,11.96
_24554_,11.96
_24849_,11.96
_07958_,11.95
_01839_,11.94
_03930_,11.94
_04246_,11.94
_04276_,11.94
_04668_,11.94
_09724_,11.94
_10463_,11.94
_11067_,11.94
_12871_,11.94
_15581_,11.94
_17029_,11.94
_17034_,11.94
_20186_,11.94
_20818_,11.94
_26645_,11.94
_12408_,11.93
_17317_,11.93
_25197_,11.93
_02604_,11.92
_03428_,11.92
_03823_,11.92
_06959_,11.92
_07531_,11.92
_08228_,11.92
_08381_,11.92
_08448_,11.92
_12209_,11.92
_16725_,11.92
_21766_,11.92
_22823_,11.92
_24438_,11.92
_26248_,11.92
_26548_,11.92
_26716_,11.92
_24181_,11.905
_00196_,11.9
_02204_,11.9
_05542_,11.9
_06771_,11.9
_07228_,11.9
_07819_,11.9
_11694_,11.9
_13690_,11.9
_21200_,11.9
_23436_,11.9
_26794_,11.9
_07550_,11.885
_03261_,11.88
_04679_,11.88
_04727_,11.88
_06121_,11.88
_06735_,11.88
_07006_,11.88
_09351_,11.88
_11286_,11.88
_11617_,11.88
_13088_,11.88
_13523_,11.88
_13669_,11.88
_15814_,11.88
_16504_,11.88
_16635_,11.88
_17694_,11.88
_18624_,11.88
_20439_,11.88
_21507_,11.88
_21910_,11.88
_22046_,11.88
_22985_,11.88
_23725_,11.88
_23979_,11.88
_24140_,11.88
_25076_,11.88
_25445_,11.88
_25729_,11.88
_18738_,11.875
_00983_,11.86
_02792_,11.86
_03181_,11.86
_04227_,11.86
_15682_,11.86
_21027_,11.86
_26041_,11.86
_26507_,11.86
u_core0.ROW\[20\].COL\[1\].u_pe.sum_out\[10\],11.86
_22840_,11.85
_02601_,11.84
_02712_,11.84
_03204_,11.84
_05474_,11.84
_10218_,11.84
_10509_,11.84
_10682_,11.84
_10801_,11.84
_11758_,11.84
_14377_,11.84
_15190_,11.84
_18247_,11.84
_18352_,11.84
_21024_,11.84
_21521_,11.84
_21784_,11.84
_22429_,11.84
_24772_,11.84
_24816_,11.84
_25313_,11.84
_25671_,11.84
_25745_,11.84
_14972_,11.835
_12439_,11.83
_15072_,11.83
_03816_,11.82
_04022_,11.82
_04182_,11.82
_04231_,11.82
_04523_,11.82
_05837_,11.82
_06140_,11.82
_10705_,11.82
_13288_,11.82
_13377_,11.82
_14065_,11.82
_20056_,11.82
_21439_,11.82
_24794_,11.82
_25914_,11.82
_26256_,11.81
_01649_,11.8
_02891_,11.8
_04285_,11.8
_04829_,11.8
_08320_,11.8
_09960_,11.8
_10086_,11.8
_10519_,11.8
_12003_,11.8
_12482_,11.8
_16707_,11.8
_17539_,11.8
_17546_,11.8
_19080_,11.8
_21992_,11.8
_23440_,11.8
_24865_,11.8
_25011_,11.8
_25401_,11.8
_26103_,11.8
_26555_,11.8
_07525_,11.795
_12794_,11.79
_23416_,11.79
_04441_,11.78
_06033_,11.78
_07324_,11.78
_07752_,11.78
_09322_,11.78
_09876_,11.78
_11724_,11.78
_12101_,11.78
_14287_,11.78
_16390_,11.78
_16408_,11.78
_17012_,11.78
_18407_,11.78
_18897_,11.78
_19064_,11.78
_20075_,11.78
_22573_,11.78
_23081_,11.78
_24386_,11.78
_24945_,11.78
_25812_,11.78
_26311_,11.78
net1021,11.78
_01739_,11.77
_23174_,11.77
_01075_,11.76
_03774_,11.76
_04251_,11.76
_08281_,11.76
_08615_,11.76
_09405_,11.76
_09561_,11.76
_09921_,11.76
_10867_,11.76
_13957_,11.76
_14996_,11.76
_19772_,11.76
_20591_,11.76
_23759_,11.76
_24677_,11.76
_25525_,11.76
_03731_,11.755
_12130_,11.75
_26447_,11.75
_00857_,11.74
_01061_,11.74
_05055_,11.74
_05490_,11.74
_06528_,11.74
_08028_,11.74
_10015_,11.74
_10137_,11.74
_11347_,11.74
_14149_,11.74
_14848_,11.74
_17686_,11.74
_20850_,11.74
_24133_,11.74
_25474_,11.74
_26410_,11.74
u_core0.ROW\[30\].COL\[0\].u_pe.sum_out\[8\],11.74
u_core0.ROW\[5\].COL\[0\].u_pe.sum_out\[17\],11.74
_03527_,11.735
_19373_,11.735
_02516_,11.72
_02831_,11.72
_02908_,11.72
_10503_,11.72
_13912_,11.72
_26621_,11.72
net832,11.72
_16522_,11.71
_22036_,11.71
_15184_,11.705
_00798_,11.7
_01540_,11.7
_02471_,11.7
_05508_,11.7
_05680_,11.7
_05952_,11.7
_06651_,11.7
_07125_,11.7
_07619_,11.7
_10998_,11.7
_11108_,11.7
_12434_,11.7
_17989_,11.7
_18240_,11.7
_19204_,11.7
_20710_,11.7
_22930_,11.7
_23168_,11.7
_23229_,11.7
_24067_,11.69
_04100_,11.68
_04918_,11.68
_05480_,11.68
_08350_,11.68
_09628_,11.68
_09891_,11.68
_13043_,11.68
_13775_,11.68
_13899_,11.68
_14834_,11.68
_14976_,11.68
_17039_,11.68
_19043_,11.68
_20031_,11.68
_20043_,11.68
_22226_,11.68
_23656_,11.68
_23787_,11.68
_24701_,11.68
_25799_,11.68
_26297_,11.68
u_core0.ROW\[13\].COL\[0\].u_pe.sum_out\[17\],11.68
u_core0.ROW\[18\].COL\[0\].u_pe.sum_out\[17\],11.68
_03202_,11.67
_01754_,11.66
_03286_,11.66
_03714_,11.66
_05471_,11.66
_07672_,11.66
_08360_,11.66
_09954_,11.66
_10204_,11.66
_10260_,11.66
_10473_,11.66
_10952_,11.66
_11460_,11.66
_12956_,11.66
_15475_,11.66
_16678_,11.66
_18613_,11.66
_19172_,11.66
_20140_,11.66
_20203_,11.66
_20713_,11.66
_20981_,11.66
_21866_,11.66
_23208_,11.66
_23378_,11.66
_24327_,11.66
_24330_,11.66
u_core0.ROW\[10\].COL\[0\].u_pe.sum_in\[17\],11.66
u_core0.ROW\[20\].COL\[0\].u_pe.sum_out\[17\],11.66
_01322_,11.64
_01796_,11.64
_04207_,11.64
_04305_,11.64
_05604_,11.64
_08745_,11.64
_09101_,11.64
_11209_,11.64
_12057_,11.64
_13355_,11.64
_13933_,11.64
_13984_,11.64
_14726_,11.64
_14735_,11.64
_14872_,11.64
_15242_,11.64
_16032_,11.64
_16950_,11.64
_19184_,11.64
_19241_,11.64
_19726_,11.64
_23167_,11.64
_24403_,11.64
_25000_,11.64
_26442_,11.64
_26882_,11.64
_10575_,11.635
_01398_,11.62
_04481_,11.62
_05749_,11.62
_06324_,11.62
_07057_,11.62
_10176_,11.62
_10337_,11.62
_12623_,11.62
_13955_,11.62
_14103_,11.62
_14895_,11.62
_15875_,11.62
_17024_,11.62
_17843_,11.62
_19617_,11.62
_20873_,11.62
_21792_,11.62
_22067_,11.62
_22922_,11.62
_23265_,11.62
_23335_,11.62
_24007_,11.62
_24026_,11.62
_24280_,11.62
_25062_,11.62
_26948_,11.62
u_core0.ROW\[22\].COL\[1\].u_pe.sum_out\[11\],11.62
u_core0.ROW\[3\].COL\[0\].u_pe.sum_out\[16\],11.62
u_core0.ROW\[4\].COL\[0\].u_pe.sum_out\[11\],11.62
_14728_,11.61
_18784_,11.61
_03642_,11.6
_05303_,11.6
_05775_,11.6
_06823_,11.6
_12324_,11.6
_13780_,11.6
_14960_,11.6
_19746_,11.6
_20390_,11.6
_21244_,11.6
_22264_,11.6
_26131_,11.6
u_core0.ROW\[17\].COL\[1\].u_pe.sum_out\[4\],11.6
net16,11.6
_22820_,11.59
_03723_,11.58
_06421_,11.58
_06720_,11.58
_09040_,11.58
_09691_,11.58
_09938_,11.58
_10674_,11.58
_10986_,11.58
_12992_,11.58
_13050_,11.58
_13221_,11.58
_14410_,11.58
_16793_,11.58
_17303_,11.58
_19093_,11.58
_20112_,11.58
_24015_,11.58
_24381_,11.58
_25340_,11.58
u_core0.ROW\[10\].COL\[0\].u_pe.sum_in\[5\],11.58
_02963_,11.56
_03868_,11.56
_03888_,11.56
_05078_,11.56
_05122_,11.56
_05321_,11.56
_05461_,11.56
_05641_,11.56
_07106_,11.56
_07536_,11.56
_09086_,11.56
_09294_,11.56
_09300_,11.56
_09906_,11.56
_11536_,11.56
_12063_,11.56
_12435_,11.56
_12784_,11.56
_14215_,11.56
_15613_,11.56
_16104_,11.56
_16167_,11.56
_18462_,11.56
_22050_,11.56
_22438_,11.56
_24601_,11.56
_24686_,11.56
_24689_,11.56
_25606_,11.56
_18707_,11.55
_23529_,11.55
_00510_,11.54
_01515_,11.54
_02607_,11.54
_03197_,11.54
_04274_,11.54
_04856_,11.54
_04913_,11.54
_05450_,11.54
_06006_,11.54
_07025_,11.54
_08321_,11.54
_08406_,11.54
_10012_,11.54
_10129_,11.54
_11238_,11.54
_11926_,11.54
_12688_,11.54
_14765_,11.54
_15081_,11.54
_15974_,11.54
_16458_,11.54
_16922_,11.54
_17578_,11.54
_19382_,11.54
_20300_,11.54
_21001_,11.54
_21580_,11.54
_22273_,11.54
_22690_,11.54
_22971_,11.54
_23745_,11.54
_25302_,11.54
_25418_,11.54
_26184_,11.54
_26635_,11.54
u_core0.A_inputs\[101\],11.54
u_core0.ROW\[23\].COL\[1\].u_pe.sum_out\[10\],11.54
u_core0.ROW\[28\].COL\[0\].u_pe.sum_out\[2\],11.54
net924,11.54
_18608_,11.53
_04596_,11.52
_05173_,11.52
_06351_,11.52
_11023_,11.52
_11604_,11.52
_17189_,11.52
_17309_,11.52
_17831_,11.52
_18826_,11.52
_22888_,11.52
_24999_,11.52
u_core0.ROW\[16\].COL\[0\].u_pe.sum_out\[14\],11.52
_18504_,11.515
_16296_,11.51
_08968_,11.505
_01894_,11.5
_02635_,11.5
_04623_,11.5
_06106_,11.5
_11012_,11.5
_11844_,11.5
_14047_,11.5
_14948_,11.5
_18644_,11.5
_21512_,11.5
_21873_,11.5
_23404_,11.5
_24014_,11.5
_25343_,11.5
_26420_,11.5
u_core0.ROW\[21\].COL\[1\].u_pe.sum_out\[0\],11.5
_15819_,11.48
_16383_,11.48
_16643_,11.48
_26181_,11.48
u_core0.ROW\[26\].COL\[0\].u_pe.sum_out\[15\],11.48
_13412_,11.465
_01256_,11.46
_01464_,11.46
_01975_,11.46
_02327_,11.46
_02329_,11.46
_03226_,11.46
_03238_,11.46
_04921_,11.46
_06893_,11.46
_07242_,11.46
_08085_,11.46
_09080_,11.46
_09667_,11.46
_09970_,11.46
_10368_,11.46
_10383_,11.46
_12100_,11.46
_13302_,11.46
_13368_,11.46
_14270_,11.46
_14311_,11.46
_15135_,11.46
_16826_,11.46
_17623_,11.46
_18236_,11.46
_18484_,11.46
_22822_,11.46
_24372_,11.46
_25180_,11.46
net947,11.46
net1081,11.46
_13797_,11.455
_03409_,11.44
_04798_,11.44
_07681_,11.44
_08031_,11.44
_09536_,11.44
_10454_,11.44
_12365_,11.44
_15356_,11.44
_15414_,11.44
_15688_,11.44
_16366_,11.44
_17523_,11.44
_20839_,11.44
_21196_,11.44
_23828_,11.44
_24371_,11.44
_25717_,11.44
_12993_,11.43
_13583_,11.43
_21723_,11.43
_01666_,11.42
_05554_,11.42
_06701_,11.42
_08013_,11.42
_08277_,11.42
_09193_,11.42
_09613_,11.42
_12370_,11.42
_12545_,11.42
_12695_,11.42
_12983_,11.42
_15079_,11.42
_16330_,11.42
_17765_,11.42
_18101_,11.42
_18264_,11.42
_18782_,11.42
_18967_,11.42
_19440_,11.42
_20293_,11.42
_21138_,11.42
_22117_,11.42
_22242_,11.42
_23108_,11.42
_24775_,11.42
_25079_,11.42
_26004_,11.42
_26334_,11.42
u_core0.ROW\[0\].COL\[0\].u_pe.sum_out\[13\],11.42
u_core0.ROW\[25\].COL\[0\].u_pe.sum_out\[6\],11.42
u_core0.ROW\[6\].COL\[1\].u_pe.sum_out\[5\],11.42
u_core0.ROW\[8\].COL\[1\].u_pe.b_out\[5\],11.42
net919,11.42
net1135,11.42
_03375_,11.41
_00598_,11.4
_05651_,11.4
_05734_,11.4
_12638_,11.4
_12937_,11.4
_17182_,11.4
_19723_,11.4
_22000_,11.4
_06191_,11.395
_09772_,11.39
_21847_,11.39
_00300_,11.38
_01110_,11.38
_02512_,11.38
_03677_,11.38
_04339_,11.38
_06031_,11.38
_07216_,11.38
_09157_,11.38
_09509_,11.38
_09644_,11.38
_10009_,11.38
_10343_,11.38
_10564_,11.38
_11945_,11.38
_12865_,11.38
_16966_,11.38
_20511_,11.38
_21704_,11.38
_24029_,11.38
u_core0.ROW\[0\].COL\[0\].u_pe.sum_out\[10\],11.38
u_core0.ROW\[28\].COL\[0\].u_pe.sum_out\[17\],11.38
u_core0.ROW\[8\].COL\[0\].u_pe.sum_out\[9\],11.38
_25689_,11.375
_03525_,11.36
_04592_,11.36
_06373_,11.36
_07638_,11.36
_12789_,11.36
_13234_,11.36
_14203_,11.36
_15222_,11.36
_18975_,11.36
_20646_,11.36
_22856_,11.36
_24777_,11.36
net839,11.36
_17874_,11.355
_00038_,11.34
_02527_,11.34
_03287_,11.34
_03429_,11.34
_06445_,11.34
_07405_,11.34
_07592_,11.34
_08539_,11.34
_08692_,11.34
_08946_,11.34
_09302_,11.34
_09992_,11.34
_13586_,11.34
_13600_,11.34
_14449_,11.34
_15602_,11.34
_16125_,11.34
_16322_,11.34
_19210_,11.34
_19407_,11.34
_20258_,11.34
_23111_,11.34
_24289_,11.34
_24690_,11.34
_25422_,11.34
_25506_,11.34
_25714_,11.34
u_core0.ROW\[11\].COL\[0\].u_pe.sum_out\[5\],11.34
_16509_,11.335
_16791_,11.335
_01170_,11.32
_03501_,11.32
_04563_,11.32
_04660_,11.32
_04858_,11.32
_05518_,11.32
_06552_,11.32
_06877_,11.32
_07222_,11.32
_09941_,11.32
_09975_,11.32
_10213_,11.32
_11344_,11.32
_13637_,11.32
_14505_,11.32
_14717_,11.32
_14878_,11.32
_15260_,11.32
_18646_,11.32
_18836_,11.32
_20919_,11.32
_22014_,11.32
_22697_,11.32
_22923_,11.32
_23769_,11.32
_24261_,11.32
_24315_,11.32
_24807_,11.32
_25800_,11.32
_26493_,11.32
u_core0.ROW\[11\].COL\[0\].u_pe.sum_out\[7\],11.32
u_core0.ROW\[16\].COL\[0\].u_pe.sum_out\[19\],11.32
net950,11.32
_18825_,11.31
_02722_,11.3
_03596_,11.3
_03674_,11.3
_03721_,11.3
_03776_,11.3
_03944_,11.3
_05219_,11.3
_05831_,11.3
_06107_,11.3
_06181_,11.3
_06460_,11.3
_06469_,11.3
_07173_,11.3
_07709_,11.3
_07776_,11.3
_08244_,11.3
_09146_,11.3
_11113_,11.3
_12087_,11.3
_12293_,11.3
_12899_,11.3
_16393_,11.3
_16524_,11.3
_17459_,11.3
_17785_,11.3
_20367_,11.3
_21181_,11.3
_21282_,11.3
_22026_,11.3
_25515_,11.3
u_core0.ROW\[8\].COL\[0\].u_pe.sum_out\[6\],11.3
_01645_,11.285
_01441_,11.28
_01743_,11.28
_02935_,11.28
_03364_,11.28
_05031_,11.28
_07200_,11.28
_07338_,11.28
_08998_,11.28
_10249_,11.28
_10335_,11.28
_12644_,11.28
_14643_,11.28
_15425_,11.28
_17274_,11.28
_17641_,11.28
_19403_,11.28
_21003_,11.28
_22521_,11.28
_23339_,11.28
_23713_,11.28
_26983_,11.28
net1128,11.28
_12483_,11.275
_18489_,11.275
_01662_,11.26
_02942_,11.26
_04402_,11.26
_08698_,11.26
_10481_,11.26
_10559_,11.26
_11320_,11.26
_14997_,11.26
_15217_,11.26
_16835_,11.26
_16877_,11.26
_21459_,11.26
_21964_,11.26
_23102_,11.26
_23846_,11.26
_25256_,11.26
net816,11.26
_05161_,11.25
_25531_,11.25
_01641_,11.24
_02903_,11.24
_03678_,11.24
_03707_,11.24
_06419_,11.24
_09050_,11.24
_09230_,11.24
_10003_,11.24
_11323_,11.24
_12280_,11.24
_13700_,11.24
_14528_,11.24
_15749_,11.24
_18166_,11.24
_19546_,11.24
_19621_,11.24
_20943_,11.24
_25033_,11.24
_26667_,11.24
_01573_,11.235
_11828_,11.23
_01307_,11.22
_01897_,11.22
_03551_,11.22
_03694_,11.22
_06008_,11.22
_06487_,11.22
_07101_,11.22
_07583_,11.22
_08205_,11.22
_10107_,11.22
_12102_,11.22
_12636_,11.22
_13120_,11.22
_19572_,11.22
_20926_,11.22
_21288_,11.22
_22390_,11.22
_23067_,11.22
_23234_,11.22
_23331_,11.22
_26057_,11.22
_26563_,11.22
_22025_,11.205
_01835_,11.2
_02405_,11.2
_03339_,11.2
_05156_,11.2
_05648_,11.2
_06078_,11.2
_09177_,11.2
_11168_,11.2
_11366_,11.2
_11555_,11.2
_11838_,11.2
_12453_,11.2
_14589_,11.2
_16136_,11.2
_17236_,11.2
_17906_,11.2
_18225_,11.2
_18768_,11.2
_19095_,11.2
_19378_,11.2
_20241_,11.2
_21240_,11.2
_22359_,11.2
_22672_,11.2
_22683_,11.2
_22844_,11.2
_23098_,11.2
_24039_,11.2
_24389_,11.2
_24673_,11.2
_24967_,11.2
_25013_,11.2
_25810_,11.2
_26671_,11.2
u_core0.ROW\[12\].COL\[1\].u_pe.sum_out\[9\],11.2
u_core0.ROW\[14\].COL\[0\].u_pe.sum_out\[19\],11.2
u_core0.ROW\[16\].COL\[0\].u_pe.sum_out\[18\],11.2
u_core0.ROW\[29\].COL\[0\].u_pe.sum_out\[2\],11.2
u_core0.ROW\[6\].COL\[1\].u_pe.sum_out\[1\],11.2
_12616_,11.19
_12872_,11.19
_24576_,11.19
_01158_,11.18
_03264_,11.18
_03766_,11.18
_04681_,11.18
_04822_,11.18
_06043_,11.18
_07172_,11.18
_07194_,11.18
_09541_,11.18
_11201_,11.18
_11405_,11.18
_14108_,11.18
_14786_,11.18
_14817_,11.18
_15840_,11.18
_16213_,11.18
_17341_,11.18
_17405_,11.18
_17800_,11.18
_17886_,11.18
_18909_,11.18
_19803_,11.18
_20073_,11.18
_20248_,11.18
_20596_,11.18
_22415_,11.18
_22905_,11.18
_23382_,11.18
_25572_,11.18
_26443_,11.18
net1091,11.18
_01689_,11.16
_02096_,11.16
_02331_,11.16
_02921_,11.16
_03891_,11.16
_04902_,11.16
_07065_,11.16
_09716_,11.16
_12153_,11.16
_12696_,11.16
_12733_,11.16
_14550_,11.16
_15368_,11.16
_15390_,11.16
_17912_,11.16
_21614_,11.16
_21738_,11.16
_24510_,11.16
_24583_,11.16
_24987_,11.16
_25846_,11.16
_26647_,11.16
_25655_,11.155
_06007_,11.15
_03083_,11.14
_04089_,11.14
_04769_,11.14
_07943_,11.14
_12070_,11.14
_12556_,11.14
_13179_,11.14
_14163_,11.14
_15794_,11.14
_19687_,11.14
_20541_,11.14
_22261_,11.14
_22676_,11.14
_24404_,11.14
_24656_,11.14
_25364_,11.14
_19004_,11.135
_17276_,11.13
_22073_,11.13
_00158_,11.12
_03879_,11.12
_05073_,11.12
_06575_,11.12
_07607_,11.12
_08738_,11.12
_09128_,11.12
_09460_,11.12
_09693_,11.12
_10466_,11.12
_12492_,11.12
_14179_,11.12
_14418_,11.12
_16012_,11.12
_16218_,11.12
_18924_,11.12
_20012_,11.12
_20095_,11.12
_20268_,11.12
_21958_,11.12
_22976_,11.12
_24199_,11.12
_25337_,11.12
u_core0.ROW\[10\].COL\[0\].u_pe.sum_in\[14\],11.12
net711,11.12
_13042_,11.11
_13283_,11.105
_02588_,11.1
_03615_,11.1
_07492_,11.1
_07543_,11.1
_09377_,11.1
_12637_,11.1
_13771_,11.1
_13960_,11.1
_14025_,11.1
_15611_,11.1
_16207_,11.1
_16431_,11.1
_18195_,11.1
_20183_,11.1
_21330_,11.1
_21335_,11.1
_22606_,11.1
_23296_,11.1
_24623_,11.1
_24867_,11.1
_26436_,11.1
_26629_,11.1
_01465_,11.08
_02324_,11.08
_03269_,11.08
_05262_,11.08
_06847_,11.08
_07412_,11.08
_07712_,11.08
_08662_,11.08
_09244_,11.08
_09324_,11.08
_10222_,11.08
_10955_,11.08
_12066_,11.08
_12573_,11.08
_13928_,11.08
_15717_,11.08
_15777_,11.08
_15937_,11.08
_17982_,11.08
_22946_,11.08
_23341_,11.08
_24486_,11.08
_25490_,11.08
_26217_,11.08
_26997_,11.08
u_core0.ROW\[7\].COL\[0\].u_pe.b_out\[3\],11.08
_06305_,11.075
_00076_,11.06
_04737_,11.06
_04911_,11.06
_05353_,11.06
_07754_,11.06
_09024_,11.06
_11386_,11.06
_13929_,11.06
_14077_,11.06
_14984_,11.06
_16133_,11.06
_19753_,11.06
_19782_,11.06
_21603_,11.06
_24643_,11.06
_26434_,11.06
_26798_,11.06
_26853_,11.06
u_core0.ROW\[14\].COL\[0\].u_pe.sum_out\[2\],11.06
u_core0.ROW\[24\].COL\[0\].u_pe.sum_out\[9\],11.06
_05714_,11.055
_14998_,11.05
_19104_,11.05
_02688_,11.04
_04055_,11.04
_07794_,11.04
_08697_,11.04
_09000_,11.04
_11867_,11.04
_14130_,11.04
_14177_,11.04
_15505_,11.04
_16079_,11.04
_17472_,11.04
_18068_,11.04
_18239_,11.04
_22992_,11.04
_25222_,11.04
_00136_,11.02
_04508_,11.02
_07554_,11.02
_09892_,11.02
_13098_,11.02
_20235_,11.02
_20762_,11.02
_26797_,11.02
_13631_,11.015
_11829_,11.01
_15074_,11.005
_23483_,11.005
_02147_,11
_02780_,11
_04880_,11
_06770_,11
_07438_,11
_07864_,11
_08756_,11
_08978_,11
_10040_,11
_10557_,11
_11514_,11
_12366_,11
_12396_,11
_12547_,11
_13245_,11
_16616_,11
_16869_,11
_16937_,11
_20155_,11
_20679_,11
_21917_,11
_22798_,11
_23172_,11
_23530_,11
_25431_,11
_26777_,11
_26781_,11
_00522_,10.98
_00614_,10.98
_01223_,10.98
_01289_,10.98
_02394_,10.98
_03712_,10.98
_04143_,10.98
_08101_,10.98
_16278_,10.98
_16373_,10.98
_17045_,10.98
_19607_,10.98
_21070_,10.98
_21605_,10.98
_25124_,10.98
_08967_,10.975
_13344_,10.975
_00106_,10.96
_01474_,10.96
_01996_,10.96
_02182_,10.96
_02979_,10.96
_03184_,10.96
_03875_,10.96
_03971_,10.96
_04928_,10.96
_05574_,10.96
_05713_,10.96
_07505_,10.96
_07979_,10.96
_08835_,10.96
_11005_,10.96
_11026_,10.96
_11055_,10.96
_11202_,10.96
_12124_,10.96
_12444_,10.96
_12658_,10.96
_13295_,10.96
_13634_,10.96
_14011_,10.96
_14127_,10.96
_14260_,10.96
_14875_,10.96
_14902_,10.96
_15199_,10.96
_16044_,10.96
_16047_,10.96
_17690_,10.96
_18456_,10.96
_18918_,10.96
_19377_,10.96
_20358_,10.96
_20904_,10.96
_21789_,10.96
_21896_,10.96
_21918_,10.96
_22286_,10.96
_23548_,10.96
_23690_,10.96
_23799_,10.96
_24233_,10.96
_24246_,10.96
_24844_,10.96
net6,10.96
net757,10.96
_11361_,10.955
_17932_,10.955
_01792_,10.94
_02554_,10.94
_05766_,10.94
_17878_,10.94
_18401_,10.94
_19158_,10.94
_25053_,10.94
_14185_,10.935
_16478_,10.93
net766,10.93
_00354_,10.92
_00365_,10.92
_06059_,10.92
_06899_,10.92
_07284_,10.92
_07513_,10.92
_07779_,10.92
_08422_,10.92
_14547_,10.92
_15076_,10.92
_15584_,10.92
_15664_,10.92
_16215_,10.92
_18291_,10.92
_21118_,10.92
_21423_,10.92
_24787_,10.92
_27011_,10.92
u_core0.ROW\[30\].COL\[1\].u_pe.b_out\[6\],10.92
_25463_,10.91
_02470_,10.9
_05379_,10.9
_06655_,10.9
_09627_,10.9
_11715_,10.9
_12269_,10.9
_12964_,10.9
_12973_,10.9
_19919_,10.9
_20265_,10.9
u_core0.ROW\[21\].COL\[0\].u_pe.sum_out\[10\],10.9
net23,10.9
net28,10.9
net733,10.9
net836,10.9
net882,10.9
_03402_,10.895
_18542_,10.895
_12502_,10.89
_17185_,10.89
_19671_,10.89
_00635_,10.88
_01614_,10.88
_02297_,10.88
_03859_,10.88
_05380_,10.88
_06104_,10.88
_09822_,10.88
_10002_,10.88
_10885_,10.88
_11360_,10.88
_12934_,10.88
_14459_,10.88
_14952_,10.88
_15328_,10.88
_15638_,10.88
_16340_,10.88
_16356_,10.88
_16411_,10.88
_16467_,10.88
_19190_,10.88
_19230_,10.88
_19511_,10.88
_20844_,10.88
_22097_,10.88
_23161_,10.88
_08906_,10.875
_16974_,10.865
_00730_,10.86
_00891_,10.86
_01376_,10.86
_01405_,10.86
_02391_,10.86
_02437_,10.86
_03032_,10.86
_04741_,10.86
_09782_,10.86
_10506_,10.86
_10707_,10.86
_10871_,10.86
_15734_,10.86
_16487_,10.86
_17457_,10.86
_17919_,10.86
_19897_,10.86
_19972_,10.86
_21888_,10.86
_22303_,10.86
_22569_,10.86
_22734_,10.86
_22770_,10.86
_25454_,10.86
_25464_,10.86
_26592_,10.86
_26822_,10.86
_26918_,10.86
_26984_,10.86
u_core0.ROW\[13\].COL\[0\].u_pe.sum_out\[3\],10.86
u_core0.ROW\[15\].COL\[0\].u_pe.sum_out\[18\],10.86
_10387_,10.855
_02675_,10.84
_04175_,10.84
_05446_,10.84
_09397_,10.84
_10602_,10.84
_11670_,10.84
_12025_,10.84
_12918_,10.84
_13289_,10.84
_13391_,10.84
_14338_,10.84
_14488_,10.84
_14963_,10.84
_15033_,10.84
_19242_,10.84
_22796_,10.84
_23843_,10.84
_24937_,10.84
_26947_,10.84
u_core0.ROW\[24\].COL\[0\].u_pe.sum_out\[12\],10.84
u_core0.ROW\[3\].COL\[0\].u_pe.sum_out\[12\],10.84
_16739_,10.83
_18690_,10.83
_00656_,10.825
_00284_,10.82
_02783_,10.82
_04203_,10.82
_04749_,10.82
_06976_,10.82
_08386_,10.82
_08596_,10.82
_08634_,10.82
_08857_,10.82
_10226_,10.82
_10588_,10.82
_11112_,10.82
_11194_,10.82
_12546_,10.82
_15461_,10.82
_16551_,10.82
_17494_,10.82
_17994_,10.82
_19444_,10.82
_21332_,10.82
_22379_,10.82
_23585_,10.82
_24242_,10.82
_25413_,10.82
_26102_,10.82
u_core0.ROW\[8\].COL\[0\].u_pe.sum_out\[12\],10.82
_10289_,10.81
_00457_,10.8
_03212_,10.8
_08836_,10.8
_09029_,10.8
_09673_,10.8
_10311_,10.8
_11396_,10.8
_12128_,10.8
_14467_,10.8
_15227_,10.8
_15388_,10.8
_15536_,10.8
_19794_,10.8
_23867_,10.8
_26730_,10.8
u_core0.ROW\[25\].COL\[0\].u_pe.sum_out\[10\],10.8
_06625_,10.79
_00507_,10.78
_02847_,10.78
_03801_,10.78
_04487_,10.78
_08435_,10.78
_08565_,10.78
_08735_,10.78
_09786_,10.78
_13337_,10.78
_13911_,10.78
_14889_,10.78
_15893_,10.78
_16069_,10.78
_16717_,10.78
_17058_,10.78
_19928_,10.78
_21021_,10.78
_21390_,10.78
_23247_,10.78
_23748_,10.78
_24317_,10.78
_24806_,10.78
_25106_,10.78
_25674_,10.78
_25815_,10.78
u_core0.ROW\[16\].COL\[1\].u_pe.sum_out\[3\],10.78
u_core0.ROW\[21\].COL\[1\].u_pe.sum_out\[3\],10.78
u_core0.ROW\[2\].COL\[1\].u_pe.b_out\[0\],10.78
net13,10.78
_11073_,10.765
_08327_,10.76
_09311_,10.76
_10944_,10.76
_13574_,10.76
_14827_,10.76
_15043_,10.76
_16598_,10.76
_16983_,10.76
_19697_,10.76
_24226_,10.76
_01383_,10.74
_02212_,10.74
_02909_,10.74
_03750_,10.74
_04233_,10.74
_04706_,10.74
_08254_,10.74
_09271_,10.74
_09676_,10.74
_09695_,10.74
_10277_,10.74
_10303_,10.74
_10764_,10.74
_11400_,10.74
_11684_,10.74
_11711_,10.74
_12091_,10.74
_12735_,10.74
_13028_,10.74
_14178_,10.74
_14360_,10.74
_14900_,10.74
_15884_,10.74
_16014_,10.74
_19294_,10.74
_20694_,10.74
_21606_,10.74
_21905_,10.74
_22855_,10.74
_23684_,10.74
_23834_,10.74
_23847_,10.74
_23981_,10.74
_24448_,10.74
_25341_,10.74
_25902_,10.74
_26032_,10.74
_26037_,10.74
_26116_,10.74
u_core0.ROW\[16\].COL\[0\].u_pe.sum_out\[15\],10.74
u_core0.ROW\[17\].COL\[1\].u_pe.sum_out\[7\],10.74
net678,10.74
net789,10.74
_19170_,10.73
_19590_,10.73
_05034_,10.72
_05083_,10.72
_05153_,10.72
_05375_,10.72
_05942_,10.72
_06094_,10.72
_08509_,10.72
_09179_,10.72
_11380_,10.72
_11731_,10.72
_12939_,10.72
_14129_,10.72
_18107_,10.72
_20014_,10.72
_20666_,10.72
_22735_,10.72
_22916_,10.72
_23289_,10.72
_26946_,10.72
u_core0.ROW\[25\].COL\[1\].u_pe.sum_out\[4\],10.72
_03334_,10.71
_01392_,10.7
_01770_,10.7
_01991_,10.7
_03178_,10.7
_03696_,10.7
_05100_,10.7
_06005_,10.7
_06647_,10.7
_06671_,10.7
_06752_,10.7
_09399_,10.7
_10695_,10.7
_10706_,10.7
_16413_,10.7
_16426_,10.7
_16555_,10.7
_17610_,10.7
_17793_,10.7
_21702_,10.7
_22102_,10.7
_23752_,10.7
_24086_,10.7
_24697_,10.7
_24838_,10.7
_25897_,10.7
_26649_,10.7
_26901_,10.7
u_core0.ROW\[20\].COL\[0\].u_pe.sum_out\[7\],10.7
u_core0.ROW\[25\].COL\[0\].u_pe.sum_out\[19\],10.7
_03734_,10.69
_12239_,10.69
_00513_,10.68
_08855_,10.68
_11130_,10.68
_11790_,10.68
_15056_,10.68
_15128_,10.68
_25266_,10.68
_25766_,10.68
_01168_,10.66
_01891_,10.66
_02404_,10.66
_02906_,10.66
_03581_,10.66
_03952_,10.66
_05329_,10.66
_05660_,10.66
_06705_,10.66
_07356_,10.66
_07923_,10.66
_07974_,10.66
_10648_,10.66
_11123_,10.66
_13452_,10.66
_14191_,10.66
_14204_,10.66
_15066_,10.66
_16421_,10.66
_16695_,10.66
_17903_,10.66
_20121_,10.66
_20489_,10.66
_21276_,10.66
_23173_,10.66
_23302_,10.66
_23485_,10.66
_23774_,10.66
_24311_,10.66
_24952_,10.66
_25877_,10.66
_26150_,10.66
net684,10.66
_02042_,10.64
_02221_,10.64
_02285_,10.64
_03643_,10.64
_05386_,10.64
_06344_,10.64
_08053_,10.64
_08530_,10.64
_08825_,10.64
_09270_,10.64
_11337_,10.64
_12105_,10.64
_14095_,10.64
_14707_,10.64
_14866_,10.64
_15040_,10.64
_15695_,10.64
_15986_,10.64
_16688_,10.64
_17848_,10.64
_18397_,10.64
_19408_,10.64
_19911_,10.64
_20113_,10.64
_20381_,10.64
_20619_,10.64
_20706_,10.64
_20780_,10.64
_20861_,10.64
_23808_,10.64
_25047_,10.64
_26066_,10.64
_26125_,10.64
_26388_,10.64
u_core0.ROW\[18\].COL\[0\].u_pe.sum_out\[18\],10.64
_04584_,10.635
_06251_,10.625
_01612_,10.62
_02061_,10.62
_04423_,10.62
_05809_,10.62
_06623_,10.62
_06682_,10.62
_07564_,10.62
_07666_,10.62
_08865_,10.62
_09993_,10.62
_10083_,10.62
_11650_,10.62
_11746_,10.62
_13434_,10.62
_13688_,10.62
_15322_,10.62
_16420_,10.62
_16434_,10.62
_17563_,10.62
_18100_,10.62
_19108_,10.62
_19390_,10.62
_19982_,10.62
_19992_,10.62
_20058_,10.62
_20129_,10.62
_20218_,10.62
_20453_,10.62
_20751_,10.62
_20916_,10.62
_22138_,10.62
_22203_,10.62
_24582_,10.62
_25393_,10.62
_26109_,10.62
u_core0.ROW\[17\].COL\[1\].u_pe.sum_out\[6\],10.62
u_core0.ROW\[6\].COL\[0\].u_pe.sum_out\[8\],10.62
net1104,10.62
_02765_,10.61
_01219_,10.6
_05884_,10.6
_08474_,10.6
_08976_,10.6
_09915_,10.6
_11118_,10.6
_12152_,10.6
_14307_,10.6
_17418_,10.6
_18737_,10.6
_19166_,10.6
_20538_,10.6
_23297_,10.6
_25125_,10.6
_08883_,10.59
_00021_,10.58
_03720_,10.58
_08706_,10.58
_11467_,10.58
_12207_,10.58
_16629_,10.58
_17995_,10.58
_22962_,10.58
_23484_,10.58
_05979_,10.56
_07723_,10.56
_08809_,10.56
_09798_,10.56
_26408_,10.56
net2,10.56
net3,10.56
net27,10.56
_14082_,10.55
u_core0.ROW\[21\].COL\[0\].u_pe.sum_out\[4\],10.545
_01748_,10.54
_01751_,10.54
_02528_,10.54
_02553_,10.54
_03522_,10.54
_04232_,10.54
_04683_,10.54
_05455_,10.54
_06021_,10.54
_07079_,10.54
_09323_,10.54
_09585_,10.54
_10873_,10.54
_12524_,10.54
_17080_,10.54
_17505_,10.54
_19226_,10.54
_19625_,10.54
_20280_,10.54
_22133_,10.54
_23743_,10.54
_25504_,10.54
_26038_,10.54
u_core0.ROW\[17\].COL\[0\].u_pe.sum_out\[2\],10.54
u_core0.ROW\[5\].COL\[1\].u_pe.sum_out\[6\],10.54
_07805_,10.53
_25201_,10.53
_00535_,10.52
_04603_,10.52
_07878_,10.52
_08490_,10.52
_09615_,10.52
_09961_,10.52
_12525_,10.52
_14219_,10.52
_17902_,10.52
_18584_,10.52
_20510_,10.52
_20641_,10.52
_24538_,10.52
_24711_,10.52
u_core0.ROW\[11\].COL\[0\].u_pe.a_out\[5\],10.52
u_core0.ROW\[25\].COL\[0\].u_pe.sum_out\[3\],10.52
net862,10.52
_08340_,10.505
_01421_,10.5
_02295_,10.5
_02372_,10.5
_04029_,10.5
_04191_,10.5
_06142_,10.5
_06843_,10.5
_08157_,10.5
_08288_,10.5
_08342_,10.5
_09814_,10.5
_11086_,10.5
_11382_,10.5
_11922_,10.5
_12056_,10.5
_12802_,10.5
_13053_,10.5
_13938_,10.5
_14641_,10.5
_14663_,10.5
_14774_,10.5
_14836_,10.5
_15007_,10.5
_15315_,10.5
_15511_,10.5
_16737_,10.5
_17601_,10.5
_17771_,10.5
_18979_,10.5
_19443_,10.5
_19490_,10.5
_19860_,10.5
_21701_,10.5
_22421_,10.5
_23005_,10.5
_23396_,10.5
_25181_,10.5
_26819_,10.5
u_core0.ROW\[24\].COL\[0\].u_pe.sum_out\[10\],10.5
_02513_,10.48
_04237_,10.48
_04309_,10.48
_10837_,10.48
_11983_,10.48
_12731_,10.48
_13458_,10.48
_25997_,10.48
u_core0.ROW\[28\].COL\[0\].u_pe.sum_out\[18\],10.48
_01753_,10.47
_00118_,10.46
_01013_,10.46
_01074_,10.46
_02551_,10.46
_03019_,10.46
_03552_,10.46
_05607_,10.46
_05708_,10.46
_05970_,10.46
_06422_,10.46
_06455_,10.46
_07601_,10.46
_10741_,10.46
_11357_,10.46
_12629_,10.46
_12749_,10.46
_12840_,10.46
_13148_,10.46
_15345_,10.46
_17244_,10.46
_17880_,10.46
_19734_,10.46
_21569_,10.46
_22216_,10.46
_25887_,10.46
u_core0.ROW\[12\].COL\[0\].u_pe.sum_out\[15\],10.46
u_core0.ROW\[7\].COL\[1\].u_pe.sum_out\[4\],10.46
net876,10.46
_08260_,10.45
_14855_,10.45
_24393_,10.45
_00009_,10.44
_01589_,10.44
_02219_,10.44
_02639_,10.44
_03105_,10.44
_05128_,10.44
_06000_,10.44
_06644_,10.44
_06960_,10.44
_07017_,10.44
_08638_,10.44
_08755_,10.44
_10598_,10.44
_21117_,10.44
_21826_,10.44
_24587_,10.44
_24644_,10.44
_26763_,10.44
u_core0.ROW\[23\].COL\[1\].u_pe.b_out\[5\],10.44
_02654_,10.42
_02732_,10.42
_03419_,10.42
_04548_,10.42
_05042_,10.42
_07596_,10.42
_07845_,10.42
_07847_,10.42
_08449_,10.42
_08613_,10.42
_11564_,10.42
_11795_,10.42
_12479_,10.42
_12499_,10.42
_12816_,10.42
_13081_,10.42
_13111_,10.42
_14943_,10.42
_15520_,10.42
_17943_,10.42
_18470_,10.42
_18834_,10.42
_20550_,10.42
_21420_,10.42
_23038_,10.42
_23610_,10.42
_23709_,10.42
_23768_,10.42
_26974_,10.42
net956,10.42
_00969_,10.4
_01014_,10.4
_01576_,10.4
_02150_,10.4
_03863_,10.4
_04318_,10.4
_05242_,10.4
_05459_,10.4
_05830_,10.4
_06667_,10.4
_08764_,10.4
_08804_,10.4
_09546_,10.4
_09951_,10.4
_11249_,10.4
_11641_,10.4
_11966_,10.4
_15357_,10.4
_16568_,10.4
_17016_,10.4
_17824_,10.4
_17861_,10.4
_17938_,10.4
_18399_,10.4
_18932_,10.4
_19023_,10.4
_19826_,10.4
_20189_,10.4
_22494_,10.4
_24050_,10.4
_24636_,10.4
_25792_,10.4
_25973_,10.4
_26772_,10.4
u_core0.ROW\[15\].COL\[0\].u_pe.sum_out\[19\],10.4
u_core0.ROW\[20\].COL\[1\].u_pe.b_out\[1\],10.4
u_core0.ROW\[22\].COL\[1\].u_pe.sum_out\[0\],10.4
u_core0.ROW\[6\].COL\[0\].u_pe.sum_out\[7\],10.4
_00504_,10.38
_01658_,10.38
_02568_,10.38
_03004_,10.38
_03089_,10.38
_03836_,10.38
_05761_,10.38
_08083_,10.38
_08245_,10.38
_08409_,10.38
_08606_,10.38
_09821_,10.38
_11737_,10.38
_12394_,10.38
_12876_,10.38
_14921_,10.38
_15647_,10.38
_17381_,10.38
_17924_,10.38
_18142_,10.38
_19178_,10.38
_19365_,10.38
_19410_,10.38
_19411_,10.38
_20127_,10.38
_25513_,10.38
_26340_,10.38
u_core0.ROW\[6\].COL\[0\].u_pe.sum_out\[0\],10.38
u_core0.ROW\[6\].COL\[0\].u_pe.sum_out\[3\],10.38
_17351_,10.37
_23043_,10.37
_00819_,10.36
_01036_,10.36
_01292_,10.36
_01457_,10.36
_03234_,10.36
_04085_,10.36
_04620_,10.36
_05250_,10.36
_06138_,10.36
_06217_,10.36
_06423_,10.36
_06660_,10.36
_07927_,10.36
_09091_,10.36
_09761_,10.36
_11022_,10.36
_11644_,10.36
_12166_,10.36
_15269_,10.36
_16171_,10.36
_16291_,10.36
_17368_,10.36
_19324_,10.36
_21706_,10.36
_22455_,10.36
_26505_,10.36
u_core0.ROW\[28\].COL\[0\].u_pe.sum_out\[8\],10.36
net1041,10.36
net1098,10.36
_09056_,10.35
_26478_,10.35
_02740_,10.34
_04488_,10.34
_08008_,10.34
_08499_,10.34
_09096_,10.34
_09598_,10.34
_10780_,10.34
_11438_,10.34
_11524_,10.34
_11716_,10.34
_11809_,10.34
_14477_,10.34
_15743_,10.34
_19119_,10.34
_19629_,10.34
_20473_,10.34
_21601_,10.34
_21626_,10.34
net970,10.34
_24655_,10.335
_01888_,10.32
_01963_,10.32
_01988_,10.32
_02587_,10.32
_02735_,10.32
_04289_,10.32
_05412_,10.32
_06795_,10.32
_07689_,10.32
_08687_,10.32
_09747_,10.32
_11131_,10.32
_11269_,10.32
_11781_,10.32
_13599_,10.32
_15151_,10.32
_15628_,10.32
_16214_,10.32
_18925_,10.32
_19203_,10.32
_19595_,10.32
_20519_,10.32
_22845_,10.32
_23114_,10.32
_23327_,10.32
_23885_,10.32
_26161_,10.32
u_core0.ROW\[16\].COL\[1\].u_pe.sum_out\[2\],10.32
net781,10.32
_02933_,10.3
_04703_,10.3
_06002_,10.3
_08595_,10.3
_10247_,10.3
_10288_,10.3
_11742_,10.3
_12440_,10.3
_13839_,10.3
_14590_,10.3
_15022_,10.3
_16742_,10.3
_17478_,10.3
_19020_,10.3
_19420_,10.3
_19574_,10.3
_20632_,10.3
_21072_,10.3
_22811_,10.3
_22937_,10.3
_23616_,10.3
_24135_,10.3
_24210_,10.3
_24817_,10.3
_25534_,10.3
_26085_,10.3
_17988_,10.295
_12685_,10.29
_04512_,10.285
_01507_,10.28
_02745_,10.28
_03300_,10.28
_04242_,10.28
_04763_,10.28
_06198_,10.28
_06231_,10.28
_09933_,10.28
_13091_,10.28
_13491_,10.28
_15348_,10.28
_15473_,10.28
_16414_,10.28
_17093_,10.28
_17583_,10.28
_18332_,10.28
_20798_,10.28
_22115_,10.28
_22909_,10.28
_23394_,10.28
_23555_,10.28
_23842_,10.28
_24649_,10.28
_25981_,10.28
_26868_,10.28
_26970_,10.28
u_core0.ROW\[14\].COL\[1\].u_pe.sum_out\[0\],10.28
u_core0.ROW\[16\].COL\[0\].u_pe.sum_out\[6\],10.28
u_core0.ROW\[29\].COL\[1\].u_pe.sum_out\[9\],10.28
u_core0.ROW\[4\].COL\[1\].u_pe.b_out\[7\],10.28
u_core0.ROW\[7\].COL\[0\].u_pe.sum_out\[0\],10.28
_04553_,10.275
_12652_,10.275
_10053_,10.27
_11570_,10.27
_03218_,10.26
_05483_,10.26
_05923_,10.26
_07753_,10.26
_09380_,10.26
_10728_,10.26
_11664_,10.26
_12326_,10.26
_12813_,10.26
_17068_,10.26
_17177_,10.26
_17424_,10.26
_17652_,10.26
_21056_,10.26
_21583_,10.26
_21929_,10.26
_22343_,10.26
_22633_,10.26
_23243_,10.26
_23522_,10.26
_23681_,10.26
_26160_,10.26
net798,10.26
net1086,10.26
_06698_,10.255
_05688_,10.25
_26690_,10.25
_00804_,10.24
_02491_,10.24
_03505_,10.24
_04861_,10.24
_06963_,10.24
_07587_,10.24
_08441_,10.24
_09017_,10.24
_09913_,10.24
_10718_,10.24
_12273_,10.24
_12385_,10.24
_15207_,10.24
_15547_,10.24
_16394_,10.24
_16961_,10.24
_20408_,10.24
_20952_,10.24
_23285_,10.24
_23513_,10.24
u_core0.ROW\[29\].COL\[0\].u_pe.sum_out\[19\],10.24
u_core0.ROW\[4\].COL\[1\].u_pe.b_out\[3\],10.24
_13341_,10.23
_14708_,10.23
_22130_,10.23
_01992_,10.22
_03044_,10.22
_03509_,10.22
_07663_,10.22
_10336_,10.22
_12067_,10.22
_12204_,10.22
_15607_,10.22
_18026_,10.22
_20689_,10.22
_21083_,10.22
_22772_,10.22
_23481_,10.22
_25308_,10.22
_25874_,10.22
_26693_,10.22
_26694_,10.22
_24376_,10.205
_05729_,10.2
_11529_,10.2
_11549_,10.2
_11900_,10.2
_14510_,10.2
_14539_,10.2
_16993_,10.2
_17965_,10.2
_18205_,10.2
_19174_,10.2
_20202_,10.2
_22001_,10.2
_23273_,10.2
_24602_,10.2
_24736_,10.2
_24921_,10.2
_25206_,10.2
net1109,10.2
_21636_,10.19
_02485_,10.18
_02510_,10.18
_03102_,10.18
_03515_,10.18
_03700_,10.18
_03722_,10.18
_05271_,10.18
_06923_,10.18
_07632_,10.18
_07862_,10.18
_08792_,10.18
_08873_,10.18
_11690_,10.18
_14023_,10.18
_15314_,10.18
_16798_,10.18
_17427_,10.18
_17510_,10.18
_17885_,10.18
_20274_,10.18
_20717_,10.18
_21385_,10.18
_21502_,10.18
_21625_,10.18
_21786_,10.18
_24570_,10.18
net664,10.18
net927,10.18
_08387_,10.17
_02328_,10.16
_02334_,10.16
_04199_,10.16
_04205_,10.16
_04799_,10.16
_04937_,10.16
_04969_,10.16
_05657_,10.16
_07655_,10.16
_08904_,10.16
_09211_,10.16
_09709_,10.16
_09860_,10.16
_09884_,10.16
_10067_,10.16
_10262_,10.16
_10760_,10.16
_10850_,10.16
_11773_,10.16
_12528_,10.16
_13078_,10.16
_13129_,10.16
_13893_,10.16
_13925_,10.16
_14048_,10.16
_14105_,10.16
_14633_,10.16
_14662_,10.16
_14868_,10.16
_15725_,10.16
_17130_,10.16
_17190_,10.16
_17340_,10.16
_17736_,10.16
_17894_,10.16
_19225_,10.16
_19229_,10.16
_19353_,10.16
_19464_,10.16
_19668_,10.16
_20795_,10.16
_21339_,10.16
_21557_,10.16
_22023_,10.16
_23599_,10.16
_23761_,10.16
_24347_,10.16
net860,10.16
_20038_,10.15
_21124_,10.15
_01116_,10.14
_10748_,10.14
_12346_,10.14
_13299_,10.14
_14572_,10.14
_16843_,10.14
_17031_,10.14
_18669_,10.14
_18670_,10.14
_22660_,10.14
_24004_,10.14
_13076_,10.13
_03154_,10.12
_04734_,10.12
_06056_,10.12
_09531_,10.12
_09670_,10.12
_10189_,10.12
_11596_,10.12
_12771_,10.12
_20131_,10.12
_23252_,10.12
_24550_,10.12
_25311_,10.12
_25913_,10.12
_26254_,10.12
_26875_,10.12
_18466_,10.11
_18997_,10.11
_02097_,10.1
_02262_,10.1
_02382_,10.1
_08076_,10.1
_13689_,10.1
_15103_,10.1
_16772_,10.1
_16810_,10.1
_16815_,10.1
_18032_,10.1
_21143_,10.1
_09415_,10.09
_03367_,10.08
_03672_,10.08
_04212_,10.08
_05742_,10.08
_06629_,10.08
_08487_,10.08
_10623_,10.08
_11985_,10.08
_12354_,10.08
_12465_,10.08
_12542_,10.08
_13006_,10.08
_14279_,10.08
_15080_,10.08
_15687_,10.08
_16191_,10.08
_16648_,10.08
_16699_,10.08
_16750_,10.08
_17482_,10.08
_17776_,10.08
_18020_,10.08
_18323_,10.08
_18405_,10.08
_19495_,10.08
_19980_,10.08
_20048_,10.08
_20418_,10.08
_21253_,10.08
_21301_,10.08
_22547_,10.08
_23602_,10.08
_24953_,10.08
_25303_,10.08
_25703_,10.08
u_core0.ROW\[10\].COL\[0\].u_pe.sum_out\[17\],10.08
_00640_,10.06
_00907_,10.06
_02249_,10.06
_06177_,10.06
_08339_,10.06
_08666_,10.06
_12200_,10.06
_14248_,10.06
_15090_,10.06
_16450_,10.06
_17396_,10.06
_20778_,10.06
_21161_,10.06
_21250_,10.06
_23015_,10.06
_23586_,10.06
_24402_,10.06
_25880_,10.06
u_core0.ROW\[29\].COL\[1\].u_pe.sum_out\[0\],10.06
net858,10.06
_01523_,10.04
_04581_,10.04
_04787_,10.04
_06627_,10.04
_06745_,10.04
_06913_,10.04
_07130_,10.04
_07673_,10.04
_07787_,10.04
_09209_,10.04
_09528_,10.04
_10008_,10.04
_11290_,10.04
_11539_,10.04
_12534_,10.04
_12593_,10.04
_13716_,10.04
_14116_,10.04
_14375_,10.04
_15441_,10.04
_15960_,10.04
_15975_,10.04
_16280_,10.04
_16494_,10.04
_17211_,10.04
_18402_,10.04
_19264_,10.04
_19623_,10.04
_19692_,10.04
_22251_,10.04
_22327_,10.04
_24207_,10.04
_24910_,10.04
_25414_,10.04
_25794_,10.04
_26106_,10.04
_26238_,10.04
_26322_,10.04
_26343_,10.04
_26999_,10.04
u_core0.ROW\[10\].COL\[0\].u_pe.sum_in\[7\],10.04
u_core0.ROW\[30\].COL\[0\].u_pe.sum_out\[18\],10.04
net1071,10.04
_25191_,10.03
_25711_,10.03
_00285_,10.02
_00663_,10.02
_01769_,10.02
_02132_,10.02
_05793_,10.02
_21323_,10.02
_22103_,10.02
_07658_,10.015
_26476_,10.015
_08614_,10.01
_11765_,10.01
_00659_,10
_01534_,10
_01652_,10
_04036_,10
_06777_,10
_08958_,10
_09404_,10
_10719_,10
_13484_,10
_15327_,10
_15888_,10
_16265_,10
_18946_,10
_21025_,10
_22277_,10
_24588_,10
_26074_,10
u_core0.ROW\[10\].COL\[1\].u_pe.sum_in\[1\],10
u_core0.ROW\[21\].COL\[0\].u_pe.sum_out\[3\],10
net14,10
_13185_,9.99
_18133_,9.99
_00326_,9.98
_03459_,9.98
_05186_,9.98
_05312_,9.98
_06662_,9.98
_06985_,9.98
_07763_,9.98
_09827_,9.98
_10084_,9.98
_13071_,9.98
_13932_,9.98
_14506_,9.98
_15047_,9.98
_15097_,9.98
_16192_,9.98
_18556_,9.98
_20304_,9.98
_21053_,9.98
_21380_,9.98
_24230_,9.98
_24243_,9.98
_25563_,9.98
_25699_,9.98
_25943_,9.98
_26838_,9.98
u_core0.ROW\[20\].COL\[1\].u_pe.sum_out\[3\],9.98
net1031,9.98
_01114_,9.96
_01886_,9.96
_01977_,9.96
_02742_,9.96
_03692_,9.96
_04687_,9.96
_06606_,9.96
_07008_,9.96
_07379_,9.96
_07537_,9.96
_08812_,9.96
_09366_,9.96
_09907_,9.96
_09945_,9.96
_10551_,9.96
_13658_,9.96
_13843_,9.96
_13945_,9.96
_16407_,9.96
_17851_,9.96
_17893_,9.96
_18074_,9.96
_18475_,9.96
_23433_,9.96
_24831_,9.96
_26417_,9.96
net872,9.96
_10451_,9.955
_18736_,9.955
_20233_,9.955
_17626_,9.95
_00591_,9.94
_00637_,9.94
_01828_,9.94
_02737_,9.94
_03292_,9.94
_04722_,9.94
_05342_,9.94
_06308_,9.94
_06449_,9.94
_06615_,9.94
_07708_,9.94
_08050_,9.94
_08147_,9.94
_08323_,9.94
_08867_,9.94
_09022_,9.94
_10713_,9.94
_11174_,9.94
_11237_,9.94
_13084_,9.94
_13354_,9.94
_13373_,9.94
_14276_,9.94
_14293_,9.94
_15435_,9.94
_15876_,9.94
_16119_,9.94
_16984_,9.94
_18046_,9.94
_18968_,9.94
_19938_,9.94
_22670_,9.94
_22945_,9.94
_23177_,9.94
_23750_,9.94
_24574_,9.94
_25841_,9.94
_26500_,9.94
u_core0.ROW\[12\].COL\[1\].u_pe.sum_out\[10\],9.94
net7,9.94
net9,9.94
_01113_,9.92
_01445_,9.92
_03273_,9.92
_04775_,9.92
_05721_,9.92
_08765_,9.92
_11967_,9.92
_12243_,9.92
_12960_,9.92
_14756_,9.92
_16066_,9.92
_18021_,9.92
_18296_,9.92
_20827_,9.92
_21191_,9.92
_26086_,9.92
_26398_,9.92
_26524_,9.92
_01585_,9.9
_02099_,9.9
_03186_,9.9
_03911_,9.9
_03958_,9.9
_04014_,9.9
_04992_,9.9
_06182_,9.9
_06285_,9.9
_06998_,9.9
_07678_,9.9
_08818_,9.9
_09504_,9.9
_09605_,9.9
_11052_,9.9
_11465_,9.9
_13784_,9.9
_14594_,9.9
_15105_,9.9
_15646_,9.9
_17073_,9.9
_18011_,9.9
_21619_,9.9
_23180_,9.9
_24859_,9.9
_24892_,9.9
_25398_,9.9
u_core0.ROW\[27\].COL\[1\].u_pe.b_out\[7\],9.9
_16819_,9.89
_02768_,9.88
_09702_,9.88
_16011_,9.88
_16493_,9.88
_17095_,9.88
_17608_,9.88
_18135_,9.88
_24326_,9.88
_25264_,9.875
_05694_,9.87
_00737_,9.86
_01135_,9.86
_01755_,9.86
_04154_,9.86
_05354_,9.86
_05980_,9.86
_06149_,9.86
_06477_,9.86
_07992_,9.86
_09983_,9.86
_10285_,9.86
_10726_,9.86
_12268_,9.86
_13192_,9.86
_13741_,9.86
_14001_,9.86
_14711_,9.86
_14931_,9.86
_15249_,9.86
_15603_,9.86
_15779_,9.86
_16641_,9.86
_17199_,9.86
_17868_,9.86
_19135_,9.86
_19800_,9.86
_20034_,9.86
_20137_,9.86
_20193_,9.86
_21899_,9.86
_23914_,9.86
_24502_,9.86
_25320_,9.86
_26407_,9.86
u_core0.ROW\[25\].COL\[1\].u_pe.sum_out\[7\],9.86
_14975_,9.85
_02926_,9.84
_03955_,9.84
_05127_,9.84
_07772_,9.84
_08015_,9.84
_08955_,9.84
_10327_,9.84
_10732_,9.84
_11338_,9.84
_11779_,9.84
_12376_,9.84
_13842_,9.84
_14456_,9.84
_15599_,9.84
_16520_,9.84
_16606_,9.84
_16981_,9.84
_17527_,9.84
_18783_,9.84
_18999_,9.84
_19655_,9.84
_21202_,9.84
_21490_,9.84
_22428_,9.84
_23956_,9.84
_25220_,9.84
_25354_,9.84
_25421_,9.84
_25726_,9.84
_26527_,9.84
_26994_,9.84
_26857_,9.835
_02991_,9.83
_01149_,9.82
_01986_,9.82
_02462_,9.82
_02647_,9.82
_02812_,9.82
_02889_,9.82
_03053_,9.82
_03422_,9.82
_03462_,9.82
_05802_,9.82
_05863_,9.82
_06086_,9.82
_06170_,9.82
_06875_,9.82
_07114_,9.82
_07620_,9.82
_08027_,9.82
_08191_,9.82
_08522_,9.82
_08970_,9.82
_09400_,9.82
_09997_,9.82
_10211_,9.82
_10541_,9.82
_11309_,9.82
_11435_,9.82
_12775_,9.82
_13619_,9.82
_14490_,9.82
_14595_,9.82
_14631_,9.82
_15996_,9.82
_16056_,9.82
_16281_,9.82
_16962_,9.82
_17453_,9.82
_17647_,9.82
_18227_,9.82
_18951_,9.82
_19376_,9.82
_20002_,9.82
_22518_,9.82
_22662_,9.82
_23352_,9.82
_23428_,9.82
_26162_,9.82
u_core0.ROW\[0\].COL\[0\].u_pe.a_out\[3\],9.82
u_core0.ROW\[10\].COL\[0\].u_pe.sum_in\[12\],9.82
u_core0.ROW\[27\].COL\[1\].u_pe.b_out\[3\],9.82
_23664_,9.815
_09635_,9.81
_08710_,9.8
_12858_,9.8
_13813_,9.8
_14473_,9.8
_16561_,9.8
_18570_,9.8
_19098_,9.8
_19406_,9.8
_19517_,9.8
_19693_,9.8
_20050_,9.8
_22170_,9.8
_22178_,9.8
_22244_,9.8
_22510_,9.8
_24826_,9.8
_25260_,9.8
_06630_,9.79
_25077_,9.79
_01519_,9.78
_01669_,9.78
_02454_,9.78
_03810_,9.78
_06015_,9.78
_06760_,9.78
_07367_,9.78
_08669_,9.78
_10970_,9.78
_11714_,9.78
_11725_,9.78
_13892_,9.78
_15187_,9.78
_16392_,9.78
_19352_,9.78
_19813_,9.78
_20979_,9.78
_21657_,9.78
_22331_,9.78
_25245_,9.78
u_core0.ROW\[20\].COL\[0\].u_pe.sum_out\[5\],9.78
_01233_,9.76
_02008_,9.76
_07418_,9.76
_08508_,9.76
_08954_,9.76
_12013_,9.76
_12770_,9.76
_14592_,9.76
_17674_,9.76
_19087_,9.76
_23123_,9.76
_25532_,9.76
_01794_,9.75
_20426_,9.75
_01494_,9.74
_02458_,9.74
_03260_,9.74
_03272_,9.74
_03681_,9.74
_05319_,9.74
_05725_,9.74
_06218_,9.74
_08273_,9.74
_08609_,9.74
_09350_,9.74
_10081_,9.74
_12343_,9.74
_12714_,9.74
_13425_,9.74
_13930_,9.74
_15355_,9.74
_15478_,9.74
_15961_,9.74
_16334_,9.74
_16428_,9.74
_17574_,9.74
_18289_,9.74
_19536_,9.74
_21182_,9.74
_22015_,9.74
_22344_,9.74
_23196_,9.74
_23371_,9.74
_25158_,9.74
_25829_,9.74
net696,9.74
net812,9.74
_25751_,9.735
_02488_,9.73
_02716_,9.73
_01939_,9.72
_03626_,9.72
_03813_,9.72
_04151_,9.72
_05968_,9.72
_07069_,9.72
_10928_,9.72
_11442_,9.72
_11794_,9.72
_13946_,9.72
_14544_,9.72
_15252_,9.72
_17617_,9.72
_17928_,9.72
_18201_,9.72
_18984_,9.72
_20008_,9.72
_23073_,9.72
_24902_,9.72
_21188_,9.71
_25806_,9.71
_01579_,9.7
_02149_,9.7
_03732_,9.7
_06476_,9.7
_06648_,9.7
_06846_,9.7
_07210_,9.7
_07427_,9.7
_11490_,9.7
_11786_,9.7
_11928_,9.7
_13644_,9.7
_14632_,9.7
_15537_,9.7
_15759_,9.7
_16354_,9.7
_17871_,9.7
_18350_,9.7
_18618_,9.7
_18935_,9.7
_19359_,9.7
_19884_,9.7
_21304_,9.7
_21620_,9.7
_22101_,9.7
_22880_,9.7
_23254_,9.7
_23266_,9.7
_25482_,9.7
_26159_,9.7
_12819_,9.695
_06309_,9.69
_02086_,9.68
_04499_,9.68
_08091_,9.68
_10142_,9.68
_10245_,9.68
_10749_,9.68
_11565_,9.68
_19801_,9.68
_20578_,9.68
_22598_,9.68
_22892_,9.68
_26662_,9.68
u_core0.ROW\[10\].COL\[0\].u_pe.sum_in\[18\],9.68
_06536_,9.66
_17820_,9.66
_22354_,9.66
_22575_,9.66
_25503_,9.66
_25993_,9.66
_26489_,9.66
_17832_,9.655
_15288_,9.65
_23181_,9.65
_00623_,9.64
_03321_,9.64
_10058_,9.64
u_core0.ROW\[12\].COL\[0\].u_pe.sum_out\[7\],9.64
net849,9.64
_05392_,9.63
_00355_,9.62
_01172_,9.62
_01567_,9.62
_02633_,9.62
_03870_,9.62
_04823_,9.62
_05534_,9.62
_05998_,9.62
_06127_,9.62
_07479_,9.62
_07624_,9.62
_08178_,9.62
_08514_,9.62
_09246_,9.62
_09308_,9.62
_09347_,9.62
_10291_,9.62
_11440_,9.62
_11689_,9.62
_12602_,9.62
_12729_,9.62
_13530_,9.62
_14865_,9.62
_15455_,9.62
_15564_,9.62
_15699_,9.62
_15853_,9.62
_15949_,9.62
_16751_,9.62
_17397_,9.62
_19857_,9.62
_21520_,9.62
_22208_,9.62
_22246_,9.62
_23363_,9.62
_23755_,9.62
_24025_,9.62
_24194_,9.62
_24329_,9.62
_25139_,9.62
_26182_,9.62
_26571_,9.62
u_core0.ROW\[14\].COL\[1\].u_pe.b_out\[3\],9.62
net827,9.62
net893,9.62
net1066,9.62
_14444_,9.61
_08065_,9.605
_01370_,9.6
_04883_,9.6
_06587_,9.6
_17146_,9.6
_17777_,9.6
_19460_,9.6
_22154_,9.6
_24915_,9.6
_26458_,9.6
u_core0.ROW\[23\].COL\[1\].u_pe.b_out\[2\],9.6
_00299_,9.58
_01558_,9.58
_03039_,9.58
_03262_,9.58
_03604_,9.58
_04072_,9.58
_04343_,9.58
_05885_,9.58
_06014_,9.58
_06194_,9.58
_09668_,9.58
_10386_,9.58
_10472_,9.58
_10604_,9.58
_11424_,9.58
_12024_,9.58
_14362_,9.58
_14896_,9.58
_14908_,9.58
_15535_,9.58
_16480_,9.58
_16755_,9.58
_17124_,9.58
_22714_,9.58
_23892_,9.58
_25798_,9.58
_26202_,9.58
net1102,9.58
_06576_,9.575
_08540_,9.57
_21419_,9.57
_23839_,9.57
_01528_,9.56
_16529_,9.56
_16890_,9.56
_24512_,9.56
_17604_,9.55
_19088_,9.55
_26231_,9.55
_00117_,9.54
_01858_,9.54
_01859_,9.54
_06145_,9.54
_06851_,9.54
_09260_,9.54
_10548_,9.54
_12206_,9.54
_15209_,9.54
_16618_,9.54
_17589_,9.54
_20831_,9.54
_22402_,9.54
_24180_,9.54
net935,9.54
_13430_,9.535
_05733_,9.53
_23910_,9.53
_01782_,9.52
_01913_,9.52
_04784_,9.52
_06616_,9.52
_09603_,9.52
_10316_,9.52
_10829_,9.52
_12081_,9.52
_14016_,9.52
_16507_,9.52
_17170_,9.52
_17175_,9.52
_17257_,9.52
_18188_,9.52
_19148_,9.52
_19222_,9.52
_19474_,9.52
_21219_,9.52
_22127_,9.52
_22219_,9.52
_23148_,9.52
_23294_,9.52
_23490_,9.52
_24225_,9.52
_24796_,9.52
_25775_,9.52
_26529_,9.52
net977,9.52
net992,9.52
net1013,9.52
_19956_,9.515
_14211_,9.51
_26578_,9.51
_01083_,9.5
_02808_,9.5
_03913_,9.5
_04359_,9.5
_05511_,9.5
_08102_,9.5
_09160_,9.5
_09624_,9.5
_12759_,9.5
_13624_,9.5
_14519_,9.5
_15110_,9.5
_15643_,9.5
_15795_,9.5
_16784_,9.5
_16879_,9.5
_17051_,9.5
_17402_,9.5
_17921_,9.5
_19075_,9.5
_19502_,9.5
_19640_,9.5
_21166_,9.5
_21178_,9.5
_22704_,9.5
_23647_,9.5
_23663_,9.5
_23692_,9.5
_23869_,9.5
_26121_,9.5
_26179_,9.5
_26431_,9.5
_00155_,9.48
_01562_,9.48
_01608_,9.48
_01698_,9.48
_03052_,9.48
_03798_,9.48
_03938_,9.48
_04303_,9.48
_04637_,9.48
_06408_,9.48
_07090_,9.48
_07456_,9.48
_07633_,9.48
_07894_,9.48
_08239_,9.48
_08640_,9.48
_09383_,9.48
_09402_,9.48
_10193_,9.48
_11120_,9.48
_11138_,9.48
_11349_,9.48
_11441_,9.48
_11547_,9.48
_11585_,9.48
_11691_,9.48
_12168_,9.48
_13815_,9.48
_14017_,9.48
_14201_,9.48
_14542_,9.48
_14841_,9.48
_15168_,9.48
_15342_,9.48
_16553_,9.48
_16765_,9.48
_16999_,9.48
_18163_,9.48
_19156_,9.48
_19302_,9.48
_19729_,9.48
_19837_,9.48
_19984_,9.48
_20133_,9.48
_20199_,9.48
_20549_,9.48
_20801_,9.48
_20908_,9.48
_21926_,9.48
_22196_,9.48
_22205_,9.48
_23701_,9.48
_24501_,9.48
_25161_,9.48
_26682_,9.48
_26812_,9.48
u_core0.ROW\[18\].COL\[0\].u_pe.sum_out\[2\],9.48
u_core0.ROW\[29\].COL\[1\].u_pe.sum_out\[3\],9.48
u_core0.ROW\[2\].COL\[1\].u_pe.sum_out\[0\],9.48
net980,9.48
net982,9.48
_09088_,9.475
_12599_,9.475
_07749_,9.47
_22156_,9.47
_03107_,9.465
_02674_,9.46
_06208_,9.46
_06274_,9.46
_06607_,9.46
_07621_,9.46
_10778_,9.46
_11137_,9.46
_13838_,9.46
_15188_,9.46
_16029_,9.46
_16611_,9.46
_18428_,9.46
_18656_,9.46
_18867_,9.46
_19327_,9.46
_22229_,9.46
_22858_,9.46
_25670_,9.46
_26941_,9.46
_03388_,9.45
_12340_,9.45
_16067_,9.45
_23348_,9.45
_02817_,9.44
_02985_,9.44
_05601_,9.44
_07901_,9.44
_09728_,9.44
_18376_,9.44
_18485_,9.44
_19240_,9.44
_21325_,9.44
_21529_,9.44
_21984_,9.44
_22119_,9.44
_23286_,9.44
_25233_,9.44
_04390_,9.435
_04280_,9.43
_23463_,9.43
_00315_,9.42
_01461_,9.42
_04155_,9.42
_05182_,9.42
_05311_,9.42
_05747_,9.42
_06230_,9.42
_10545_,9.42
_11964_,9.42
_12776_,9.42
_14335_,9.42
_17042_,9.42
_20748_,9.42
_21114_,9.42
_22210_,9.42
_21713_,9.41
_02353_,9.4
_02369_,9.4
_03129_,9.4
_04564_,9.4
_04832_,9.4
_09258_,9.4
_09657_,9.4
_10712_,9.4
_10823_,9.4
_10994_,9.4
_11160_,9.4
_13990_,9.4
_14696_,9.4
_15778_,9.4
_17241_,9.4
_22322_,9.4
_24413_,9.4
_24492_,9.4
net874,9.4
_16505_,9.395
_16344_,9.39
_01263_,9.38
_03619_,9.38
_03877_,9.38
_06763_,9.38
_07095_,9.38
_11018_,9.38
_11089_,9.38
_11333_,9.38
_11841_,9.38
_13154_,9.38
_13433_,9.38
_14169_,9.38
_15382_,9.38
_16361_,9.38
_16475_,9.38
_16821_,9.38
_18888_,9.38
_19272_,9.38
_19856_,9.38
_21074_,9.38
_22043_,9.38
_23937_,9.38
_24864_,9.38
_24876_,9.38
_26707_,9.38
u_core0.ROW\[2\].COL\[0\].u_pe.sum_out\[14\],9.38
_01958_,9.375
u_core0.ROW\[3\].COL\[0\].u_pe.sum_out\[18\],9.375
_16312_,9.37
_24958_,9.37
_00263_,9.36
_01591_,9.36
_02045_,9.36
_02365_,9.36
_02785_,9.36
_03240_,9.36
_03267_,9.36
_03803_,9.36
_04025_,9.36
_06375_,9.36
_06490_,9.36
_06569_,9.36
_08199_,9.36
_08645_,9.36
_08720_,9.36
_09901_,9.36
_10520_,9.36
_10972_,9.36
_11030_,9.36
_11559_,9.36
_11625_,9.36
_11635_,9.36
_11906_,9.36
_12194_,9.36
_12208_,9.36
_12610_,9.36
_13193_,9.36
_13939_,9.36
_13972_,9.36
_14049_,9.36
_14612_,9.36
_14837_,9.36
_15459_,9.36
_16521_,9.36
_16610_,9.36
_17615_,9.36
_18226_,9.36
_18630_,9.36
_18771_,9.36
_19585_,9.36
_19788_,9.36
_19999_,9.36
_20629_,9.36
_21184_,9.36
_21522_,9.36
_21642_,9.36
_22163_,9.36
_23228_,9.36
_23303_,9.36
_23679_,9.36
_23962_,9.36
_25676_,9.36
u_core0.ROW\[19\].COL\[1\].u_pe.b_out\[5\],9.36
net939,9.36
_01053_,9.34
_01550_,9.34
_04827_,9.34
_05428_,9.34
_08030_,9.34
_08375_,9.34
_09148_,9.34
_18446_,9.34
_24680_,9.34
_14838_,9.335
_26377_,9.33
_01384_,9.32
_04875_,9.32
_05719_,9.32
_06797_,9.32
_06952_,9.32
_07238_,9.32
_07605_,9.32
_08664_,9.32
_11437_,9.32
_13149_,9.32
_13214_,9.32
_15225_,9.32
_19145_,9.32
_20897_,9.32
_21341_,9.32
_23182_,9.32
_23570_,9.32
_24192_,9.32
_24735_,9.32
_25312_,9.32
u_core0.ROW\[24\].COL\[0\].u_pe.sum_out\[1\],9.32
u_core0.ROW\[26\].COL\[0\].u_pe.sum_out\[0\],9.32
net824,9.32
_07516_,9.305
_02484_,9.3
_02667_,9.3
_03008_,9.3
_05012_,9.3
_05845_,9.3
_09763_,9.3
_11688_,9.3
_13282_,9.3
_15377_,9.3
_16175_,9.3
_22797_,9.3
_23582_,9.3
_25457_,9.3
_03112_,9.295
_01225_,9.28
_01419_,9.28
_01765_,9.28
_02001_,9.28
_03978_,9.28
_04011_,9.28
_05003_,9.28
_06883_,9.28
_07417_,9.28
_07730_,9.28
_08084_,9.28
_08646_,9.28
_09412_,9.28
_11328_,9.28
_12106_,9.28
_12751_,9.28
_12782_,9.28
_12957_,9.28
_14100_,9.28
_16700_,9.28
_17273_,9.28
_17993_,9.28
_18557_,9.28
_19609_,9.28
_19636_,9.28
_22999_,9.28
_23024_,9.28
_24292_,9.28
_25040_,9.28
_25132_,9.28
_25148_,9.28
_25826_,9.28
_26144_,9.28
_26883_,9.28
net1139,9.28
_18059_,9.27
_21547_,9.27
_02068_,9.26
_02852_,9.26
_03094_,9.26
_05084_,9.26
_06237_,9.26
_09950_,9.26
_10632_,9.26
_10710_,9.26
_11611_,9.26
_12979_,9.26
_13012_,9.26
_14176_,9.26
_15983_,9.26
_16300_,9.26
_18345_,9.26
_18625_,9.26
_19998_,9.26
_23204_,9.26
_24654_,9.26
_05124_,9.245
_01325_,9.24
_01510_,9.24
_02992_,9.24
_03109_,9.24
_03304_,9.24
_03512_,9.24
_03825_,9.24
_05888_,9.24
_05912_,9.24
_06363_,9.24
_06759_,9.24
_07014_,9.24
_08927_,9.24
_09018_,9.24
_09274_,9.24
_10082_,9.24
_11252_,9.24
_12785_,9.24
_15001_,9.24
_15313_,9.24
_15510_,9.24
_16059_,9.24
_17098_,9.24
_18207_,9.24
_18418_,9.24
_18856_,9.24
_19778_,9.24
_20364_,9.24
_21534_,9.24
_21798_,9.24
_21924_,9.24
_22486_,9.24
_22753_,9.24
_23349_,9.24
_23798_,9.24
_23824_,9.24
_24149_,9.24
_26558_,9.24
_26688_,9.24
u_core0.ROW\[25\].COL\[0\].u_pe.b_out\[2\],9.24
u_core0.ROW\[27\].COL\[1\].u_pe.b_out\[0\],9.24
u_core0.ROW\[7\].COL\[0\].u_pe.b_out\[6\],9.24
_10056_,9.23
_14844_,9.23
_01324_,9.22
_03307_,9.22
_06822_,9.22
_21482_,9.22
_25533_,9.22
_26752_,9.22
_16657_,9.205
_02393_,9.2
_08557_,9.2
_10647_,9.2
_11686_,9.2
_12997_,9.2
_18574_,9.2
_22276_,9.2
_24895_,9.2
_00414_,9.18
_09869_,9.18
_10072_,9.18
_12009_,9.18
_12557_,9.18
_12627_,9.18
_12870_,9.18
_15276_,9.18
_18033_,9.18
_23107_,9.18
u_core0.ROW\[11\].COL\[1\].u_pe.b_out\[0\],9.18
net909,9.18
net969,9.18
_03650_,9.17
_10813_,9.17
_00360_,9.16
_01778_,9.16
_01993_,9.16
_02955_,9.16
_03827_,9.16
_03979_,9.16
_03984_,9.16
_04615_,9.16
_04797_,9.16
_05092_,9.16
_05320_,9.16
_06400_,9.16
_07916_,9.16
_08466_,9.16
_08962_,9.16
_09542_,9.16
_09669_,9.16
_09799_,9.16
_11370_,9.16
_13051_,9.16
_14107_,9.16
_14414_,9.16
_16883_,9.16
_17616_,9.16
_17747_,9.16
_17798_,9.16
_19395_,9.16
_19993_,9.16
_21535_,9.16
_21985_,9.16
_22010_,9.16
_22600_,9.16
_23691_,9.16
_23738_,9.16
_24040_,9.16
_24962_,9.16
_25645_,9.16
_26951_,9.16
u_core0.ROW\[13\].COL\[1\].u_pe.sum_out\[5\],9.16
u_core0.ROW\[28\].COL\[0\].u_pe.sum_out\[11\],9.16
u_core0.ROW\[2\].COL\[0\].u_pe.sum_out\[2\],9.16
u_core0.ROW\[4\].COL\[1\].u_pe.b_out\[2\],9.16
_03701_,9.155
_00693_,9.14
_03775_,9.14
_05138_,9.14
_05683_,9.14
_10322_,9.14
_10677_,9.14
_10790_,9.14
_11730_,9.14
_11797_,9.14
_13171_,9.14
_13923_,9.14
_18596_,9.14
_24352_,9.14
_25850_,9.14
_26043_,9.14
_00199_,9.125
_01302_,9.12
_01513_,9.12
_02316_,9.12
_03854_,9.12
_04028_,9.12
_04226_,9.12
_05001_,9.12
_05267_,9.12
_05302_,9.12
_05469_,9.12
_05943_,9.12
_06349_,9.12
_06544_,9.12
_09779_,9.12
_09939_,9.12
_10274_,9.12
_10538_,9.12
_11182_,9.12
_11833_,9.12
_14611_,9.12
_15434_,9.12
_15436_,9.12
_15534_,9.12
_15750_,9.12
_16512_,9.12
_16769_,9.12
_17566_,9.12
_18149_,9.12
_18231_,9.12
_18762_,9.12
_18832_,9.12
_18837_,9.12
_18923_,9.12
_19422_,9.12
_19579_,9.12
_19802_,9.12
_21857_,9.12
_23766_,9.12
_24337_,9.12
_24744_,9.12
_26556_,9.12
u_core0.ROW\[17\].COL\[1\].u_pe.b_out\[2\],9.12
u_core0.ROW\[2\].COL\[0\].u_pe.sum_out\[15\],9.12
u_core0.ROW\[2\].COL\[0\].u_pe.sum_out\[7\],9.12
net779,9.12
_23422_,9.115
_09825_,9.1
_10774_,9.1
u_core0.ROW\[25\].COL\[0\].u_pe.sum_out\[0\],9.1
_00071_,9.08
_00116_,9.08
_01767_,9.08
_02155_,9.08
_02253_,9.08
_03341_,9.08
_05211_,9.08
_05779_,9.08
_05913_,9.08
_07218_,9.08
_07649_,9.08
_07860_,9.08
_08169_,9.08
_09064_,9.08
_10153_,9.08
_13618_,9.08
_15012_,9.08
_16222_,9.08
_20588_,9.08
_20728_,9.08
_23431_,9.08
_24256_,9.08
_24374_,9.08
_24553_,9.08
_25562_,9.08
_25738_,9.08
_26255_,9.08
_26428_,9.08
_26564_,9.08
u_core0.ROW\[30\].COL\[0\].u_pe.sum_out\[19\],9.08
net984,9.08
_01326_,9.07
_04967_,9.07
_11121_,9.07
_19197_,9.07
net1044,9.065
_00458_,9.06
_02575_,9.06
_04643_,9.06
_05382_,9.06
_07141_,9.06
_08099_,9.06
_08884_,9.06
_08948_,9.06
_09636_,9.06
_09701_,9.06
_09971_,9.06
_10253_,9.06
_10292_,9.06
_12233_,9.06
_12624_,9.06
_13754_,9.06
_14925_,9.06
_14935_,9.06
_15121_,9.06
_16565_,9.06
_16575_,9.06
_17113_,9.06
_18118_,9.06
_18278_,9.06
_20698_,9.06
_21307_,9.06
_22481_,9.06
_22564_,9.06
_22883_,9.06
_23389_,9.06
_23406_,9.06
_23678_,9.06
_24621_,9.06
_25756_,9.06
_26335_,9.06
_26380_,9.06
_26403_,9.06
u_core0.ROW\[28\].COL\[0\].u_pe.sum_out\[19\],9.06
net835,9.06
_16094_,9.055
_10323_,9.05
_14739_,9.045
_04283_,9.04
_04759_,9.04
_06248_,9.04
_08125_,9.04
_09994_,9.04
_10755_,9.04
_11043_,9.04
_11379_,9.04
_11858_,9.04
_12006_,9.04
_12874_,9.04
_13389_,9.04
_13857_,9.04
_14161_,9.04
_15361_,9.04
_15718_,9.04
_15812_,9.04
_16097_,9.04
_16208_,9.04
_16708_,9.04
_17751_,9.04
_18249_,9.04
_18580_,9.04
_18851_,9.04
_20480_,9.04
_22053_,9.04
_23437_,9.04
_23734_,9.04
_24925_,9.04
_24981_,9.04
_25023_,9.04
net1127,9.04
_13656_,9.03
_22866_,9.03
_00156_,9.02
_00233_,9.02
_00373_,9.02
_00727_,9.02
_01533_,9.02
_01965_,9.02
_02051_,9.02
_02222_,9.02
_02333_,9.02
_02595_,9.02
_02788_,9.02
_03403_,9.02
_03431_,9.02
_04528_,9.02
_04855_,9.02
_05158_,9.02
_06340_,9.02
_06626_,9.02
_06844_,9.02
_07591_,9.02
_08068_,9.02
_08725_,9.02
_09021_,9.02
_09472_,9.02
_09671_,9.02
_09967_,9.02
_10410_,9.02
_11180_,9.02
_11908_,9.02
_12144_,9.02
_12282_,9.02
_12441_,9.02
_12930_,9.02
_13476_,9.02
_13559_,9.02
_13584_,9.02
_14148_,9.02
_15503_,9.02
_15710_,9.02
_16930_,9.02
_18337_,9.02
_18689_,9.02
_19512_,9.02
_19583_,9.02
_20111_,9.02
_20416_,9.02
_20449_,9.02
_20913_,9.02
_22994_,9.02
_24670_,9.02
_24869_,9.02
_25657_,9.02
_26216_,9.02
_26367_,9.02
_26917_,9.02
u_core0.ROW\[21\].COL\[0\].u_pe.sum_out\[7\],9.02
u_core0.ROW\[22\].COL\[0\].u_pe.sum_out\[14\],9.02
net1005,9.02
_00595_,9
_01766_,9
_03543_,9
_03851_,9
_05465_,9
_10341_,9
_12814_,9
_16195_,9
_16689_,9
_17507_,9
_22045_,9
_25536_,9
u_core0.ROW\[6\].COL\[0\].u_pe.sum_out\[19\],9
_03369_,8.98
_05029_,8.98
_05860_,8.98
_11013_,8.98
_11044_,8.98
_12075_,8.98
_12504_,8.98
_14531_,8.98
_15597_,8.98
_15857_,8.98
_18027_,8.98
_22430_,8.98
_25376_,8.98
_26511_,8.98
u_core0.ROW\[13\].COL\[0\].u_pe.a_out\[4\],8.98
u_core0.ROW\[20\].COL\[0\].u_pe.sum_out\[3\],8.98
net926,8.98
_18559_,8.97
_02191_,8.96
_03953_,8.96
_04121_,8.96
_09501_,8.96
_11783_,8.96
_11914_,8.96
_15321_,8.96
_16355_,8.96
_17111_,8.96
_18567_,8.96
_20208_,8.96
_21175_,8.96
_22718_,8.96
_23003_,8.96
_23236_,8.96
_23427_,8.96
_23624_,8.96
_24028_,8.96
_24331_,8.96
_15343_,8.955
_04738_,8.95
_16377_,8.95
_23164_,8.95
_26146_,8.95
_02108_,8.94
_02338_,8.94
_02846_,8.94
_03923_,8.94
_05195_,8.94
_05503_,8.94
_05659_,8.94
_07178_,8.94
_07362_,8.94
_07404_,8.94
_09035_,8.94
_09268_,8.94
_09406_,8.94
_09896_,8.94
_10013_,8.94
_10404_,8.94
_10788_,8.94
_11068_,8.94
_11101_,8.94
_11887_,8.94
_12880_,8.94
_13010_,8.94
_13511_,8.94
_15133_,8.94
_16719_,8.94
_16854_,8.94
_18006_,8.94
_18314_,8.94
_19071_,8.94
_19128_,8.94
_19475_,8.94
_21318_,8.94
_21973_,8.94
_22889_,8.94
_23351_,8.94
_24037_,8.94
_24121_,8.94
_24526_,8.94
_24851_,8.94
_25328_,8.94
_26305_,8.94
u_core0.ROW\[24\].COL\[0\].u_pe.sum_out\[15\],8.94
net1002,8.94
_13424_,8.935
net897,8.935
_04719_,8.93
_01390_,8.92
_01928_,8.92
_03058_,8.92
_04308_,8.92
_04932_,8.92
_05058_,8.92
_05344_,8.92
_06029_,8.92
_06678_,8.92
_07050_,8.92
_08074_,8.92
_09139_,8.92
_09455_,8.92
_11484_,8.92
_14152_,8.92
_15463_,8.92
_16283_,8.92
_17706_,8.92
_18121_,8.92
_20182_,8.92
_20259_,8.92
_21565_,8.92
_22657_,8.92
_23072_,8.92
_25886_,8.92
_26186_,8.92
_03062_,8.915
_04332_,8.91
_00014_,8.9
_00610_,8.9
_01048_,8.9
_01102_,8.9
_01254_,8.9
_02256_,8.9
_02288_,8.9
_03067_,8.9
_03516_,8.9
_03821_,8.9
_03929_,8.9
_04622_,8.9
_04705_,8.9
_04910_,8.9
_05395_,8.9
_05434_,8.9
_05814_,8.9
_06233_,8.9
_06516_,8.9
_07464_,8.9
_08252_,8.9
_09610_,8.9
_09930_,8.9
_10431_,8.9
_10909_,8.9
_11210_,8.9
_11353_,8.9
_11463_,8.9
_11636_,8.9
_11671_,8.9
_11940_,8.9
_11992_,8.9
_12342_,8.9
_13172_,8.9
_14777_,8.9
_15010_,8.9
_15493_,8.9
_16404_,8.9
_16831_,8.9
_17564_,8.9
_18080_,8.9
_18081_,8.9
_18203_,8.9
_18490_,8.9
_19775_,8.9
_19828_,8.9
_20220_,8.9
_20487_,8.9
_20866_,8.9
_21508_,8.9
_22466_,8.9
_23210_,8.9
_23383_,8.9
_23921_,8.9
_24083_,8.9
_25091_,8.9
_25249_,8.9
_25508_,8.9
_25624_,8.9
_25706_,8.9
u_core0.ROW\[18\].COL\[0\].u_pe.sum_out\[1\],8.9
u_core0.ROW\[26\].COL\[0\].u_pe.sum_out\[3\],8.9
u_core0.ROW\[4\].COL\[0\].u_pe.sum_out\[1\],8.9
u_core0.ROW\[6\].COL\[1\].u_pe.sum_out\[6\],8.9
net986,8.9
net1136,8.9
_03295_,8.89
_12438_,8.89
_02757_,8.88
_08001_,8.88
_09679_,8.88
_10188_,8.88
_10976_,8.88
_12501_,8.88
_12867_,8.88
_13480_,8.88
_20311_,8.88
_23659_,8.88
_24513_,8.88
_25922_,8.88
_26204_,8.88
_05468_,8.87
_01458_,8.86
_01862_,8.86
_04714_,8.86
_04887_,8.86
_06496_,8.86
_08639_,8.86
_11051_,8.86
_13187_,8.86
_14273_,8.86
_14460_,8.86
_15374_,8.86
_16841_,8.86
_19564_,8.86
_20735_,8.86
_22418_,8.86
_22424_,8.86
_22607_,8.86
_22827_,8.86
_22970_,8.86
_23279_,8.86
_23520_,8.86
_25211_,8.86
_26755_,8.86
_26810_,8.86
_11871_,8.85
_15115_,8.85
_01375_,8.84
_05472_,8.84
_05512_,8.84
_06973_,8.84
_07994_,8.84
_12173_,8.84
_15891_,8.84
_15956_,8.84
_16888_,8.84
_17573_,8.84
_20054_,8.84
_23408_,8.84
_24988_,8.84
_26069_,8.84
_26567_,8.84
_03705_,8.83
_10202_,8.83
_13886_,8.83
_07322_,8.825
_24334_,8.825
_02028_,8.82
_04109_,8.82
_05763_,8.82
_07973_,8.82
_09623_,8.82
_10300_,8.82
_10539_,8.82
_10595_,8.82
_10990_,8.82
_11646_,8.82
_12140_,8.82
_13113_,8.82
_14180_,8.82
_15091_,8.82
_15177_,8.82
_15842_,8.82
_16028_,8.82
_17149_,8.82
_17256_,8.82
_17698_,8.82
_18325_,8.82
_18532_,8.82
_18994_,8.82
_20471_,8.82
_20522_,8.82
_20535_,8.82
_22135_,8.82
_22319_,8.82
_22425_,8.82
_24456_,8.82
_24483_,8.82
_24575_,8.82
_25932_,8.82
_26291_,8.82
u_core0.ROW\[27\].COL\[1\].u_pe.b_out\[6\],8.82
_00264_,8.8
_03305_,8.8
_05079_,8.8
_05602_,8.8
_05898_,8.8
_06721_,8.8
_07184_,8.8
_08874_,8.8
_09630_,8.8
_09974_,8.8
_10579_,8.8
_11804_,8.8
_12953_,8.8
_14478_,8.8
_14535_,8.8
_14716_,8.8
_16477_,8.8
_17415_,8.8
_18434_,8.8
_19465_,8.8
_19608_,8.8
_20126_,8.8
_20813_,8.8
_20848_,8.8
_21020_,8.8
_21976_,8.8
_27024_,8.8
net796,8.8
_08056_,8.795
_00944_,8.78
_01436_,8.78
_01671_,8.78
_02243_,8.78
_02888_,8.78
_03104_,8.78
_03196_,8.78
_04262_,8.78
_04699_,8.78
_05111_,8.78
_05489_,8.78
_08921_,8.78
_11017_,8.78
_12175_,8.78
_12286_,8.78
_12987_,8.78
_16825_,8.78
_17391_,8.78
_18344_,8.78
_19317_,8.78
_20664_,8.78
_21743_,8.78
_22077_,8.78
_22751_,8.78
_23133_,8.78
_24488_,8.78
_25592_,8.78
_26105_,8.78
_26539_,8.78
_02130_,8.76
_04241_,8.76
_06273_,8.76
_08759_,8.76
_20146_,8.76
_22275_,8.76
_25160_,8.76
_17135_,8.75
_11546_,8.745
_00027_,8.74
_04404_,8.74
_06558_,8.74
_10671_,8.74
_10772_,8.74
_19895_,8.74
_24809_,8.74
_26048_,8.74
_26390_,8.74
_18293_,8.735
_01821_,8.73
_02421_,8.73
_09619_,8.73
_00724_,8.72
_03047_,8.72
_03127_,8.72
_04614_,8.72
_09688_,8.72
_11299_,8.72
_11907_,8.72
_15770_,8.72
_17247_,8.72
_25575_,8.72
_11888_,8.71
_25012_,8.705
_01693_,8.7
_02492_,8.7
_02875_,8.7
_02941_,8.7
_03690_,8.7
_04464_,8.7
_05036_,8.7
_05067_,8.7
_05571_,8.7
_05687_,8.7
_06572_,8.7
_06938_,8.7
_07305_,8.7
_07872_,8.7
_08018_,8.7
_08270_,8.7
_08469_,8.7
_08807_,8.7
_10423_,8.7
_10441_,8.7
_10895_,8.7
_11302_,8.7
_11695_,8.7
_12400_,8.7
_12423_,8.7
_12793_,8.7
_13166_,8.7
_15351_,8.7
_15771_,8.7
_16774_,8.7
_17923_,8.7
_18257_,8.7
_18871_,8.7
_20940_,8.7
_22180_,8.7
_22202_,8.7
_25188_,8.7
_25608_,8.7
_26328_,8.7
_26344_,8.7
_26956_,8.7
u_core0.ROW\[10\].COL\[1\].u_pe.sum_in\[5\],8.7
u_core0.ROW\[13\].COL\[0\].u_pe.sum_out\[18\],8.7
_21030_,8.69
_22278_,8.685
_01492_,8.68
_01763_,8.68
_03716_,8.68
_05086_,8.68
_06617_,8.68
_15671_,8.68
_16288_,8.68
_17992_,8.68
_23219_,8.68
_23868_,8.68
_02078_,8.67
_01120_,8.66
_02336_,8.66
_03349_,8.66
_04031_,8.66
_05463_,8.66
_08279_,8.66
_10353_,8.66
_14059_,8.66
_15303_,8.66
_16150_,8.66
_16882_,8.66
_17035_,8.66
_17187_,8.66
_17251_,8.66
_18320_,8.66
_22549_,8.66
_22872_,8.66
_23860_,8.66
_25014_,8.655
_20361_,8.65
_01972_,8.64
_02698_,8.64
_12000_,8.64
_18299_,8.64
_21851_,8.64
_26520_,8.64
_26931_,8.64
_00137_,8.62
_00757_,8.62
_01854_,8.62
_02584_,8.62
_04130_,8.62
_06542_,8.62
_07122_,8.62
_07399_,8.62
_07461_,8.62
_07594_,8.62
_07846_,8.62
_12351_,8.62
_12715_,8.62
_13781_,8.62
_17962_,8.62
_20964_,8.62
_21017_,8.62
_21097_,8.62
_22807_,8.62
_22887_,8.62
_23364_,8.62
_24258_,8.62
_25944_,8.62
_25991_,8.62
_26005_,8.62
net945,8.62
net989,8.62
_00157_,8.6
_00255_,8.6
_00511_,8.6
_01207_,8.6
_01962_,8.6
_02010_,8.6
_02514_,8.6
_03343_,8.6
_04127_,8.6
_06369_,8.6
_06750_,8.6
_06809_,8.6
_08248_,8.6
_09341_,8.6
_09414_,8.6
_09499_,8.6
_09712_,8.6
_09980_,8.6
_11227_,8.6
_12248_,8.6
_12812_,8.6
_12893_,8.6
_13092_,8.6
_13807_,8.6
_15075_,8.6
_15704_,8.6
_18241_,8.6
_18564_,8.6
_19331_,8.6
_19500_,8.6
_19690_,8.6
_20362_,8.6
_21663_,8.6
_21802_,8.6
_22391_,8.6
_24617_,8.6
_25423_,8.6
_25816_,8.6
_26028_,8.6
_26214_,8.6
_26474_,8.6
u_core0.ROW\[10\].COL\[0\].u_pe.a_out\[2\],8.6
net1059,8.6
_23499_,8.595
_01508_,8.58
_01729_,8.58
_02747_,8.58
_03193_,8.58
_04009_,8.58
_04391_,8.58
_04612_,8.58
_04736_,8.58
_04994_,8.58
_05792_,8.58
_06100_,8.58
_06376_,8.58
_08160_,8.58
_09850_,8.58
_09864_,8.58
_10348_,8.58
_10421_,8.58
_10491_,8.58
_10583_,8.58
_10587_,8.58
_11000_,8.58
_11397_,8.58
_12656_,8.58
_13009_,8.58
_13318_,8.58
_13395_,8.58
_14914_,8.58
_15341_,8.58
_15447_,8.58
_16075_,8.58
_16661_,8.58
_16816_,8.58
_17937_,8.58
_18186_,8.58
_18950_,8.58
_19091_,8.58
_19116_,8.58
_20857_,8.58
_23025_,8.58
_23465_,8.58
_23989_,8.58
_24084_,8.58
_25680_,8.58
_26099_,8.58
_26368_,8.58
_26985_,8.58
_24444_,8.565
_00349_,8.56
_00383_,8.56
_00469_,8.56
_00505_,8.56
_00869_,8.56
_03148_,8.56
_03180_,8.56
_03463_,8.56
_03781_,8.56
_04491_,8.56
_07139_,8.56
_08525_,8.56
_09286_,8.56
_09977_,8.56
_11416_,8.56
_12496_,8.56
_12600_,8.56
_12683_,8.56
_13961_,8.56
_14329_,8.56
_14559_,8.56
_14576_,8.56
_15874_,8.56
_16149_,8.56
_17471_,8.56
_17577_,8.56
_17818_,8.56
_18132_,8.56
_18367_,8.56
_18893_,8.56
_19154_,8.56
_19689_,8.56
_19792_,8.56
_20319_,8.56
_21123_,8.56
_21728_,8.56
_22392_,8.56
_23194_,8.56
_23890_,8.56
_24380_,8.56
_26352_,8.56
_26370_,8.56
_26573_,8.56
_03000_,8.555
_02943_,8.54
_03717_,8.54
_03957_,8.54
_04370_,8.54
_06185_,8.54
_10657_,8.54
_12741_,8.54
_14286_,8.54
_16965_,8.54
_17290_,8.54
_19902_,8.54
_21311_,8.54
_22021_,8.54
_24214_,8.54
_26246_,8.54
_26332_,8.54
_19257_,8.53
_00611_,8.52
_00810_,8.52
_00812_,8.52
_02656_,8.52
_03214_,8.52
_03921_,8.52
_04117_,8.52
_04430_,8.52
_05427_,8.52
_06562_,8.52
_11709_,8.52
_12991_,8.52
_13831_,8.52
_15663_,8.52
_16987_,8.52
_18701_,8.52
_18711_,8.52
_18828_,8.52
_19308_,8.52
_20972_,8.52
_22320_,8.52
_22548_,8.52
_23848_,8.52
_26768_,8.52
_26920_,8.52
u_core0.ROW\[20\].COL\[0\].u_pe.sum_out\[2\],8.52
u_core0.ROW\[2\].COL\[1\].u_pe.sum_out\[4\],8.52
_12884_,8.51
_22099_,8.51
_01646_,8.5
_02167_,8.5
_05336_,8.5
_06266_,8.5
_06433_,8.5
_07929_,8.5
_08570_,8.5
_08604_,8.5
_08903_,8.5
_11503_,8.5
_12631_,8.5
_13440_,8.5
_14019_,8.5
_14124_,8.5
_14222_,8.5
_15200_,8.5
_15460_,8.5
_15559_,8.5
_16381_,8.5
_16735_,8.5
_17438_,8.5
_18752_,8.5
_24090_,8.5
_24980_,8.5
_26314_,8.5
_26535_,8.5
u_core0.ROW\[12\].COL\[1\].u_pe.sum_out\[8\],8.5
net829,8.5
net894,8.5
_03934_,8.49
_05096_,8.49
_01252_,8.48
_01655_,8.48
_02876_,8.48
_03227_,8.48
_03250_,8.48
_03450_,8.48
_04432_,8.48
_04761_,8.48
_05208_,8.48
_05808_,8.48
_05841_,8.48
_06312_,8.48
_06638_,8.48
_07600_,8.48
_07718_,8.48
_08229_,8.48
_08696_,8.48
_08730_,8.48
_08997_,8.48
_09529_,8.48
_09736_,8.48
_10089_,8.48
_10594_,8.48
_11330_,8.48
_11406_,8.48
_12042_,8.48
_12325_,8.48
_13296_,8.48
_13615_,8.48
_14369_,8.48
_15494_,8.48
_16263_,8.48
_16514_,8.48
_16543_,8.48
_18731_,8.48
_19063_,8.48
_19492_,8.48
_21688_,8.48
_23457_,8.48
_24290_,8.48
_25019_,8.48
_25404_,8.48
_26732_,8.48
u_core0.ROW\[25\].COL\[0\].u_pe.sum_out\[11\],8.48
net959,8.48
net1111,8.48
_01512_,8.46
_02800_,8.46
_04229_,8.46
_04317_,8.46
_04492_,8.46
_05010_,8.46
_05372_,8.46
_07945_,8.46
_08041_,8.46
_08274_,8.46
_10660_,8.46
_13038_,8.46
_14352_,8.46
_15700_,8.46
_16757_,8.46
_17559_,8.46
_19085_,8.46
_19114_,8.46
_20404_,8.46
_23880_,8.46
_24551_,8.46
_25864_,8.46
_26469_,8.46
_26821_,8.46
_00558_,8.44
_01298_,8.44
_03597_,8.44
_03652_,8.44
_04149_,8.44
_04178_,8.44
_04817_,8.44
_05768_,8.44
_05918_,8.44
_07037_,8.44
_07714_,8.44
_07724_,8.44
_08087_,8.44
_08143_,8.44
_08309_,8.44
_08351_,8.44
_10206_,8.44
_10768_,8.44
_10894_,8.44
_11222_,8.44
_11312_,8.44
_11469_,8.44
_11683_,8.44
_12027_,8.44
_12425_,8.44
_12760_,8.44
_13094_,8.44
_14002_,8.44
_14511_,8.44
_14814_,8.44
_15019_,8.44
_15674_,8.44
_16293_,8.44
_17590_,8.44
_18129_,8.44
_18288_,8.44
_18813_,8.44
_20410_,8.44
_20784_,8.44
_21405_,8.44
_21589_,8.44
_22707_,8.44
_22907_,8.44
_23442_,8.44
_23918_,8.44
_23949_,8.44
_24530_,8.44
_25866_,8.44
_26605_,8.44
_26957_,8.44
u_core0.ROW\[10\].COL\[0\].u_pe.sum_in\[2\],8.44
u_core0.ROW\[12\].COL\[0\].u_pe.sum_out\[12\],8.44
u_core0.ROW\[22\].COL\[0\].u_pe.sum_out\[6\],8.44
u_core0.ROW\[6\].COL\[0\].u_pe.sum_out\[2\],8.44
_01220_,8.42
_03168_,8.42
_05047_,8.42
_09039_,8.42
_13854_,8.42
_15616_,8.42
_17180_,8.42
_21797_,8.42
_23355_,8.42
_01775_,8.405
_00013_,8.4
_01208_,8.4
_02047_,8.4
_02075_,8.4
_02951_,8.4
_03362_,8.4
_06348_,8.4
_10968_,8.4
_11045_,8.4
_14343_,8.4
_15556_,8.4
_16945_,8.4
_18488_,8.4
_21228_,8.4
_24427_,8.4
_24614_,8.4
_25063_,8.4
u_core0.ROW\[10\].COL\[0\].u_pe.sum_out\[0\],8.4
u_core0.ROW\[10\].COL\[1\].u_pe.sum_in\[0\],8.4
net1056,8.4
_16811_,8.39
_03632_,8.38
_04473_,8.38
_08635_,8.38
_12887_,8.38
_15977_,8.38
_16178_,8.38
_17376_,8.38
_19253_,8.38
_21087_,8.38
_22131_,8.38
_05954_,8.37
_01764_,8.36
_01776_,8.36
_02767_,8.36
_04128_,8.36
_04306_,8.36
_06035_,8.36
_06886_,8.36
_07518_,8.36
_07892_,8.36
_07995_,8.36
_09166_,8.36
_09948_,8.36
_10310_,8.36
_10664_,8.36
_11630_,8.36
_13551_,8.36
_13590_,8.36
_13836_,8.36
_15166_,8.36
_15251_,8.36
_15980_,8.36
_16979_,8.36
_17083_,8.36
_17420_,8.36
_17567_,8.36
_18137_,8.36
_18606_,8.36
_19205_,8.36
_19571_,8.36
_20963_,8.36
_22748_,8.36
_23995_,8.36
_24786_,8.36
_25043_,8.36
_25843_,8.36
_26110_,8.36
_02209_,8.34
_02411_,8.34
_02426_,8.34
_03022_,8.34
_03737_,8.34
_04912_,8.34
_05273_,8.34
_05460_,8.34
_10027_,8.34
_11935_,8.34
_13248_,8.34
_14944_,8.34
_16429_,8.34
_17108_,8.34
_23673_,8.34
_26648_,8.34
_10528_,8.335
_21397_,8.33
_01097_,8.32
_01109_,8.32
_04126_,8.32
_04662_,8.32
_07145_,8.32
_07201_,8.32
_10969_,8.32
_12306_,8.32
_12903_,8.32
_13105_,8.32
_14268_,8.32
_16544_,8.32
_16740_,8.32
_17836_,8.32
_18524_,8.32
_19549_,8.32
_20163_,8.32
_20665_,8.32
_21578_,8.32
_22093_,8.32
_22132_,8.32
_22336_,8.32
_22952_,8.32
_23338_,8.32
_23402_,8.32
_24013_,8.32
_26111_,8.32
_26339_,8.32
_26342_,8.32
_26806_,8.32
net958,8.32
_11959_,8.31
_02287_,8.3
_08103_,8.3
_10077_,8.3
_10826_,8.3
_14253_,8.3
_15169_,8.3
_15782_,8.3
_18297_,8.3
_21823_,8.3
_22865_,8.29
_00350_,8.28
_01171_,8.28
_08875_,8.28
_10235_,8.28
_10317_,8.28
_12039_,8.28
_12225_,8.28
_14210_,8.28
_14442_,8.28
_14903_,8.28
_15735_,8.28
_15859_,8.28
_16564_,8.28
_18292_,8.28
_20302_,8.28
_21703_,8.28
_23677_,8.28
_02634_,8.275
_16660_,8.275
_15935_,8.27
_01586_,8.26
_02202_,8.26
_12529_,8.26
_16764_,8.26
_17238_,8.26
_21312_,8.26
_24573_,8.26
_25138_,8.26
_26080_,8.26
_26939_,8.26
_19477_,8.25
_23544_,8.25
_01728_,8.24
_02402_,8.24
_02756_,8.24
_03542_,8.24
_03765_,8.24
_06132_,8.24
_06974_,8.24
_07783_,8.24
_07900_,8.24
_08894_,8.24
_09132_,8.24
_09248_,8.24
_10497_,8.24
_10593_,8.24
_11038_,8.24
_11214_,8.24
_11615_,8.24
_11882_,8.24
_12154_,8.24
_12490_,8.24
_14298_,8.24
_14749_,8.24
_15009_,8.24
_16209_,8.24
_16269_,8.24
_16746_,8.24
_17803_,8.24
_18734_,8.24
_19592_,8.24
_20640_,8.24
_22899_,8.24
_23063_,8.24
_23789_,8.24
_24457_,8.24
_24705_,8.24
_08940_,8.235
_00381_,8.22
_01773_,8.22
_02455_,8.22
_03598_,8.22
_04253_,8.22
_09599_,8.22
_09633_,8.22
_09768_,8.22
_11322_,8.22
_11488_,8.22
_13436_,8.22
_14174_,8.22
_15223_,8.22
_17169_,8.22
_18778_,8.22
_20824_,8.22
_22266_,8.22
_23646_,8.22
_24365_,8.22
_08491_,8.205
_01774_,8.2
_02596_,8.2
_02967_,8.2
_03484_,8.2
_05149_,8.2
_05797_,8.2
_05922_,8.2
_07005_,8.2
_13418_,8.2
_13922_,8.2
_14230_,8.2
_14483_,8.2
_15246_,8.2
_15724_,8.2
_17148_,8.2
_17242_,8.2
_17386_,8.2
_17955_,8.2
_17979_,8.2
_18517_,8.2
_18575_,8.2
_19163_,8.2
_19211_,8.2
_20649_,8.2
_20884_,8.2
_23515_,8.2
_23763_,8.2
u_core0.ROW\[22\].COL\[0\].u_pe.sum_out\[3\],8.2
_15378_,8.195
_00123_,8.18
_26011_,8.18
u_core0.ROW\[18\].COL\[0\].u_pe.sum_out\[0\],8.18
_08842_,8.17
_09727_,8.17
_00095_,8.16
_01959_,8.16
_02422_,8.16
_02493_,8.16
_04567_,8.16
_07165_,8.16
_08629_,8.16
_08959_,8.16
_08983_,8.16
_11211_,8.16
_12183_,8.16
_13037_,8.16
_13505_,8.16
_14250_,8.16
_14692_,8.16
_15132_,8.16
_15488_,8.16
_16886_,8.16
_00017_,8.14
_00729_,8.14
_01243_,8.14
_01833_,8.14
_02020_,8.14
_03420_,8.14
_04493_,8.14
_04617_,8.14
_04645_,8.14
_05621_,8.14
_07176_,8.14
_08209_,8.14
_08427_,8.14
_08731_,8.14
_09666_,8.14
_10093_,8.14
_12768_,8.14
_14217_,8.14
_15185_,8.14
_16277_,8.14
_17221_,8.14
_17531_,8.14
_18237_,8.14
_19340_,8.14
_19362_,8.14
_21176_,8.14
_21359_,8.14
_22152_,8.14
_25277_,8.14
_25600_,8.14
_25601_,8.14
_25641_,8.14
u_core0.ROW\[10\].COL\[0\].u_pe.sum_out\[19\],8.14
net4,8.14
net756,8.14
net1061,8.14
_25577_,8.135
_05900_,8.13
_24730_,8.125
_01741_,8.12
_02228_,8.12
_03444_,8.12
_04600_,8.12
_05568_,8.12
_07227_,8.12
_07810_,8.12
_07854_,8.12
_07915_,8.12
_08556_,8.12
_09219_,8.12
_09848_,8.12
_10940_,8.12
_11527_,8.12
_12442_,8.12
_12550_,8.12
_13521_,8.12
_13845_,8.12
_14292_,8.12
_15340_,8.12
_15622_,8.12
_15694_,8.12
_16109_,8.12
_18054_,8.12
_18682_,8.12
_19637_,8.12
_19737_,8.12
_20032_,8.12
_20606_,8.12
_21628_,8.12
_21716_,8.12
_24032_,8.12
_25003_,8.12
_25568_,8.12
_25734_,8.12
_26119_,8.12
_26230_,8.12
net1010,8.12
net1064,8.12
_19277_,8.115
_10554_,8.11
_22711_,8.11
_24691_,8.11
_02166_,8.1
_02541_,8.1
_02602_,8.1
_02797_,8.1
_03188_,8.1
_03298_,8.1
_03917_,8.1
_04145_,8.1
_04585_,8.1
_05108_,8.1
_05355_,8.1
_05798_,8.1
_06355_,8.1
_06384_,8.1
_07091_,8.1
_07235_,8.1
_07444_,8.1
_08977_,8.1
_09273_,8.1
_09852_,8.1
_10155_,8.1
_10405_,8.1
_10922_,8.1
_11215_,8.1
_11713_,8.1
_12307_,8.1
_12875_,8.1
_13274_,8.1
_13498_,8.1
_14266_,8.1
_15838_,8.1
_16165_,8.1
_16220_,8.1
_16744_,8.1
_16830_,8.1
_17004_,8.1
_17157_,8.1
_17480_,8.1
_18493_,8.1
_18600_,8.1
_18741_,8.1
_20393_,8.1
_20719_,8.1
_25762_,8.1
_26435_,8.1
_26644_,8.1
_26765_,8.1
_26787_,8.1
_26792_,8.1
u_core0.ROW\[12\].COL\[0\].u_pe.sum_out\[17\],8.1
u_core0.ROW\[20\].COL\[1\].u_pe.sum_out\[4\],8.1
net910,8.1
_02818_,8.09
_01791_,8.08
_03454_,8.08
_07132_,8.08
_15836_,8.08
_17702_,8.08
_17866_,8.08
_18413_,8.08
_18525_,8.08
_19706_,8.08
_21356_,8.08
_21849_,8.08
_24036_,8.08
_24390_,8.08
u_core0.ROW\[16\].COL\[1\].u_pe.sum_out\[11\],8.08
net1062,8.08
_04331_,8.07
_17267_,8.07
_18854_,8.07
_00382_,8.06
_00536_,8.06
_02699_,8.06
_03003_,8.06
_06856_,8.06
_07148_,8.06
_07189_,8.06
_08236_,8.06
_09007_,8.06
_12036_,8.06
_12882_,8.06
_13548_,8.06
_14299_,8.06
_15193_,8.06
_16082_,8.06
_23082_,8.06
_25470_,8.06
_25512_,8.06
_26686_,8.06
u_core0.ROW\[22\].COL\[0\].u_pe.sum_out\[0\],8.06
_02782_,8.055
_10398_,8.05
_02139_,8.04
_05576_,8.04
_06456_,8.04
_06796_,8.04
_07803_,8.04
_08494_,8.04
_11628_,8.04
_15558_,8.04
_18364_,8.04
_20490_,8.04
_23262_,8.04
net670,8.04
_01156_,8.02
_01157_,8.02
_01715_,8.02
_01887_,8.02
_01905_,8.02
_01994_,8.02
_02179_,8.02
_02320_,8.02
_02995_,8.02
_03106_,8.02
_03504_,8.02
_03669_,8.02
_04096_,8.02
_04360_,8.02
_05318_,8.02
_05453_,8.02
_05732_,8.02
_06302_,8.02
_08298_,8.02
_08578_,8.02
_09973_,8.02
_09976_,8.02
_10715_,8.02
_11162_,8.02
_12238_,8.02
_12316_,8.02
_14221_,8.02
_14650_,8.02
_15931_,8.02
_15973_,8.02
_16173_,8.02
_16745_,8.02
_16808_,8.02
_16895_,8.02
_18976_,8.02
_19686_,8.02
_19854_,8.02
_20190_,8.02
_21069_,8.02
_21215_,8.02
_21484_,8.02
_23505_,8.02
_24017_,8.02
_24767_,8.02
_24789_,8.02
_25386_,8.02
u_core0.ROW\[0\].COL\[0\].u_pe.a_out\[5\],8.02
u_core0.ROW\[12\].COL\[1\].u_pe.sum_out\[4\],8.02
u_core0.ROW\[17\].COL\[0\].u_pe.sum_out\[11\],8.02
u_core0.ROW\[25\].COL\[0\].u_pe.sum_out\[15\],8.02
net12,8.02
net710,8.02
net883,8.02
_01681_,8
_02364_,8
_02692_,8
_03348_,8
_04266_,8
_04925_,8
_05677_,8
_06389_,8
_07190_,8
_07463_,8
_07664_,8
_08999_,8
_09054_,8
_09856_,8
_10097_,8
_10290_,8
_10537_,8
_10905_,8
_13063_,8
_13822_,8
_14209_,8
_15381_,8
_16928_,8
_17363_,8
_19058_,8
_19337_,8
_23201_,8
_23472_,8
_25778_,8
_25845_,8
_26302_,8
net1022,8
_01049_,7.98
_01529_,7.98
_01606_,7.98
_02594_,7.98
_03187_,7.98
_03329_,7.98
_03517_,7.98
_04265_,7.98
_05198_,7.98
_05470_,7.98
_05603_,7.98
_06590_,7.98
_06674_,7.98
_06747_,7.98
_07162_,7.98
_07786_,7.98
_07981_,7.98
_08242_,7.98
_08341_,7.98
_09606_,7.98
_10041_,7.98
_10237_,7.98
_10340_,7.98
_10418_,7.98
_11251_,7.98
_11681_,7.98
_11785_,7.98
_12162_,7.98
_12196_,7.98
_12747_,7.98
_14194_,7.98
_17461_,7.98
_17489_,7.98
_17635_,7.98
_17790_,7.98
_17958_,7.98
_18211_,7.98
_18465_,7.98
_18520_,7.98
_19069_,7.98
_19269_,7.98
_19816_,7.98
_20124_,7.98
_20397_,7.98
_20524_,7.98
_20797_,7.98
_20865_,7.98
_21577_,7.98
_22868_,7.98
_23085_,7.98
_23441_,7.98
_24447_,7.98
_24922_,7.98
_25514_,7.98
_25646_,7.98
_26017_,7.98
_26659_,7.98
_26876_,7.98
_27017_,7.98
u_core0.ROW\[16\].COL\[1\].u_pe.sum_out\[6\],7.98
u_core0.ROW\[19\].COL\[0\].u_pe.sum_out\[19\],7.98
u_core0.ROW\[30\].COL\[0\].u_pe.sum_out\[3\],7.98
_15841_,7.97
_01281_,7.96
_02363_,7.96
_03482_,7.96
_06988_,7.96
_15631_,7.96
_19107_,7.96
_22555_,7.96
_25509_,7.96
_25679_,7.96
u_core0.ROW\[16\].COL\[0\].u_pe.sum_out\[9\],7.96
_05735_,7.955
_19140_,7.95
_01530_,7.94
_03985_,7.94
_03987_,7.94
_04395_,7.94
_04448_,7.94
_04904_,7.94
_05009_,7.94
_07131_,7.94
_07230_,7.94
_08305_,7.94
_11173_,7.94
_13351_,7.94
_13722_,7.94
_16230_,7.94
_20573_,7.94
_20652_,7.94
_23044_,7.94
_23819_,7.94
_26887_,7.94
_24998_,7.93
_24993_,7.925
_01130_,7.92
_03869_,7.92
_04335_,7.92
_05693_,7.92
_05745_,7.92
_13793_,7.92
_14198_,7.92
_16223_,7.92
_18052_,7.92
_21649_,7.92
_21944_,7.92
_24726_,7.92
_26296_,7.92
_26949_,7.92
_01788_,7.91
_01290_,7.9
_02438_,7.9
_02609_,7.9
_03146_,7.9
_03335_,7.9
_03655_,7.9
_03778_,7.9
_04210_,7.9
_04371_,7.9
_05246_,7.9
_06028_,7.9
_06397_,7.9
_06601_,7.9
_07004_,7.9
_07263_,7.9
_07476_,7.9
_09199_,7.9
_09359_,7.9
_09420_,7.9
_09720_,7.9
_10016_,7.9
_10846_,7.9
_10950_,7.9
_11340_,7.9
_11414_,7.9
_11787_,7.9
_13246_,7.9
_14317_,7.9
_14448_,7.9
_15344_,7.9
_16131_,7.9
_16367_,7.9
_16412_,7.9
_17161_,7.9
_17707_,7.9
_20337_,7.9
_21913_,7.9
_22799_,7.9
_24109_,7.9
_24405_,7.9
_25610_,7.9
_26665_,7.9
_26837_,7.9
u_core0.ROW\[25\].COL\[1\].u_pe.sum_out\[5\],7.9
u_core0.ROW\[30\].COL\[0\].u_pe.sum_out\[4\],7.9
u_core0.ROW\[4\].COL\[1\].u_pe.b_out\[4\],7.9
_16701_,7.89
_06808_,7.88
_12786_,7.88
_12985_,7.88
_13284_,7.88
_14365_,7.88
_14729_,7.88
_14926_,7.88
_18917_,7.88
_22671_,7.88
_20251_,7.875
_09118_,7.87
_00211_,7.86
_00664_,7.86
_01750_,7.86
_01864_,7.86
_03426_,7.86
_04133_,7.86
_06102_,7.86
_06699_,7.86
_07477_,7.86
_08343_,7.86
_10388_,7.86
_12460_,7.86
_12897_,7.86
_13261_,7.86
_13935_,7.86
_14489_,7.86
_16108_,7.86
_17193_,7.86
_17735_,7.86
_18125_,7.86
_18440_,7.86
_19718_,7.86
_19893_,7.86
_21413_,7.86
_22784_,7.86
_22788_,7.86
_23029_,7.86
_23140_,7.86
_23407_,7.86
_24586_,7.86
_26174_,7.86
_26722_,7.86
net1042,7.86
_20950_,7.855
_24060_,7.855
_13345_,7.85
_01011_,7.84
_07471_,7.84
_11020_,7.84
_24496_,7.84
_00125_,7.82
_00287_,7.82
_02349_,7.82
_02778_,7.82
_08701_,7.82
_11175_,7.82
_12359_,7.82
_14634_,7.82
_15059_,7.82
_18756_,7.82
_22785_,7.82
_23300_,7.82
_19787_,7.81
_00260_,7.8
_00990_,7.8
_01543_,7.8
_05337_,7.8
_07455_,7.8
_08628_,7.8
_14541_,7.8
_15950_,7.8
_16646_,7.8
_17105_,7.8
_18609_,7.8
_19084_,7.8
_22647_,7.8
_25666_,7.8
u_core0.ROW\[17\].COL\[1\].u_pe.sum_out\[2\],7.8
u_core0.ROW\[3\].COL\[0\].u_pe.sum_out\[15\],7.8
net822,7.8
_02561_,7.795
net742,7.79
_26345_,7.785
_01247_,7.78
_01262_,7.78
_02220_,7.78
_03313_,7.78
_03600_,7.78
_04871_,7.78
_05322_,7.78
_05689_,7.78
_06910_,7.78
_08241_,7.78
_08493_,7.78
_08751_,7.78
_08928_,7.78
_09788_,7.78
_09946_,7.78
_11229_,7.78
_11475_,7.78
_11995_,7.78
_12185_,7.78
_12317_,7.78
_12357_,7.78
_12520_,7.78
_12633_,7.78
_13417_,7.78
_13705_,7.78
_14713_,7.78
_15640_,7.78
_16102_,7.78
_16301_,7.78
_16849_,7.78
_17047_,7.78
_17364_,7.78
_17499_,7.78
_17869_,7.78
_17940_,7.78
_18571_,7.78
_18623_,7.78
_19186_,7.78
_20108_,7.78
_21621_,7.78
_23727_,7.78
_24003_,7.78
_24891_,7.78
_25552_,7.78
_25639_,7.78
_26259_,7.78
_26486_,7.78
_27023_,7.78
u_core0.ROW\[24\].COL\[0\].u_pe.sum_out\[3\],7.78
u_core0.ROW\[4\].COL\[0\].u_pe.sum_out\[10\],7.78
_20368_,7.77
_24568_,7.77
_00020_,7.76
_00852_,7.76
_00943_,7.76
_01388_,7.76
_02832_,7.76
_05285_,7.76
_05840_,7.76
_08070_,7.76
_09281_,7.76
_11049_,7.76
_11374_,7.76
_11806_,7.76
_12249_,7.76
_16758_,7.76
_18740_,7.76
_19044_,7.76
_22149_,7.76
_23826_,7.76
_23925_,7.76
_24211_,7.76
_08364_,7.755
_17830_,7.755
_03034_,7.75
_23176_,7.75
_03223_,7.74
_04035_,7.74
_07129_,7.74
_07407_,7.74
_07415_,7.74
_09233_,7.74
_09617_,7.74
_09903_,7.74
_10334_,7.74
_10743_,7.74
_11699_,7.74
_12147_,7.74
_13449_,7.74
_14113_,7.74
_14205_,7.74
_15050_,7.74
_15861_,7.74
_16455_,7.74
_16503_,7.74
_17384_,7.74
_19603_,7.74
_21172_,7.74
_21622_,7.74
_22193_,7.74
_23288_,7.74
_26495_,7.74
_01316_,7.72
_04277_,7.72
_19542_,7.72
_00574_,7.7
_01564_,7.7
_03865_,7.7
_03896_,7.7
_07072_,7.7
_07250_,7.7
_12092_,7.7
_18634_,7.7
_19157_,7.7
_19845_,7.7
_20823_,7.7
_22648_,7.7
_23635_,7.7
_23782_,7.7
_24145_,7.7
_25288_,7.7
_26354_,7.7
_25183_,7.695
_00048_,7.68
_00903_,7.68
_01088_,7.68
_01351_,7.68
_01481_,7.68
_01725_,7.68
_02857_,7.68
_02986_,7.68
_03002_,7.68
_03179_,7.68
_03275_,7.68
_04650_,7.68
_05175_,7.68
_05209_,7.68
_05578_,7.68
_06468_,7.68
_07635_,7.68
_08553_,7.68
_08576_,7.68
_10251_,7.68
_10964_,7.68
_11728_,7.68
_11930_,7.68
_12182_,7.68
_12909_,7.68
_12970_,7.68
_13628_,7.68
_13740_,7.68
_14117_,7.68
_18814_,7.68
_19307_,7.68
_21386_,7.68
_21948_,7.68
_22997_,7.68
_23088_,7.68
_23215_,7.68
_23486_,7.68
_23815_,7.68
_25628_,7.68
_25999_,7.68
_26266_,7.68
_26483_,7.68
net5,7.68
net900,7.68
net1106,7.68
_02332_,7.675
_06329_,7.665
_01716_,7.66
_01730_,7.66
_06283_,7.66
_08707_,7.66
_08775_,7.66
_10346_,7.66
_10505_,7.66
_10708_,7.66
_10882_,7.66
_11631_,7.66
_12474_,7.66
_13379_,7.66
_15563_,7.66
_16395_,7.66
_16684_,7.66
_17232_,7.66
_18042_,7.66
_18255_,7.66
_18633_,7.66
_19786_,7.66
_21201_,7.66
_21639_,7.66
_22227_,7.66
_22825_,7.66
_23134_,7.66
_23342_,7.66
_23817_,7.66
_25020_,7.66
_25569_,7.66
u_core0.ROW\[2\].COL\[0\].u_pe.sum_out\[17\],7.66
net1122,7.66
_13388_,7.655
_01952_,7.65
_04965_,7.65
_18688_,7.65
_01062_,7.64
_01103_,7.64
_01551_,7.64
_01559_,7.64
_01790_,7.64
_01895_,7.64
_02296_,7.64
_04667_,7.64
_04957_,7.64
_05007_,7.64
_05324_,7.64
_06089_,7.64
_06116_,7.64
_06753_,7.64
_07054_,7.64
_07565_,7.64
_07598_,7.64
_08370_,7.64
_08902_,7.64
_09107_,7.64
_10076_,7.64
_10435_,7.64
_11141_,7.64
_11373_,7.64
_12494_,7.64
_12548_,7.64
_12581_,7.64
_12647_,7.64
_13607_,7.64
_13828_,7.64
_14037_,7.64
_14232_,7.64
_14623_,7.64
_14732_,7.64
_14979_,7.64
_16343_,7.64
_16369_,7.64
_17990_,7.64
_18197_,7.64
_18277_,7.64
_19402_,7.64
_19752_,7.64
_21313_,7.64
_21598_,7.64
_22151_,7.64
_22293_,7.64
_22924_,7.64
_23097_,7.64
_23386_,7.64
_23597_,7.64
_23619_,7.64
_23858_,7.64
_24431_,7.64
_24679_,7.64
_25218_,7.64
_25300_,7.64
_26026_,7.64
_26200_,7.64
_26454_,7.64
u_core0.ROW\[22\].COL\[0\].u_pe.sum_out\[12\],7.64
u_core0.ROW\[22\].COL\[0\].u_pe.sum_out\[4\],7.64
net741,7.64
net991,7.64
_22926_,7.635
_23514_,7.635
_19651_,7.63
_01209_,7.62
_01403_,7.62
_01411_,7.62
_02077_,7.62
_04076_,7.62
_04593_,7.62
_07193_,7.62
_07292_,7.62
_08207_,7.62
_10256_,7.62
_11425_,7.62
_14705_,7.62
_15449_,7.62
_15568_,7.62
_15940_,7.62
_18061_,7.62
_25769_,7.62
_26863_,7.62
_18015_,7.61
_18746_,7.61
_00212_,7.6
_00352_,7.6
_00384_,7.6
_00484_,7.6
_03176_,7.6
_04952_,7.6
_05924_,7.6
_08192_,7.6
_08758_,7.6
_10054_,7.6
_12218_,7.6
_12503_,7.6
_13625_,7.6
_17725_,7.6
_18375_,7.6
_19112_,7.6
_19963_,7.6
_20232_,7.6
_22376_,7.6
_22885_,7.6
_22935_,7.6
_24127_,7.6
_24247_,7.6
_26000_,7.6
_26791_,7.6
net855,7.6
_01964_,7.58
_02461_,7.58
_04050_,7.58
_04124_,7.58
_07824_,7.58
_09355_,7.58
_11470_,7.58
_11989_,7.58
_13877_,7.58
_16812_,7.58
_17114_,7.58
_17233_,7.58
_17662_,7.58
_18774_,7.58
_19620_,7.58
_19681_,7.58
_20243_,7.58
_22230_,7.58
_22680_,7.58
_22727_,7.58
_22915_,7.58
_23508_,7.58
_24594_,7.58
_25024_,7.58
_26630_,7.58
net1123,7.58
_12192_,7.57
_20098_,7.565
_00736_,7.56
_01199_,7.56
_01449_,7.56
_01451_,7.56
_02424_,7.56
_04140_,7.56
_04174_,7.56
_04336_,7.56
_04361_,7.56
_04372_,7.56
_04373_,7.56
_05664_,7.56
_06117_,7.56
_06451_,7.56
_06595_,7.56
_07626_,7.56
_07788_,7.56
_08673_,7.56
_08714_,7.56
_09295_,7.56
_10273_,7.56
_10475_,7.56
_11064_,7.56
_11192_,7.56
_11501_,7.56
_11722_,7.56
_11780_,7.56
_12125_,7.56
_12611_,7.56
_12648_,7.56
_12657_,7.56
_12746_,7.56
_13441_,7.56
_14074_,7.56
_14280_,7.56
_14499_,7.56
_14607_,7.56
_14730_,7.56
_16292_,7.56
_16609_,7.56
_16840_,7.56
_17067_,7.56
_17298_,7.56
_17343_,7.56
_17477_,7.56
_17646_,7.56
_17816_,7.56
_18136_,7.56
_18770_,7.56
_18806_,7.56
_18831_,7.56
_18862_,7.56
_19940_,7.56
_20231_,7.56
_20992_,7.56
_21309_,7.56
_22027_,7.56
_22172_,7.56
_22295_,7.56
_22539_,7.56
_23306_,7.56
_23598_,7.56
_24179_,7.56
_24301_,7.56
_24370_,7.56
_24718_,7.56
_24760_,7.56
_25318_,7.56
_26836_,7.56
u_core0.ROW\[13\].COL\[1\].u_pe.sum_out\[9\],7.56
_16851_,7.555
_03132_,7.54
_03222_,7.54
_04327_,7.54
_05033_,7.54
_05087_,7.54
_05094_,7.54
_06203_,7.54
_06639_,7.54
_09498_,7.54
_09639_,7.54
_11443_,7.54
_13365_,7.54
_14027_,7.54
_14042_,7.54
_16668_,7.54
_19652_,7.54
_20457_,7.54
_21421_,7.54
_22700_,7.54
_25977_,7.54
_26045_,7.54
_26061_,7.54
net957,7.54
_01310_,7.52
_01350_,7.52
_01491_,7.52
_01632_,7.52
_03907_,7.52
_05194_,7.52
_05258_,7.52
_05269_,7.52
_06301_,7.52
_06462_,7.52
_06507_,7.52
_06984_,7.52
_07045_,7.52
_08106_,7.52
_08306_,7.52
_09416_,7.52
_09893_,7.52
_09900_,7.52
_10265_,7.52
_10362_,7.52
_10483_,7.52
_10542_,7.52
_10795_,7.52
_10798_,7.52
_11289_,7.52
_11554_,7.52
_12699_,7.52
_12978_,7.52
_13027_,7.52
_13249_,7.52
_13544_,7.52
_13918_,7.52
_14382_,7.52
_14585_,7.52
_14772_,7.52
_14999_,7.52
_15278_,7.52
_15998_,7.52
_16198_,7.52
_17178_,7.52
_17479_,7.52
_17841_,7.52
_18017_,7.52
_18421_,7.52
_19149_,7.52
_19601_,7.52
_19876_,7.52
_20010_,7.52
_20033_,7.52
_20039_,7.52
_20141_,7.52
_20512_,7.52
_20966_,7.52
_20971_,7.52
_21687_,7.52
_22456_,7.52
_22910_,7.52
_22931_,7.52
_22949_,7.52
_23198_,7.52
_23883_,7.52
_23931_,7.52
_23954_,7.52
_24511_,7.52
_24708_,7.52
_24779_,7.52
_24924_,7.52
_25571_,7.52
_25759_,7.52
_26189_,7.52
_26676_,7.52
_26788_,7.52
_12221_,7.51
_04877_,7.5
_05642_,7.5
_19814_,7.5
_24470_,7.5
_25573_,7.5
_18700_,7.495
_11150_,7.49
_00472_,7.48
_05940_,7.48
_05960_,7.48
_07839_,7.48
_12372_,7.48
_13633_,7.48
_16460_,7.48
_20604_,7.48
_20788_,7.48
_22870_,7.48
_23110_,7.48
_23497_,7.48
_24434_,7.48
_25171_,7.48
_25178_,7.48
u_core0.ROW\[24\].COL\[0\].u_pe.sum_out\[13\],7.48
_13220_,7.47
_25097_,7.47
_01799_,7.46
_03709_,7.46
_03945_,7.46
_04114_,7.46
_05348_,7.46
_05967_,7.46
_08512_,7.46
_10469_,7.46
_10478_,7.46
_10552_,7.46
_11988_,7.46
_12145_,7.46
_13426_,7.46
_14644_,7.46
_15349_,7.46
_15832_,7.46
_17734_,7.46
_18885_,7.46
_25570_,7.46
_26357_,7.46
_04444_,7.45
_10841_,7.45
_00517_,7.44
_01389_,7.44
_02670_,7.44
_02807_,7.44
_03558_,7.44
_03704_,7.44
_04200_,7.44
_05492_,7.44
_06848_,7.44
_07420_,7.44
_07761_,7.44
_07853_,7.44
_07863_,7.44
_09580_,7.44
_10709_,7.44
_11697_,7.44
_11747_,7.44
_12022_,7.44
_12820_,7.44
_13605_,7.44
_13799_,7.44
_13975_,7.44
_14010_,7.44
_14055_,7.44
_15464_,7.44
_16210_,7.44
_16422_,7.44
_16436_,7.44
_16552_,7.44
_17950_,7.44
_17984_,7.44
_18156_,7.44
_18161_,7.44
_19943_,7.44
_21094_,7.44
_21274_,7.44
_23290_,7.44
_23474_,7.44
_25002_,7.44
u_core0.ROW\[0\].COL\[0\].u_pe.sum_out\[15\],7.44
u_core0.ROW\[3\].COL\[0\].u_pe.sum_out\[10\],7.44
_01633_,7.435
_18410_,7.43
_00265_,7.42
_02741_,7.42
_03841_,7.42
_03885_,7.42
_04250_,7.42
_05917_,7.42
_06083_,7.42
_07108_,7.42
_07530_,7.42
_08719_,7.42
_12190_,7.42
_12521_,7.42
_17385_,7.42
_17911_,7.42
_18754_,7.42
_19841_,7.42
_20029_,7.42
_20309_,7.42
_20988_,7.42
_22232_,7.42
_22802_,7.42
_23518_,7.42
_24245_,7.42
_26088_,7.42
_26583_,7.42
_23700_,7.415
_00010_,7.4
_00988_,7.4
_01676_,7.4
_03217_,7.4
_03359_,7.4
_03368_,7.4
_05019_,7.4
_05485_,7.4
_05816_,7.4
_05897_,7.4
_06830_,7.4
_08264_,7.4
_08561_,7.4
_08944_,7.4
_09837_,7.4
_11550_,7.4
_20069_,7.4
_20862_,7.4
_21795_,7.4
_22063_,7.4
_22904_,7.4
_23650_,7.4
_24068_,7.4
_24185_,7.4
_24187_,7.4
_24658_,7.4
_26771_,7.4
_26842_,7.4
u_core0.ROW\[7\].COL\[0\].u_pe.b_out\[5\],7.4
net875,7.4
_07804_,7.39
_17168_,7.39
_01229_,7.36
_13756_,7.36
_21693_,7.355
_06491_,7.35
_18414_,7.35
_00028_,7.34
_07364_,7.34
_10681_,7.34
_12597_,7.34
_12661_,7.34
_13195_,7.34
_13921_,7.34
_13976_,7.34
_14833_,7.34
_15350_,7.34
_18242_,7.34
_18706_,7.34
_19223_,7.34
_19892_,7.34
_20760_,7.34
_20994_,7.34
_23016_,7.34
_26123_,7.34
_00761_,7.325
_02486_,7.32
_02550_,7.32
_02892_,7.32
_02961_,7.32
_03026_,7.32
_03346_,7.32
_03783_,7.32
_06263_,7.32
_06495_,7.32
_06693_,7.32
_08334_,7.32
_08573_,7.32
_08862_,7.32
_09315_,7.32
_12522_,7.32
_12946_,7.32
_13340_,7.32
_13381_,7.32
_14028_,7.32
_14743_,7.32
_14957_,7.32
_15747_,7.32
_16124_,7.32
_17520_,7.32
_17738_,7.32
_18155_,7.32
_18346_,7.32
_18477_,7.32
_18796_,7.32
_19147_,7.32
_19415_,7.32
_19439_,7.32
_20271_,7.32
_21226_,7.32
_21586_,7.32
_21679_,7.32
_21710_,7.32
_21900_,7.32
_22255_,7.32
_24682_,7.32
_25082_,7.32
_25268_,7.32
_25772_,7.32
_04211_,7.315
_19732_,7.31
_00418_,7.3
_00592_,7.3
_00815_,7.3
_01873_,7.3
_01915_,7.3
_04061_,7.3
_07760_,7.3
_10727_,7.3
_15491_,7.3
_17910_,7.3
_21982_,7.3
_23092_,7.3
_26516_,7.295
_01601_,7.28
_02021_,7.28
_02533_,7.28
_03936_,7.28
_03948_,7.28
_04958_,7.28
_05439_,7.28
_08654_,7.28
_09645_,7.28
_09732_,7.28
_10359_,7.28
_10360_,7.28
_10763_,7.28
_11439_,7.28
_12857_,7.28
_14259_,7.28
_16545_,7.28
_17066_,7.28
_17388_,7.28
_17394_,7.28
_22342_,7.28
_23676_,7.28
_24971_,7.28
net1049,7.28
_22068_,7.275
_00126_,7.26
_17254_,7.25
_01413_,7.24
_01757_,7.24
_04845_,7.24
_05484_,7.24
_09660_,7.24
_10057_,7.24
_13640_,7.24
_15544_,7.24
_16562_,7.24
_17011_,7.24
_18357_,7.24
_19496_,7.24
_20701_,7.24
_22462_,7.24
_23721_,7.24
_24835_,7.24
_25797_,7.24
_26176_,7.24
net11,7.24
_22525_,7.23
_09141_,7.225
_01065_,7.22
_01475_,7.22
_01910_,7.22
_02079_,7.22
_02579_,7.22
_03101_,7.22
_03237_,7.22
_03635_,7.22
_03959_,7.22
_04635_,7.22
_04981_,7.22
_04985_,7.22
_05121_,7.22
_05157_,7.22
_05325_,7.22
_06024_,7.22
_06540_,7.22
_06876_,7.22
_07265_,7.22
_07840_,7.22
_08054_,7.22
_08186_,7.22
_08912_,7.22
_09156_,7.22
_09389_,7.22
_09443_,7.22
_10088_,7.22
_10567_,7.22
_11098_,7.22
_11480_,7.22
_11497_,7.22
_11808_,7.22
_11861_,7.22
_12338_,7.22
_12639_,7.22
_12807_,7.22
_12841_,7.22
_13526_,7.22
_14039_,7.22
_14619_,7.22
_14815_,7.22
_14881_,7.22
_15294_,7.22
_15531_,7.22
_15615_,7.22
_15764_,7.22
_15848_,7.22
_16647_,7.22
_17483_,7.22
_17667_,7.22
_17753_,7.22
_17873_,7.22
_18014_,7.22
_18243_,7.22
_19468_,7.22
_19616_,7.22
_20234_,7.22
_20870_,7.22
_20924_,7.22
_21308_,7.22
_21345_,7.22
_21415_,7.22
_21856_,7.22
_21925_,7.22
_22396_,7.22
_22988_,7.22
_23109_,7.22
_23628_,7.22
_23674_,7.22
_24043_,7.22
_24052_,7.22
_24632_,7.22
_25162_,7.22
_25281_,7.22
_26035_,7.22
_26643_,7.22
_26815_,7.22
u_core0.ROW\[11\].COL\[0\].u_pe.sum_out\[12\],7.22
u_core0.ROW\[30\].COL\[0\].u_pe.sum_out\[7\],7.22
net866,7.22
net902,7.22
net1015,7.22
_13927_,7.21
_24881_,7.21
_25992_,7.21
_00674_,7.205
_15758_,7.205
_00280_,7.2
_01136_,7.2
_02269_,7.2
_03363_,7.2
_03408_,7.2
_03728_,7.2
_03886_,7.2
_04908_,7.2
_05810_,7.2
_06738_,7.2
_06946_,7.2
_08052_,7.2
_09897_,7.2
_10393_,7.2
_14666_,7.2
_15593_,7.2
_16454_,7.2
_17003_,7.2
_17630_,7.2
_18069_,7.2
_18710_,7.2
_19014_,7.2
_19832_,7.2
_20110_,7.2
_21095_,7.2
_21189_,7.2
_21338_,7.2
_21340_,7.2
_21437_,7.2
_24074_,7.2
_24097_,7.2
_24117_,7.2
_25889_,7.2
_26828_,7.2
_06146_,7.19
_00599_,7.18
_00942_,7.18
_01022_,7.18
_01041_,7.18
_01382_,7.18
_01932_,7.18
_03118_,7.18
_03629_,7.18
_03927_,7.18
_03967_,7.18
_04770_,7.18
_04977_,7.18
_04999_,7.18
_05232_,7.18
_05686_,7.18
_05702_,7.18
_05937_,7.18
_06025_,7.18
_06144_,7.18
_06783_,7.18
_07199_,7.18
_07225_,7.18
_07764_,7.18
_07773_,7.18
_07996_,7.18
_08655_,7.18
_08885_,7.18
_09234_,7.18
_09834_,7.18
_10042_,7.18
_10190_,7.18
_10599_,7.18
_10697_,7.18
_11560_,7.18
_12224_,7.18
_13468_,7.18
_14803_,7.18
_14939_,7.18
_14941_,7.18
_15540_,7.18
_15978_,7.18
_16015_,7.18
_16953_,7.18
_17043_,7.18
_17547_,7.18
_17699_,7.18
_17780_,7.18
_18122_,7.18
_18597_,7.18
_18767_,7.18
_19062_,7.18
_19568_,7.18
_19600_,7.18
_19653_,7.18
_21233_,7.18
_21358_,7.18
_22009_,7.18
_23941_,7.18
_23971_,7.18
_24177_,7.18
_24186_,7.18
_24356_,7.18
_25176_,7.18
_25378_,7.18
_26561_,7.18
_26689_,7.18
_26869_,7.18
_26906_,7.18
_05649_,7.175
_08168_,7.175
_23662_,7.175
_00023_,7.16
_00714_,7.16
_01456_,7.16
_02347_,7.16
_08668_,7.16
_10789_,7.16
_12304_,7.16
_13602_,7.16
_16925_,7.16
_21326_,7.16
_23020_,7.16
_24613_,7.16
_25728_,7.16
_26172_,7.16
_26224_,7.16
_26331_,7.16
_25147_,7.15
_12604_,7.145
_00297_,7.14
_00361_,7.14
_02270_,7.14
_03297_,7.14
_03336_,7.14
_04791_,7.14
_05150_,7.14
_06742_,7.14
_07221_,7.14
_08667_,7.14
_08891_,7.14
_09583_,7.14
_11060_,7.14
_11358_,7.14
_12847_,7.14
_16203_,7.14
_17801_,7.14
_17856_,7.14
_20062_,7.14
_20962_,7.14
_21232_,7.14
_21933_,7.14
_23014_,7.14
_23707_,7.14
_25787_,7.14
_25989_,7.14
_26438_,7.14
_26597_,7.14
_26829_,7.14
_08299_,7.13
_02208_,7.12
_03219_,7.12
_03448_,7.12
_05670_,7.12
_08471_,7.12
_08938_,7.12
_09722_,7.12
_10742_,7.12
_11666_,7.12
_11798_,7.12
_13695_,7.12
_13947_,7.12
_13959_,7.12
_14333_,7.12
_15268_,7.12
_15856_,7.12
_16159_,7.12
_16593_,7.12
_16850_,7.12
_17038_,7.12
_17057_,7.12
_17913_,7.12
_18000_,7.12
_18085_,7.12
_19484_,7.12
_20708_,7.12
_22685_,7.12
_24260_,7.12
_25612_,7.12
_25715_,7.12
_26082_,7.12
_26937_,7.12
net765,7.12
net932,7.12
_05701_,7.115
_24354_,7.11
_01330_,7.1
_01555_,7.1
_02033_,7.1
_02501_,7.1
_02693_,7.1
_02764_,7.1
_02859_,7.1
_03306_,7.1
_03842_,7.1
_03942_,7.1
_04411_,7.1
_04753_,7.1
_05429_,7.1
_07395_,7.1
_07789_,7.1
_07902_,7.1
_07935_,7.1
_08180_,7.1
_08348_,7.1
_08549_,7.1
_08724_,7.1
_08791_,7.1
_08908_,7.1
_09089_,7.1
_09357_,7.1
_09638_,7.1
_09937_,7.1
_10010_,7.1
_10197_,7.1
_10221_,7.1
_10833_,7.1
_11721_,7.1
_12609_,7.1
_12900_,7.1
_14172_,7.1
_14527_,7.1
_14661_,7.1
_15044_,7.1
_15339_,7.1
_15757_,7.1
_15808_,7.1
_15877_,7.1
_15925_,7.1
_16037_,7.1
_16649_,7.1
_16952_,7.1
_17063_,7.1
_17665_,7.1
_17809_,7.1
_17926_,7.1
_18284_,7.1
_18835_,7.1
_19179_,7.1
_19482_,7.1
_19763_,7.1
_19923_,7.1
_20004_,7.1
_20633_,7.1
_20928_,7.1
_21198_,7.1
_21224_,7.1
_21283_,7.1
_21284_,7.1
_21303_,7.1
_21884_,7.1
_22515_,7.1
_22616_,7.1
_22708_,7.1
_22875_,7.1
_24367_,7.1
_25199_,7.1
_25335_,7.1
_26010_,7.1
_26452_,7.1
_26528_,7.1
net663,7.1
net850,7.1
_03182_,7.09
_24152_,7.09
_11263_,7.085
_03910_,7.08
_04249_,7.08
_06637_,7.08
_08538_,7.08
_11412_,7.08
_11613_,7.08
_11932_,7.08
_12227_,7.08
_12419_,7.08
_12982_,7.08
_14565_,7.08
_14566_,7.08
_15077_,7.08
_16307_,7.08
_16513_,7.08
_17571_,7.08
_18004_,7.08
_18811_,7.08
_20883_,7.08
_21329_,7.08
_22341_,7.08
_22977_,7.08
_23756_,7.08
_23792_,7.08
_24129_,7.08
_17321_,7.075
_05858_,7.07
_09243_,7.07
_21995_,7.07
_00987_,7.06
_01547_,7.06
_01801_,7.06
_02535_,7.06
_03713_,7.06
_03843_,7.06
_05118_,7.06
_05333_,7.06
_05369_,7.06
_05882_,7.06
_06171_,7.06
_06238_,7.06
_06683_,7.06
_07369_,7.06
_07856_,7.06
_08346_,7.06
_09442_,7.06
_09533_,7.06
_09846_,7.06
_09988_,7.06
_10055_,7.06
_10060_,7.06
_10128_,7.06
_10399_,7.06
_10627_,7.06
_10691_,7.06
_11491_,7.06
_11769_,7.06
_11827_,7.06
_11929_,7.06
_13122_,7.06
_13270_,7.06
_13486_,7.06
_13648_,7.06
_14639_,7.06
_15229_,7.06
_15454_,7.06
_15489_,7.06
_15746_,7.06
_15934_,7.06
_16391_,7.06
_16796_,7.06
_16924_,7.06
_17253_,7.06
_17436_,7.06
_17637_,7.06
_17745_,7.06
_18048_,7.06
_18548_,7.06
_18635_,7.06
_19037_,7.06
_19329_,7.06
_20114_,7.06
_20242_,7.06
_20253_,7.06
_20297_,7.06
_20816_,7.06
_21119_,7.06
_21546_,7.06
_22206_,7.06
_22634_,7.06
_22749_,7.06
_23765_,7.06
_23864_,7.06
_24188_,7.06
_24255_,7.06
_24531_,7.06
_25240_,7.06
_25677_,7.06
_25952_,7.06
_26820_,7.06
_27004_,7.06
net770,7.06
net790,7.06
_02227_,7.05
_10827_,7.04
_15930_,7.04
_17797_,7.04
_22252_,7.04
_24719_,7.04
_03160_,7.03
_04406_,7.03
_07241_,7.03
_14021_,7.03
_17551_,7.03
_17675_,7.03
_04940_,7
_06227_,7
_06609_,7
_06945_,7
_09742_,7
_09841_,7
_17650_,7
_21475_,7
_22983_,7
_23580_,7
_24411_,7
_24619_,7
_25825_,7
_21486_,6.99
_00036_,6.98
_01251_,6.98
_01424_,6.98
_01793_,6.98
_02453_,6.98
_03434_,6.98
_04278_,6.98
_05857_,6.98
_06653_,6.98
_07411_,6.98
_07954_,6.98
_08177_,6.98
_09502_,6.98
_12245_,6.98
_12682_,6.98
_14863_,6.98
_15167_,6.98
_16497_,6.98
_16976_,6.98
_18152_,6.98
_18253_,6.98
_18647_,6.98
_18881_,6.98
_19021_,6.98
_19130_,6.98
_24155_,6.98
_26877_,6.98
u_core0.ROW\[11\].COL\[0\].u_pe.sum_out\[13\],6.98
u_core0.ROW\[12\].COL\[0\].u_pe.sum_out\[5\],6.98
_13256_,6.97
_20822_,6.97
_26374_,6.965
_03637_,6.96
_04570_,6.96
_06279_,6.96
_07354_,6.96
_09432_,6.96
_13465_,6.96
_14598_,6.96
_15790_,6.96
_16116_,6.96
_18864_,6.96
_19033_,6.96
_19454_,6.96
_22586_,6.96
_23230_,6.96
_23711_,6.96
_24543_,6.96
_25292_,6.96
_26893_,6.96
_11071_,6.95
_05585_,6.945
_00142_,6.94
_02226_,6.94
_03511_,6.94
_03662_,6.94
_04642_,6.94
_05435_,6.94
_05488_,6.94
_06596_,6.94
_06784_,6.94
_07028_,6.94
_07383_,6.94
_09766_,6.94
_10530_,6.94
_11246_,6.94
_12734_,6.94
_14032_,6.94
_15170_,6.94
_15669_,6.94
_16021_,6.94
_17884_,6.94
_18933_,6.94
_21103_,6.94
_25046_,6.94
_25184_,6.94
net1009,6.94
_15919_,6.93
_06214_,6.92
_09757_,6.92
_16904_,6.92
_25777_,6.92
_12769_,6.91
_00646_,6.905
_05879_,6.9
_13200_,6.9
_16250_,6.9
_25353_,6.9
_26816_,6.9
net1085,6.9
_25135_,6.885
_03537_,6.88
_04313_,6.88
_08039_,6.88
_08893_,6.88
_09597_,6.88
_10115_,6.88
_13998_,6.88
_15228_,6.88
_25603_,6.88
u_core0.ROW\[8\].COL\[1\].u_pe.b_out\[6\],6.88
net801,6.88
net1028,6.88
_05464_,6.875
_00283_,6.86
_01200_,6.86
_01879_,6.86
_02686_,6.86
_04369_,6.86
_05117_,6.86
_05553_,6.86
_05610_,6.86
_06049_,6.86
_06064_,6.86
_06160_,6.86
_06852_,6.86
_07573_,6.86
_09055_,6.86
_09375_,6.86
_10302_,6.86
_12787_,6.86
_13250_,6.86
_13294_,6.86
_14170_,6.86
_14433_,6.86
_14683_,6.86
_15897_,6.86
_16168_,6.86
_16338_,6.86
_16861_,6.86
_17009_,6.86
_17176_,6.86
_17319_,6.86
_17325_,6.86
_17905_,6.86
_20738_,6.86
_23762_,6.86
_24641_,6.86
_24645_,6.86
_26044_,6.86
_26879_,6.86
_26986_,6.86
u_core0.ROW\[2\].COL\[0\].u_pe.sum_out\[10\],6.86
net974,6.86
_11848_,6.855
_00004_,6.84
_00407_,6.84
_00477_,6.84
_02072_,6.84
_06310_,6.84
_07232_,6.84
_08560_,6.84
_10585_,6.84
_11744_,6.84
_15335_,6.84
_18301_,6.84
_20754_,6.84
_22290_,6.84
u_core0.ROW\[21\].COL\[0\].u_pe.sum_out\[16\],6.84
_00198_,6.82
_00368_,6.82
_01699_,6.82
_01838_,6.82
_02255_,6.82
_04716_,6.82
_05928_,6.82
_07857_,6.82
_09288_,6.82
_09436_,6.82
_11354_,6.82
_13133_,6.82
_13516_,6.82
_13698_,6.82
_14305_,6.82
_17618_,6.82
_18055_,6.82
_21848_,6.82
_23260_,6.82
_25087_,6.82
_25359_,6.82
_25372_,6.82
_25441_,6.82
_26278_,6.82
_26321_,6.82
_07185_,6.8
_00471_,6.78
_01287_,6.78
_01509_,6.78
_02668_,6.78
_03323_,6.78
_03787_,6.78
_04198_,6.78
_04568_,6.78
_04805_,6.78
_05349_,6.78
_05531_,6.78
_06359_,6.78
_06908_,6.78
_08571_,6.78
_09112_,6.78
_09556_,6.78
_09995_,6.78
_10522_,6.78
_11391_,6.78
_11451_,6.78
_11921_,6.78
_12510_,6.78
_12790_,6.78
_12855_,6.78
_13017_,6.78
_13212_,6.78
_14035_,6.78
_15175_,6.78
_15953_,6.78
_16613_,6.78
_16759_,6.78
_16859_,6.78
_17007_,6.78
_17854_,6.78
_18117_,6.78
_18248_,6.78
_19304_,6.78
_20330_,6.78
_21062_,6.78
_23076_,6.78
_25682_,6.78
_26006_,6.78
_26250_,6.78
net10,6.78
net1026,6.78
_07506_,6.77
_10397_,6.77
_03922_,6.765
_00098_,6.76
_01527_,6.76
_01844_,6.76
_02330_,6.76
_02930_,6.76
_03361_,6.76
_03374_,6.76
_03817_,6.76
_04857_,6.76
_05243_,6.76
_05272_,6.76
_05681_,6.76
_05822_,6.76
_05838_,6.76
_06328_,6.76
_06659_,6.76
_07195_,6.76
_08145_,6.76
_08182_,6.76
_08215_,6.76
_09408_,6.76
_09811_,6.76
_09858_,6.76
_10090_,6.76
_11124_,6.76
_11183_,6.76
_11700_,6.76
_11717_,6.76
_12032_,6.76
_12232_,6.76
_12418_,6.76
_12428_,6.76
_13520_,6.76
_13718_,6.76
_13870_,6.76
_13873_,6.76
_14447_,6.76
_14871_,6.76
_14879_,6.76
_15300_,6.76
_16154_,6.76
_16229_,6.76
_16261_,6.76
_16658_,6.76
_17670_,6.76
_18256_,6.76
_18451_,6.76
_18506_,6.76
_18808_,6.76
_18991_,6.76
_19125_,6.76
_19506_,6.76
_19965_,6.76
_19969_,6.76
_19976_,6.76
_20266_,6.76
_20326_,6.76
_20673_,6.76
_20686_,6.76
_21195_,6.76
_21261_,6.76
_21372_,6.76
_21510_,6.76
_21527_,6.76
_21717_,6.76
_23007_,6.76
_23411_,6.76
_24560_,6.76
_24724_,6.76
_25037_,6.76
_25234_,6.76
_25789_,6.76
_26191_,6.76
_26754_,6.76
u_core0.ROW\[10\].COL\[0\].u_pe.sum_in\[6\],6.76
u_core0.ROW\[30\].COL\[1\].u_pe.b_out\[1\],6.76
net774,6.76
net869,6.76
net1011,6.76
_02261_,6.74
_05054_,6.74
_07275_,6.74
_07545_,6.74
_08304_,6.74
_09523_,6.74
_09843_,6.74
_10734_,6.74
_11385_,6.74
_11415_,6.74
_12598_,6.74
_12817_,6.74
_13677_,6.74
_13919_,6.74
_13981_,6.74
_14075_,6.74
_14709_,6.74
_15522_,6.74
_15550_,6.74
_15967_,6.74
_15997_,6.74
_17509_,6.74
_18798_,6.74
_19739_,6.74
_21368_,6.74
_21638_,6.74
_22116_,6.74
_22371_,6.74
_22812_,6.74
_22896_,6.74
_23018_,6.74
_23527_,6.74
_25483_,6.74
u_core0.ROW\[20\].COL\[0\].u_pe.sum_out\[12\],6.74
_01112_,6.73
_00011_,6.72
_01177_,6.72
_01694_,6.72
_01706_,6.72
_01889_,6.72
_01967_,6.72
_02084_,6.72
_02923_,6.72
_03169_,6.72
_03288_,6.72
_03331_,6.72
_03489_,6.72
_03667_,6.72
_04065_,6.72
_05622_,6.72
_05635_,6.72
_05760_,6.72
_06353_,6.72
_07481_,6.72
_07750_,6.72
_08221_,6.72
_08757_,6.72
_09010_,6.72
_09015_,6.72
_09226_,6.72
_09713_,6.72
_10110_,6.72
_10120_,6.72
_11116_,6.72
_11145_,6.72
_12686_,6.72
_14657_,6.72
_15685_,6.72
_16691_,6.72
_16848_,6.72
_17053_,6.72
_17408_,6.72
_17410_,6.72
_17939_,6.72
_17954_,6.72
_18772_,6.72
_19605_,6.72
_20170_,6.72
_20252_,6.72
_20872_,6.72
_20895_,6.72
_21043_,6.72
_21148_,6.72
_21394_,6.72
_21912_,6.72
_21916_,6.72
_23780_,6.72
_23893_,6.72
_23952_,6.72
_24009_,6.72
_24715_,6.72
_25254_,6.72
_26584_,6.72
u_core0.ROW\[30\].COL\[0\].u_pe.sum_out\[6\],6.72
u_core0.ROW\[6\].COL\[0\].u_pe.sum_out\[16\],6.72
net705,6.72
net953,6.72
_05368_,6.71
_00651_,6.7
_13005_,6.7
_15219_,6.7
_19632_,6.7
_19894_,6.7
_23189_,6.7
_24524_,6.7
_26286_,6.7
net863,6.7
_10610_,6.69
_22828_,6.69
_02294_,6.67
_01518_,6.66
_01603_,6.66
_01809_,6.66
_04556_,6.66
_07535_,6.66
_08176_,6.66
_08594_,6.66
_08705_,6.66
_09049_,6.66
_09104_,6.66
_09590_,6.66
_10061_,6.66
_10561_,6.66
_11171_,6.66
_13243_,6.66
_13531_,6.66
_13713_,6.66
_13835_,6.66
_14361_,6.66
_14419_,6.66
_15545_,6.66
_15639_,6.66
_15864_,6.66
_17320_,6.66
_17553_,6.66
_17775_,6.66
_17828_,6.66
_18221_,6.66
_19173_,6.66
_20622_,6.66
_22373_,6.66
_22721_,6.66
_26919_,6.66
net1012,6.66
_18722_,6.65
_22313_,6.645
_01124_,6.64
_01217_,6.64
_01462_,6.64
_01990_,6.64
_02665_,6.64
_03661_,6.64
_04654_,6.64
_05552_,6.64
_05614_,6.64
_05631_,6.64
_05864_,6.64
_06470_,6.64
_06713_,6.64
_07180_,6.64
_08086_,6.64
_08135_,6.64
_08384_,6.64
_08531_,6.64
_09137_,6.64
_09291_,6.64
_09422_,6.64
_09618_,6.64
_09861_,6.64
_10395_,6.64
_10495_,6.64
_11287_,6.64
_11313_,6.64
_12137_,6.64
_12878_,6.64
_13115_,6.64
_13541_,6.64
_13676_,6.64
_13736_,6.64
_13821_,6.64
_14568_,6.64
_15290_,6.64
_15383_,6.64
_15617_,6.64
_16384_,6.64
_16935_,6.64
_17204_,6.64
_18553_,6.64
_18576_,6.64
_18602_,6.64
_18645_,6.64
_19291_,6.64
_19436_,6.64
_20239_,6.64
_21324_,6.64
_21886_,6.64
_22104_,6.64
_23209_,6.64
_24091_,6.64
_24520_,6.64
_24629_,6.64
_25165_,6.64
_25239_,6.64
_25634_,6.64
_25672_,6.64
_26430_,6.64
_26557_,6.64
_26680_,6.64
_26933_,6.64
u_core0.ROW\[13\].COL\[0\].u_pe.a_out\[7\],6.64
u_core0.ROW\[14\].COL\[1\].u_pe.sum_out\[1\],6.64
u_core0.ROW\[7\].COL\[0\].u_pe.sum_out\[19\],6.64
_05784_,6.635
_22650_,6.63
_04256_,6.62
_05938_,6.62
_06585_,6.62
_07715_,6.62
_09819_,6.62
_10784_,6.62
_11178_,6.62
_11610_,6.62
_11654_,6.62
_13996_,6.62
_14415_,6.62
_16474_,6.62
_17933_,6.62
_19452_,6.62
_19762_,6.62
_20180_,6.62
_20637_,6.62
_21506_,6.62
_22365_,6.62
net825,6.62
_14516_,6.61
_21901_,6.61
_01051_,6.6
_01196_,6.6
_01215_,6.6
_01349_,6.6
_01439_,6.6
_01493_,6.6
_02304_,6.6
_02408_,6.6
_02629_,6.6
_02719_,6.6
_02739_,6.6
_03088_,6.6
_03192_,6.6
_03740_,6.6
_05339_,6.6
_05523_,6.6
_05525_,6.6
_05646_,6.6
_05750_,6.6
_06286_,6.6
_06775_,6.6
_07063_,6.6
_08118_,6.6
_08243_,6.6
_08579_,6.6
_08717_,6.6
_08810_,6.6
_09235_,6.6
_09646_,6.6
_09680_,6.6
_10192_,6.6
_10363_,6.6
_10382_,6.6
_10766_,6.6
_11285_,6.6
_11662_,6.6
_12043_,6.6
_12549_,6.6
_13015_,6.6
_13031_,6.6
_13653_,6.6
_14137_,6.6
_14635_,6.6
_14810_,6.6
_14821_,6.6
_15171_,6.6
_15182_,6.6
_15833_,6.6
_15905_,6.6
_15924_,6.6
_16206_,6.6
_17162_,6.6
_17166_,6.6
_17206_,6.6
_17339_,6.6
_17895_,6.6
_18091_,6.6
_18892_,6.6
_19000_,6.6
_19191_,6.6
_19262_,6.6
_20197_,6.6
_21220_,6.6
_21320_,6.6
_21428_,6.6
_21859_,6.6
_23065_,6.6
_23479_,6.6
_23778_,6.6
_25344_,6.6
_25561_,6.6
_25727_,6.6
_25736_,6.6
_25808_,6.6
_26270_,6.6
_26412_,6.6
_26600_,6.6
_26700_,6.6
u_core0.ROW\[13\].COL\[1\].u_pe.sum_out\[1\],6.6
u_core0.ROW\[20\].COL\[1\].u_pe.sum_out\[11\],6.6
u_core0.ROW\[29\].COL\[1\].u_pe.sum_out\[1\],6.6
net853,6.6
_05908_,6.58
_08433_,6.58
_05196_,6.57
_10415_,6.56
_17683_,6.56
_01613_,6.54
_04125_,6.54
_04257_,6.54
_04943_,6.54
_05053_,6.54
_07043_,6.54
_08417_,6.54
_10017_,6.54
_10384_,6.54
_11407_,6.54
_12236_,6.54
_13217_,6.54
_14461_,6.54
_17355_,6.54
_18745_,6.54
_19092_,6.54
_20856_,6.54
_21387_,6.54
_23773_,6.54
_26930_,6.54
net32,6.54
_02478_,6.53
_16190_,6.53
_24610_,6.525
_00773_,6.52
_00992_,6.52
_02292_,6.52
_02753_,6.52
_02841_,6.52
_03284_,6.52
_04070_,6.52
_04605_,6.52
_05776_,6.52
_07075_,6.52
_07882_,6.52
_08513_,6.52
_09332_,6.52
_09464_,6.52
_09665_,6.52
_10546_,6.52
_11512_,6.52
_12466_,6.52
_12512_,6.52
_12635_,6.52
_13086_,6.52
_13402_,6.52
_13540_,6.52
_13621_,6.52
_13790_,6.52
_14046_,6.52
_14504_,6.52
_14775_,6.52
_15379_,6.52
_15485_,6.52
_16594_,6.52
_17230_,6.52
_17235_,6.52
_17248_,6.52
_17767_,6.52
_18763_,6.52
_18780_,6.52
_18928_,6.52
_19221_,6.52
_19386_,6.52
_19624_,6.52
_19696_,6.52
_20024_,6.52
_20303_,6.52
_20603_,6.52
_21618_,6.52
_22291_,6.52
_22309_,6.52
_22851_,6.52
_23735_,6.52
_25293_,6.52
_10745_,6.51
_16923_,6.51
_02457_,6.5
_02615_,6.5
_03209_,6.5
_06597_,6.5
_07580_,6.5
_08971_,6.5
_14109_,6.5
_17969_,6.5
_18274_,6.5
_18657_,6.5
_18906_,6.5
_19540_,6.5
_20051_,6.5
_20093_,6.5
_20139_,6.5
_20707_,6.5
_21597_,6.5
_22033_,6.5
_22959_,6.5
_22981_,6.5
_23211_,6.5
_24566_,6.5
_13462_,6.495
_24485_,6.495
_00261_,6.48
_00478_,6.48
_02117_,6.48
_03165_,6.48
_04296_,6.48
_05025_,6.48
_10227_,6.48
_10315_,6.48
_10997_,6.48
_14898_,6.48
_15106_,6.48
_16264_,6.48
_17460_,6.48
_17983_,6.48
_18272_,6.48
_18396_,6.48
_19866_,6.48
_22263_,6.48
_22457_,6.48
_22580_,6.48
_23807_,6.48
_26294_,6.48
_26382_,6.48
_26552_,6.48
_06903_,6.45
_07261_,6.45
_10733_,6.45
_15334_,6.45
_03832_,6.44
_04948_,6.44
_07625_,6.44
_09611_,6.44
_10233_,6.44
_15371_,6.44
_18349_,6.44
_19514_,6.44
_20687_,6.44
_24894_,6.44
_25134_,6.44
_26117_,6.44
net1118,6.44
_00348_,6.42
_06715_,6.42
_06918_,6.42
_07569_,6.42
_09242_,6.42
_10723_,6.42
_11079_,6.42
_11265_,6.42
_13535_,6.42
_16578_,6.42
_19470_,6.42
_22123_,6.42
_24238_,6.42
u_core0.ROW\[22\].COL\[1\].u_pe.sum_out\[2\],6.42
_01216_,6.4
_01487_,6.4
_01712_,6.4
_01731_,6.4
_04000_,6.4
_04571_,6.4
_06415_,6.4
_07944_,6.4
_08402_,6.4
_08470_,6.4
_08942_,6.4
_09081_,6.4
_09301_,6.4
_09778_,6.4
_09972_,6.4
_10482_,6.4
_11332_,6.4
_11958_,6.4
_12313_,6.4
_12475_,6.4
_12634_,6.4
_14676_,6.4
_14961_,6.4
_15788_,6.4
_16036_,6.4
_16244_,6.4
_16438_,6.4
_17307_,6.4
_17688_,6.4
_17729_,6.4
_17920_,6.4
_18637_,6.4
_19552_,6.4
_19557_,6.4
_19685_,6.4
_19870_,6.4
_20443_,6.4
_20815_,6.4
_20944_,6.4
_21724_,6.4
_22667_,6.4
_22775_,6.4
_23531_,6.4
_24059_,6.4
_24742_,6.4
_25502_,6.4
_26218_,6.4
_26413_,6.4
_26554_,6.4
u_core0.ROW\[12\].COL\[0\].u_pe.sum_out\[18\],6.4
u_core0.ROW\[21\].COL\[0\].u_pe.sum_out\[6\],6.4
net1027,6.4
_21091_,6.395
_00037_,6.38
_00586_,6.38
_03473_,6.38
_05216_,6.38
_10656_,6.38
_12831_,6.38
_17452_,6.38
_17985_,6.38
_18554_,6.38
_19715_,6.38
_22559_,6.38
_23959_,6.38
_25100_,6.38
u_core0.ROW\[25\].COL\[1\].u_pe.sum_out\[6\],6.38
u_core0.ROW\[28\].COL\[1\].u_pe.sum_out\[1\],6.38
_01848_,6.36
_08440_,6.36
_09403_,6.36
_10856_,6.36
_13646_,6.36
_17632_,6.36
_21648_,6.36
_23519_,6.36
_24605_,6.36
net1134,6.36
_15256_,6.35
_13319_,6.34
_24373_,6.325
_00177_,6.32
_00491_,6.32
_00658_,6.32
_01131_,6.32
_01230_,6.32
_01930_,6.32
_02260_,6.32
_02480_,6.32
_04351_,6.32
_05020_,6.32
_05130_,6.32
_06254_,6.32
_07705_,6.32
_08478_,6.32
_09025_,6.32
_09525_,6.32
_09554_,6.32
_11283_,6.32
_11383_,6.32
_12551_,6.32
_13392_,6.32
_13558_,6.32
_13666_,6.32
_13680_,6.32
_13708_,6.32
_13744_,6.32
_13816_,6.32
_14321_,6.32
_14376_,6.32
_14409_,6.32
_15118_,6.32
_15358_,6.32
_15471_,6.32
_15910_,6.32
_16086_,6.32
_16485_,6.32
_16997_,6.32
_17416_,6.32
_17644_,6.32
_18102_,6.32
_18171_,6.32
_18185_,6.32
_18733_,6.32
_20018_,6.32
_20161_,6.32
_21396_,6.32
_21442_,6.32
_21894_,6.32
_22608_,6.32
_23478_,6.32
_24428_,6.32
_24505_,6.32
_24805_,6.32
_25480_,6.32
_26444_,6.32
_26799_,6.32
net26,6.32
_07707_,6.31
_10439_,6.305
_01032_,6.3
_01111_,6.3
_01364_,6.3
_01459_,6.3
_01476_,6.3
_01659_,6.3
_01746_,6.3
_01943_,6.3
_02854_,6.3
_03087_,6.3
_03862_,6.3
_04106_,6.3
_04115_,6.3
_04711_,6.3
_04764_,6.3
_05081_,6.3
_05946_,6.3
_06371_,6.3
_06874_,6.3
_08155_,6.3
_08297_,6.3
_08593_,6.3
_08914_,6.3
_08986_,6.3
_09303_,6.3
_09600_,6.3
_10342_,6.3
_10586_,6.3
_10874_,6.3
_10961_,6.3
_11056_,6.3
_11129_,6.3
_11350_,6.3
_11389_,6.3
_11466_,6.3
_11757_,6.3
_11859_,6.3
_13226_,6.3
_13576_,6.3
_13593_,6.3
_13712_,6.3
_14588_,6.3
_14744_,6.3
_14922_,6.3
_15099_,6.3
_15129_,6.3
_15201_,6.3
_15487_,6.3
_15768_,6.3
_15823_,6.3
_15852_,6.3
_16674_,6.3
_16754_,6.3
_16836_,6.3
_17191_,6.3
_17283_,6.3
_17378_,6.3
_17619_,6.3
_17648_,6.3
_17879_,6.3
_18391_,6.3
_18452_,6.3
_18518_,6.3
_18957_,6.3
_19554_,6.3
_19797_,6.3
_19843_,6.3
_19901_,6.3
_20159_,6.3
_20176_,6.3
_20620_,6.3
_21031_,6.3
_21193_,6.3
_21361_,6.3
_21943_,6.3
_22096_,6.3
_22147_,6.3
_22395_,6.3
_22933_,6.3
_23305_,6.3
_23480_,6.3
_23866_,6.3
_23917_,6.3
_23933_,6.3
_24565_,6.3
_25466_,6.3
_25468_,6.3
_25732_,6.3
_25824_,6.3
_26168_,6.3
_26617_,6.3
_26884_,6.3
_26960_,6.3
u_core0.ROW\[0\].COL\[1\].u_pe.sum_out\[11\],6.3
u_core0.ROW\[24\].COL\[0\].u_pe.sum_out\[2\],6.3
net666,6.3
net704,6.3
net987,6.3
net1006,6.3
_13542_,6.295
_20575_,6.29
_01184_,6.28
_01189_,6.28
_01672_,6.28
_02232_,6.28
_03315_,6.28
_03815_,6.28
_03900_,6.28
_05105_,6.28
_07164_,6.28
_07268_,6.28
_08445_,6.28
_09304_,6.28
_09475_,6.28
_10563_,6.28
_11188_,6.28
_12199_,6.28
_12742_,6.28
_12864_,6.28
_13598_,6.28
_14795_,6.28
_15637_,6.28
_16287_,6.28
_16667_,6.28
_16842_,6.28
_17685_,6.28
_18678_,6.28
_18720_,6.28
_19046_,6.28
_19533_,6.28
_19973_,6.28
_20179_,6.28
_20213_,6.28
_20903_,6.28
_21602_,6.28
_22108_,6.28
_22491_,6.28
_23430_,6.28
_24442_,6.28
_24733_,6.28
_25170_,6.28
_26399_,6.28
_26739_,6.28
_26880_,6.28
_00582_,6.26
_00858_,6.26
_01264_,6.26
_02306_,6.26
_02794_,6.26
_03595_,6.26
_03897_,6.26
_03999_,6.26
_04099_,6.26
_04258_,6.26
_04357_,6.26
_04792_,6.26
_05391_,6.26
_06865_,6.26
_07044_,6.26
_07226_,6.26
_07684_,6.26
_07962_,6.26
_08142_,6.26
_08216_,6.26
_08378_,6.26
_08472_,6.26
_08650_,6.26
_08776_,6.26
_09170_,6.26
_09476_,6.26
_11712_,6.26
_11856_,6.26
_12197_,6.26
_12497_,6.26
_12966_,6.26
_13456_,6.26
_13770_,6.26
_14064_,6.26
_14981_,6.26
_15551_,6.26
_15793_,6.26
_15878_,6.26
_16252_,6.26
_16844_,6.26
_17101_,6.26
_17138_,6.26
_17270_,6.26
_17488_,6.26
_17591_,6.26
_17947_,6.26
_18013_,6.26
_18512_,6.26
_18643_,6.26
_18698_,6.26
_18829_,6.26
_19005_,6.26
_19312_,6.26
_19393_,6.26
_19720_,6.26
_19822_,6.26
_19997_,6.26
_20255_,6.26
_20282_,6.26
_20463_,6.26
_20566_,6.26
_20819_,6.26
_21686_,6.26
_21932_,6.26
_23032_,6.26
_23275_,6.26
_23413_,6.26
_23708_,6.26
_23724_,6.26
_23822_,6.26
_24151_,6.26
_24350_,6.26
_24540_,6.26
_24992_,6.26
_25059_,6.26
_25119_,6.26
_25345_,6.26
_26338_,6.26
_26601_,6.26
_26724_,6.26
_26744_,6.26
u_core0.ROW\[18\].COL\[0\].u_pe.sum_out\[19\],6.26
u_core0.ROW\[2\].COL\[0\].u_pe.sum_out\[4\],6.26
_03256_,6.24
_06526_,6.24
_12214_,6.24
_12526_,6.24
_18116_,6.24
_24850_,6.24
net661,6.24
_05638_,6.23
_23426_,6.23
_26282_,6.23
_03536_,6.205
_01152_,6.2
_01541_,6.2
_02544_,6.2
_02972_,6.2
_03332_,6.2
_04927_,6.2
_05143_,6.2
_05698_,6.2
_06979_,6.2
_08671_,6.2
_08869_,6.2
_09044_,6.2
_09309_,6.2
_10401_,6.2
_10812_,6.2
_10951_,6.2
_11149_,6.2
_11763_,6.2
_11818_,6.2
_11901_,6.2
_12133_,6.2
_12538_,6.2
_12575_,6.2
_13915_,6.2
_15029_,6.2
_15587_,6.2
_16645_,6.2
_16897_,6.2
_18730_,6.2
_19076_,6.2
_19126_,6.2
_19981_,6.2
_20709_,6.2
_21474_,6.2
_22355_,6.2
_23550_,6.2
_23940_,6.2
_24296_,6.2
_25837_,6.2
_26391_,6.2
_26506_,6.2
_26925_,6.2
net735,6.2
net739,6.2
net871,6.2
net1053,6.2
net1095,6.2
_03703_,6.19
_13581_,6.19
_23964_,6.19
_03064_,6.185
_01323_,6.18
_01637_,6.18
_02552_,6.18
_02790_,6.18
_02956_,6.18
_03433_,6.18
_04095_,6.18
_04440_,6.18
_04669_,6.18
_04781_,6.18
_05308_,6.18
_05533_,6.18
_06551_,6.18
_06619_,6.18
_06906_,6.18
_06991_,6.18
_07501_,6.18
_07668_,6.18
_07777_,6.18
_07999_,6.18
_08218_,6.18
_08552_,6.18
_09068_,6.18
_09503_,6.18
_09947_,6.18
_09996_,6.18
_10059_,6.18
_10062_,6.18
_10312_,6.18
_10394_,6.18
_10616_,6.18
_10694_,6.18
_10814_,6.18
_11152_,6.18
_11660_,6.18
_11759_,6.18
_12287_,6.18
_12334_,6.18
_13020_,6.18
_13150_,6.18
_13292_,6.18
_13647_,6.18
_14003_,6.18
_14165_,6.18
_14304_,6.18
_15086_,6.18
_15147_,6.18
_15234_,6.18
_15337_,6.18
_15529_,6.18
_15588_,6.18
_15896_,6.18
_16603_,6.18
_16637_,6.18
_16778_,6.18
_17104_,6.18
_17171_,6.18
_17258_,6.18
_17271_,6.18
_17292_,6.18
_17375_,6.18
_17536_,6.18
_17660_,6.18
_17971_,6.18
_18198_,6.18
_18739_,6.18
_19007_,6.18
_19931_,6.18
_19987_,6.18
_21042_,6.18
_21192_,6.18
_21236_,6.18
_21696_,6.18
_22496_,6.18
_22767_,6.18
_22787_,6.18
_23233_,6.18
_23329_,6.18
_23640_,6.18
_24616_,6.18
_24820_,6.18
_25172_,6.18
_25557_,6.18
_26262_,6.18
_26461_,6.18
_26760_,6.18
_26903_,6.18
u_core0.ROW\[10\].COL\[0\].u_pe.sum_out\[18\],6.18
u_core0.ROW\[12\].COL\[1\].u_pe.sum_out\[2\],6.18
net680,6.18
net990,6.18
_13194_,6.17
_16693_,6.17
_01668_,6.16
_04903_,6.16
_08830_,6.16
_11003_,6.16
_11006_,6.16
_11395_,6.16
_12260_,6.16
_12537_,6.16
_12766_,6.16
_14136_,6.16
_14195_,6.16
_17730_,6.16
_19244_,6.16
_19328_,6.16
_19871_,6.16
_20021_,6.16
_23278_,6.16
_24874_,6.16
_25297_,6.16
u_core0.ROW\[16\].COL\[1\].u_pe.b_out\[3\],6.16
_13876_,6.15
_01446_,6.14
_01826_,6.14
_02089_,6.14
_03325_,6.14
_03481_,6.14
_04785_,6.14
_05044_,6.14
_05102_,6.14
_05275_,6.14
_06267_,6.14
_07062_,6.14
_07115_,6.14
_07191_,6.14
_07509_,6.14
_07883_,6.14
_08042_,6.14
_08313_,6.14
_08607_,6.14
_08661_,6.14
_09426_,6.14
_09753_,6.14
_10050_,6.14
_10381_,6.14
_10654_,6.14
_10884_,6.14
_11308_,6.14
_11444_,6.14
_11705_,6.14
_11830_,6.14
_12719_,6.14
_12836_,6.14
_13136_,6.14
_13940_,6.14
_14024_,6.14
_14558_,6.14
_14853_,6.14
_15104_,6.14
_16041_,6.14
_16122_,6.14
_16297_,6.14
_17752_,6.14
_18478_,6.14
_18812_,6.14
_18905_,6.14
_19259_,6.14
_20156_,6.14
_20360_,6.14
_21154_,6.14
_21974_,6.14
_22864_,6.14
_23094_,6.14
_23452_,6.14
_24112_,6.14
_25216_,6.14
_25243_,6.14
_25444_,6.14
_25916_,6.14
_26031_,6.14
_26537_,6.14
u_core0.ROW\[10\].COL\[0\].u_pe.sum_out\[8\],6.14
net769,6.14
_15181_,6.125
_07370_,6.12
_09490_,6.12
_09751_,6.12
_20057_,6.12
_22713_,6.12
_23079_,6.12
_25310_,6.12
_25582_,6.12
_10236_,6.09
_15873_,6.09
_17865_,6.09
_00281_,6.08
_01526_,6.08
_02281_,6.08
_06381_,6.08
_08603_,6.08
_09431_,6.08
_10412_,6.08
_10949_,6.08
_11521_,6.08
_12117_,6.08
_12164_,6.08
_14186_,6.08
_14824_,6.08
_14870_,6.08
_15783_,6.08
_15826_,6.08
_15880_,6.08
_17423_,6.08
_18750_,6.08
_19120_,6.08
_19227_,6.08
_20148_,6.08
_21694_,6.08
_03972_,6.07
_05454_,6.07
_20451_,6.07
_13538_,6.065
_00701_,6.06
_01374_,6.06
_01453_,6.06
_02616_,6.06
_03646_,6.06
_04144_,6.06
_07660_,6.06
_07685_,6.06
_08020_,6.06
_09327_,6.06
_10328_,6.06
_10901_,6.06
_10906_,6.06
_10916_,6.06
_11219_,6.06
_11516_,6.06
_12078_,6.06
_12301_,6.06
_14079_,6.06
_14084_,6.06
_14688_,6.06
_15045_,6.06
_16113_,6.06
_16164_,6.06
_16295_,6.06
_16636_,6.06
_16669_,6.06
_18507_,6.06
_18661_,6.06
_18980_,6.06
_20080_,6.06
_20474_,6.06
_21617_,6.06
_22054_,6.06
_22628_,6.06
_22686_,6.06
_23244_,6.06
_24712_,6.06
_25892_,6.06
_25911_,6.06
_26292_,6.06
_22947_,6.045
_01242_,6.04
_01571_,6.04
_01795_,6.04
_05286_,6.04
_07436_,6.04
_07953_,6.04
_08507_,6.04
_12881_,6.04
_15034_,6.04
_16110_,6.04
_17245_,6.04
_17786_,6.04
_19111_,6.04
_19421_,6.04
_20138_,6.04
_22072_,6.04
_22658_,6.04
_24780_,6.04
_04633_,6.03
_12728_,6.03
_00671_,6.02
_01250_,6.02
_01787_,6.02
_02184_,6.02
_02791_,6.02
_03389_,6.02
_05961_,6.02
_06825_,6.02
_07339_,6.02
_07385_,6.02
_07431_,6.02
_08131_,6.02
_10078_,6.02
_10892_,6.02
_11720_,6.02
_16687_,6.02
_19309_,6.02
_19799_,6.02
_20792_,6.02
_23281_,6.02
_24057_,6.02
_24785_,6.02
_25395_,6.02
_26210_,6.02
net1043,6.02
_04139_,6.015
_14763_,6.01
_25096_,6.01
_13313_,5.99
_01108_,5.98
_03464_,5.98
_05068_,5.98
_05726_,5.98
_06878_,5.98
_13403_,5.98
_15296_,5.98
_17925_,5.98
_20821_,5.98
_22444_,5.98
_22610_,5.98
_25442_,5.98
_25620_,5.98
_26675_,5.98
_26943_,5.98
_14964_,5.97
_19582_,5.97
_00111_,5.96
_00353_,5.96
_02085_,5.96
_04427_,5.96
_04894_,5.96
_07026_,5.96
_13482_,5.96
_13900_,5.96
_19048_,5.96
_20192_,5.96
_20647_,5.96
_21268_,5.96
_21671_,5.96
_22932_,5.96
_23475_,5.96
_24938_,5.96
_25295_,5.96
_25546_,5.96
_25547_,5.96
_26079_,5.96
_26910_,5.96
u_core0.ROW\[14\].COL\[0\].u_pe.sum_out\[0\],5.96
net802,5.96
_05839_,5.95
_00257_,5.94
_01783_,5.94
_02015_,5.94
_02779_,5.94
_03024_,5.94
_03074_,5.94
_03311_,5.94
_05976_,5.94
_06379_,5.94
_08551_,5.94
_10978_,5.94
_11306_,5.94
_11542_,5.94
_12700_,5.94
_12986_,5.94
_13047_,5.94
_13138_,5.94
_13273_,5.94
_13627_,5.94
_13944_,5.94
_13985_,5.94
_14901_,5.94
_14947_,5.94
_14949_,5.94
_15271_,5.94
_15683_,5.94
_16794_,5.94
_17844_,5.94
_19188_,5.94
_19381_,5.94
_19446_,5.94
_19859_,5.94
_19991_,5.94
_20586_,5.94
_21373_,5.94
_21672_,5.94
_21878_,5.94
_22258_,5.94
_22702_,5.94
_22809_,5.94
_23526_,5.94
_23753_,5.94
_24451_,5.94
_25202_,5.94
_14274_,5.935
_00040_,5.92
_01154_,5.92
_04892_,5.92
_05253_,5.92
_15867_,5.92
_16624_,5.92
_17581_,5.92
_26725_,5.92
_05457_,5.9
_08583_,5.9
_09280_,5.9
_09859_,5.9
_11203_,5.9
_12565_,5.9
_13765_,5.9
_23041_,5.9
_24321_,5.9
_24459_,5.9
_07947_,5.89
_13696_,5.89
_19129_,5.89
_26745_,5.89
_18617_,5.87
_00573_,5.86
_00989_,5.86
_02448_,5.86
_02474_,5.86
_03794_,5.86
_04449_,5.86
_05142_,5.86
_05570_,5.86
_07946_,5.86
_07978_,5.86
_08090_,5.86
_09348_,5.86
_09621_,5.86
_10000_,5.86
_10304_,5.86
_10364_,5.86
_10617_,5.86
_11393_,5.86
_12026_,5.86
_12119_,5.86
_12689_,5.86
_12774_,5.86
_13144_,5.86
_13549_,5.86
_13630_,5.86
_14617_,5.86
_15186_,5.86
_17097_,5.86
_17432_,5.86
_18009_,5.86
_18675_,5.86
_18697_,5.86
_19008_,5.86
_19101_,5.86
_19419_,5.86
_19597_,5.86
_19701_,5.86
_19725_,5.86
_19833_,5.86
_21977_,5.86
_22541_,5.86
_22595_,5.86
_23434_,5.86
_23715_,5.86
_24165_,5.86
_24224_,5.86
_24829_,5.86
_25692_,5.86
_26068_,5.86
_26371_,5.86
_26509_,5.86
_26634_,5.86
u_core0.ROW\[13\].COL\[1\].u_pe.sum_out\[6\],5.86
net8,5.86
net30,5.86
net1007,5.86
_11147_,5.85
_12910_,5.85
_23958_,5.845
_00058_,5.84
_00110_,5.84
_00215_,5.84
_00267_,5.84
_01024_,5.84
_01043_,5.84
_01077_,5.84
_01299_,5.84
_01313_,5.84
_01347_,5.84
_01355_,5.84
_01818_,5.84
_01899_,5.84
_01900_,5.84
_02129_,5.84
_02406_,5.84
_02934_,5.84
_04169_,5.84
_04538_,5.84
_04853_,5.84
_04907_,5.84
_05632_,5.84
_05821_,5.84
_05827_,5.84
_05986_,5.84
_06076_,5.84
_06095_,5.84
_06165_,5.84
_06199_,5.84
_06347_,5.84
_06399_,5.84
_06768_,5.84
_06916_,5.84
_07360_,5.84
_07510_,5.84
_07976_,5.84
_08088_,5.84
_08240_,5.84
_08863_,5.84
_09328_,5.84
_09718_,5.84
_10125_,5.84
_10392_,5.84
_10744_,5.84
_11016_,5.84
_11672_,5.84
_11696_,5.84
_12250_,5.84
_12613_,5.84
_13327_,5.84
_13401_,5.84
_13791_,5.84
_13806_,5.84
_13889_,5.84
_14081_,5.84
_14112_,5.84
_14420_,5.84
_14557_,5.84
_14781_,5.84
_14782_,5.84
_14982_,5.84
_15172_,5.84
_15429_,5.84
_15987_,5.84
_16052_,5.84
_16088_,5.84
_16246_,5.84
_16416_,5.84
_16501_,5.84
_16567_,5.84
_16651_,5.84
_16724_,5.84
_16894_,5.84
_17109_,5.84
_17140_,5.84
_17628_,5.84
_17713_,5.84
_17796_,5.84
_18199_,5.84
_18329_,5.84
_18626_,5.84
_19049_,5.84
_19131_,5.84
_19300_,5.84
_19480_,5.84
_19678_,5.84
_19798_,5.84
_19863_,5.84
_19910_,5.84
_20164_,5.84
_20200_,5.84
_20650_,5.84
_21084_,5.84
_21424_,5.84
_21950_,5.84
_21959_,5.84
_22609_,5.84
_23245_,5.84
_23316_,5.84
_23577_,5.84
_23719_,5.84
_24124_,5.84
_24204_,5.84
_24223_,5.84
_24687_,5.84
_24734_,5.84
_24769_,5.84
_24898_,5.84
_26153_,5.84
_26427_,5.84
u_core0.ROW\[13\].COL\[0\].u_pe.sum_out\[19\],5.84
u_core0.ROW\[30\].COL\[1\].u_pe.b_out\[0\],5.84
net1003,5.84
_01176_,5.82
_01362_,5.82
_02585_,5.82
_04204_,5.82
_04851_,5.82
_05193_,5.82
_05295_,5.82
_05406_,5.82
_08121_,5.82
_09133_,5.82
_09269_,5.82
_09354_,5.82
_11262_,5.82
_12861_,5.82
_13953_,5.82
_14507_,5.82
_17129_,5.82
_17877_,5.82
_18233_,5.82
_18442_,5.82
_19451_,5.82
_21262_,5.82
_21445_,5.82
_24506_,5.82
_25156_,5.82
_26060_,5.82
_26192_,5.82
u_core0.ROW\[26\].COL\[0\].u_pe.sum_out\[1\],5.82
_02073_,5.81
_06730_,5.805
_06741_,5.805
_23019_,5.805
_00121_,5.8
_00374_,5.8
_00483_,5.8
_01128_,5.8
_02105_,5.8
_02816_,5.8
_03253_,5.8
_03458_,5.8
_03469_,5.8
_03617_,5.8
_04039_,5.8
_04222_,5.8
_04756_,5.8
_04804_,5.8
_05496_,5.8
_05894_,5.8
_05903_,5.8
_05907_,5.8
_06386_,5.8
_06556_,5.8
_06577_,5.8
_06589_,5.8
_06748_,5.8
_06807_,5.8
_06839_,5.8
_06971_,5.8
_07048_,5.8
_07109_,5.8
_07239_,5.8
_08988_,5.8
_09023_,5.8
_09505_,5.8
_09953_,5.8
_10275_,5.8
_10933_,5.8
_10979_,5.8
_11548_,5.8
_12654_,5.8
_13720_,5.8
_14621_,5.8
_14983_,5.8
_15002_,5.8
_15446_,5.8
_16225_,5.8
_16251_,5.8
_16617_,5.8
_16921_,5.8
_17023_,5.8
_17025_,5.8
_17048_,5.8
_17288_,5.8
_17859_,5.8
_17948_,5.8
_18098_,5.8
_18204_,5.8
_19038_,5.8
_19217_,5.8
_19254_,5.8
_20040_,5.8
_20238_,5.8
_20459_,5.8
_22441_,5.8
_22544_,5.8
_22635_,5.8
_22973_,5.8
_23251_,5.8
_23255_,5.8
_23374_,5.8
_23412_,5.8
_23832_,5.8
_24184_,5.8
_24592_,5.8
_24903_,5.8
_25141_,5.8
_25461_,5.8
_26498_,5.8
_26756_,5.8
u_core0.ROW\[11\].COL\[0\].u_pe.a_out\[6\],5.8
u_core0.ROW\[30\].COL\[1\].u_pe.b_out\[2\],5.8
u_core0.ROW\[4\].COL\[1\].u_pe.sum_out\[11\],5.8
u_core0.ROW\[8\].COL\[1\].u_pe.sum_out\[11\],5.8
net1060,5.8
_04689_,5.79
_05374_,5.785
_05983_,5.78
_10985_,5.78
_17718_,5.78
_24065_,5.78
_01160_,5.77
_13239_,5.76
_24069_,5.75
_00809_,5.74
_02049_,5.74
_02113_,5.74
_02798_,5.74
_03634_,5.74
_04356_,5.74
_04536_,5.74
_06936_,5.74
_07038_,5.74
_07800_,5.74
_07865_,5.74
_08071_,5.74
_08416_,5.74
_09061_,5.74
_10075_,5.74
_10326_,5.74
_10596_,5.74
_11074_,5.74
_11196_,5.74
_11255_,5.74
_11909_,5.74
_12217_,5.74
_12500_,5.74
_12514_,5.74
_12663_,5.74
_12667_,5.74
_12951_,5.74
_13007_,5.74
_13190_,5.74
_14404_,5.74
_14526_,5.74
_14761_,5.74
_14993_,5.74
_15146_,5.74
_15212_,5.74
_15393_,5.74
_15774_,5.74
_16080_,5.74
_16465_,5.74
_16526_,5.74
_17627_,5.74
_18792_,5.74
_18959_,5.74
_19054_,5.74
_19372_,5.74
_19424_,5.74
_19434_,5.74
_20237_,5.74
_20260_,5.74
_20420_,5.74
_21392_,5.74
_22218_,5.74
_22383_,5.74
_22498_,5.74
_23623_,5.74
_24784_,5.74
_25095_,5.74
_26022_,5.74
_26096_,5.74
_26888_,5.74
net726,5.74
net1058,5.74
_03035_,5.73
_14300_,5.73
_21996_,5.73
_25755_,5.73
_11556_,5.725
_00316_,5.72
_01092_,5.72
_01377_,5.72
_01452_,5.72
_01594_,5.72
_02465_,5.72
_02897_,5.72
_02965_,5.72
_03161_,5.72
_03864_,5.72
_04334_,5.72
_04597_,5.72
_04814_,5.72
_04869_,5.72
_05265_,5.72
_05569_,5.72
_05758_,5.72
_05795_,5.72
_05874_,5.72
_06143_,5.72
_06175_,5.72
_06204_,5.72
_07188_,5.72
_07631_,5.72
_07646_,5.72
_07816_,5.72
_07904_,5.72
_08046_,5.72
_08156_,5.72
_08581_,5.72
_08744_,5.72
_08956_,5.72
_09363_,5.72
_09508_,5.72
_09674_,5.72
_09942_,5.72
_10402_,5.72
_10803_,5.72
_10957_,5.72
_11172_,5.72
_11346_,5.72
_12053_,5.72
_12203_,5.72
_12256_,5.72
_12297_,5.72
_12781_,5.72
_12889_,5.72
_12891_,5.72
_13199_,5.72
_13575_,5.72
_13772_,5.72
_13819_,5.72
_13855_,5.72
_13862_,5.72
_14257_,5.72
_14416_,5.72
_14425_,5.72
_14562_,5.72
_14929_,5.72
_15208_,5.72
_15686_,5.72
_15918_,5.72
_15921_,5.72
_16233_,5.72
_16237_,5.72
_16852_,5.72
_16936_,5.72
_17213_,5.72
_17389_,5.72
_17907_,5.72
_18206_,5.72
_18333_,5.72
_18842_,5.72
_19483_,5.72
_19674_,5.72
_19745_,5.72
_19754_,5.72
_19783_,5.72
_19927_,5.72
_19953_,5.72
_20000_,5.72
_20123_,5.72
_20786_,5.72
_20849_,5.72
_20891_,5.72
_20927_,5.72
_21452_,5.72
_22241_,5.72
_22259_,5.72
_22307_,5.72
_22356_,5.72
_22803_,5.72
_23048_,5.72
_23276_,5.72
_23336_,5.72
_23504_,5.72
_24137_,5.72
_24688_,5.72
_24798_,5.72
_25031_,5.72
_25061_,5.72
_25088_,5.72
_25954_,5.72
u_core0.ROW\[12\].COL\[0\].u_pe.sum_out\[19\],5.72
u_core0.ROW\[30\].COL\[0\].u_pe.sum_out\[11\],5.72
_14438_,5.71
_02312_,5.7
_03589_,5.7
_05965_,5.7
_07084_,5.7
_09663_,5.7
_09936_,5.7
_10447_,5.7
_11081_,5.7
_11974_,5.7
_13320_,5.7
_15280_,5.7
_15738_,5.7
_17978_,5.7
_18062_,5.7
_18265_,5.7
_18505_,5.7
_22236_,5.7
_26094_,5.7
_26862_,5.7
_04345_,5.69
_20317_,5.69
_01447_,5.68
_01572_,5.68
_02412_,5.68
_02631_,5.68
_02733_,5.68
_02993_,5.68
_04016_,5.68
_04740_,5.68
_05222_,5.68
_05239_,5.68
_05393_,5.68
_05507_,5.68
_05551_,5.68
_05696_,5.68
_05862_,5.68
_06062_,5.68
_06272_,5.68
_06277_,5.68
_07733_,5.68
_08111_,5.68
_08431_,5.68
_09046_,5.68
_09232_,5.68
_09266_,5.68
_09393_,5.68
_09835_,5.68
_10087_,5.68
_10457_,5.68
_10779_,5.68
_10854_,5.68
_13769_,5.68
_13852_,5.68
_14131_,5.68
_14690_,5.68
_14699_,5.68
_14737_,5.68
_14825_,5.68
_16469_,5.68
_16704_,5.68
_17598_,5.68
_18018_,5.68
_19688_,5.68
_19852_,5.68
_20205_,5.68
_20607_,5.68
_20720_,5.68
_21109_,5.68
_21299_,5.68
_21407_,5.68
_21853_,5.68
_23150_,5.68
_24228_,5.68
_24291_,5.68
_24419_,5.68
_24836_,5.68
_25516_,5.68
_26142_,5.68
_26968_,5.68
_27000_,5.68
net679,5.68
net805,5.68
net856,5.68
_19134_,5.66
_17518_,5.65
_01155_,5.63
_01560_,5.62
_01850_,5.62
_03029_,5.62
_03474_,5.62
_03899_,5.62
_06294_,5.62
_10074_,5.62
_11284_,5.62
_12911_,5.62
_13058_,5.62
_13475_,5.62
_14245_,5.62
_14703_,5.62
_16711_,5.62
_17576_,5.62
_18573_,5.62
_19639_,5.62
_19770_,5.62
_20636_,5.62
_21796_,5.62
_22448_,5.62
_23942_,5.62
_24832_,5.62
_26091_,5.62
_26673_,5.62
_19504_,5.615
_07097_,5.61
_23784_,5.61
_12632_,5.605
_00153_,5.6
_00178_,5.6
_01047_,5.6
_02218_,5.6
_02752_,5.6
_03710_,5.6
_03749_,5.6
_04295_,5.6
_04519_,5.6
_05097_,5.6
_05411_,5.6
_05667_,5.6
_05904_,5.6
_06717_,5.6
_06939_,5.6
_08047_,5.6
_08092_,5.6
_08611_,5.6
_08788_,5.6
_08922_,5.6
_09125_,5.6
_09681_,5.6
_10286_,5.6
_11114_,5.6
_11392_,5.6
_11398_,5.6
_11526_,5.6
_12023_,5.6
_13796_,5.6
_13864_,5.6
_14366_,5.6
_14571_,5.6
_14597_,5.6
_16342_,5.6
_17121_,5.6
_17701_,5.6
_18901_,5.6
_19270_,5.6
_20365_,5.6
_20401_,5.6
_20431_,5.6
_20564_,5.6
_21273_,5.6
_24369_,5.6
_25469_,5.6
_25537_,5.6
_26166_,5.6
_05254_,5.595
_07082_,5.595
_08676_,5.59
_02814_,5.58
_08656_,5.58
_11510_,5.58
_12486_,5.58
_15125_,5.58
_18977_,5.58
_26807_,5.58
_02386_,5.56
_03477_,5.56
_04656_,5.56
_04702_,5.56
_07571_,5.56
_08365_,5.56
_08843_,5.56
_10065_,5.56
_12854_,5.56
_13333_,5.56
_13557_,5.56
_14123_,5.56
_20147_,5.56
_20335_,5.56
_21171_,5.56
_21714_,5.56
_24498_,5.56
_26619_,5.56
net1094,5.56
_21543_,5.555
_24478_,5.55
_00676_,5.525
_07898_,5.52
_08265_,5.52
_08275_,5.52
_08939_,5.52
_10836_,5.52
_13978_,5.52
_14616_,5.52
_14792_,5.52
_16057_,5.52
_16304_,5.52
_17299_,5.52
_18029_,5.52
_18844_,5.52
_19575_,5.52
_19658_,5.52
_19704_,5.52
_19829_,5.52
_20106_,5.52
_23353_,5.52
_23936_,5.52
_24197_,5.52
_24756_,5.52
_25207_,5.52
_16160_,5.51
_00087_,5.5
_00363_,5.5
_00470_,5.5
_00515_,5.5
_00870_,5.5
_03535_,5.5
_04616_,5.5
_08144_,5.5
_10866_,5.5
_14387_,5.5
_17557_,5.5
_22224_,5.5
_22297_,5.5
_23456_,5.5
_23916_,5.5
_23947_,5.5
_25811_,5.5
u_core0.ROW\[6\].COL\[1\].u_pe.sum_out\[0\],5.5
net818,5.5
_06098_,5.485
_00985_,5.48
_01086_,5.48
_01735_,5.48
_02375_,5.48
_03857_,5.48
_04526_,5.48
_04766_,5.48
_06332_,5.48
_06727_,5.48
_07721_,5.48
_08555_,5.48
_08974_,5.48
_09726_,5.48
_09813_,5.48
_10047_,5.48
_10527_,5.48
_10701_,5.48
_10851_,5.48
_10890_,5.48
_11659_,5.48
_12764_,5.48
_13039_,5.48
_13437_,5.48
_14171_,5.48
_14281_,5.48
_14355_,5.48
_15289_,5.48
_16710_,5.48
_17413_,5.48
_17784_,5.48
_19589_,5.48
_19702_,5.48
_19907_,5.48
_19961_,5.48
_20181_,5.48
_21102_,5.48
_22162_,5.48
_23671_,5.48
_26664_,5.48
_05304_,5.47
_00925_,5.46
_04796_,5.46
_06800_,5.46
_12883_,5.46
_13547_,5.46
_23056_,5.46
_24731_,5.46
_01248_,5.44
_04506_,5.44
_05051_,5.44
_05909_,5.44
_07015_,5.44
_18973_,5.44
_21064_,5.44
_23564_,5.44
_25369_,5.41
_00096_,5.4
_01106_,5.4
_01272_,5.4
_01497_,5.4
_01682_,5.4
_02344_,5.4
_02434_,5.4
_03401_,5.4
_03441_,5.4
_03571_,5.4
_03747_,5.4
_04030_,5.4
_04042_,5.4
_04168_,5.4
_04551_,5.4
_05437_,5.4
_05501_,5.4
_05655_,5.4
_05665_,5.4
_05783_,5.4
_06794_,5.4
_06929_,5.4
_07012_,5.4
_07282_,5.4
_07922_,5.4
_08457_,5.4
_08566_,5.4
_08827_,5.4
_09212_,5.4
_09330_,5.4
_09557_,5.4
_10361_,5.4
_10631_,5.4
_10675_,5.4
_11329_,5.4
_12405_,5.4
_12488_,5.4
_12825_,5.4
_13416_,5.4
_13460_,5.4
_13966_,5.4
_14289_,5.4
_14525_,5.4
_14816_,5.4
_15068_,5.4
_15120_,5.4
_15513_,5.4
_15654_,5.4
_15708_,5.4
_15944_,5.4
_16093_,5.4
_16111_,5.4
_16659_,5.4
_16785_,5.4
_16985_,5.4
_17059_,5.4
_17197_,5.4
_17261_,5.4
_17991_,5.4
_18213_,5.4
_18378_,5.4
_18420_,5.4
_18486_,5.4
_18876_,5.4
_18998_,5.4
_19189_,5.4
_19380_,5.4
_19784_,5.4
_20651_,5.4
_20853_,5.4
_21336_,5.4
_21810_,5.4
_22109_,5.4
_22679_,5.4
_22863_,5.4
_24236_,5.4
_24263_,5.4
_24693_,5.4
_25044_,5.4
_25166_,5.4
_25195_,5.4
_25326_,5.4
_25708_,5.4
_25770_,5.4
_25929_,5.4
_26315_,5.4
_26668_,5.4
_26977_,5.4
u_core0.ROW\[13\].COL\[1\].u_pe.sum_out\[10\],5.4
_22978_,5.395
_21018_,5.39
_01027_,5.38
_01190_,5.38
_01506_,5.38
_01511_,5.38
_01803_,5.38
_01927_,5.38
_02011_,5.38
_02938_,5.38
_03247_,5.38
_03906_,5.38
_03920_,5.38
_03933_,5.38
_04150_,5.38
_04166_,5.38
_04202_,5.38
_04288_,5.38
_04333_,5.38
_04416_,5.38
_05024_,5.38
_05071_,5.38
_05213_,5.38
_05328_,5.38
_05575_,5.38
_06249_,5.38
_06282_,5.38
_06372_,5.38
_07071_,5.38
_07118_,5.38
_07142_,5.38
_07294_,5.38
_07366_,5.38
_07425_,5.38
_07522_,5.38
_07557_,5.38
_07562_,5.38
_07617_,5.38
_07648_,5.38
_07909_,5.38
_08002_,5.38
_08137_,5.38
_08459_,5.38
_08644_,5.38
_09275_,5.38
_09329_,5.38
_09453_,5.38
_09934_,5.38
_10269_,5.38
_10338_,5.38
_10794_,5.38
_10983_,5.38
_11011_,5.38
_11028_,5.38
_11102_,5.38
_11111_,5.38
_11448_,5.38
_11511_,5.38
_11811_,5.38
_11998_,5.38
_12160_,5.38
_12177_,5.38
_12586_,5.38
_12750_,5.38
_13176_,5.38
_13503_,5.38
_13803_,5.38
_13851_,5.38
_14094_,5.38
_14196_,5.38
_14309_,5.38
_14348_,5.38
_14472_,5.38
_14768_,5.38
_14843_,5.38
_15286_,5.38
_15523_,5.38
_15583_,5.38
_15776_,5.38
_15947_,5.38
_15955_,5.38
_16120_,5.38
_16147_,5.38
_16401_,5.38
_16473_,5.38
_16569_,5.38
_16605_,5.38
_16797_,5.38
_17079_,5.38
_17485_,5.38
_17654_,5.38
_18283_,5.38
_18921_,5.38
_19002_,5.38
_19029_,5.38
_19099_,5.38
_19295_,5.38
_19663_,5.38
_19708_,5.38
_20030_,5.38
_20085_,5.38
_20257_,5.38
_20434_,5.38
_20631_,5.38
_20704_,5.38
_21488_,5.38
_21647_,5.38
_21767_,5.38
_22288_,5.38
_22484_,5.38
_22739_,5.38
_22755_,5.38
_22938_,5.38
_22982_,5.38
_23601_,5.38
_23980_,5.38
_24076_,5.38
_24172_,5.38
_24412_,5.38
_24928_,5.38
_25048_,5.38
_25198_,5.38
_25279_,5.38
_25321_,5.38
_25433_,5.38
_26036_,5.38
_26485_,5.38
_26719_,5.38
u_core0.ROW\[12\].COL\[1\].u_pe.sum_out\[6\],5.38
u_core0.ROW\[30\].COL\[1\].u_pe.b_out\[7\],5.38
net688,5.38
net772,5.38
net788,5.38
_17407_,5.375
_08823_,5.37
_25373_,5.37
_01127_,5.36
_01634_,5.36
_01878_,5.36
_02850_,5.36
_05473_,5.36
_06380_,5.36
_08916_,5.36
_10811_,5.36
_11243_,5.36
_11708_,5.36
_12763_,5.36
_13018_,5.36
_13276_,5.36
_13500_,5.36
_15762_,5.36
_16202_,5.36
_16359_,5.36
_17151_,5.36
_18591_,5.36
_19323_,5.36
_19633_,5.36
_21503_,5.36
_21564_,5.36
_22817_,5.36
_22979_,5.36
_23804_,5.36
_24704_,5.36
_26133_,5.36
_26188_,5.36
_26790_,5.36
u_core0.ROW\[11\].COL\[0\].u_pe.sum_out\[16\],5.36
net691,5.36
_21393_,5.355
_16579_,5.35
_19121_,5.35
_24539_,5.35
_00109_,5.34
_00371_,5.34
_00580_,5.34
_01785_,5.34
_01983_,5.34
_02012_,5.34
_02355_,5.34
_02380_,5.34
_02869_,5.34
_02968_,5.34
_03610_,5.34
_03763_,5.34
_03779_,5.34
_03898_,5.34
_04419_,5.34
_04442_,5.34
_04710_,5.34
_05685_,5.34
_06244_,5.34
_06457_,5.34
_06726_,5.34
_07295_,5.34
_07699_,5.34
_07890_,5.34
_09206_,5.34
_09565_,5.34
_09826_,5.34
_09863_,5.34
_10524_,5.34
_10684_,5.34
_10869_,5.34
_11070_,5.34
_11423_,5.34
_11601_,5.34
_12347_,5.34
_12590_,5.34
_12720_,5.34
_14134_,5.34
_14308_,5.34
_14476_,5.34
_14517_,5.34
_16183_,5.34
_16345_,5.34
_16446_,5.34
_16463_,5.34
_18039_,5.34
_18090_,5.34
_18406_,5.34
_18775_,5.34
_18779_,5.34
_18940_,5.34
_18947_,5.34
_19445_,5.34
_19548_,5.34
_20007_,5.34
_20429_,5.34
_20456_,5.34
_20863_,5.34
_21211_,5.34
_21750_,5.34
_21759_,5.34
_22012_,5.34
_22098_,5.34
_22532_,5.34
_23333_,5.34
_23381_,5.34
_23572_,5.34
_24521_,5.34
_24841_,5.34
_25032_,5.34
_25036_,5.34
_25595_,5.34
_25709_,5.34
_26158_,5.34
_26183_,5.34
_26263_,5.34
_26411_,5.34
net690,5.34
_11189_,5.33
_24130_,5.33
_01101_,5.31
_22891_,5.31
_03011_,5.29
_03756_,5.29
_02655_,5.28
_02842_,5.28
_03625_,5.28
_03742_,5.28
_04324_,5.28
_05650_,5.28
_06680_,5.28
_06684_,5.28
_06853_,5.28
_06912_,5.28
_07968_,5.28
_07997_,5.28
_08119_,5.28
_08219_,5.28
_08488_,5.28
_09149_,5.28
_09886_,5.28
_13356_,5.28
_13429_,5.28
_13645_,5.28
_14344_,5.28
_14858_,5.28
_15723_,5.28
_15948_,5.28
_17082_,5.28
_17655_,5.28
_17657_,5.28
_18473_,5.28
_20210_,5.28
_20674_,5.28
_20761_,5.28
_20968_,5.28
_21310_,5.28
_21790_,5.28
_21997_,5.28
_22171_,5.28
_22381_,5.28
_22745_,5.28
_23391_,5.28
_23414_,5.28
_23534_,5.28
_24353_,5.28
_24406_,5.28
_24960_,5.28
_25112_,5.28
_25685_,5.28
_25962_,5.28
_26460_,5.28
_26518_,5.28
_26608_,5.28
u_core0.ROW\[24\].COL\[1\].u_pe.sum_out\[1\],5.28
_17671_,5.275
_02927_,5.27
_01040_,5.26
_01337_,5.26
_01568_,5.26
_01627_,5.26
_02235_,5.26
_02871_,5.26
_03151_,5.26
_03576_,5.26
_03790_,5.26
_03986_,5.26
_05223_,5.26
_05263_,5.26
_05335_,5.26
_05555_,5.26
_06184_,5.26
_06245_,5.26
_06475_,5.26
_06692_,5.26
_06932_,5.26
_07582_,5.26
_07886_,5.26
_08113_,5.26
_08930_,5.26
_09001_,5.26
_09392_,5.26
_09769_,5.26
_09866_,5.26
_10037_,5.26
_10051_,5.26
_10225_,5.26
_10717_,5.26
_10786_,5.26
_10834_,5.26
_10919_,5.26
_12138_,5.26
_12158_,5.26
_12205_,5.26
_12235_,5.26
_12693_,5.26
_12726_,5.26
_13061_,5.26
_13085_,5.26
_13178_,5.26
_13495_,5.26
_13717_,5.26
_14111_,5.26
_14384_,5.26
_14475_,5.26
_14500_,5.26
_14785_,5.26
_14831_,5.26
_14882_,5.26
_15126_,5.26
_15191_,5.26
_15385_,5.26
_15527_,5.26
_15827_,5.26
_15885_,5.26
_16228_,5.26
_16239_,5.26
_16271_,5.26
_16346_,5.26
_16712_,5.26
_16716_,5.26
_16730_,5.26
_17224_,5.26
_17719_,5.26
_17901_,5.26
_17904_,5.26
_18005_,5.26
_18215_,5.26
_18549_,5.26
_18582_,5.26
_19032_,5.26
_19151_,5.26
_19159_,5.26
_19232_,5.26
_19469_,5.26
_19538_,5.26
_19804_,5.26
_20262_,5.26
_20543_,5.26
_20597_,5.26
_21218_,5.26
_22743_,5.26
_22795_,5.26
_22850_,5.26
_23169_,5.26
_23380_,5.26
_23535_,5.26
_23556_,5.26
_23622_,5.26
_23955_,5.26
_24251_,5.26
_24335_,5.26
_24810_,5.26
_24901_,5.26
_25478_,5.26
_25662_,5.26
_25700_,5.26
_25701_,5.26
_25773_,5.26
_25861_,5.26
_25896_,5.26
_26056_,5.26
_26107_,5.26
_26193_,5.26
_26658_,5.26
_26685_,5.26
u_core0.ROW\[10\].COL\[0\].u_pe.a_out\[3\],5.26
_03076_,5.24
_05365_,5.24
_06966_,5.24
_12240_,5.24
_13753_,5.24
_15202_,5.24
_20269_,5.24
_21818_,5.24
_21897_,5.24
_21999_,5.24
_22465_,5.24
_22859_,5.24
_23625_,5.24
_24546_,5.24
_25519_,5.24
net673,5.24
_01934_,5.22
_02056_,5.22
_03040_,5.22
_03077_,5.22
_04001_,5.22
_04010_,5.22
_04192_,5.22
_04363_,5.22
_04843_,5.22
_05279_,5.22
_05886_,5.22
_05892_,5.22
_05921_,5.22
_05929_,5.22
_06761_,5.22
_06930_,5.22
_07796_,5.22
_08237_,5.22
_08925_,5.22
_10615_,5.22
_10822_,5.22
_11097_,5.22
_11199_,5.22
_12021_,5.22
_12332_,5.22
_12567_,5.22
_12606_,5.22
_12721_,5.22
_12842_,5.22
_12931_,5.22
_13830_,5.22
_13980_,5.22
_14058_,5.22
_14854_,5.22
_14928_,5.22
_15150_,5.22
_15800_,5.22
_16054_,5.22
_16169_,5.22
_16341_,5.22
_16533_,5.22
_16787_,5.22
_16902_,5.22
_16909_,5.22
_17078_,5.22
_17661_,5.22
_18769_,5.22
_18898_,5.22
_18907_,5.22
_19463_,5.22
_19615_,5.22
_20083_,5.22
_20598_,5.22
_20875_,5.22
_20941_,5.22
_21369_,5.22
_22380_,5.22
_22617_,5.22
_22724_,5.22
_23058_,5.22
_24578_,5.22
_25452_,5.22
_25489_,5.22
_26546_,5.22
_01619_,5.21
_19935_,5.21
_19896_,5.205
_02878_,5.19
_17312_,5.19
_24110_,5.19
_00935_,5.185
_15528_,5.17
_24827_,5.17
_01399_,5.16
_10369_,5.16
_11494_,5.16
_11509_,5.16
_12098_,5.16
_14391_,5.16
_14938_,5.16
_15215_,5.16
_16547_,5.16
_16620_,5.16
_17575_,5.16
_18785_,5.16
_19675_,5.16
_20027_,5.16
_23068_,5.16
_24681_,5.16
_26553_,5.16
_18076_,5.155
_02171_,5.15
_22614_,5.15
_24675_,5.15
_01435_,5.14
_01610_,5.14
_01726_,5.14
_01971_,5.14
_02137_,5.14
_03175_,5.14
_03623_,5.14
_04963_,5.14
_05672_,5.14
_07541_,5.14
_08665_,5.14
_09384_,5.14
_10117_,5.14
_10272_,5.14
_10633_,5.14
_11294_,5.14
_11876_,5.14
_12219_,5.14
_12495_,5.14
_12587_,5.14
_12990_,5.14
_13317_,5.14
_13924_,5.14
_14051_,5.14
_16068_,5.14
_16260_,5.14
_16753_,5.14
_17929_,5.14
_18527_,5.14
_19056_,5.14
_19144_,5.14
_19168_,5.14
_19716_,5.14
_20099_,5.14
_20454_,5.14
_20638_,5.14
_23702_,5.14
_24527_,5.14
_24774_,5.14
_25651_,5.14
u_core0.ROW\[30\].COL\[0\].u_pe.sum_out\[2\],5.14
_06271_,5.12
_07328_,5.12
_10470_,5.12
_11667_,5.12
_15111_,5.12
_16528_,5.12
_16910_,5.12
_22420_,5.12
_22733_,5.12
_23461_,5.12
_23994_,5.12
net773,5.12
net881,5.12
_01797_,5.1
_02192_,5.1
_04713_,5.1
_05588_,5.1
_07784_,5.1
_09136_,5.1
_09186_,5.1
_09190_,5.1
_10066_,5.1
_12416_,5.1
_12582_,5.1
_12823_,5.1
_13112_,5.1
_13934_,5.1
_15197_,5.1
_17250_,5.1
_20327_,5.1
_21349_,5.1
_23797_,5.1
_24917_,5.1
_25854_,5.1
_00077_,5.06
_02390_,5.06
_02522_,5.06
_02717_,5.06
_03824_,5.06
_04184_,5.06
_04270_,5.06
_05169_,5.06
_05245_,5.06
_07556_,5.06
_07827_,5.06
_08452_,5.06
_10568_,5.06
_10570_,5.06
_10606_,5.06
_10679_,5.06
_12110_,5.06
_12447_,5.06
_12850_,5.06
_12852_,5.06
_13041_,5.06
_13353_,5.06
_13731_,5.06
_14591_,5.06
_14950_,5.06
_15070_,5.06
_15430_,5.06
_16062_,5.06
_16398_,5.06
_16779_,5.06
_16827_,5.06
_17022_,5.06
_17759_,5.06
_17897_,5.06
_17999_,5.06
_18066_,5.06
_18187_,5.06
_18216_,5.06
_18499_,5.06
_19742_,5.06
_20184_,5.06
_20359_,5.06
_21801_,5.06
_23776_,5.06
_25786_,5.06
_26130_,5.06
_26138_,5.06
_26940_,5.06
net828,5.06
_00768_,5.04
_02205_,5.04
_03480_,5.04
_04299_,5.04
_05367_,5.04
_07498_,5.04
_07911_,5.04
_09872_,5.04
_11007_,5.04
_11493_,5.04
_11677_,5.04
_12151_,5.04
_12614_,5.04
_12935_,5.04
_14545_,5.04
_15165_,5.04
_15318_,5.04
_17371_,5.04
_17810_,5.04
_17814_,5.04
_18827_,5.04
_20374_,5.04
_20851_,5.04
_25389_,5.04
_18896_,5.035
_07203_,5.03
_11479_,5.03
_24378_,5.03
_01408_,5.02
_01417_,5.02
_01549_,5.02
_01720_,5.02
_03688_,5.02
_03746_,5.02
_06837_,5.02
_07568_,5.02
_08290_,5.02
_08324_,5.02
_08336_,5.02
_08405_,5.02
_09053_,5.02
_09255_,5.02
_09516_,5.02
_10173_,5.02
_10620_,5.02
_10910_,5.02
_12815_,5.02
_13451_,5.02
_16299_,5.02
_18180_,5.02
_18476_,5.02
_19874_,5.02
_20600_,5.02
_21139_,5.02
_21513_,5.02
_21773_,5.02
_22126_,5.02
_23059_,5.02
_23292_,5.02
_24008_,5.02
_24219_,5.02
_25622_,5.02
_26852_,5.02
_26955_,5.02
_26995_,5.02
u_core0.ROW\[26\].COL\[1\].u_pe.b_out\[3\],5.02
_00560_,5
_00735_,5
_05899_,5
_08133_,5
_08785_,5
_11870_,5
_14573_,5
_15332_,5
_21641_,5
u_core0.ROW\[30\].COL\[1\].u_pe.b_out\[4\],5
_13191_,4.995
_04976_,4.99
_04500_,4.98
_15180_,4.97
_13443_,4.96
_03110_,4.95
_17442_,4.95
_00115_,4.94
_00691_,4.94
_00929_,4.94
_00949_,4.94
_01604_,4.94
_01926_,4.94
_03360_,4.94
_03659_,4.94
_03693_,4.94
_03733_,4.94
_04604_,4.94
_04865_,4.94
_05146_,4.94
_05155_,4.94
_05192_,4.94
_05218_,4.94
_05358_,4.94
_05522_,4.94
_05690_,4.94
_05945_,4.94
_06426_,4.94
_06608_,4.94
_07035_,4.94
_07426_,4.94
_07767_,4.94
_07821_,4.94
_07843_,4.94
_07937_,4.94
_08058_,4.94
_08174_,4.94
_08400_,4.94
_08434_,4.94
_08481_,4.94
_08529_,4.94
_09228_,4.94
_09543_,4.94
_09632_,4.94
_10508_,4.94
_10683_,4.94
_10818_,4.94
_10954_,4.94
_11647_,4.94
_12079_,4.94
_12148_,4.94
_12379_,4.94
_12710_,4.94
_12740_,4.94
_12942_,4.94
_13749_,4.94
_13904_,4.94
_14076_,4.94
_14193_,4.94
_14599_,4.94
_14706_,4.94
_14967_,4.94
_15137_,4.94
_15154_,4.94
_15415_,4.94
_15516_,4.94
_15635_,4.94
_15976_,4.94
_16107_,4.94
_16142_,4.94
_16144_,4.94
_16549_,4.94
_17064_,4.94
_17076_,4.94
_17155_,4.94
_17419_,4.94
_17456_,4.94
_19047_,4.94
_19825_,4.94
_19959_,4.94
_20209_,4.94
_20277_,4.94
_20521_,4.94
_20569_,4.94
_20961_,4.94
_21155_,4.94
_21265_,4.94
_21333_,4.94
_21375_,4.94
_22292_,4.94
_22310_,4.94
_22750_,4.94
_22943_,4.94
_23023_,4.94
_23269_,4.94
_23591_,4.94
_23973_,4.94
_24635_,4.94
_24776_,4.94
_25333_,4.94
_25616_,4.94
_26128_,4.94
_26356_,4.94
_26361_,4.94
_26834_,4.94
u_core0.ROW\[10\].COL\[0\].u_pe.sum_in\[19\],4.94
_02966_,4.93
_00258_,4.92
_00590_,4.92
_00629_,4.92
_01142_,4.92
_01484_,4.92
_01574_,4.92
_01599_,4.92
_01636_,4.92
_01846_,4.92
_01880_,4.92
_01922_,4.92
_02007_,4.92
_02317_,4.92
_02490_,4.92
_02570_,4.92
_02653_,4.92
_02863_,4.92
_02864_,4.92
_03066_,4.92
_03224_,4.92
_03245_,4.92
_03447_,4.92
_03796_,4.92
_03858_,4.92
_03918_,4.92
_04876_,4.92
_04909_,4.92
_05373_,4.92
_05535_,4.92
_05703_,4.92
_06416_,4.92
_06427_,4.92
_06994_,4.92
_06996_,4.92
_07010_,4.92
_07099_,4.92
_07382_,4.92
_07755_,4.92
_07799_,4.92
_08073_,4.92
_08148_,4.92
_08206_,4.92
_08317_,4.92
_08937_,4.92
_09117_,4.92
_09151_,4.92
_09675_,4.92
_09800_,4.92
_10306_,4.92
_10385_,4.92
_10460_,4.92
_10773_,4.92
_11315_,4.92
_11456_,4.92
_11632_,4.92
_11802_,4.92
_11835_,4.92
_11875_,4.92
_12018_,4.92
_12305_,4.92
_12445_,4.92
_12576_,4.92
_12892_,4.92
_12907_,4.92
_13044_,4.92
_13215_,4.92
_13322_,4.92
_13367_,4.92
_13527_,4.92
_13545_,4.92
_13882_,4.92
_13902_,4.92
_14090_,4.92
_14394_,4.92
_14471_,4.92
_14514_,4.92
_14630_,4.92
_14989_,4.92
_15149_,4.92
_15231_,4.92
_15311_,4.92
_15402_,4.92
_15627_,4.92
_15816_,4.92
_16362_,4.92
_16442_,4.92
_16535_,4.92
_16880_,4.92
_16908_,4.92
_17159_,4.92
_17711_,4.92
_18001_,4.92
_18105_,4.92
_18218_,4.92
_18356_,4.92
_18388_,4.92
_18513_,4.92
_18863_,4.92
_18870_,4.92
_19052_,4.92
_19196_,4.92
_19397_,4.92
_20464_,4.92
_20825_,4.92
_20970_,4.92
_21237_,4.92
_21683_,4.92
_21940_,4.92
_22088_,4.92
_22629_,4.92
_23112_,4.92
_23424_,4.92
_23630_,4.92
_23720_,4.92
_23920_,4.92
_24055_,4.92
_24414_,4.92
_24868_,4.92
_25152_,4.92
_25212_,4.92
_25227_,4.92
_25289_,4.92
_25338_,4.92
_25350_,4.92
_25380_,4.92
_25436_,4.92
_25660_,4.92
_26101_,4.92
_26227_,4.92
_26245_,4.92
_26360_,4.92
_26456_,4.92
_26540_,4.92
_26616_,4.92
_26660_,4.92
_26734_,4.92
_26992_,4.92
net672,4.92
net683,4.92
_02534_,4.9
_03973_,4.9
_13805_,4.9
_14086_,4.9
_15051_,4.9
_16873_,4.9
_17357_,4.9
_17692_,4.9
_17731_,4.9
_18599_,4.9
_18910_,4.9
_19413_,4.9
_20690_,4.9
_23405_,4.9
_23729_,4.9
_26009_,4.9
_26709_,4.9
_27020_,4.9
_14603_,4.895
_13869_,4.89
_00380_,4.88
_00444_,4.88
_00704_,4.88
_01261_,4.88
_01291_,4.88
_01514_,4.88
_01532_,4.88
_01762_,4.88
_01950_,4.88
_02352_,4.88
_02418_,4.88
_02496_,4.88
_03355_,4.88
_03530_,4.88
_03697_,4.88
_03904_,4.88
_03931_,4.88
_04038_,4.88
_04134_,4.88
_04196_,4.88
_04554_,4.88
_05187_,4.88
_05637_,4.88
_05652_,4.88
_05878_,4.88
_06030_,4.88
_06172_,4.88
_06209_,4.88
_07286_,4.88
_07612_,4.88
_07669_,4.88
_07820_,4.88
_07889_,4.88
_08127_,4.88
_08141_,4.88
_08501_,4.88
_08879_,4.88
_09272_,4.88
_09398_,4.88
_09738_,4.88
_10073_,4.88
_10134_,4.88
_10151_,4.88
_11872_,4.88
_12398_,4.88
_13151_,4.88
_13387_,4.88
_13555_,4.88
_13556_,4.88
_14524_,4.88
_14752_,4.88
_14797_,4.88
_15546_,4.88
_15592_,4.88
_16824_,4.88
_17889_,4.88
_18250_,4.88
_18353_,4.88
_18563_,4.88
_18696_,4.88
_18786_,4.88
_19109_,4.88
_19212_,4.88
_19354_,4.88
_19437_,4.88
_19844_,4.88
_20383_,4.88
_20675_,4.88
_20696_,4.88
_21197_,4.88
_21765_,4.88
_22018_,4.88
_22815_,4.88
_22986_,4.88
_23344_,4.88
_23423_,4.88
_23806_,4.88
_24157_,4.88
_24305_,4.88
_24345_,4.88
_24441_,4.88
_24695_,4.88
_24927_,4.88
_25058_,4.88
_25151_,4.88
_25204_,4.88
_25731_,4.88
_25795_,4.88
_25872_,4.88
_25921_,4.88
u_core0.ROW\[2\].COL\[0\].u_pe.sum_out\[3\],4.88
net814,4.88
_02074_,4.87
_04472_,4.87
_23853_,4.87
_06831_,4.83
_08853_,4.825
_00075_,4.82
_01546_,4.82
_01569_,4.82
_01903_,4.82
_02217_,4.82
_02507_,4.82
_03533_,4.82
_04735_,4.82
_05755_,4.82
_06336_,4.82
_07782_,4.82
_08424_,4.82
_09471_,4.82
_10014_,4.82
_10232_,4.82
_10416_,4.82
_10550_,4.82
_11144_,4.82
_11261_,4.82
_11363_,4.82
_11825_,4.82
_12890_,4.82
_12949_,4.82
_13252_,4.82
_14354_,4.82
_15304_,4.82
_15541_,4.82
_15945_,4.82
_16424_,4.82
_16456_,4.82
_16900_,4.82
_18045_,4.82
_18212_,4.82
_18441_,4.82
_18801_,4.82
_20858_,4.82
_21029_,4.82
_21086_,4.82
_22655_,4.82
_23840_,4.82
_24156_,4.82
_24936_,4.82
_25862_,4.82
_25928_,4.82
net681,4.82
_20513_,4.81
_23536_,4.81
_01033_,4.8
_01042_,4.8
_01050_,4.8
_01059_,4.8
_01082_,4.8
_01194_,4.8
_01283_,4.8
_01566_,4.8
_01577_,4.8
_02009_,4.8
_02194_,4.8
_02460_,4.8
_02576_,4.8
_02591_,4.8
_03289_,4.8
_03378_,4.8
_03449_,4.8
_03532_,4.8
_03611_,4.8
_03636_,4.8
_04380_,4.8
_04459_,4.8
_04816_,4.8
_05057_,4.8
_05323_,4.8
_05529_,4.8
_05966_,4.8
_06501_,4.8
_07113_,4.8
_07285_,4.8
_07299_,4.8
_07527_,4.8
_07665_,4.8
_07919_,4.8
_08589_,4.8
_08643_,4.8
_08743_,4.8
_08753_,4.8
_08797_,4.8
_08909_,4.8
_08969_,4.8
_09037_,4.8
_09396_,4.8
_09717_,4.8
_09760_,4.8
_09918_,4.8
_10299_,4.8
_10848_,4.8
_11223_,4.8
_11291_,4.8
_11626_,4.8
_11702_,4.8
_11902_,4.8
_12115_,4.8
_12213_,4.8
_12480_,4.8
_12552_,4.8
_12566_,4.8
_12571_,4.8
_12675_,4.8
_12681_,4.8
_12739_,4.8
_12752_,4.8
_13104_,4.8
_13207_,4.8
_14067_,4.8
_14440_,4.8
_14583_,4.8
_14806_,4.8
_15370_,4.8
_15410_,4.8
_15539_,4.8
_16043_,4.8
_16117_,4.8
_16132_,4.8
_16134_,4.8
_16259_,4.8
_16316_,4.8
_16581_,4.8
_16989_,4.8
_17708_,4.8
_17778_,4.8
_17917_,4.8
_18109_,4.8
_18124_,4.8
_18232_,4.8
_18902_,4.8
_19003_,4.8
_19180_,4.8
_19369_,4.8
_19503_,4.8
_19550_,4.8
_19885_,4.8
_20395_,4.8
_20413_,4.8
_20470_,4.8
_20722_,4.8
_21137_,4.8
_21579_,4.8
_21785_,4.8
_21903_,4.8
_21978_,4.8
_21991_,4.8
_22034_,4.8
_22048_,4.8
_22285_,4.8
_22312_,4.8
_22328_,4.8
_22640_,4.8
_22687_,4.8
_22776_,4.8
_22871_,4.8
_23151_,4.8
_23246_,4.8
_23732_,4.8
_23758_,4.8
_23996_,4.8
_24395_,4.8
_24439_,4.8
_24473_,4.8
_24664_,4.8
_24727_,4.8
_24800_,4.8
_24812_,4.8
_25007_,4.8
_25089_,4.8
_25224_,4.8
_25426_,4.8
_25593_,4.8
_25604_,4.8
_25946_,4.8
_26415_,4.8
_26582_,4.8
_26779_,4.8
_26823_,4.8
_26971_,4.8
u_core0.ROW\[24\].COL\[1\].u_pe.sum_out\[0\],4.8
u_core0.ROW\[26\].COL\[0\].u_pe.sum_out\[2\],4.8
net998,4.8
net1063,4.8
_01949_,4.78
_02044_,4.78
_02055_,4.78
_02506_,4.78
_03451_,4.78
_07252_,4.78
_07375_,4.78
_12484_,4.78
_14710_,4.78
_14886_,4.78
_15904_,4.78
_16441_,4.78
_18341_,4.78
_20399_,4.78
_26268_,4.78
net671,4.78
_01868_,4.775
_01297_,4.76
_01892_,4.76
_02301_,4.76
_02953_,4.76
_02988_,4.76
_03413_,4.76
_03425_,4.76
_04092_,4.76
_04355_,4.76
_05751_,4.76
_05811_,4.76
_05883_,4.76
_06151_,4.76
_06281_,4.76
_06744_,4.76
_06782_,4.76
_06924_,4.76
_07698_,4.76
_08162_,4.76
_08574_,4.76
_08602_,4.76
_09459_,4.76
_09581_,4.76
_09741_,4.76
_10560_,4.76
_10597_,4.76
_11826_,4.76
_11884_,4.76
_12797_,4.76
_13211_,4.76
_13303_,4.76
_13504_,4.76
_13865_,4.76
_14187_,4.76
_14213_,4.76
_14986_,4.76
_15148_,4.76
_15305_,4.76
_15316_,4.76
_15813_,4.76
_17239_,4.76
_18031_,4.76
_18755_,4.76
_18824_,4.76
_19118_,4.76
_19441_,4.76
_19641_,4.76
_20733_,4.76
_20871_,4.76
_21239_,4.76
_21302_,4.76
_21882_,4.76
_22422_,4.76
_22583_,4.76
_23037_,4.76
_23135_,4.76
_23604_,4.76
_24202_,4.76
_24336_,4.76
_24401_,4.76
_25642_,4.76
_26576_,4.76
_26714_,4.76
_27001_,4.76
u_core0.ROW\[27\].COL\[1\].u_pe.sum_out\[4\],4.76
net826,4.75
_14301_,4.73
_00377_,4.725
_22599_,4.72
_01587_,4.71
_02151_,4.71
_23953_,4.71
_01275_,4.7
_01397_,4.7
_02957_,4.7
_04433_,4.7
_06702_,4.7
_07575_,4.7
_07790_,4.7
_09378_,4.7
_09773_,4.7
_10022_,4.7
_11834_,4.7
_13189_,4.7
_13534_,4.7
_14962_,4.7
_18443_,4.7
_19840_,4.7
_25230_,4.7
_26381_,4.7
_01072_,4.68
_01942_,4.68
_02076_,4.68
_02973_,4.68
_03640_,4.68
_03939_,4.68
_04103_,4.68
_04844_,4.68
_06430_,4.68
_06636_,4.68
_07259_,4.68
_07640_,4.68
_08390_,4.68
_09952_,4.68
_10018_,4.68
_11065_,4.68
_11234_,4.68
_11987_,4.68
_12165_,4.68
_12603_,4.68
_12756_,4.68
_13030_,4.68
_13378_,4.68
_13522_,4.68
_13901_,4.68
_14867_,4.68
_15810_,4.68
_16375_,4.68
_16548_,4.68
_17214_,4.68
_17463_,4.68
_17506_,4.68
_17621_,4.68
_17915_,4.68
_18474_,4.68
_18855_,4.68
_19015_,4.68
_20070_,4.68
_20115_,4.68
_20540_,4.68
_20736_,4.68
_21432_,4.68
_21674_,4.68
_21961_,4.68
_22917_,4.68
_23304_,4.68
_23343_,4.68
_23899_,4.68
_24939_,4.68
_25301_,4.68
net896,4.68
_01631_,4.67
_09793_,4.67
_02442_,4.66
_02456_,4.66
_03258_,4.66
_03394_,4.66
_06075_,4.66
_09090_,4.66
_23319_,4.66
net689,4.66
_16217_,4.605
_00055_,4.6
_01221_,4.6
_02855_,4.6
_02904_,4.6
_03664_,4.6
_03935_,4.6
_03954_,4.6
_04839_,4.6
_05152_,4.6
_05274_,4.6
_05340_,4.6
_06370_,4.6
_06909_,4.6
_07703_,4.6
_07727_,4.6
_08815_,4.6
_10064_,4.6
_10724_,4.6
_11190_,4.6
_11898_,4.6
_12478_,4.6
_13097_,4.6
_13309_,4.6
_13512_,4.6
_13809_,4.6
_14450_,4.6
_14745_,4.6
_15426_,4.6
_15901_,4.6
_16498_,4.6
_16666_,4.6
_18651_,4.6
_24899_,4.6
_26362_,4.6
_26757_,4.6
net15,4.6
_00589_,4.58
_05832_,4.58
_07499_,4.58
_08129_,4.58
_08201_,4.58
_08652_,4.58
_10281_,4.58
_10704_,4.58
_11048_,4.58
_13650_,4.58
_13993_,4.58
_14133_,4.58
_16243_,4.58
_17491_,4.58
_21754_,4.58
_23415_,4.58
_26167_,4.58
_26844_,4.58
u_core0.ROW\[27\].COL\[1\].u_pe.sum_out\[2\],4.58
_13314_,4.57
_00568_,4.56
_01012_,4.56
_02152_,4.56
_02271_,4.56
_02559_,4.56
_02962_,4.56
_04376_,4.56
_05050_,4.56
_05371_,4.56
_06087_,4.56
_06545_,4.56
_07297_,4.56
_08625_,4.56
_09368_,4.56
_09807_,4.56
_10033_,4.56
_10242_,4.56
_10661_,4.56
_10937_,4.56
_11019_,4.56
_12312_,4.56
_12645_,4.56
_12829_,4.56
_12895_,4.56
_13001_,4.56
_13408_,4.56
_13445_,4.56
_14649_,4.56
_17435_,4.56
_17857_,4.56
_18913_,4.56
_19206_,4.56
_19278_,4.56
_19842_,4.56
_20088_,4.56
_20937_,4.56
_21245_,4.56
_21449_,4.56
_21456_,4.56
_23384_,4.56
_23398_,4.56
_23699_,4.56
_23827_,4.56
_24244_,4.56
_24951_,4.56
_25521_,4.56
_00000_,4.54
_00518_,4.54
_01749_,4.54
_03666_,4.54
_05292_,4.54
_10389_,4.54
_18594_,4.54
_25073_,4.54
_23205_,4.52
_08713_,4.49
_19153_,4.49
_00113_,4.48
_00642_,4.48
_01401_,4.48
_01418_,4.48
_01542_,4.48
_02303_,4.48
_02526_,4.48
_02983_,4.48
_03025_,4.48
_03213_,4.48
_03282_,4.48
_03909_,4.48
_03983_,4.48
_03994_,4.48
_04658_,4.48
_04962_,4.48
_04973_,4.48
_05167_,4.48
_05301_,4.48
_05430_,4.48
_05662_,4.48
_06382_,4.48
_06937_,4.48
_07318_,4.48
_07691_,4.48
_07744_,4.48
_07871_,4.48
_08105_,4.48
_08605_,4.48
_10165_,4.48
_10243_,4.48
_11528_,4.48
_11533_,4.48
_11849_,4.48
_12090_,4.48
_13672_,4.48
_13747_,4.48
_14916_,4.48
_15158_,4.48
_15258_,4.48
_15267_,4.48
_15346_,4.48
_15887_,4.48
_16135_,4.48
_16476_,4.48
_17030_,4.48
_18138_,4.48
_18363_,4.48
_18890_,4.48
_19036_,4.48
_19524_,4.48
_19628_,4.48
_19912_,4.48
_20835_,4.48
_21174_,4.48
_22059_,4.48
_22074_,4.48
_22269_,4.48
_22620_,4.48
_23222_,4.48
_23241_,4.48
_23372_,4.48
_23862_,4.48
_23887_,4.48
_24176_,4.48
_24217_,4.48
_24295_,4.48
_24333_,4.48
_24830_,4.48
_25382_,4.48
_25408_,4.48
_25609_,4.48
_25753_,4.48
_25960_,4.48
_26242_,4.48
_26405_,4.48
_01802_,4.475
_01023_,4.46
_01069_,4.46
_01212_,4.46
_01489_,4.46
_01501_,4.46
_01642_,4.46
_01710_,4.46
_01997_,4.46
_02586_,4.46
_02954_,4.46
_03061_,4.46
_03081_,4.46
_03353_,4.46
_03592_,4.46
_03622_,4.46
_03822_,4.46
_03831_,4.46
_03991_,4.46
_04097_,4.46
_04129_,4.46
_04224_,4.46
_04247_,4.46
_04385_,4.46
_05166_,4.46
_05870_,4.46
_06110_,4.46
_06250_,4.46
_06391_,4.46
_07181_,4.46
_07234_,4.46
_07503_,4.46
_07602_,4.46
_07769_,4.46
_07897_,4.46
_07931_,4.46
_08126_,4.46
_08185_,4.46
_08222_,4.46
_08250_,4.46
_08391_,4.46
_08517_,4.46
_08519_,4.46
_08636_,4.46
_08741_,4.46
_09019_,4.46
_09194_,4.46
_09447_,4.46
_09535_,4.46
_09631_,4.46
_09642_,4.46
_09652_,4.46
_09721_,4.46
_09739_,4.46
_10411_,4.46
_10572_,4.46
_10637_,4.46
_10756_,4.46
_10845_,4.46
_11687_,4.46
_12916_,4.46
_13056_,4.46
_13163_,4.46
_13175_,4.46
_13370_,4.46
_13409_,4.46
_13473_,4.46
_13913_,4.46
_14294_,4.46
_14671_,4.46
_14820_,4.46
_14973_,4.46
_15038_,4.46
_15093_,4.46
_15226_,4.46
_15417_,4.46
_15442_,4.46
_15736_,4.46
_15879_,4.46
_15957_,4.46
_16221_,4.46
_16364_,4.46
_16481_,4.46
_16738_,4.46
_16901_,4.46
_17217_,4.46
_17526_,4.46
_17721_,4.46
_17758_,4.46
_18223_,4.46
_18266_,4.46
_18359_,4.46
_18379_,4.46
_18383_,4.46
_18482_,4.46
_18587_,4.46
_18926_,4.46
_18931_,4.46
_18971_,4.46
_19122_,4.46
_19142_,4.46
_19266_,4.46
_19516_,4.46
_19994_,4.46
_20166_,4.46
_20212_,4.46
_20256_,4.46
_20338_,4.46
_20574_,4.46
_20609_,4.46
_20682_,4.46
_20759_,4.46
_21000_,4.46
_21208_,4.46
_21305_,4.46
_21889_,4.46
_22369_,4.46
_22423_,4.46
_22439_,4.46
_22638_,4.46
_22760_,4.46
_22874_,4.46
_23047_,4.46
_23240_,4.46
_23507_,4.46
_23653_,4.46
_23830_,4.46
_23844_,4.46
_24167_,4.46
_24343_,4.46
_24461_,4.46
_24799_,4.46
_24893_,4.46
_25361_,4.46
_25435_,4.46
_25477_,4.46
_25637_,4.46
_25694_,4.46
_25821_,4.46
_25984_,4.46
_26098_,4.46
_26437_,4.46
_26785_,4.46
_26831_,4.46
_26926_,4.46
_26961_,4.46
_26975_,4.46
u_core0.ROW\[14\].COL\[0\].u_pe.sum_out\[16\],4.46
u_core0.ROW\[24\].COL\[0\].u_pe.sum_out\[11\],4.46
_01246_,4.44
_01317_,4.44
_01768_,4.44
_03199_,4.44
_04572_,4.44
_06515_,4.44
_12655_,4.44
_14267_,4.44
_15196_,4.44
_15423_,4.44
_16022_,4.44
_17344_,4.44
_17373_,4.44
_18268_,4.44
_19958_,4.44
_20132_,4.44
_20407_,4.44
_20714_,4.44
_21836_,4.44
_23313_,4.44
_24106_,4.44
_24571_,4.44
_24773_,4.44
_25068_,4.44
_25584_,4.44
_25667_,4.44
_25765_,4.44
_26764_,4.44
net903,4.44
_06342_,4.43
_00554_,4.42
_01117_,4.42
_01677_,4.42
_02003_,4.42
_02141_,4.42
_02279_,4.42
_02311_,4.42
_02564_,4.42
_02695_,4.42
_02837_,4.42
_02873_,4.42
_03068_,4.42
_03751_,4.42
_03895_,4.42
_04833_,4.42
_05200_,4.42
_05425_,4.42
_05963_,4.42
_06210_,4.42
_06441_,4.42
_06497_,4.42
_07152_,4.42
_07260_,4.42
_08004_,4.42
_08017_,4.42
_08262_,4.42
_08484_,4.42
_09474_,4.42
_09562_,4.42
_09672_,4.42
_09783_,4.42
_10019_,4.42
_10297_,4.42
_10776_,4.42
_10930_,4.42
_11198_,4.42
_11816_,4.42
_12532_,4.42
_12574_,4.42
_13021_,4.42
_13216_,4.42
_13349_,4.42
_13561_,4.42
_13867_,4.42
_13963_,4.42
_14316_,4.42
_14429_,4.42
_14474_,4.42
_14543_,4.42
_15236_,4.42
_15440_,4.42
_15847_,4.42
_16058_,4.42
_16319_,4.42
_16352_,4.42
_16387_,4.42
_16536_,4.42
_16715_,4.42
_16911_,4.42
_17020_,4.42
_17440_,4.42
_17817_,4.42
_18387_,4.42
_18416_,4.42
_18728_,4.42
_19815_,4.42
_20244_,4.42
_20455_,4.42
_21169_,4.42
_21252_,4.42
_22571_,4.42
_22996_,4.42
_23166_,4.42
_23889_,4.42
_24173_,4.42
_24229_,4.42
_24464_,4.42
_24557_,4.42
_25394_,4.42
_26865_,4.42
_26980_,4.42
_21637_,4.415
_02345_,4.41
_18541_,4.41
_25005_,4.41
_25045_,4.41
_03308_,4.4
_15596_,4.4
_25961_,4.39
_24797_,4.385
_04559_,4.37
_00993_,4.36
_01525_,4.36
_02087_,4.36
_02843_,4.36
_04458_,4.36
_04841_,4.36
_06320_,4.36
_06901_,4.36
_07211_,4.36
_07868_,4.36
_08622_,4.36
_08880_,4.36
_09312_,4.36
_10809_,4.36
_10918_,4.36
_12327_,4.36
_12540_,4.36
_12923_,4.36
_13811_,4.36
_14182_,4.36
_14520_,4.36
_15367_,4.36
_17212_,4.36
_17855_,4.36
_18610_,4.36
_20394_,4.36
_22766_,4.36
_23223_,4.36
_23717_,4.36
_23912_,4.36
_24407_,4.36
_24717_,4.36
_25363_,4.36
_25813_,4.36
_26346_,4.36
_26439_,4.36
_26620_,4.36
net697,4.36
_02547_,4.35
_13859_,4.35
_17643_,4.345
_00412_,4.34
_01046_,4.34
_01305_,4.34
_01394_,4.34
_01806_,4.34
_03033_,4.34
_03099_,4.34
_03114_,4.34
_03236_,4.34
_03415_,4.34
_03468_,4.34
_03719_,4.34
_03807_,4.34
_03969_,4.34
_04044_,4.34
_04111_,4.34
_04235_,4.34
_04261_,4.34
_04445_,4.34
_04558_,4.34
_04776_,4.34
_05409_,4.34
_05723_,4.34
_05731_,4.34
_05916_,4.34
_06398_,4.34
_07073_,4.34
_07257_,4.34
_07271_,4.34
_07489_,4.34
_07667_,4.34
_07706_,4.34
_07836_,4.34
_07895_,4.34
_07907_,4.34
_08012_,4.34
_08599_,4.34
_08621_,4.34
_08663_,4.34
_09134_,4.34
_09256_,4.34
_09264_,4.34
_09456_,4.34
_09608_,4.34
_09776_,4.34
_10116_,4.34
_10419_,4.34
_10649_,4.34
_10673_,4.34
_11001_,4.34
_11040_,4.34
_11119_,4.34
_11365_,4.34
_11534_,4.34
_11812_,4.34
_11814_,4.34
_11927_,4.34
_11986_,4.34
_12109_,4.34
_12212_,4.34
_12377_,4.34
_12579_,4.34
_12618_,4.34
_12650_,4.34
_12779_,4.34
_13069_,4.34
_13231_,4.34
_13244_,4.34
_13257_,4.34
_13279_,4.34
_13474_,4.34
_13823_,4.34
_13863_,4.34
_14007_,4.34
_14119_,4.34
_14435_,4.34
_14693_,4.34
_14784_,4.34
_14839_,4.34
_14934_,4.34
_15310_,4.34
_15486_,4.34
_15497_,4.34
_15504_,4.34
_15818_,4.34
_16039_,4.34
_16095_,4.34
_16235_,4.34
_16284_,4.34
_16302_,4.34
_16348_,4.34
_16443_,4.34
_16589_,4.34
_16595_,4.34
_16905_,4.34
_17086_,4.34
_17164_,4.34
_17184_,4.34
_17196_,4.34
_17468_,4.34
_17495_,4.34
_18184_,4.34
_18749_,4.34
_18776_,4.34
_18883_,4.34
_18939_,4.34
_19243_,4.34
_19418_,4.34
_19596_,4.34
_19618_,4.34
_20092_,4.34
_20168_,4.34
_20236_,4.34
_20250_,4.34
_20409_,4.34
_20536_,4.34
_20912_,4.34
_21036_,4.34
_21607_,4.34
_22173_,4.34
_22736_,4.34
_23046_,4.34
_23320_,4.34
_23375_,4.34
_23786_,4.34
_23894_,4.34
_23909_,4.34
_24045_,4.34
_24195_,4.34
_24479_,4.34
_24487_,4.34
_24668_,4.34
_24887_,4.34
_25146_,4.34
_25388_,4.34
_25455_,4.34
_25948_,4.34
_26002_,4.34
_26055_,4.34
_26113_,4.34
_26143_,4.34
_26310_,4.34
_26625_,4.34
u_core0.ROW\[11\].COL\[0\].u_pe.a_out\[7\],4.34
u_core0.ROW\[26\].COL\[1\].u_pe.sum_out\[0\],4.34
net783,4.34
_06624_,4.32
_07060_,4.32
_10662_,4.32
_11903_,4.32
_13210_,4.32
_15691_,4.32
_16918_,4.32
_18537_,4.32
_19089_,4.32
_19461_,4.32
_19467_,4.32
_19790_,4.32
_20060_,4.32
_22011_,4.32
_22482_,4.32
_23589_,4.32
_23818_,4.32
_24661_,4.32
_02135_,4.31
_06192_,4.3
_21629_,4.29
_04271_,4.27
_04777_,4.27
_07013_,4.27
_13264_,4.25
_18143_,4.25
_18816_,4.25
_01584_,4.24
_01643_,4.24
_02565_,4.24
_04529_,4.24
_06270_,4.24
_07156_,4.24
_07528_,4.24
_07627_,4.24
_08078_,4.24
_08268_,4.24
_09704_,4.24
_09870_,4.24
_09958_,4.24
_10170_,4.24
_10490_,4.24
_10775_,4.24
_11087_,4.24
_11241_,4.24
_12830_,4.24
_15323_,4.24
_18324_,4.24
_18427_,4.24
_18821_,4.24
_20452_,4.24
_20838_,4.24
_21015_,4.24
_21852_,4.24
_23502_,4.24
_23609_,4.24
_24911_,4.24
_00016_,4.22
_00277_,4.22
_02432_,4.22
_02641_,4.22
_03072_,4.22
_03479_,4.22
_03507_,4.22
_05383_,4.22
_07726_,4.22
_08187_,4.22
_08931_,4.22
_09507_,4.22
_09802_,4.22
_11919_,4.22
_13438_,4.22
_14188_,4.22
_14549_,4.22
_15958_,4.22
_16820_,4.22
_17342_,4.22
_17834_,4.22
_18321_,4.22
_19694_,4.22
_21609_,4.22
_21957_,4.22
_22965_,4.22
_23571_,4.22
net1141,4.22
_05656_,4.2
_06850_,4.2
_15751_,4.2
_18372_,4.2
_21843_,4.2
_24034_,4.2
_24638_,4.2
_25175_,4.2
_02558_,4.195
_14494_,4.19
_15243_,4.19
_19932_,4.19
_22086_,4.19
_15366_,4.18
_18458_,4.165
_00035_,4.145
_00078_,4.14
_01056_,4.14
_02511_,4.14
_03122_,4.14
_03508_,4.14
_04113_,4.14
_04122_,4.14
_05228_,4.14
_06093_,4.14
_06131_,4.14
_06269_,4.14
_06537_,4.14
_06773_,4.14
_07047_,4.14
_08005_,4.14
_09520_,4.14
_09625_,4.14
_10228_,4.14
_10590_,4.14
_11008_,4.14
_11476_,4.14
_11738_,4.14
_11993_,4.14
_12011_,4.14
_12082_,4.14
_13169_,4.14
_13710_,4.14
_15130_,4.14
_15230_,4.14
_15650_,4.14
_15680_,4.14
_15970_,4.14
_16232_,4.14
_17188_,4.14
_17308_,4.14
_17579_,4.14
_18362_,4.14
_19245_,4.14
_19586_,4.14
_20067_,4.14
_20441_,4.14
_21243_,4.14
_22257_,4.14
_22653_,4.14
_23511_,4.14
_24465_,4.14
_25182_,4.14
_25784_,4.14
_26803_,4.14
_27003_,4.14
net808,4.14
net975,4.14
_00209_,4.12
_00234_,4.12
_00256_,4.12
_02452_,4.12
_03472_,4.12
_06650_,4.12
_06802_,4.12
_07548_,4.12
_07748_,4.12
_10371_,4.12
_11371_,4.12
_12727_,4.12
_14056_,4.12
_15101_,4.12
_16276_,4.12
_16488_,4.12
_19730_,4.12
_24440_,4.12
_24822_,4.12
_24863_,4.12
u_core0.ROW\[22\].COL\[1\].u_pe.sum_out\[1\],4.12
_19388_,4.115
_01545_,4.11
_16005_,4.11
_00236_,4.1
_00583_,4.1
_00808_,4.1
_01192_,4.1
_01361_,4.1
_01521_,4.1
_01777_,4.1
_01831_,4.1
_02431_,4.1
_02770_,4.1
_02880_,4.1
_02885_,4.1
_04107_,4.1
_04587_,4.1
_04959_,4.1
_05407_,4.1
_05869_,4.1
_06128_,4.1
_06513_,4.1
_06757_,4.1
_07586_,4.1
_07604_,4.1
_08777_,4.1
_10172_,4.1
_10904_,4.1
_11105_,4.1
_14457_,4.1
_15275_,4.1
_16333_,4.1
_16530_,4.1
_16939_,4.1
_17399_,4.1
_19779_,4.1
_20461_,4.1
_20572_,4.1
_23126_,4.1
_23533_,4.1
_23552_,4.1
_23978_,4.1
_24273_,4.1
_24558_,4.1
_24897_,4.1
_24909_,4.1
_25458_,4.1
_25585_,4.1
_20516_,4.085
_00122_,4.08
_16510_,4.08
u_core0.ROW\[13\].COL\[1\].u_pe.sum_out\[0\],4.08
_19209_,4.07
_25844_,4.06
_05331_,4.03
_10907_,4.03
_16272_,4.03
_00074_,4.025
_00486_,4.02
_00697_,4.02
_00774_,4.02
_01707_,4.02
_02420_,4.02
_02662_,4.02
_03588_,4.02
_03833_,4.02
_04187_,4.02
_04717_,4.02
_04794_,4.02
_04873_,4.02
_05091_,4.02
_05116_,4.02
_05332_,4.02
_05627_,4.02
_06265_,4.02
_06511_,4.02
_06656_,4.02
_06709_,4.02
_06820_,4.02
_06934_,4.02
_07134_,4.02
_07240_,4.02
_07659_,4.02
_07833_,4.02
_07867_,4.02
_07941_,4.02
_07959_,4.02
_08618_,4.02
_08872_,4.02
_08886_,4.02
_09174_,4.02
_09563_,4.02
_10001_,4.02
_10184_,4.02
_10777_,4.02
_10791_,4.02
_11039_,4.02
_11367_,4.02
_12429_,4.02
_12561_,4.02
_12608_,4.02
_12757_,4.02
_12791_,4.02
_12835_,4.02
_13232_,4.02
_13776_,4.02
_13903_,4.02
_14008_,4.02
_14043_,4.02
_14097_,4.02
_14167_,4.02
_14452_,4.02
_14466_,4.02
_14577_,4.02
_14801_,4.02
_14829_,4.02
_14880_,4.02
_15652_,4.02
_15731_,4.02
_16878_,4.02
_16991_,4.02
_17125_,4.02
_17703_,4.02
_18071_,4.02
_18084_,4.02
_18153_,4.02
_18304_,4.02
_18386_,4.02
_18464_,4.02
_18718_,4.02
_18777_,4.02
_18989_,4.02
_18992_,4.02
_19143_,4.02
_19273_,4.02
_19431_,4.02
_19432_,4.02
_19565_,4.02
_19768_,4.02
_19939_,4.02
_20101_,4.02
_20843_,4.02
_20946_,4.02
_21144_,4.02
_21646_,4.02
_23106_,4.02
_23272_,4.02
_23359_,4.02
_23560_,4.02
_23795_,4.02
_24430_,4.02
_24843_,4.02
_24852_,4.02
_24954_,4.02
_25265_,4.02
_25327_,4.02
_25565_,4.02
_25599_,4.02
_25757_,4.02
_26570_,4.02
_26661_,4.02
u_core0.ROW\[17\].COL\[0\].u_pe.sum_out\[0\],4.02
net1001,4.02
_03563_,4.01
_07683_,4.01
_00210_,4
_00387_,4
_00720_,4
_01085_,4
_01327_,4
_01342_,4
_01368_,4
_01469_,4
_01531_,4
_02464_,4
_02658_,4
_02819_,4
_02825_,4
_02853_,4
_03030_,4
_03370_,4
_03541_,4
_03590_,4
_03613_,4
_03676_,4
_03691_,4
_03724_,4
_03788_,4
_04161_,4
_04323_,4
_04375_,4
_04480_,4
_04772_,4
_04900_,4
_04933_,4
_05305_,4
_05317_,4
_05442_,4
_05647_,4
_06088_,4
_06154_,4
_06264_,4
_06330_,4
_06361_,4
_06565_,4
_06728_,4
_06732_,4
_06793_,4
_06928_,4
_07523_,4
_07661_,4
_07729_,4
_07817_,4
_07896_,4
_07983_,4
_08181_,4
_08200_,4
_08407_,4
_08455_,4
_08790_,4
_08839_,4
_08854_,4
_09002_,4
_09036_,4
_09115_,4
_09425_,4
_09596_,4
_09771_,4
_09808_,4
_09944_,4
_10102_,4
_10123_,4
_10145_,4
_10152_,4
_10199_,4
_10201_,4
_10365_,4
_10531_,4
_11062_,4
_11072_,4
_11253_,4
_11276_,4
_11321_,4
_11334_,4
_11404_,4
_11450_,4
_11538_,4
_11643_,4
_11706_,4
_11819_,4
_12123_,4
_12246_,4
_12422_,4
_12473_,4
_12509_,4
_12516_,4
_12886_,4
_12919_,4
_12945_,4
_12968_,4
_12974_,4
_13029_,4
_13448_,4
_13461_,4
_13493_,4
_13580_,4
_13596_,4
_13668_,4
_13850_,4
_14132_,4
_14199_,4
_14346_,4
_14551_,4
_14646_,4
_14667_,4
_14808_,4
_14850_,4
_15006_,4
_15372_,4
_15427_,4
_15499_,4
_15608_,4
_15618_,4
_15629_,4
_15648_,4
_15805_,4
_15906_,4
_15938_,4
_16060_,4
_16318_,4
_16550_,4
_16572_,4
_16767_,4
_16887_,4
_17014_,4
_17069_,4
_17172_,4
_17255_,4
_17331_,4
_17570_,4
_17642_,4
_17653_,4
_17788_,4
_18044_,4
_18258_,4
_18619_,4
_18659_,4
_18845_,4
_18848_,4
_18884_,4
_19066_,4
_19106_,4
_19198_,4
_19282_,4
_19316_,4
_19527_,4
_19676_,4
_19872_,4
_20046_,4
_20195_,4
_20221_,4
_20249_,4
_20336_,4
_20677_,4
_20915_,4
_21504_,4
_21698_,4
_21915_,4
_21919_,4
_22500_,4
_22509_,4
_22673_,4
_22738_,4
_22921_,4
_23143_,4
_23558_,4
_23706_,4
_24062_,4
_24063_,4
_24141_,4
_24278_,4
_24297_,4
_24332_,4
_24466_,4
_24544_,4
_24766_,4
_24956_,4
_25632_,4
_25647_,4
_25687_,4
_25985_,4
_26024_,4
_26154_,4
_26934_,4
_27022_,4
net686,4
net729,4
_22666_,3.995
_01080_,3.98
_02562_,3.98
_03560_,3.98
_03878_,3.98
_04052_,3.98
_05005_,3.98
_07480_,3.98
_07650_,3.98
_09423_,3.98
_09706_,3.98
_10308_,3.98
_11883_,3.98
_12952_,3.98
_13937_,3.98
_14919_,3.98
_15882_,3.98
_17942_,3.98
_18872_,3.98
_19757_,3.98
_20045_,3.98
_20517_,3.98
_21545_,3.98
_21660_,3.98
_22400_,3.98
_23606_,3.98
_23811_,3.98
_24624_,3.98
_24642_,3.98
_24964_,3.98
_26523_,3.98
_26809_,3.98
_11852_,3.97
_24443_,3.97
_18789_,3.95
_20948_,3.94
_01240_,3.93
_03548_,3.93
_21291_,3.93
_23385_,3.93
_26196_,3.93
_17286_,3.91
_15898_,3.905
_02970_,3.9
_03012_,3.9
_03065_,3.9
_03553_,3.9
_04400_,3.9
_04935_,3.9
_07307_,3.9
_08213_,3.9
_11492_,3.9
_11866_,3.9
_12908_,3.9
_12999_,3.9
_15297_,3.9
_15693_,3.9
_18435_,3.9
_18747_,3.9
_19556_,3.9
_19830_,3.9
_19838_,3.9
_21841_,3.9
_22254_,3.9
_23608_,3.9
net920,3.9
net925,3.9
_05789_,3.89
_09794_,3.89
_00867_,3.88
_01044_,3.88
_01098_,3.88
_01137_,3.88
_01143_,3.88
_01450_,3.88
_01717_,3.88
_02305_,3.88
_02366_,3.88
_02396_,3.88
_02429_,3.88
_02447_,3.88
_02618_,3.88
_02673_,3.88
_02678_,3.88
_03059_,3.88
_03494_,3.88
_03572_,3.88
_03808_,3.88
_04341_,3.88
_04447_,3.88
_04574_,3.88
_05176_,3.88
_05567_,3.88
_05669_,3.88
_06077_,3.88
_06533_,3.88
_06733_,3.88
_06743_,3.88
_06892_,3.88
_06975_,3.88
_07266_,3.88
_07272_,3.88
_07470_,3.88
_07485_,3.88
_07502_,3.88
_07704_,3.88
_07850_,3.88
_08063_,3.88
_08380_,3.88
_09016_,3.88
_09043_,3.88
_09047_,3.88
_09116_,3.88
_09692_,3.88
_09754_,3.88
_09924_,3.88
_09928_,3.88
_10101_,3.88
_10318_,3.88
_10400_,3.88
_10912_,3.88
_11228_,3.88
_11232_,3.88
_11300_,3.88
_11430_,3.88
_11522_,3.88
_11568_,3.88
_11869_,3.88
_12426_,3.88
_12578_,3.88
_12950_,3.88
_12996_,3.88
_13208_,3.88
_13348_,3.88
_13397_,3.88
_13428_,3.88
_13518_,3.88
_14009_,3.88
_14156_,3.88
_14422_,3.88
_14523_,3.88
_14740_,3.88
_14905_,3.88
_15087_,3.88
_15984_,3.88
_16007_,3.88
_16045_,3.88
_16439_,3.88
_16604_,3.88
_17018_,3.88
_17050_,3.88
_17115_,3.88
_17142_,3.88
_17540_,3.88
_17556_,3.88
_17761_,3.88
_17781_,3.88
_18140_,3.88
_18326_,3.88
_18398_,3.88
_18498_,3.88
_18521_,3.88
_18595_,3.88
_19152_,3.88
_19171_,3.88
_19207_,3.88
_19286_,3.88
_19314_,3.88
_19409_,3.88
_19722_,3.88
_20025_,3.88
_20041_,3.88
_20044_,3.88
_20240_,3.88
_20602_,3.88
_20931_,3.88
_21652_,3.88
_21691_,3.88
_21821_,3.88
_22040_,3.88
_22079_,3.88
_22085_,3.88
_22144_,3.88
_22235_,3.88
_22409_,3.88
_23129_,3.88
_23217_,3.88
_23444_,3.88
_23644_,3.88
_23896_,3.88
_24093_,3.88
_24452_,3.88
_24600_,3.88
_24878_,3.88
_25114_,3.88
_25250_,3.88
_25390_,3.88
_25683_,3.88
_25724_,3.88
_26050_,3.88
_26073_,3.88
_26140_,3.88
_26491_,3.88
_26513_,3.88
net674,3.88
net717,3.88
net807,3.88
net877,3.88
net929,3.88
net942,3.88
_06327_,3.87
_04377_,3.86
_05011_,3.86
_05502_,3.86
_06297_,3.86
_06339_,3.86
_06472_,3.86
_07002_,3.86
_08833_,3.86
_09573_,3.86
_10843_,3.86
_11432_,3.86
_11543_,3.86
_11575_,3.86
_12060_,3.86
_12806_,3.86
_16992_,3.86
_18409_,3.86
_20135_,3.86
_20177_,3.86
_14575_,3.855
_14265_,3.835
_25576_,3.83
_13506_,3.81
_25912_,3.81
_15519_,3.795
_01282_,3.78
_01486_,3.78
_02657_,3.78
_03546_,3.78
_09376_,3.78
_11140_,3.78
_11920_,3.78
_13290_,3.78
_16452_,3.78
_17524_,3.78
_18430_,3.78
_22030_,3.78
_24159_,3.78
_24533_,3.78
_26205_,3.78
_26864_,3.78
_02623_,3.77
_12577_,3.77
_00378_,3.76
_01386_,3.76
_02755_,3.76
_07517_,3.76
_07906_,3.76
_08659_,3.76
_09150_,3.76
_09287_,3.76
_10266_,3.76
_11356_,3.76
_11372_,3.76
_11586_,3.76
_11910_,3.76
_13106_,3.76
_13170_,3.76
_15270_,3.76
_15775_,3.76
_20009_,3.76
_23323_,3.76
_25882_,3.76
_26626_,3.76
_04874_,3.745
_03495_,3.74
_08337_,3.74
_10356_,3.74
_11352_,3.74
_14823_,3.74
_18028_,3.74
_18159_,3.74
_23274_,3.74
_23573_,3.7
_05992_,3.69
_01087_,3.68
_02720_,3.68
_02895_,3.68
_03320_,3.68
_03342_,3.68
_03485_,3.68
_04286_,3.68
_04287_,3.68
_04443_,3.68
_05088_,3.68
_05137_,3.68
_05506_,3.68
_05521_,3.68
_06082_,3.68
_06326_,3.68
_06560_,3.68
_07179_,3.68
_07274_,3.68
_08601_,3.68
_08626_,3.68
_08680_,3.68
_09283_,3.68
_09690_,3.68
_10132_,3.68
_10484_,3.68
_11084_,3.68
_11409_,3.68
_11552_,3.68
_11661_,3.68
_11979_,3.68
_12170_,3.68
_12607_,3.68
_13049_,3.68
_13101_,3.68
_13121_,3.68
_14513_,3.68
_14930_,3.68
_14995_,3.68
_15600_,3.68
_15701_,3.68
_16546_,3.68
_17222_,3.68
_17268_,3.68
_17278_,3.68
_17548_,3.68
_18371_,3.68
_18694_,3.68
_19670_,3.68
_20160_,3.68
_20333_,3.68
_20608_,3.68
_21164_,3.68
_21478_,3.68
_21986_,3.68
_22846_,3.68
_23264_,3.68
_23393_,3.68
_23500_,3.68
_23641_,3.68
_24932_,3.68
_25244_,3.68
_25400_,3.68
_25681_,3.68
_26237_,3.68
_26464_,3.68
net1082,3.68
_00124_,3.66
_00904_,3.66
_02630_,3.66
_02945_,3.66
_04180_,3.66
_05061_,3.66
_08670_,3.66
_09373_,3.66
_11355_,3.66
_12412_,3.66
_13277_,3.66
_13875_,3.66
_15501_,3.66
_19374_,3.66
_20198_,3.66
_21256_,3.66
_22019_,3.66
_23249_,3.66
_23467_,3.66
_23874_,3.66
_24846_,3.66
u_core0.ROW\[1\].COL\[1\].u_pe.sum_out\[0\],3.66
_13263_,3.65
_00176_,3.64
_02018_,3.64
_02162_,3.64
_02196_,3.64
_02314_,3.64
_02597_,3.64
_03139_,3.64
_04032_,3.64
_04665_,3.64
_05221_,3.64
_05781_,3.64
_06880_,3.64
_06885_,3.64
_07220_,3.64
_07966_,3.64
_09316_,3.64
_10464_,3.64
_10891_,3.64
_10908_,3.64
_11593_,3.64
_12004_,3.64
_12121_,3.64
_12176_,3.64
_12381_,3.64
_12411_,3.64
_12470_,3.64
_13108_,3.64
_13651_,3.64
_13952_,3.64
_14548_,3.64
_15053_,3.64
_15362_,3.64
_15605_,3.64
_16073_,3.64
_16325_,3.64
_16656_,3.64
_16686_,3.64
_19396_,3.64
_19643_,3.64
_19926_,3.64
_20725_,3.64
_21076_,3.64
_22790_,3.64
_22893_,3.64
_24081_,3.64
_24666_,3.64
_25322_,3.64
_25419_,3.64
_25697_,3.64
_25831_,3.64
_26277_,3.64
_26312_,3.64
_26697_,3.64
_23777_,3.635
_02789_,3.57
_21479_,3.57
_05583_,3.565
_00538_,3.56
_01090_,3.56
_01138_,3.56
_03084_,3.56
_03303_,3.56
_03427_,3.56
_03670_,3.56
_03908_,3.56
_04934_,3.56
_05417_,3.56
_06246_,3.56
_06252_,3.56
_06927_,3.56
_07159_,3.56
_07215_,3.56
_07290_,3.56
_07534_,3.56
_08269_,3.56
_09058_,3.56
_09249_,3.56
_09390_,3.56
_10085_,3.56
_10601_,3.56
_10608_,3.56
_10876_,3.56
_12278_,3.56
_12777_,3.56
_13045_,3.56
_14092_,3.56
_14725_,3.56
_15468_,3.56
_15661_,3.56
_15895_,3.56
_16351_,3.56
_16893_,3.56
_16970_,3.56
_17481_,3.56
_18238_,3.56
_18961_,3.56
_19983_,3.56
_20134_,3.56
_20291_,3.56
_20544_,3.56
_21034_,3.56
_21887_,3.56
_22223_,3.56
_23322_,3.56
_23886_,3.56
_23891_,3.56
_25456_,3.56
_25550_,3.56
_25653_,3.56
_26269_,3.56
_12010_,3.55
_14569_,3.55
_20201_,3.55
_23501_,3.55
_24432_,3.55
_00005_,3.54
_00367_,3.54
_00609_,3.54
_00807_,3.54
_00825_,3.54
_01078_,3.54
_01267_,3.54
_01280_,3.54
_01333_,3.54
_01442_,3.54
_01470_,3.54
_01478_,3.54
_01578_,3.54
_01607_,3.54
_01609_,3.54
_01691_,3.54
_01898_,3.54
_02060_,3.54
_02252_,3.54
_02341_,3.54
_02354_,3.54
_02377_,3.54
_02451_,3.54
_02660_,3.54
_03173_,3.54
_03685_,3.54
_03887_,3.54
_04059_,3.54
_04195_,3.54
_04290_,3.54
_04409_,3.54
_04429_,3.54
_04579_,3.54
_04809_,3.54
_04870_,3.54
_04924_,3.54
_04974_,3.54
_05125_,3.54
_05366_,3.54
_05540_,3.54
_05661_,3.54
_05785_,3.54
_05819_,3.54
_05931_,3.54
_06054_,3.54
_06112_,3.54
_06356_,3.54
_06484_,3.54
_06731_,3.54
_06920_,3.54
_07150_,3.54
_07273_,3.54
_07365_,3.54
_07486_,3.54
_07544_,3.54
_07589_,3.54
_07736_,3.54
_08037_,3.54
_08072_,3.54
_08152_,3.54
_08329_,3.54
_08608_,3.54
_09183_,3.54
_09285_,3.54
_09609_,3.54
_09634_,3.54
_09686_,3.54
_09815_,3.54
_09851_,3.54
_09904_,3.54
_09956_,3.54
_10063_,3.54
_10168_,3.54
_10332_,3.54
_10547_,3.54
_10600_,3.54
_10758_,3.54
_10898_,3.54
_11054_,3.54
_11091_,3.54
_11239_,3.54
_11399_,3.54
_11436_,3.54
_11784_,3.54
_11820_,3.54
_11955_,3.54
_12271_,3.54
_12276_,3.54
_12443_,3.54
_12452_,3.54
_12505_,3.54
_12664_,3.54
_12803_,3.54
_12849_,3.54
_13024_,3.54
_13079_,3.54
_13183_,3.54
_13315_,3.54
_13363_,3.54
_13376_,3.54
_13406_,3.54
_13422_,3.54
_13477_,3.54
_13800_,3.54
_13844_,3.54
_13860_,3.54
_13861_,3.54
_14143_,3.54
_14166_,3.54
_14296_,3.54
_14521_,3.54
_14651_,3.54
_14656_,3.54
_14712_,3.54
_14862_,3.54
_15220_,3.54
_15565_,3.54
_15785_,3.54
_15799_,3.54
_15965_,3.54
_16001_,3.54
_16556_,3.54
_16559_,3.54
_16694_,3.54
_17061_,3.54
_17465_,3.54
_17466_,3.54
_17769_,3.54
_17944_,3.54
_17981_,3.54
_18629_,3.54
_18757_,3.54
_18799_,3.54
_18841_,3.54
_18904_,3.54
_18938_,3.54
_18945_,3.54
_19187_,3.54
_19298_,3.54
_19357_,3.54
_19646_,3.54
_19764_,3.54
_20228_,3.54
_20345_,3.54
_20421_,3.54
_20520_,3.54
_20770_,3.54
_20879_,3.54
_20885_,3.54
_20910_,3.54
_20947_,3.54
_20977_,3.54
_20989_,3.54
_21061_,3.54
_21241_,3.54
_21666_,3.54
_21811_,3.54
_21983_,3.54
_22177_,3.54
_22248_,3.54
_22361_,3.54
_22437_,3.54
_22731_,3.54
_22792_,3.54
_23030_,3.54
_23087_,3.54
_23137_,3.54
_23187_,3.54
_23567_,3.54
_23825_,3.54
_23997_,3.54
_24163_,3.54
_24168_,3.54
_24361_,3.54
_24384_,3.54
_24453_,3.54
_24597_,3.54
_24861_,3.54
_24972_,3.54
_24990_,3.54
_25273_,3.54
_25659_,3.54
_25852_,3.54
_26212_,3.54
_26319_,3.54
_26373_,3.54
_26465_,3.54
_26481_,3.54
u_core0.ROW\[30\].COL\[1\].u_pe.b_out\[5\],3.54
net722,3.54
net804,3.54
net813,3.54
net842,3.54
net844,3.54
net898,3.54
net1068,3.54
_01100_,3.52
_04004_,3.52
_07403_,3.52
_09320_,3.52
_09527_,3.52
_09593_,3.52
_09759_,3.52
_09965_,3.52
_12223_,3.52
_13077_,3.52
_13266_,3.52
_16226_,3.52
_17377_,3.52
_17811_,3.52
_18178_,3.52
_18385_,3.52
_18852_,3.52
_20576_,3.52
_21186_,3.52
_23594_,3.52
_23770_,3.52
_25104_,3.52
_26793_,3.52
_15946_,3.51
_04982_,3.49
_10859_,3.49
_14497_,3.49
_25925_,3.49
_19447_,3.47
_08108_,3.445
_00262_,3.44
_01029_,3.44
_01038_,3.44
_02124_,3.44
_02971_,3.44
_04293_,3.44
_07834_,3.44
_07982_,3.44
_08035_,3.44
_08051_,3.44
_08067_,3.44
_08285_,3.44
_08817_,3.44
_10234_,3.44
_10372_,3.44
_10420_,3.44
_12392_,3.44
_14347_,3.44
_14754_,3.44
_15195_,3.44
_15295_,3.44
_15991_,3.44
_16576_,3.44
_17280_,3.44
_18260_,3.44
_18822_,3.44
_21016_,3.44
_21398_,3.44
_22712_,3.44
_23888_,3.44
_24875_,3.44
_25567_,3.44
_26889_,3.44
_26905_,3.44
_08202_,3.43
_20196_,3.43
_00057_,3.42
_01270_,3.42
_01425_,3.42
_01522_,3.42
_01538_,3.42
_01683_,3.42
_01721_,3.42
_01812_,3.42
_01968_,3.42
_02146_,3.42
_02259_,3.42
_02387_,3.42
_02472_,3.42
_03183_,3.42
_03198_,3.42
_03291_,3.42
_03416_,3.42
_03446_,3.42
_03518_,3.42
_03648_,3.42
_03657_,3.42
_03754_,3.42
_03761_,3.42
_03764_,3.42
_03828_,3.42
_03849_,3.42
_04415_,3.42
_04825_,3.42
_05619_,3.42
_05859_,3.42
_06066_,3.42
_06436_,3.42
_06467_,3.42
_06518_,3.42
_06538_,3.42
_06594_,3.42
_06882_,3.42
_07116_,3.42
_07264_,3.42
_07308_,3.42
_07656_,3.42
_07710_,3.42
_07951_,3.42
_08104_,3.42
_08150_,3.42
_08188_,3.42
_08674_,3.42
_08754_,3.42
_09131_,3.42
_09188_,3.42
_09239_,3.42
_09407_,3.42
_09714_,3.42
_09842_,3.42
_09911_,3.42
_10004_,3.42
_10005_,3.42
_10052_,3.42
_10092_,3.42
_10216_,3.42
_10380_,3.42
_10396_,3.42
_10468_,3.42
_10511_,3.42
_10702_,3.42
_10761_,3.42
_10947_,3.42
_10962_,3.42
_10963_,3.42
_11146_,3.42
_11164_,3.42
_11181_,3.42
_11359_,3.42
_11421_,3.42
_11452_,3.42
_11453_,3.42
_11623_,3.42
_11733_,3.42
_11791_,3.42
_11984_,3.42
_12076_,3.42
_12234_,3.42
_12277_,3.42
_12389_,3.42
_12498_,3.42
_12508_,3.42
_13064_,3.42
_13310_,3.42
_13360_,3.42
_13366_,3.42
_13371_,3.42
_13431_,3.42
_13471_,3.42
_13562_,3.42
_13704_,3.42
_14345_,3.42
_14501_,3.42
_14701_,3.42
_14846_,3.42
_15014_,3.42
_15483_,3.42
_15585_,3.42
_15624_,3.42
_15690_,3.42
_15780_,3.42
_15828_,3.42
_16000_,3.42
_16211_,3.42
_16249_,3.42
_16380_,3.42
_16515_,3.42
_16957_,3.42
_17163_,3.42
_17227_,3.42
_17318_,3.42
_17322_,3.42
_17500_,3.42
_17746_,3.42
_17772_,3.42
_17773_,3.42
_17930_,3.42
_17949_,3.42
_17997_,3.42
_18298_,3.42
_18330_,3.42
_18448_,3.42
_18859_,3.42
_18875_,3.42
_18887_,3.42
_18934_,3.42
_18981_,3.42
_18996_,3.42
_19065_,3.42
_19489_,3.42
_19769_,3.42
_19936_,3.42
_19968_,3.42
_20016_,3.42
_20275_,3.42
_20294_,3.42
_20371_,3.42
_20539_,3.42
_20668_,3.42
_20695_,3.42
_21059_,3.42
_21101_,3.42
_21462_,3.42
_21655_,3.42
_21768_,3.42
_21927_,3.42
_22237_,3.42
_22386_,3.42
_22454_,3.42
_22615_,3.42
_22895_,3.42
_23022_,3.42
_23813_,3.42
_23927_,3.42
_24253_,3.42
_24382_,3.42
_24631_,3.42
_24959_,3.42
_25285_,3.42
_25294_,3.42
_25304_,3.42
_25352_,3.42
_25613_,3.42
_25791_,3.42
_26084_,3.42
_26170_,3.42
_26663_,3.42
_26674_,3.42
_26699_,3.42
_27008_,3.42
u_core0.ROW\[13\].COL\[1\].u_pe.sum_out\[11\],3.42
net713,3.42
net811,3.42
net952,3.42
net1125,3.42
_05022_,3.4
_05338_,3.4
_05476_,3.4
_06317_,3.4
_18936_,3.4
_19951_,3.4
_13866_,3.375
_18172_,3.37
net868,3.37
_01987_,3.35
_16864_,3.35
_17606_,3.35
_20585_,3.35
_10746_,3.33
_01524_,3.32
_02032_,3.32
_02851_,3.32
_03471_,3.32
_06811_,3.32
_06824_,3.32
_07088_,3.32
_08582_,3.32
_10665_,3.32
_10667_,3.32
_12725_,3.32
_13124_,3.32
_13469_,3.32
_13515_,3.32
_14184_,3.32
_14427_,3.32
_14723_,3.32
_16128_,3.32
_16447_,3.32
_16867_,3.32
_17234_,3.32
_18585_,3.32
_18781_,3.32
_19100_,3.32
_20214_,3.32
_22882_,3.32
_23373_,3.32
_23809_,3.32
_25242_,3.32
_25580_,3.32
net915,3.32
_03573_,3.31
_00275_,3.3
_00476_,3.3
_01201_,3.3
_01947_,3.3
_01970_,3.3
_02057_,3.3
_04354_,3.3
_04522_,3.3
_05249_,3.3
_05343_,3.3
_07102_,3.3
_09240_,3.3
_09829_,3.3
_10861_,3.3
_13414_,3.3
_16158_,3.3
_20283_,3.3
_20316_,3.3
_20934_,3.3
_21497_,3.3
_22003_,3.3
_22906_,3.3
_23543_,3.3
_24000_,3.3
_24423_,3.3
_24599_,3.3
_24713_,3.3
_25054_,3.3
_25098_,3.3
_25168_,3.3
_25179_,3.3
_26559_,3.3
net648,3.3
_01638_,3.25
_07319_,3.25
_23132_,3.25
_06425_,3.24
_13459_,3.23
_00006_,3.22
_04300_,3.22
_05298_,3.22
_05402_,3.22
_06168_,3.22
_07355_,3.22
_08492_,3.22
_09222_,3.22
_09832_,3.22
_10046_,3.22
_11621_,3.22
_12554_,3.22
_13229_,3.22
_14208_,3.22
_14606_,3.22
_16172_,3.22
_16539_,3.22
_17659_,3.22
_17748_,3.22
_17908_,3.22
_18175_,3.22
_18790_,3.22
_18954_,3.22
_19944_,3.22
_20984_,3.22
_21229_,3.22
_22055_,3.22
_23392_,3.22
_23400_,3.22
_23523_,3.22
_26190_,3.22
net685,3.22
net913,3.22
_11629_,3.21
_11807_,3.21
_00114_,3.2
_00362_,3.2
_00394_,3.2
_00811_,3.2
_01907_,3.2
_03656_,3.2
_04929_,3.2
_04975_,3.2
_07700_,3.2
_10516_,3.2
_12044_,3.2
_12348_,3.2
_16025_,3.2
_18193_,3.2
_19018_,3.2
_19061_,3.2
_20118_,3.2
_23096_,3.2
_24970_,3.2
_25796_,3.2
_26064_,3.2
u_core0.ROW\[10\].COL\[0\].u_pe.a_out\[6\],3.2
_10652_,3.19
_00197_,3.18
_01467_,3.18
_01665_,3.18
_01760_,3.18
_03124_,3.18
_03265_,3.18
_03852_,3.18
_04118_,3.18
_04677_,3.18
_04995_,3.18
_05135_,3.18
_05174_,3.18
_05887_,3.18
_06863_,3.18
_07822_,3.18
_08060_,3.18
_08981_,3.18
_10070_,3.18
_10956_,3.18
_11204_,3.18
_12562_,3.18
_12925_,3.18
_14142_,3.18
_15326_,3.18
_15406_,3.18
_18123_,3.18
_18290_,3.18
_19978_,3.18
_20558_,3.18
_20756_,3.18
_20855_,3.18
_22705_,3.18
_24072_,3.18
_25070_,3.18
_25128_,3.18
_25424_,3.18
_25933_,3.18
_25979_,3.18
_26247_,3.18
u_core0.ROW\[10\].COL\[0\].u_pe.a_out\[1\],3.18
u_core0.ROW\[30\].COL\[0\].u_pe.sum_out\[10\],3.18
_09388_,3.15
_06978_,3.14
_05890_,3.13
_07078_,3.11
_00065_,3.1
_00282_,3.1
_00487_,3.1
_01028_,3.1
_01034_,3.1
_01035_,3.1
_01091_,3.1
_01133_,3.1
_01203_,3.1
_01618_,3.1
_02385_,3.1
_02803_,3.1
_02899_,3.1
_04074_,3.1
_04955_,3.1
_05075_,3.1
_05229_,3.1
_05477_,3.1
_05624_,3.1
_05738_,3.1
_05972_,3.1
_06333_,3.1
_06869_,3.1
_06972_,3.1
_07000_,3.1
_07144_,3.1
_07192_,3.1
_07540_,3.1
_07645_,3.1
_08398_,3.1
_08511_,3.1
_09202_,3.1
_09467_,3.1
_09756_,3.1
_10223_,3.1
_10375_,3.1
_11034_,3.1
_11106_,3.1
_11163_,3.1
_11381_,3.1
_11468_,3.1
_11525_,3.1
_11768_,3.1
_11810_,3.1
_12072_,3.1
_12149_,3.1
_12226_,3.1
_12619_,3.1
_13141_,3.1
_13201_,3.1
_13285_,3.1
_13552_,3.1
_14367_,3.1
_14783_,3.1
_15553_,3.1
_16146_,3.1
_16231_,3.1
_16247_,3.1
_16371_,3.1
_16461_,3.1
_16752_,3.1
_16958_,3.1
_17116_,3.1
_17220_,3.1
_17476_,3.1
_17835_,3.1
_18064_,3.1
_18373_,3.1
_18726_,3.1
_18753_,3.1
_18810_,3.1
_19427_,3.1
_19659_,3.1
_19721_,3.1
_19861_,3.1
_19974_,3.1
_20685_,3.1
_21199_,3.1
_21285_,3.1
_21317_,3.1
_21412_,3.1
_21509_,3.1
_21530_,3.1
_21902_,3.1
_22002_,3.1
_22008_,3.1
_22427_,3.1
_22684_,3.1
_22919_,3.1
_23280_,3.1
_23418_,3.1
_23460_,3.1
_23551_,3.1
_23928_,3.1
_23969_,3.1
_24150_,3.1
_24268_,3.1
_24495_,3.1
_24957_,3.1
_25164_,3.1
_25430_,3.1
_25588_,3.1
_25847_,3.1
_26318_,3.1
_26379_,3.1
_26392_,3.1
_27021_,3.1
_00012_,3.08
_00015_,3.08
_00238_,3.08
_01030_,3.08
_01031_,3.08
_01037_,3.08
_01089_,3.08
_01182_,3.08
_01366_,3.08
_01490_,3.08
_01539_,3.08
_01742_,3.08
_01865_,3.08
_02122_,3.08
_02275_,3.08
_02351_,3.08
_02580_,3.08
_02947_,3.08
_02987_,3.08
_03037_,3.08
_03235_,3.08
_03270_,3.08
_03314_,3.08
_03445_,3.08
_03550_,3.08
_03806_,3.08
_03835_,3.08
_03890_,3.08
_04023_,3.08
_04051_,3.08
_04081_,3.08
_04137_,3.08
_04467_,3.08
_04471_,3.08
_04651_,3.08
_04655_,3.08
_04836_,3.08
_04885_,3.08
_05299_,3.08
_05381_,3.08
_05527_,3.08
_05572_,3.08
_05699_,3.08
_05801_,3.08
_05804_,3.08
_05818_,3.08
_05842_,3.08
_05973_,3.08
_05994_,3.08
_06202_,3.08
_06325_,3.08
_06338_,3.08
_06649_,3.08
_06736_,3.08
_06762_,3.08
_06810_,3.08
_06829_,3.08
_06957_,3.08
_07009_,3.08
_07212_,3.08
_07277_,3.08
_07291_,3.08
_07302_,3.08
_07670_,3.08
_07855_,3.08
_07858_,3.08
_07876_,3.08
_08282_,3.08
_08446_,3.08
_08479_,3.08
_08801_,3.08
_08964_,3.08
_09159_,3.08
_09417_,3.08
_09506_,3.08
_09552_,3.08
_09586_,3.08
_09879_,3.08
_09969_,3.08
_09989_,3.08
_10038_,3.08
_10711_,3.08
_10739_,3.08
_10926_,3.08
_10981_,3.08
_11046_,3.08
_11224_,3.08
_11419_,3.08
_11502_,3.08
_11578_,3.08
_12046_,3.08
_12074_,3.08
_12096_,3.08
_12493_,3.08
_12869_,3.08
_12885_,3.08
_13059_,3.08
_13160_,3.08
_13202_,3.08
_13536_,3.08
_13537_,3.08
_13871_,3.08
_13949_,3.08
_14106_,3.08
_14140_,3.08
_14218_,3.08
_14389_,3.08
_14496_,3.08
_14503_,3.08
_14718_,3.08
_14727_,3.08
_14884_,3.08
_14893_,3.08
_14977_,3.08
_15004_,3.08
_15036_,3.08
_15065_,3.08
_15084_,3.08
_15116_,3.08
_15122_,3.08
_15302_,3.08
_15419_,3.08
_15457_,3.08
_15474_,3.08
_15554_,3.08
_15567_,3.08
_15869_,3.08
_15932_,3.08
_16018_,3.08
_16219_,3.08
_16240_,3.08
_16273_,3.08
_16290_,3.08
_16577_,3.08
_16994_,3.08
_17147_,3.08
_17183_,3.08
_17231_,3.08
_17584_,3.08
_17624_,3.08
_17649_,3.08
_17696_,3.08
_17850_,3.08
_18168_,3.08
_18307_,3.08
_18492_,3.08
_18671_,3.08
_18823_,3.08
_18853_,3.08
_18978_,3.08
_19251_,3.08
_19271_,3.08
_19363_,3.08
_19635_,3.08
_19665_,3.08
_19750_,3.08
_19868_,3.08
_19890_,3.08
_20079_,3.08
_20187_,3.08
_20223_,3.08
_20261_,3.08
_20342_,3.08
_20402_,3.08
_20430_,3.08
_20743_,3.08
_21039_,3.08
_21377_,3.08
_21476_,3.08
_21680_,3.08
_21711_,3.08
_21722_,3.08
_21854_,3.08
_22071_,3.08
_22080_,3.08
_22141_,3.08
_22192_,3.08
_22406_,3.08
_22451_,3.08
_22497_,3.08
_22668_,3.08
_22716_,3.08
_22800_,3.08
_22927_,3.08
_23026_,3.08
_23477_,3.08
_24033_,3.08
_24420_,3.08
_24455_,3.08
_24683_,3.08
_24720_,3.08
_24974_,3.08
_25217_,3.08
_25366_,3.08
_25951_,3.08
_26063_,3.08
_26187_,3.08
_26575_,3.08
_26702_,3.08
_26780_,3.08
_26972_,3.08
_26978_,3.08
net682,3.08
net706,3.08
net955,3.08
net1019,3.08
_03564_,3.07
_04893_,3.07
_00060_,3.06
_02682_,3.06
_05590_,3.06
_05919_,3.06
_08996_,3.06
_10936_,3.06
_11273_,3.06
_11402_,3.06
_11517_,3.06
_12065_,3.06
_12558_,3.06
_13895_,3.06
_15364_,3.06
_15606_,3.06
_16721_,3.06
_18310_,3.06
_19807_,3.06
_20385_,3.06
_21921_,3.06
_23100_,3.06
_23153_,3.06
_25208_,3.06
net928,3.06
_19288_,3.05
_13840_,3.04
_01276_,3.03
_02188_,3.03
_03556_,3.03
_05177_,3.03
_06166_,3.03
_06821_,3.03
_10582_,3.03
_11775_,3.03
_11950_,3.03
_12455_,3.03
_13763_,3.03
_16309_,3.03
_17974_,3.03
_19886_,3.03
_20104_,3.03
_25888_,3.03
_26013_,3.03
_11148_,3.01
_18415_,3.01
_23077_,3.01
_14515_,3
_23443_,2.99
_23779_,2.985
_01804_,2.98
_02624_,2.98
_03743_,2.98
_07551_,2.98
_08302_,2.98
_08532_,2.98
_10512_,2.98
_10831_,2.98
_11519_,2.98
_11886_,2.98
_11916_,2.98
_12008_,2.98
_12267_,2.98
_12924_,2.98
_12944_,2.98
_14018_,2.98
_14291_,2.98
_14356_,2.98
_14567_,2.98
_15548_,2.98
_15549_,2.98
_18988_,2.98
_21993_,2.98
_23950_,2.98
_23965_,2.98
_24231_,2.98
_24472_,2.98
_24866_,2.98
_26825_,2.98
_26945_,2.98
net707,2.98
net841,2.98
net943,2.98
_21267_,2.975
_00276_,2.96
_01045_,2.96
_01353_,2.96
_01378_,2.96
_01561_,2.96
_01583_,2.96
_01628_,2.96
_01830_,2.96
_01953_,2.96
_02054_,2.96
_02091_,2.96
_02515_,2.96
_02532_,2.96
_02592_,2.96
_02619_,2.96
_02626_,2.96
_02661_,2.96
_02870_,2.96
_03063_,2.96
_04068_,2.96
_04108_,2.96
_04148_,2.96
_04181_,2.96
_04864_,2.96
_04905_,2.96
_05277_,2.96
_05467_,2.96
_05579_,2.96
_05581_,2.96
_05774_,2.96
_05847_,2.96
_06156_,2.96
_06163_,2.96
_06234_,2.96
_06366_,2.96
_06410_,2.96
_06539_,2.96
_06718_,2.96
_06764_,2.96
_07137_,2.96
_07207_,2.96
_07391_,2.96
_07493_,2.96
_07642_,2.96
_07873_,2.96
_07917_,2.96
_07924_,2.96
_08080_,2.96
_08140_,2.96
_08432_,2.96
_08612_,2.96
_08675_,2.96
_08740_,2.96
_09065_,2.96
_09385_,2.96
_09434_,2.96
_09616_,2.96
_09689_,2.96
_10261_,2.96
_10802_,2.96
_10971_,2.96
_11325_,2.96
_11327_,2.96
_11375_,2.96
_11429_,2.96
_11478_,2.96
_11499_,2.96
_11535_,2.96
_11540_,2.96
_11663_,2.96
_11692_,2.96
_11823_,2.96
_11889_,2.96
_12029_,2.96
_12384_,2.96
_12708_,2.96
_13011_,2.96
_13066_,2.96
_13162_,2.96
_13165_,2.96
_13254_,2.96
_13751_,2.96
_14226_,2.96
_14272_,2.96
_14380_,2.96
_14431_,2.96
_14874_,2.96
_14932_,2.96
_15205_,2.96
_15206_,2.96
_15538_,2.96
_15811_,2.96
_15829_,2.96
_15866_,2.96
_15971_,2.96
_16048_,2.96
_16076_,2.96
_16151_,2.96
_16199_,2.96
_16216_,2.96
_16672_,2.96
_17249_,2.96
_17425_,2.96
_17450_,2.96
_17599_,2.96
_18037_,2.96
_18041_,2.96
_18641_,2.96
_18919_,2.96
_18990_,2.96
_19024_,2.96
_19028_,2.96
_19127_,2.96
_19215_,2.96
_19449_,2.96
_19529_,2.96
_19561_,2.96
_19584_,2.96
_19809_,2.96
_19878_,2.96
_19915_,2.96
_20142_,2.96
_20246_,2.96
_20353_,2.96
_20581_,2.96
_20790_,2.96
_20809_,2.96
_21128_,2.96
_21353_,2.96
_21381_,2.96
_21422_,2.96
_22136_,2.96
_22166_,2.96
_22253_,2.96
_22358_,2.96
_22374_,2.96
_22554_,2.96
_22639_,2.96
_23035_,2.96
_23101_,2.96
_23257_,2.96
_23358_,2.96
_23542_,2.96
_23791_,2.96
_24085_,2.96
_24147_,2.96
_24368_,2.96
_24535_,2.96
_24541_,2.96
_24556_,2.96
_24612_,2.96
_24674_,2.96
_24914_,2.96
_24930_,2.96
_25155_,2.96
_25367_,2.96
_25406_,2.96
_25705_,2.96
_26020_,2.96
_26089_,2.96
_26232_,2.96
_26327_,2.96
_26522_,2.96
_26610_,2.96
_26721_,2.96
_26737_,2.96
_26804_,2.96
_26845_,2.96
_26966_,2.96
_27015_,2.96
u_core0.ROW\[11\].COL\[0\].u_pe.sum_out\[19\],2.96
u_core0.ROW\[24\].COL\[1\].u_pe.sum_out\[2\],2.96
u_core0.ROW\[30\].COL\[0\].u_pe.b_out\[2\],2.96
u_core0.ROW\[6\].COL\[1\].u_pe.sum_out\[3\],2.96
net714,2.96
_23911_,2.94
_01268_,2.89
_19280_,2.89
_21225_,2.89
_25064_,2.89
_26606_,2.885
_03976_,2.875
_20565_,2.87
_03327_,2.86
_06669_,2.86
_07735_,2.86
_07737_,2.86
_09963_,2.86
_10414_,2.86
_11614_,2.86
_12337_,2.86
_13529_,2.86
_15308_,2.86
_16024_,2.86
_16518_,2.86
_16872_,2.86
_18146_,2.86
_18788_,2.86
_19012_,2.86
_20125_,2.86
_22414_,2.86
_23031_,2.86
_25823_,2.86
_17541_,2.85
_17613_,2.85
_00278_,2.84
_00317_,2.84
_01198_,2.84
_02548_,2.84
_03243_,2.84
_05712_,2.84
_05948_,2.84
_06207_,2.84
_08095_,2.84
_09343_,2.84
_11027_,2.84
_11813_,2.84
_14336_,2.84
_14605_,2.84
_15312_,2.84
_15696_,2.84
_15851_,2.84
_16801_,2.84
_17133_,2.84
_17406_,2.84
_17845_,2.84
_17957_,2.84
_20119_,2.84
_20226_,2.84
_20656_,2.84
_20805_,2.84
_22563_,2.84
_23103_,2.84
_25467_,2.84
u_core0.ROW\[21\].COL\[0\].u_pe.sum_out\[0\],2.84
_27013_,2.835
_01126_,2.76
_01183_,2.76
_01193_,2.76
_02023_,2.76
_02062_,2.76
_03352_,2.76
_04694_,2.76
_05205_,2.76
_05255_,2.76
_06860_,2.76
_07033_,2.76
_07409_,2.76
_07570_,2.76
_08932_,2.76
_09998_,2.76
_10810_,2.76
_10868_,2.76
_11036_,2.76
_11665_,2.76
_11805_,2.76
_12231_,2.76
_12454_,2.76
_12467_,2.76
_12961_,2.76
_13158_,2.76
_13253_,2.76
_13785_,2.76
_14050_,2.76
_14072_,2.76
_14160_,2.76
_14200_,2.76
_14385_,2.76
_15543_,2.76
_15926_,2.76
_16137_,2.76
_16372_,2.76
_16573_,2.76
_16917_,2.76
_16938_,2.76
_17259_,2.76
_17716_,2.76
_18075_,2.76
_18858_,2.76
_20076_,2.76
_20864_,2.76
_20960_,2.76
_22746_,2.76
_23728_,2.76
_24388_,2.76
_24415_,2.76
_24818_,2.76
_25255_,2.76
_26632_,2.76
_00154_,2.74
_00411_,2.74
_00485_,2.74
_00581_,2.74
_00924_,2.74
_00928_,2.74
_00991_,2.74
_06494_,2.74
_08107_,2.74
_08620_,2.74
_08851_,2.74
_09299_,2.74
_16091_,2.74
_17847_,2.74
_19346_,2.74
_21221_,2.74
_21820_,2.74
_01661_,2.72
_01674_,2.72
_01701_,2.72
_01883_,2.72
_02613_,2.72
_03031_,2.72
_03215_,2.72
_03456_,2.72
_03847_,2.72
_04518_,2.72
_04824_,2.72
_05404_,2.72
_06071_,2.72
_06641_,2.72
_06941_,2.72
_07314_,2.72
_07487_,2.72
_07964_,2.72
_08232_,2.72
_08419_,2.72
_08485_,2.72
_08934_,2.72
_08947_,2.72
_09926_,2.72
_10504_,2.72
_11032_,2.72
_11259_,2.72
_11278_,2.72
_11319_,2.72
_11676_,2.72
_12459_,2.72
_12748_,2.72
_12795_,2.72
_13013_,2.72
_13110_,2.72
_13167_,2.72
_13203_,2.72
_13342_,2.72
_13742_,2.72
_14937_,2.72
_17639_,2.72
_19795_,2.72
_20343_,2.72
_21067_,2.72
_21125_,2.72
_21315_,2.72
_21775_,2.72
_21824_,2.72
_22204_,2.72
_22754_,2.72
_23070_,2.72
_23119_,2.72
_23453_,2.72
_25411_,2.72
_25586_,2.72
_26015_,2.72
_26283_,2.72
_26914_,2.72
_26989_,2.72
net716,2.72
_21757_,2.715
_01978_,2.71
_20154_,2.71
_12860_,2.69
_15204_,2.66
_04456_,2.645
_00002_,2.64
_01438_,2.64
_01823_,2.64
_02138_,2.64
_02337_,2.64
_02603_,2.64
_03098_,2.64
_03156_,2.64
_03195_,2.64
_03366_,2.64
_03491_,2.64
_03503_,2.64
_03559_,2.64
_03745_,2.64
_04034_,2.64
_04054_,2.64
_04086_,2.64
_04413_,2.64
_05233_,2.64
_05401_,2.64
_05436_,2.64
_05499_,2.64
_05740_,2.64
_06027_,2.64
_06173_,2.64
_06729_,2.64
_07329_,2.64
_07657_,2.64
_07795_,2.64
_08167_,2.64
_08786_,2.64
_09733_,2.64
_10007_,2.64
_10796_,2.64
_11205_,2.64
_11270_,2.64
_11840_,2.64
_12028_,2.64
_12058_,2.64
_12371_,2.64
_12531_,2.64
_13204_,2.64
_13230_,2.64
_13301_,2.64
_13638_,2.64
_14033_,2.64
_14098_,2.64
_14392_,2.64
_15063_,2.64
_15088_,2.64
_15854_,2.64
_15872_,2.64
_15881_,2.64
_15942_,2.64
_16255_,2.64
_16286_,2.64
_16630_,2.64
_16653_,2.64
_17065_,2.64
_17099_,2.64
_17131_,2.64
_17349_,2.64
_17350_,2.64
_17512_,2.64
_17569_,2.64
_17862_,2.64
_17899_,2.64
_18010_,2.64
_18411_,2.64
_18509_,2.64
_18627_,2.64
_18894_,2.64
_18986_,2.64
_19117_,2.64
_19167_,2.64
_19214_,2.64
_19332_,2.64
_20207_,2.64
_20840_,2.64
_21337_,2.64
_21762_,2.64
_21770_,2.64
_22304_,2.64
_22644_,2.64
_23069_,2.64
_23771_,2.64
_23856_,2.64
_25528_,2.64
_26441_,2.64
_26824_,2.64
_01635_,2.635
_05891_,2.63
_09801_,2.63
_00235_,2.62
_00318_,2.62
_00947_,2.62
_01026_,2.62
_01058_,2.62
_01273_,2.62
_01278_,2.62
_01286_,2.62
_01309_,2.62
_01335_,2.62
_01544_,2.62
_01918_,2.62
_02187_,2.62
_02637_,2.62
_02676_,2.62
_02824_,2.62
_02929_,2.62
_03045_,2.62
_03190_,2.62
_03207_,2.62
_03424_,2.62
_03497_,2.62
_03545_,2.62
_03718_,2.62
_03752_,2.62
_03792_,2.62
_03905_,2.62
_03960_,2.62
_04003_,2.62
_04208_,2.62
_04254_,2.62
_04338_,2.62
_04478_,2.62
_04511_,2.62
_04663_,2.62
_04673_,2.62
_04696_,2.62
_04847_,2.62
_04867_,2.62
_04898_,2.62
_04979_,2.62
_05147_,2.62
_05225_,2.62
_05347_,2.62
_05595_,2.62
_05778_,2.62
_05790_,2.62
_05843_,2.62
_05856_,2.62
_06190_,2.62
_06240_,2.62
_06253_,2.62
_06291_,2.62
_06298_,2.62
_06316_,2.62
_06331_,2.62
_06461_,2.62
_06571_,2.62
_06613_,2.62
_06815_,2.62
_06987_,2.62
_07124_,2.62
_07432_,2.62
_07434_,2.62
_07572_,2.62
_07675_,2.62
_07766_,2.62
_07987_,2.62
_08109_,2.62
_08249_,2.62
_08266_,2.62
_08362_,2.62
_08397_,2.62
_08732_,2.62
_08793_,2.62
_09011_,2.62
_09069_,2.62
_09105_,2.62
_09172_,2.62
_09352_,2.62
_09446_,2.62
_09487_,2.62
_10028_,2.62
_10158_,2.62
_10792_,2.62
_10977_,2.62
_11445_,2.62
_11656_,2.62
_11739_,2.62
_11965_,2.62
_12016_,2.62
_12215_,2.62
_12319_,2.62
_12361_,2.62
_12827_,2.62
_12868_,2.62
_12988_,2.62
_13033_,2.62
_13278_,2.62
_13293_,2.62
_13554_,2.62
_13613_,2.62
_13620_,2.62
_13678_,2.62
_14083_,2.62
_14144_,2.62
_14324_,2.62
_14570_,2.62
_14847_,2.62
_15466_,2.62
_15562_,2.62
_15644_,2.62
_15730_,2.62
_15766_,2.62
_15797_,2.62
_15803_,2.62
_15871_,2.62
_15903_,2.62
_16196_,2.62
_16418_,2.62
_16479_,2.62
_16491_,2.62
_16702_,2.62
_16743_,2.62
_16914_,2.62
_17005_,2.62
_17084_,2.62
_17091_,2.62
_17118_,2.62
_17200_,2.62
_17314_,2.62
_17493_,2.62
_17516_,2.62
_17693_,2.62
_17732_,2.62
_17827_,2.62
_17892_,2.62
_18007_,2.62
_18108_,2.62
_18157_,2.62
_18355_,2.62
_18516_,2.62
_18568_,2.62
_18704_,2.62
_18709_,2.62
_18793_,2.62
_18982_,2.62
_19010_,2.62
_19115_,2.62
_19183_,2.62
_19228_,2.62
_19306_,2.62
_19486_,2.62
_19501_,2.62
_19555_,2.62
_19669_,2.62
_19771_,2.62
_19888_,2.62
_19929_,2.62
_20185_,2.62
_20194_,2.62
_20391_,2.62
_20764_,2.62
_20929_,2.62
_21280_,2.62
_21425_,2.62
_21612_,2.62
_21651_,2.62
_21668_,2.62
_21779_,2.62
_21780_,2.62
_21835_,2.62
_21975_,2.62
_22065_,2.62
_22113_,2.62
_22215_,2.62
_22250_,2.62
_22299_,2.62
_22387_,2.62
_22813_,2.62
_23006_,2.62
_23042_,2.62
_23138_,2.62
_23270_,2.62
_23506_,2.62
_23539_,2.62
_23672_,2.62
_23741_,2.62
_23861_,2.62
_24048_,2.62
_24107_,2.62
_24212_,2.62
_24355_,2.62
_24449_,2.62
_24494_,2.62
_24564_,2.62
_24665_,2.62
_24781_,2.62
_24802_,2.62
_24808_,2.62
_25017_,2.62
_25039_,2.62
_25066_,2.62
_25130_,2.62
_25269_,2.62
_25510_,2.62
_25649_,2.62
_25721_,2.62
_25968_,2.62
_26007_,2.62
_26253_,2.62
_26414_,2.62
_26747_,2.62
_26767_,2.62
_26894_,2.62
u_core0.ROW\[18\].COL\[1\].u_pe.sum_out\[5\],2.62
net740,2.62
net749,2.62
net792,2.62
net810,2.62
net817,2.62
net867,2.62
net978,2.62
_24979_,2.61
_05964_,2.57
_12622_,2.57
_15015_,2.57
_17441_,2.57
_20245_,2.57
_22741_,2.57
_05618_,2.55
_23605_,2.55
_07682_,2.54
_25686_,2.53
_23907_,2.525
_00056_,2.52
_01904_,2.52
_02102_,2.52
_02268_,2.52
_02502_,2.52
_02826_,2.52
_03412_,2.52
_03466_,2.52
_05313_,2.52
_05754_,2.52
_06334_,2.52
_08702_,2.52
_08856_,2.52
_11151_,2.52
_11917_,2.52
_12901_,2.52
_12955_,2.52
_13489_,2.52
_13533_,2.52
_13849_,2.52
_14181_,2.52
_14411_,2.52
_14689_,2.52
_15560_,2.52
_16557_,2.52
_17882_,2.52
_18382_,2.52
_18621_,2.52
_20087_,2.52
_21556_,2.52
_22432_,2.52
_23033_,2.52
_24833_,2.52
_24858_,2.52
_24877_,2.52
_25192_,2.52
_25203_,2.52
net787,2.52
net803,2.52
net1004,2.52
_23438_,2.515
_04410_,2.51
_04930_,2.51
_09445_,2.51
_13591_,2.51
_00269_,2.5
_01039_,2.5
_01173_,2.5
_01346_,2.5
_01348_,2.5
_01700_,2.5
_01772_,2.5
_01837_,2.5
_01877_,2.5
_02016_,2.5
_02027_,2.5
_02100_,2.5
_02125_,2.5
_02160_,2.5
_02761_,2.5
_02786_,2.5
_02866_,2.5
_03210_,2.5
_03513_,2.5
_03528_,2.5
_03855_,2.5
_03996_,2.5
_04374_,2.5
_04503_,2.5
_04837_,2.5
_05294_,2.5
_05309_,2.5
_05310_,2.5
_05658_,2.5
_05947_,2.5
_06290_,2.5
_06437_,2.5
_06581_,2.5
_06840_,2.5
_06864_,2.5
_06953_,2.5
_06969_,2.5
_07068_,2.5
_07077_,2.5
_07100_,2.5
_07136_,2.5
_07326_,2.5
_07341_,2.5
_07390_,2.5
_07538_,2.5
_07688_,2.5
_07734_,2.5
_07887_,2.5
_08000_,2.5
_08231_,2.5
_08464_,2.5
_08527_,2.5
_08535_,2.5
_08681_,2.5
_08824_,2.5
_09006_,2.5
_09318_,2.5
_09564_,2.5
_09601_,2.5
_09898_,2.5
_09982_,2.5
_10136_,2.5
_10147_,2.5
_10182_,2.5
_10406_,2.5
_10625_,2.5
_10629_,2.5
_10943_,2.5
_10987_,2.5
_11420_,2.5
_11434_,2.5
_11477_,2.5
_11918_,2.5
_12088_,2.5
_12308_,2.5
_12559_,2.5
_12626_,2.5
_12706_,2.5
_12788_,2.5
_12940_,2.5
_13218_,2.5
_13454_,2.5
_13488_,2.5
_13508_,2.5
_13532_,2.5
_13734_,2.5
_13788_,2.5
_13874_,2.5
_13941_,2.5
_14138_,2.5
_14183_,2.5
_14341_,2.5
_14401_,2.5
_14522_,2.5
_14546_,2.5
_14680_,2.5
_14873_,2.5
_14954_,2.5
_15095_,2.5
_15163_,2.5
_15198_,2.5
_15391_,2.5
_15443_,2.5
_15450_,2.5
_15452_,2.5
_15598_,2.5
_15676_,2.5
_15706_,2.5
_15806_,2.5
_15822_,2.5
_15846_,2.5
_15902_,2.5
_15917_,2.5
_16023_,2.5
_16031_,2.5
_16186_,2.5
_16194_,2.5
_16433_,2.5
_16601_,2.5
_16709_,2.5
_16806_,2.5
_16838_,2.5
_16876_,2.5
_16915_,2.5
_16972_,2.5
_17417_,2.5
_17554_,2.5
_17656_,2.5
_17935_,2.5
_17951_,2.5
_17973_,2.5
_18134_,2.5
_18181_,2.5
_18209_,2.5
_18275_,2.5
_18316_,2.5
_18331_,2.5
_18390_,2.5
_18412_,2.5
_18460_,2.5
_18551_,2.5
_18631_,2.5
_18695_,2.5
_18724_,2.5
_19249_,2.5
_19416_,2.5
_19462_,2.5
_19683_,2.5
_19727_,2.5
_19733_,2.5
_20296_,2.5
_20662_,2.5
_20729_,2.5
_20922_,2.5
_20951_,2.5
_20991_,2.5
_21248_,2.5
_21319_,2.5
_21561_,2.5
_21871_,2.5
_21960_,2.5
_22044_,2.5
_22181_,2.5
_22314_,2.5
_22410_,2.5
_22944_,2.5
_23001_,2.5
_23091_,2.5
_23489_,2.5
_23704_,2.5
_23983_,2.5
_24005_,2.5
_24270_,2.5
_24396_,2.5
_24481_,2.5
_24883_,2.5
_24918_,2.5
_25102_,2.5
_25111_,2.5
_25347_,2.5
_25403_,2.5
_26122_,2.5
_26229_,2.5
_26234_,2.5
_26375_,2.5
_26569_,2.5
_26639_,2.5
_26678_,2.5
_26761_,2.5
_26778_,2.5
_26817_,2.5
_26850_,2.5
_26860_,2.5
_26866_,2.5
u_core0.ROW\[10\].COL\[0\].u_pe.sum_in\[0\],2.5
u_core0.ROW\[13\].COL\[0\].u_pe.a_out\[6\],2.5
net837,2.5
net1008,2.5
_00437_,2.465
_04807_,2.46
_05396_,2.43
_14658_,2.43
_01654_,2.41
_17260_,2.41
_24433_,2.41
_01134_,2.4
_02468_,2.4
_02521_,2.4
_04147_,2.4
_05594_,2.4
_08226_,2.4
_09028_,2.4
_09032_,2.4
_11292_,2.4
_13307_,2.4
_14540_,2.4
_14664_,2.4
_20387_,2.4
_22024_,2.4
_22306_,2.4
_22596_,2.4
_24991_,2.4
_26093_,2.4
_26426_,2.4
_26783_,2.4
net908,2.4
_01473_,2.38
_01825_,2.38
_02643_,2.38
_02689_,2.38
_04964_,2.38
_05179_,2.38
_05481_,2.38
_06531_,2.38
_06767_,2.38
_06772_,2.38
_07806_,2.38
_08358_,2.38
_08450_,2.38
_10114_,2.38
_10639_,2.38
_12374_,2.38
_13659_,2.38
_16328_,2.38
_21158_,2.38
_22037_,2.38
_23104_,2.38
_23192_,2.38
_24870_,2.38
_25475_,2.38
_25868_,2.38
_27018_,2.38
_16197_,2.375
_07042_,2.32
_00537_,2.305
_00001_,2.3
_01161_,2.3
_01345_,2.3
_01440_,2.3
_01727_,2.3
_01861_,2.3
_02278_,2.3
_02483_,2.3
_03079_,2.3
_03294_,2.3
_03534_,2.3
_03867_,2.3
_04691_,2.3
_04850_,2.3
_05557_,2.3
_05640_,2.3
_06232_,2.3
_06367_,2.3
_06570_,2.3
_06756_,2.3
_07969_,2.3
_08657_,2.3
_09124_,2.3
_09178_,2.3
_09278_,2.3
_09419_,2.3
_09548_,2.3
_09729_,2.3
_09785_,2.3
_09909_,2.3
_10071_,2.3
_10424_,2.3
_10521_,2.3
_10783_,2.3
_11076_,2.3
_11272_,2.3
_11454_,2.3
_11766_,2.3
_11863_,2.3
_12572_,2.3
_12938_,2.3
_13209_,2.3
_13326_,2.3
_13510_,2.3
_13553_,2.3
_13643_,2.3
_13789_,2.3
_13974_,2.3
_14070_,2.3
_14128_,2.3
_14228_,2.3
_14530_,2.3
_14554_,2.3
_14613_,2.3
_15145_,2.3
_15194_,2.3
_15347_,2.3
_15433_,2.3
_15569_,2.3
_15582_,2.3
_16115_,2.3
_16227_,2.3
_16248_,2.3
_16253_,2.3
_16409_,2.3
_16563_,2.3
_16615_,2.3
_17144_,2.3
_17181_,2.3
_17252_,2.3
_17651_,2.3
_17672_,2.3
_17678_,2.3
_17705_,2.3
_17804_,2.3
_18404_,2.3
_18544_,2.3
_18693_,2.3
_18802_,2.3
_18914_,2.3
_19067_,2.3
_19141_,2.3
_19537_,2.3
_19578_,2.3
_19819_,2.3
_19883_,2.3
_20064_,2.3
_20204_,2.3
_20384_,2.3
_22120_,2.3
_22464_,2.3
_22504_,2.3
_22693_,2.3
_23491_,2.3
_23849_,2.3
_24170_,2.3
_24611_,2.3
_24700_,2.3
_24795_,2.3
_24889_,2.3
_24961_,2.3
_25193_,2.3
_25396_,2.3
_26604_,2.3
_26607_,2.3
_26991_,2.3
net675,2.3
_00145_,2.28
_00861_,2.28
_03531_,2.28
_04746_,2.28
_04895_,2.28
_09066_,2.28
_09370_,2.28
_09985_,2.28
_10279_,2.28
_10797_,2.28
_12457_,2.28
_13219_,2.28
_16388_,2.28
_19494_,2.28
_19712_,2.28
_19899_,2.28
_22884_,2.28
_23054_,2.28
_23957_,2.28
u_core0.ROW\[14\].COL\[0\].u_pe.sum_out\[14\],2.28
_10965_,2.27
_21382_,2.265
_26628_,2.255
_05230_,2.23
_18370_,2.23
_18496_,2.22
_00859_,2.205
_26221_,2.2
_16766_,2.19
_10835_,2.185
_14353_,2.185
_00250_,2.18
_00273_,2.18
_00393_,2.18
_00415_,2.18
_00621_,2.18
_00634_,2.18
_01121_,2.18
_01876_,2.18
_02114_,2.18
_02245_,2.18
_02600_,2.18
_02766_,2.18
_02801_,2.18
_02802_,2.18
_02884_,2.18
_03365_,2.18
_03687_,2.18
_03964_,2.18
_04120_,2.18
_04215_,2.18
_04282_,2.18
_05278_,2.18
_06009_,2.18
_06069_,2.18
_06392_,2.18
_06431_,2.18
_06564_,2.18
_06891_,2.18
_06962_,2.18
_07127_,2.18
_07628_,2.18
_07674_,2.18
_08007_,2.18
_08312_,2.18
_08325_,2.18
_08521_,2.18
_08623_,2.18
_08679_,2.18
_08844_,2.18
_08897_,2.18
_08993_,2.18
_09595_,2.18
_09711_,2.18
_09890_,2.18
_10023_,2.18
_10255_,2.18
_10344_,2.18
_10518_,2.18
_10565_,2.18
_10752_,2.18
_10880_,2.18
_10914_,2.18
_10989_,2.18
_11014_,2.18
_11572_,2.18
_11698_,2.18
_11801_,2.18
_11839_,2.18
_12563_,2.18
_12862_,2.18
_12948_,2.18
_13146_,2.18
_13439_,2.18
_13670_,2.18
_13758_,2.18
_14045_,2.18
_14069_,2.18
_14463_,2.18
_14626_,2.18
_14759_,2.18
_14923_,2.18
_15247_,2.18
_15432_,2.18
_15561_,2.18
_15612_,2.18
_15712_,2.18
_15732_,2.18
_15995_,2.18
_16130_,2.18
_16558_,2.18
_16588_,2.18
_16591_,2.18
_16683_,2.18
_16776_,2.18
_16913_,2.18
_16920_,2.18
_17174_,2.18
_17262_,2.18
_17301_,2.18
_17511_,2.18
_17663_,2.18
_18003_,2.18
_18285_,2.18
_18347_,2.18
_18522_,2.18
_18540_,2.18
_18560_,2.18
_19289_,2.18
_19367_,2.18
_19622_,2.18
_19631_,2.18
_19667_,2.18
_19672_,2.18
_19699_,2.18
_19740_,2.18
_20174_,2.18
_20412_,2.18
_20427_,2.18
_20896_,2.18
_21344_,2.18
_21355_,2.18
_21400_,2.18
_21700_,2.18
_21865_,2.18
_21881_,2.18
_22112_,2.18
_22333_,2.18
_22576_,2.18
_22652_,2.18
_22771_,2.18
_22782_,2.18
_22821_,2.18
_23388_,2.18
_23670_,2.18
_23714_,2.18
_23908_,2.18
_24703_,2.18
_24905_,2.18
_25072_,2.18
_25615_,2.18
_26421_,2.18
_26468_,2.18
_26479_,2.18
_26666_,2.18
_26904_,2.18
u_core0.ROW\[17\].COL\[1\].u_pe.sum_out\[0\],2.18
net734,2.18
_06549_,2.165
_00253_,2.16
_00370_,2.16
_01025_,2.16
_01144_,2.16
_01159_,2.16
_01228_,2.16
_01239_,2.16
_01454_,2.16
_01516_,2.16
_01520_,2.16
_01563_,2.16
_01723_,2.16
_01840_,2.16
_01842_,2.16
_01881_,2.16
_02070_,2.16
_02093_,2.16
_02112_,2.16
_02116_,2.16
_02143_,2.16
_02174_,2.16
_02195_,2.16
_02435_,2.16
_02749_,2.16
_02834_,2.16
_02937_,2.16
_02969_,2.16
_03276_,2.16
_03671_,2.16
_03758_,2.16
_03768_,2.16
_03777_,2.16
_03889_,2.16
_03989_,2.16
_04156_,2.16
_04176_,2.16
_04268_,2.16
_04767_,2.16
_04801_,2.16
_04860_,2.16
_04872_,2.16
_04989_,2.16
_05357_,2.16
_05432_,2.16
_05433_,2.16
_05666_,2.16
_05743_,2.16
_05772_,2.16
_05825_,2.16
_05889_,2.16
_06197_,2.16
_06350_,2.16
_06377_,2.16
_06432_,2.16
_06524_,2.16
_06694_,2.16
_06898_,2.16
_06919_,2.16
_07208_,2.16
_07251_,2.16
_07279_,2.16
_07281_,2.16
_07546_,2.16
_07552_,2.16
_07595_,2.16
_07746_,2.16
_07792_,2.16
_07842_,2.16
_08151_,2.16
_08208_,2.16
_08332_,2.16
_08746_,2.16
_08951_,2.16
_09033_,2.16
_09155_,2.16
_09241_,2.16
_09367_,2.16
_09444_,2.16
_09566_,2.16
_09591_,2.16
_09677_,2.16
_09836_,2.16
_09839_,2.16
_09887_,2.16
_09932_,2.16
_10186_,2.16
_10195_,2.16
_10248_,2.16
_10283_,2.16
_10391_,2.16
_10578_,2.16
_10781_,2.16
_10896_,2.16
_11142_,2.16
_11159_,2.16
_11569_,2.16
_11735_,2.16
_11750_,2.16
_11822_,2.16
_11946_,2.16
_11953_,2.16
_11969_,2.16
_12047_,2.16
_12141_,2.16
_12188_,2.16
_12449_,2.16
_12568_,2.16
_12687_,2.16
_12783_,2.16
_12833_,2.16
_12943_,2.16
_13156_,2.16
_13385_,2.16
_13390_,2.16
_13626_,2.16
_13702_,2.16
_13786_,2.16
_13848_,2.16
_13885_,2.16
_13916_,2.16
_13995_,2.16
_14121_,2.16
_14150_,2.16
_14153_,2.16
_14212_,2.16
_14241_,2.16
_14403_,2.16
_14492_,2.16
_14532_,2.16
_14604_,2.16
_14638_,2.16
_14677_,2.16
_14741_,2.16
_14770_,2.16
_14799_,2.16
_14877_,2.16
_14885_,2.16
_14897_,2.16
_15011_,2.16
_15031_,2.16
_15061_,2.16
_15140_,2.16
_15153_,2.16
_15261_,2.16
_15324_,2.16
_15396_,2.16
_15456_,2.16
_15479_,2.16
_15507_,2.16
_15659_,2.16
_15737_,2.16
_15739_,2.16
_15820_,2.16
_15839_,2.16
_15883_,2.16
_15962_,2.16
_16003_,2.16
_16064_,2.16
_16323_,2.16
_16331_,2.16
_16357_,2.16
_16440_,2.16
_16470_,2.16
_16496_,2.16
_16537_,2.16
_16554_,2.16
_16697_,2.16
_16698_,2.16
_16747_,2.16
_16790_,2.16
_16817_,2.16
_16967_,2.16
_16998_,2.16
_17263_,2.16
_17392_,2.16
_17428_,2.16
_17451_,2.16
_17458_,2.16
_17521_,2.16
_17528_,2.16
_17535_,2.16
_17710_,2.16
_17741_,2.16
_17833_,2.16
_18035_,2.16
_18050_,2.16
_18130_,2.16
_18234_,2.16
_18422_,2.16
_18539_,2.16
_18607_,2.16
_18650_,2.16
_18653_,2.16
_18681_,2.16
_18716_,2.16
_18943_,2.16
_19041_,2.16
_19096_,2.16
_19165_,2.16
_19325_,2.16
_19558_,2.16
_19566_,2.16
_20103_,2.16
_20169_,2.16
_20288_,2.16
_20346_,2.16
_20584_,2.16
_20783_,2.16
_20796_,2.16
_20803_,2.16
_20854_,2.16
_20877_,2.16
_21044_,2.16
_21098_,2.16
_21147_,2.16
_21152_,2.16
_21212_,2.16
_21414_,2.16
_21480_,2.16
_21501_,2.16
_21588_,2.16
_21615_,2.16
_22069_,2.16
_22139_,2.16
_22213_,2.16
_22436_,2.16
_22520_,2.16
_22664_,2.16
_22696_,2.16
_22794_,2.16
_22838_,2.16
_22966_,2.16
_22980_,2.16
_22993_,2.16
_23178_,2.16
_23185_,2.16
_23214_,2.16
_23283_,2.16
_23435_,2.16
_23578_,2.16
_23632_,2.16
_23680_,2.16
_23757_,2.16
_23821_,2.16
_23870_,2.16
_23901_,2.16
_23988_,2.16
_23991_,2.16
_24011_,2.16
_24240_,2.16
_24424_,2.16
_24471_,2.16
_24607_,2.16
_24698_,2.16
_24747_,2.16
_24751_,2.16
_24837_,2.16
_24969_,2.16
_25086_,2.16
_25090_,2.16
_25594_,2.16
_25716_,2.16
_25848_,2.16
_25906_,2.16
_25924_,2.16
_25970_,2.16
_25982_,2.16
_25987_,2.16
_26034_,2.16
_26046_,2.16
_26589_,2.16
_26642_,2.16
_26653_,2.16
_26749_,2.16
_26813_,2.16
_26871_,2.16
_26899_,2.16
_26908_,2.16
_26921_,2.16
_26965_,2.16
u_core0.ROW\[27\].COL\[1\].u_pe.sum_out\[0\],2.16
net854,2.16
net884,2.16
net890,2.16
_03997_,2.11
_05625_,2.11
_09883_,2.11
_10179_,2.11
_14911_,2.11
_15915_,2.11
_15992_,2.11
_26323_,2.11
_01771_,2.06
_01874_,2.06
_05400_,2.06
_05513_,2.06
_05936_,2.06
_06765_,2.06
_07597_,2.06
_07639_,2.06
_08991_,2.06
_08994_,2.06
_10467_,2.06
_10782_,2.06
_11125_,2.06
_12303_,2.06
_12553_,2.06
_12677_,2.06
_12888_,2.06
_13206_,2.06
_13570_,2.06
_14263_,2.06
_14992_,2.06
_15509_,2.06
_16574_,2.06
_17015_,2.06
_17498_,2.06
_17673_,2.06
_18012_,2.06
_19472_,2.06
_19526_,2.06
_19824_,2.06
_21246_,2.06
_23579_,2.06
_25018_,2.06
_25093_,2.06
_25221_,2.06
net799,2.06
net993,2.06
_20227_,2.05
_00024_,2.04
_01226_,2.04
_01331_,2.04
_01400_,2.04
_01407_,2.04
_01504_,2.04
_01660_,2.04
_01738_,2.04
_02286_,2.04
_02383_,2.04
_02384_,2.04
_02481_,2.04
_02487_,2.04
_02590_,2.04
_02636_,2.04
_02809_,2.04
_03126_,2.04
_03130_,2.04
_03142_,2.04
_03319_,2.04
_03347_,2.04
_03476_,2.04
_03649_,2.04
_03819_,2.04
_03961_,2.04
_04043_,2.04
_04071_,2.04
_04194_,2.04
_04350_,2.04
_04721_,2.04
_04773_,2.04
_04987_,2.04
_05560_,2.04
_05617_,2.04
_05736_,2.04
_05848_,2.04
_05935_,2.04
_05996_,2.04
_06016_,2.04
_06097_,2.04
_06268_,2.04
_06407_,2.04
_06417_,2.04
_06675_,2.04
_06902_,2.04
_07441_,2.04
_07828_,2.04
_07874_,2.04
_08081_,2.04
_08506_,2.04
_08547_,2.04
_08881_,2.04
_08979_,2.04
_08984_,2.04
_09041_,2.04
_09438_,2.04
_09539_,2.04
_09817_,2.04
_09867_,2.04
_09949_,2.04
_10130_,2.04
_10164_,2.04
_10945_,2.04
_11078_,2.04
_11099_,2.04
_11186_,2.04
_11231_,2.04
_11761_,2.04
_12210_,2.04
_12670_,2.04
_12905_,2.04
_13054_,2.04
_13072_,2.04
_13102_,2.04
_13601_,2.04
_13715_,2.04
_13969_,2.04
_14012_,2.04
_14041_,2.04
_14053_,2.04
_14126_,2.04
_14277_,2.04
_14325_,2.04
_14374_,2.04
_14628_,2.04
_14648_,2.04
_14861_,2.04
_14888_,2.04
_14945_,2.04
_14985_,2.04
_15400_,2.04
_15476_,2.04
_15590_,2.04
_15772_,2.04
_16078_,2.04
_16180_,2.04
_16483_,2.04
_16621_,2.04
_16679_,2.04
_16736_,2.04
_16896_,2.04
_17282_,2.04
_17448_,2.04
_17496_,2.04
_17543_,2.04
_17609_,2.04
_17640_,2.04
_18113_,2.04
_18144_,2.04
_18262_,2.04
_18281_,2.04
_18380_,2.04
_18437_,2.04
_19001_,2.04
_19034_,2.04
_19132_,2.04
_19261_,2.04
_19351_,2.04
_19519_,2.04
_19547_,2.04
_19806_,2.04
_19891_,2.04
_20215_,2.04
_20247_,2.04
_20254_,2.04
_20264_,2.04
_20419_,2.04
_20436_,2.04
_20814_,2.04
_21129_,2.04
_21410_,2.04
_21562_,2.04
_21862_,2.04
_21931_,2.04
_22078_,2.04
_22408_,2.04
_22752_,2.04
_22832_,2.04
_22897_,2.04
_23121_,2.04
_23488_,2.04
_23934_,2.04
_23984_,2.04
_24100_,2.04
_24241_,2.04
_24497_,2.04
_24762_,2.04
_24880_,2.04
_24944_,2.04
_25189_,2.04
_25259_,2.04
_25407_,2.04
_26051_,2.04
_26304_,2.04
_26336_,2.04
_26358_,2.04
_26451_,2.04
_26715_,2.04
_26858_,2.04
_26872_,2.04
_26958_,2.04
_26982_,2.04
u_core0.ROW\[8\].COL\[0\].u_pe.sum_out\[0\],2.04
net857,2.04
net1040,2.04
_00251_,2.005
_00266_,2.005
_00936_,2.005
_19026_,1.99
_14681_,1.97
_21771_,1.97
_14552_,1.95
_17645_,1.95
_02916_,1.94
_03097_,1.94
_05558_,1.94
_08003_,1.94
_08214_,1.94
_08813_,1.94
_09005_,1.94
_09027_,1.94
_10390_,1.94
_11885_,1.94
_13291_,1.94
_14766_,1.94
_15566_,1.94
_16034_,1.94
_16676_,1.94
_17279_,1.94
_17638_,1.94
_18459_,1.94
_20222_,1.94
_23093_,1.94
_23785_,1.94
_24375_,1.94
_24906_,1.94
_25167_,1.94
_26244_,1.94
_02508_,1.915
_10440_,1.86
_24940_,1.85
_00026_,1.845
_01363_,1.84
_01620_,1.84
_02911_,1.84
_03009_,1.84
_04790_,1.84
_04879_,1.84
_05026_,1.84
_05077_,1.84
_05106_,1.84
_05204_,1.84
_05826_,1.84
_05930_,1.84
_06224_,1.84
_06505_,1.84
_07007_,1.84
_07433_,1.84
_07588_,1.84
_07653_,1.84
_08316_,1.84
_08372_,1.84
_08420_,1.84
_08829_,1.84
_09978_,1.84
_10103_,1.84
_10139_,1.84
_10259_,1.84
_10270_,1.84
_10280_,1.84
_10474_,1.84
_10815_,1.84
_11616_,1.84
_11957_,1.84
_12436_,1.84
_12451_,1.84
_12717_,1.84
_12761_,1.84
_13608_,1.84
_14102_,1.84
_14190_,1.84
_14236_,1.84
_14251_,1.84
_14486_,1.84
_14684_,1.84
_15259_,1.84
_15298_,1.84
_15477_,1.84
_15726_,1.84
_15890_,1.84
_16516_,1.84
_16523_,1.84
_16525_,1.84
_17542_,1.84
_17664_,1.84
_17676_,1.84
_18228_,1.84
_18751_,1.84
_18865_,1.84
_19102_,1.84
_19531_,1.84
_19908_,1.84
_20074_,1.84
_20096_,1.84
_20122_,1.84
_20149_,1.84
_21517_,1.84
_22526_,1.84
_22778_,1.84
_22857_,1.84
_23516_,1.84
_24652_,1.84
_24965_,1.84
_25767_,1.84
_26258_,1.84
net771,1.84
_12247_,1.83
_15922_,1.83
_00025_,1.82
_00366_,1.82
_00868_,1.82
_02176_,1.82
_07117_,1.82
_08768_,1.82
_09750_,1.82
_12461_,1.82
_13196_,1.82
_16010_,1.82
_16792_,1.82
_18880_,1.82
_19545_,1.82
_21023_,1.82
_21260_,1.82
_22352_,1.82
_23668_,1.82
_24941_,1.82
_09067_,1.8
_06296_,1.78
_18327_,1.77
_01359_,1.72
_01409_,1.72
_01626_,1.72
_01734_,1.72
_01829_,1.72
_01871_,1.72
_01924_,1.72
_03057_,1.72
_03092_,1.72
_03392_,1.72
_03555_,1.72
_03586_,1.72
_03594_,1.72
_03645_,1.72
_03735_,1.72
_03826_,1.72
_03860_,1.72
_04007_,1.72
_04244_,1.72
_04311_,1.72
_04316_,1.72
_04321_,1.72
_04783_,1.72
_04881_,1.72
_05039_,1.72
_05493_,1.72
_05787_,1.72
_05977_,1.72
_06672_,1.72
_06949_,1.72
_06993_,1.72
_07053_,1.72
_07112_,1.72
_07335_,1.72
_07986_,1.72
_08026_,1.72
_08043_,1.72
_08257_,1.72
_08900_,1.72
_08923_,1.72
_08975_,1.72
_09224_,1.72
_09559_,1.72
_09649_,1.72
_09874_,1.72
_10324_,1.72
_10330_,1.72
_10407_,1.72
_10635_,1.72
_11025_,1.72
_11581_,1.72
_11638_,1.72
_12410_,1.72
_12724_,1.72
_12894_,1.72
_13128_,1.72
_13405_,1.72
_13826_,1.72
_13833_,1.72
_14088_,1.72
_14261_,1.72
_14653_,1.72
_14883_,1.72
_14959_,1.72
_15082_,1.72
_15589_,1.72
_15748_,1.72
_15985_,1.72
_16335_,1.72
_16368_,1.72
_16378_,1.72
_16403_,1.72
_16492_,1.72
_16761_,1.72
_16783_,1.72
_16846_,1.72
_16932_,1.72
_16978_,1.72
_17382_,1.72
_17398_,1.72
_17437_,1.72
_17533_,1.72
_17586_,1.72
_17764_,1.72
_17782_,1.72
_17842_,1.72
_17887_,1.72
_18270_,1.72
_18503_,1.72
_18530_,1.72
_18536_,1.72
_18589_,1.72
_18725_,1.72
_19073_,1.72
_19235_,1.72
_19610_,1.72
_19654_,1.72
_19945_,1.72
_19988_,1.72
_20072_,1.72
_20090_,1.72
_20355_,1.72
_20375_,1.72
_20392_,1.72
_20621_,1.72
_20624_,1.72
_20732_,1.72
_21075_,1.72
_21402_,1.72
_21525_,1.72
_21736_,1.72
_22121_,1.72
_22338_,1.72
_22632_,1.72
_23118_,1.72
_23454_,1.72
_23723_,1.72
_23800_,1.72
_23835_,1.72
_23966_,1.72
_24095_,1.72
_24277_,1.72
_24737_,1.72
_25004_,1.72
_25028_,1.72
_25371_,1.72
_25535_,1.72
_25899_,1.72
_26012_,1.72
_26472_,1.72
_26652_,1.72
u_core0.ROW\[13\].COL\[0\].u_pe.a_out\[3\],1.72
net763,1.72
_02497_,1.705
_00450_,1.7
_00475_,1.7
_01052_,1.7
_01067_,1.7
_01095_,1.7
_01180_,1.7
_01391_,1.7
_01500_,1.7
_01648_,1.7
_01651_,1.7
_01737_,1.7
_01852_,1.7
_01857_,1.7
_02104_,1.7
_02229_,1.7
_02236_,1.7
_02339_,1.7
_02503_,1.7
_02567_,1.7
_02610_,1.7
_02627_,1.7
_02651_,1.7
_02679_,1.7
_02829_,1.7
_02894_,1.7
_02900_,1.7
_03017_,1.7
_03120_,1.7
_03131_,1.7
_03140_,1.7
_03155_,1.7
_03249_,1.7
_03263_,1.7
_03467_,1.7
_03519_,1.7
_03582_,1.7
_03653_,1.7
_03698_,1.7
_03820_,1.7
_04060_,1.7
_04075_,1.7
_04188_,1.7
_04578_,1.7
_04931_,1.7
_04998_,1.7
_05085_,1.7
_05260_,1.7
_05438_,1.7
_05447_,1.7
_05537_,1.7
_05710_,1.7
_05865_,1.7
_06161_,1.7
_06714_,1.7
_06818_,1.7
_06833_,1.7
_06868_,1.7
_06955_,1.7
_07198_,1.7
_07457_,1.7
_07469_,1.7
_07861_,1.7
_07942_,1.7
_07971_,1.7
_08153_,1.7
_08161_,1.7
_08203_,1.7
_08294_,1.7
_08333_,1.7
_08543_,1.7
_08569_,1.7
_08575_,1.7
_08771_,1.7
_08795_,1.7
_08864_,1.7
_08896_,1.7
_09215_,1.7
_09361_,1.7
_09437_,1.7
_09534_,1.7
_09696_,1.7
_09844_,1.7
_09882_,1.7
_10035_,1.7
_10257_,1.7
_10321_,1.7
_10351_,1.7
_10456_,1.7
_10529_,1.7
_10581_,1.7
_10692_,1.7
_10817_,1.7
_10863_,1.7
_10881_,1.7
_11095_,1.7
_11217_,1.7
_11244_,1.7
_11457_,1.7
_11561_,1.7
_11597_,1.7
_11649_,1.7
_11703_,1.7
_11851_,1.7
_11879_,1.7
_11912_,1.7
_11978_,1.7
_11981_,1.7
_12051_,1.7
_12222_,1.7
_12270_,1.7
_12407_,1.7
_12518_,1.7
_12555_,1.7
_12564_,1.7
_12659_,1.7
_12927_,1.7
_13095_,1.7
_13117_,1.7
_13197_,1.7
_13287_,1.7
_13311_,1.7
_13383_,1.7
_13420_,1.7
_13610_,1.7
_13635_,1.7
_13691_,1.7
_13706_,1.7
_13724_,1.7
_13729_,1.7
_13774_,1.7
_13878_,1.7
_14446_,1.7
_14907_,1.7
_14956_,1.7
_15055_,1.7
_15330_,1.7
_15438_,1.7
_15481_,1.7
_15576_,1.7
_15641_,1.7
_15678_,1.7
_15719_,1.7
_15753_,1.7
_15870_,1.7
_15900_,1.7
_15923_,1.7
_16016_,1.7
_16084_,1.7
_16090_,1.7
_16100_,1.7
_16126_,1.7
_16184_,1.7
_16396_,1.7
_16444_,1.7
_16771_,1.7
_16839_,1.7
_16870_,1.7
_16977_,1.7
_17074_,1.7
_17228_,1.7
_17240_,1.7
_17291_,1.7
_17326_,1.7
_17353_,1.7
_17360_,1.7
_17446_,1.7
_17473_,1.7
_17537_,1.7
_17823_,1.7
_18038_,1.7
_18182_,1.7
_18194_,1.7
_18302_,1.7
_18312_,1.7
_18384_,1.7
_18639_,1.7
_18685_,1.7
_18758_,1.7
_18838_,1.7
_18877_,1.7
_19319_,1.7
_19563_,1.7
_19649_,1.7
_19680_,1.7
_19773_,1.7
_19880_,1.7
_19906_,1.7
_19920_,1.7
_19970_,1.7
_19995_,1.7
_20035_,1.7
_20153_,1.7
_20224_,1.7
_20769_,1.7
_20782_,1.7
_21022_,1.7
_21111_,1.7
_21206_,1.7
_21259_,1.7
_21331_,1.7
_21347_,1.7
_21608_,1.7
_21643_,1.7
_21678_,1.7
_22039_,1.7
_22589_,1.7
_22627_,1.7
_22659_,1.7
_22873_,1.7
_22972_,1.7
_23253_,1.7
_23307_,1.7
_23562_,1.7
_23613_,1.7
_23967_,1.7
_24302_,1.7
_24341_,1.7
_24397_,1.7
_24547_,1.7
_24884_,1.7
_25001_,1.7
_25324_,1.7
_25370_,1.7
_25383_,1.7
_25485_,1.7
_25626_,1.7
_25965_,1.7
_26058_,1.7
_26290_,1.7
_26488_,1.7
_26515_,1.7
_26566_,1.7
_26609_,1.7
_26651_,1.7
_26669_,1.7
_26932_,1.7
u_core0.ROW\[16\].COL\[0\].u_pe.sum_out\[0\],1.7
u_core0.ROW\[2\].COL\[1\].u_pe.sum_out\[1\],1.7
net708,1.7
net751,1.7
net758,1.7
net834,1.7
net1035,1.7
net1070,1.7
_03149_,1.65
_03627_,1.65
_11942_,1.65
_13268_,1.65
_21289_,1.65
_13513_,1.62
_02401_,1.6
_02994_,1.6
_05573_,1.6
_08541_,1.6
_11387_,1.6
_11600_,1.6
_15802_,1.6
_19765_,1.6
_20905_,1.6
_22335_,1.6
_22578_,1.6
_23309_,1.6
_01944_,1.55
_00364_,1.545
_26208_,1.5
_05817_,1.49
_10422_,1.49
_13543_,1.49
_14020_,1.49
_18047_,1.49
_21945_,1.49
_24400_,1.49
_04217_,1.48
_05140_,1.48
_05495_,1.48
_05682_,1.48
_07204_,1.48
_07745_,1.48
_07762_,1.48
_14372_,1.48
_16053_,1.48
_20211_,1.48
_22397_,1.48
_24249_,1.48
_24377_,1.48
_25379_,1.48
_25530_,1.48
_26912_,1.48
_26942_,1.48
_13362_,1.44
_01204_,1.38
_01432_,1.38
_01921_,1.38
_02238_,1.38
_02247_,1.38
_02640_,1.38
_02709_,1.38
_02763_,1.38
_02907_,1.38
_03271_,1.38
_03376_,1.38
_03603_,1.38
_03689_,1.38
_04330_,1.38
_04407_,1.38
_04993_,1.38
_05133_,1.38
_05389_,1.38
_05519_,1.38
_05580_,1.38
_05692_,1.38
_05771_,1.38
_05969_,1.38
_06103_,1.38
_06180_,1.38
_06304_,1.38
_06358_,1.38
_06755_,1.38
_06858_,1.38
_07830_,1.38
_08019_,1.38
_08412_,1.38
_08414_,1.38
_08426_,1.38
_08567_,1.38
_08592_,1.38
_09142_,1.38
_09658_,1.38
_09854_,1.38
_10045_,1.38
_10534_,1.38
_10658_,1.38
_11417_,1.38
_11530_,1.38
_11606_,1.38
_11608_,1.38
_11612_,1.38
_12329_,1.38
_12344_,1.38
_12367_,1.38
_12403_,1.38
_12673_,1.38
_12844_,1.38
_13139_,1.38
_13447_,1.38
_13673_,1.38
_13684_,1.38
_13909_,1.38
_13926_,1.38
_14237_,1.38
_14695_,1.38
_14822_,1.38
_14876_,1.38
_14915_,1.38
_15109_,1.38
_15755_,1.38
_16592_,1.38
_16655_,1.38
_16681_,1.38
_16781_,1.38
_16799_,1.38
_16832_,1.38
_17202_,1.38
_17266_,1.38
_17636_,1.38
_17727_,1.38
_17743_,1.38
_17795_,1.38
_17813_,1.38
_17852_,1.38
_18148_,1.38
_18433_,1.38
_18481_,1.38
_18667_,1.38
_18679_,1.38
_19022_,1.38
_19195_,1.38
_19219_,1.38
_19248_,1.38
_19250_,1.38
_19321_,1.38
_19429_,1.38
_19661_,1.38
_20011_,1.38
_20081_,1.38
_20290_,1.38
_20776_,1.38
_21443_,1.38
_21523_,1.38
_21566_,1.38
_22182_,1.38
_22184_,1.38
_22774_,1.38
_22779_,1.38
_23328_,1.38
_23642_,1.38
_23746_,1.38
_23876_,1.38
_24049_,1.38
_25056_,1.38
_25117_,1.38
_25142_,1.38
_25492_,1.38
_25520_,1.38
_25527_,1.38
_25578_,1.38
_25693_,1.38
_25754_,1.38
_26018_,1.38
_26053_,1.38
_26206_,1.38
_26347_,1.38
_26419_,1.38
_26525_,1.38
_26738_,1.38
net797,1.38
_00128_,1.36
_00252_,1.36
_00372_,1.36
_02175_,1.36
_08572_,1.36
_14060_,1.36
_18103_,1.36
_20310_,1.36
_25688_,1.31
_01141_,1.26
_01708_,1.26
_01941_,1.26
_02127_,1.26
_02342_,1.26
_02867_,1.26
_03385_,1.26
_03397_,1.26
_03500_,1.26
_04281_,1.26
_04747_,1.26
_05163_,1.26
_05248_,1.26
_05388_,1.26
_05422_,1.26
_05423_,1.26
_05915_,1.26
_06588_,1.26
_06611_,1.26
_06779_,1.26
_06905_,1.26
_07244_,1.26
_07593_,1.26
_07756_,1.26
_07933_,1.26
_08292_,1.26
_08723_,1.26
_09045_,1.26
_09262_,1.26
_09277_,1.26
_09427_,1.26
_09662_,1.26
_10140_,1.26
_10540_,1.26
_10887_,1.26
_10924_,1.26
_11107_,1.26
_11369_,1.26
_11685_,1.26
_11726_,1.26
_11764_,1.26
_11854_,1.26
_12034_,1.26
_12103_,1.26
_12156_,1.26
_12339_,1.26
_12387_,1.26
_12463_,1.26
_12536_,1.26
_12972_,1.26
_13089_,1.26
_13358_,1.26
_13466_,1.26
_13986_,1.26
_14026_,1.26
_14370_,1.26
_15253_,1.26
_15331_,1.26
_15409_,1.26
_15421_,1.26
_15658_,1.26
_15892_,1.26
_17027_,1.26
_17179_,1.26
_17264_,1.26
_17335_,1.26
_17565_,1.26
_17922_,1.26
_18666_,1.26
_18759_,1.26
_19150_,1.26
_19162_,1.26
_19344_,1.26
_19485_,1.26
_19520_,1.26
_19602_,1.26
_20217_,1.26
_20475_,1.26
_21060_,1.26
_21366_,1.26
_21682_,1.26
_21794_,1.26
_21842_,1.26
_21980_,1.26
_22914_,1.26
_23634_,1.26
_23841_,1.26
_24162_,1.26
_24363_,1.26
_24659_,1.26
_25351_,1.26
_25460_,1.26
_26156_,1.26
_26295_,1.26
_26446_,1.26
_26581_,1.26
_26751_,1.26
u_core0.ROW\[10\].COL\[0\].u_pe.a_out\[0\],1.26
u_core0.ROW\[10\].COL\[0\].u_pe.a_out\[7\],1.26
_18944_,1.16
_13858_,1.15
_03069_,1.14
_05794_,1.14
_08345_,1.14
_09048_,1.14
_10787_,1.14
_11817_,1.14
_15909_,1.14
_16236_,1.14
_16644_,1.14
_16951_,1.14
_18374_,1.14
_21110_,1.14
_21275_,1.14
_21689_,1.14
_22282_,1.14
_23547_,1.14
_25399_,1.14
net33,1.14
_03028_,1.02
_03465_,1.02
_03562_,1.02
_04834_,1.02
_05505_,1.02
_14776_,1.02
_15865_,1.02
_16906_,1.02
_18400_,1.02
_19612_,1.02
_21511_,1.02
net889,1.02
_01315_,0.92
_02388_,0.92
_02519_,0.92
_02648_,0.92
_02684_,0.92
_02725_,0.92
_02940_,0.92
_03164_,0.92
_03486_,0.92
_04273_,0.92
_04392_,0.92
_04422_,0.92
_04434_,0.92
_04560_,0.92
_04835_,0.92
_04970_,0.92
_05048_,0.92
_05235_,0.92
_05291_,0.92
_05741_,0.92
_06080_,0.92
_06084_,0.92
_06258_,0.92
_06343_,0.92
_06459_,0.92
_06546_,0.92
_06567_,0.92
_06632_,0.92
_06964_,0.92
_07622_,0.92
_07716_,0.92
_07812_,0.92
_08271_,0.92
_08515_,0.92
_08534_,0.92
_08545_,0.92
_08763_,0.92
_09059_,0.92
_09162_,0.92
_10094_,0.92
_10163_,0.92
_10207_,0.92
_10374_,0.92
_10403_,0.92
_10455_,0.92
_10492_,0.92
_10686_,0.92
_11066_,0.92
_11771_,0.92
_11777_,0.92
_11792_,0.92
_11860_,0.92
_11931_,0.92
_11934_,0.92
_11971_,0.92
_12135_,0.92
_12241_,0.92
_12300_,0.92
_12320_,0.92
_12431_,0.92
_12799_,0.92
_12821_,0.92
_12980_,0.92
_13083_,0.92
_13435_,0.92
_13661_,0.92
_13958_,0.92
_13968_,0.92
_14244_,0.92
_14582_,0.92
_14790_,0.92
_14812_,0.92
_14852_,0.92
_15027_,0.92
_15496_,0.92
_15714_,0.92
_15742_,0.92
_16162_,0.92
_16224_,0.92
_16270_,0.92
_16626_,0.92
_17226_,0.92
_17300_,0.92
_17430_,0.92
_17501_,0.92
_17976_,0.92
_18112_,0.92
_18282_,0.92
_18467_,0.92
_18471_,0.92
_19077_,0.92
_19405_,0.92
_19476_,0.92
_19580_,0.92
_19598_,0.92
_19710_,0.92
_19855_,0.92
_19950_,0.92
_20225_,0.92
_20388_,0.92
_21146_,0.92
_21271_,0.92
_21426_,0.92
_21827_,0.92
_21891_,0.92
_21952_,0.92
_22060_,0.92
_22912_,0.92
_23315_,0.92
_23356_,0.92
_23857_,0.92
_24108_,0.92
_24215_,0.92
_24507_,0.92
_24729_,0.92
_24926_,0.92
_25121_,0.92
_25287_,0.92
_26307_,0.92
_26324_,0.92
_26418_,0.92
_26551_,0.92
_26769_,0.92
_02827_,0.855
_19630_,0.82
_03738_,0.8
_05264_,0.8
_07636_,0.8
_07825_,0.8
_07893_,0.8
_08715_,0.8
_09746_,0.8
_12801_,0.8
_13550_,0.8
_15552_,0.8
_22621_,0.8
_22698_,0.8
_27012_,0.8
_01630_,0.46
_02043_,0.46
_02546_,0.46
_03220_,0.46
_03770_,0.46
_04455_,0.46
_06153_,0.46
_06221_,0.46
_07422_,0.46
_07482_,0.46
_08368_,0.46
_08394_,0.46
_08761_,0.46
_09127_,0.46
_10048_,0.46
_11427_,0.46
_11449_,0.46
_11843_,0.46
_12172_,0.46
_12414_,0.46
_12744_,0.46
_12809_,0.46
_13255_,0.46
_13336_,0.46
_13499_,0.46
_13687_,0.46
_13693_,0.46
_13868_,0.46
_13917_,0.46
_14223_,0.46
_14314_,0.46
_14454_,0.46
_15057_,0.46
_15404_,0.46
_15843_,0.46
_16435_,0.46
_17289_,0.46
_17545_,0.46
_18335_,0.46
_18501_,0.46
_19342_,0.46
_19604_,0.46
_19656_,0.46
_20049_,0.46
_20893_,0.46
_22274_,0.46
_22545_,0.46
_24383_,0.46
_24399_,0.46
_24417_,0.46
_24907_,0.46
_24994_,0.46
_25270_,0.46
_26585_,0.46
