
 /----------------------------------------------------------------------------\
 |                                                                            |
 |  yosys -- Yosys Open SYnthesis Suite                                       |
 |                                                                            |
 |  Copyright (C) 2012 - 2020  Claire Xenia Wolf <claire@yosyshq.com>         |
 |                                                                            |
 |  Permission to use, copy, modify, and/or distribute this software for any  |
 |  purpose with or without fee is hereby granted, provided that the above    |
 |  copyright notice and this permission notice appear in all copies.         |
 |                                                                            |
 |  THE SOFTWARE IS PROVIDED "AS IS" AND THE AUTHOR DISCLAIMS ALL WARRANTIES  |
 |  WITH REGARD TO THIS SOFTWARE INCLUDING ALL IMPLIED WARRANTIES OF          |
 |  MERCHANTABILITY AND FITNESS. IN NO EVENT SHALL THE AUTHOR BE LIABLE FOR   |
 |  ANY SPECIAL, DIRECT, INDIRECT, OR CONSEQUENTIAL DAMAGES OR ANY DAMAGES    |
 |  WHATSOEVER RESULTING FROM LOSS OF USE, DATA OR PROFITS, WHETHER IN AN     |
 |  ACTION OF CONTRACT, NEGLIGENCE OR OTHER TORTIOUS ACTION, ARISING OUT OF   |
 |  OR IN CONNECTION WITH THE USE OR PERFORMANCE OF THIS SOFTWARE.            |
 |                                                                            |
 \----------------------------------------------------------------------------/

 Yosys 0.30+48 (git sha1 14d50a176d5, gcc 8.3.1 -fPIC -Os)

[TCL: yosys -import] Command name collision: found pre-existing command `cd' -> skip.
[TCL: yosys -import] Command name collision: found pre-existing command `eval' -> skip.
[TCL: yosys -import] Command name collision: found pre-existing command `exec' -> skip.
[TCL: yosys -import] Command name collision: found pre-existing command `read' -> skip.
[TCL: yosys -import] Command name collision: found pre-existing command `trace' -> skip.

1. Executing Liberty frontend: /home/n0b0dy/.ciel/sky130A/libs.ref/sky130_sram_macros/lib/sky130_sram_1kbyte_1rw1r_8x1024_8_TT_1p8V_25C.lib
Imported 1 cell types from liberty file.

2. Executing Verilog-2005 frontend: /openlane/designs/Tensor/macros/sram_stub.v
Parsing SystemVerilog input from `/openlane/designs/Tensor/macros/sram_stub.v' to AST representation.
Generating RTLIL representation for module `\sky130_sram_1kbyte_1rw1r_32x256_8'.
Successfully finished Verilog frontend.

3. Executing Verilog-2005 frontend: /openlane/designs/Tensor/src/chip_top.v
Parsing SystemVerilog input from `/openlane/designs/Tensor/src/chip_top.v' to AST representation.
Generating RTLIL representation for module `\chip_top'.
Successfully finished Verilog frontend.

4. Executing Verilog-2005 frontend: /openlane/designs/Tensor/src/pe.v
Parsing SystemVerilog input from `/openlane/designs/Tensor/src/pe.v' to AST representation.
Generating RTLIL representation for module `\pe'.
Successfully finished Verilog frontend.

5. Executing Verilog-2005 frontend: /openlane/designs/Tensor/src/systolic_block.v
Parsing SystemVerilog input from `/openlane/designs/Tensor/src/systolic_block.v' to AST representation.
Generating RTLIL representation for module `\systolic_block'.
Successfully finished Verilog frontend.

6. Generating Graphviz representation of design.
Writing dot description to `/openlane/designs/Tensor/runs/PrePre-final_run/tmp/synthesis/hierarchy.dot'.
Dumping module chip_top to page 1.

7. Executing HIERARCHY pass (managing design hierarchy).

7.1. Analyzing design hierarchy..
Top module:  \chip_top
Used module:     \systolic_block
Used module:         \pe
Parameter \N = 32

7.2. Executing AST frontend in derive mode using pre-parsed AST for module `\systolic_block'.
Parameter \N = 32
Generating RTLIL representation for module `$paramod\systolic_block\N=s32'00000000000000000000000000100000'.

7.3. Analyzing design hierarchy..
Top module:  \chip_top
Used module:     $paramod\systolic_block\N=s32'00000000000000000000000000100000
Used module:         \pe

7.4. Analyzing design hierarchy..
Top module:  \chip_top
Used module:     $paramod\systolic_block\N=s32'00000000000000000000000000100000
Used module:         \pe
Removing unused module `\systolic_block'.
Removed 1 unused modules.

8. Executing TRIBUF pass.

9. Executing HIERARCHY pass (managing design hierarchy).

9.1. Analyzing design hierarchy..
Top module:  \chip_top
Used module:     $paramod\systolic_block\N=s32'00000000000000000000000000100000
Used module:         \pe

9.2. Analyzing design hierarchy..
Top module:  \chip_top
Used module:     $paramod\systolic_block\N=s32'00000000000000000000000000100000
Used module:         \pe
Removed 0 unused modules.

10. Executing PROC_CLEAN pass (remove empty switches from decision trees).
Cleaned up 0 empty switches.

11. Executing PROC_RMDEAD pass (remove dead branches from decision trees).
Marked 1 switch rules as full_case in process $proc$/openlane/designs/Tensor/src/pe.v:12$6 in module pe.
Marked 1 switch rules as full_case in process $proc$/openlane/designs/Tensor/src/chip_top.v:96$3 in module chip_top.
Removed a total of 0 dead cases.

12. Executing PROC_PRUNE pass (remove redundant assignments in processes).
Removed 10 redundant assignments.
Promoted 3170 assignments to connections.

13. Executing PROC_INIT pass (extract init attributes).

14. Executing PROC_ARST pass (detect async resets in processes).
Found async reset \rst in `\pe.$proc$/openlane/designs/Tensor/src/pe.v:12$6'.
Found async reset \rst_n in `\chip_top.$proc$/openlane/designs/Tensor/src/chip_top.v:96$3'.

15. Executing PROC_ROM pass (convert switches to ROMs).
Converted 0 switches.

16. Executing PROC_MUX pass (convert decision trees to multiplexers).
Creating decoders for process `$paramod\systolic_block\N=s32'00000000000000000000000000100000.$proc$/openlane/designs/Tensor/src/systolic_block.v:0$12298'.
Creating decoders for process `\pe.$proc$/openlane/designs/Tensor/src/pe.v:12$6'.
     1/3: $0\sum_out[19:0]
     2/3: $0\b_out[7:0]
     3/3: $0\a_out[7:0]
Creating decoders for process `\chip_top.$proc$/openlane/designs/Tensor/src/chip_top.v:96$3'.
     1/9: $0\mem_addr[7:0]
     2/9: $0\mem_web_c[0:0]
     3/9: $0\mem_csb_c[0:0]
     4/9: $0\mem_web_b[0:0]
     5/9: $0\mem_csb_b[0:0]
     6/9: $0\mem_web_a[0:0]
     7/9: $0\mem_csb_a[0:0]
     8/9: $0\mem_wdata_b[31:0]
     9/9: $0\mem_wdata_a[31:0]
Creating decoders for process `\chip_top.$proc$/openlane/designs/Tensor/src/chip_top.v:36$2'.

17. Executing PROC_DLATCH pass (convert process syncs to latches).
No latch inferred for signal `$paramod\systolic_block\N=s32'00000000000000000000000000100000.\h_wires[0]' from process `$paramod\systolic_block\N=s32'00000000000000000000000000100000.$proc$/openlane/designs/Tensor/src/systolic_block.v:0$12298'.
No latch inferred for signal `$paramod\systolic_block\N=s32'00000000000000000000000000100000.\h_wires[1]' from process `$paramod\systolic_block\N=s32'00000000000000000000000000100000.$proc$/openlane/designs/Tensor/src/systolic_block.v:0$12298'.
No latch inferred for signal `$paramod\systolic_block\N=s32'00000000000000000000000000100000.\h_wires[2]' from process `$paramod\systolic_block\N=s32'00000000000000000000000000100000.$proc$/openlane/designs/Tensor/src/systolic_block.v:0$12298'.
No latch inferred for signal `$paramod\systolic_block\N=s32'00000000000000000000000000100000.\h_wires[3]' from process `$paramod\systolic_block\N=s32'00000000000000000000000000100000.$proc$/openlane/designs/Tensor/src/systolic_block.v:0$12298'.
No latch inferred for signal `$paramod\systolic_block\N=s32'00000000000000000000000000100000.\h_wires[4]' from process `$paramod\systolic_block\N=s32'00000000000000000000000000100000.$proc$/openlane/designs/Tensor/src/systolic_block.v:0$12298'.
No latch inferred for signal `$paramod\systolic_block\N=s32'00000000000000000000000000100000.\h_wires[5]' from process `$paramod\systolic_block\N=s32'00000000000000000000000000100000.$proc$/openlane/designs/Tensor/src/systolic_block.v:0$12298'.
No latch inferred for signal `$paramod\systolic_block\N=s32'00000000000000000000000000100000.\h_wires[6]' from process `$paramod\systolic_block\N=s32'00000000000000000000000000100000.$proc$/openlane/designs/Tensor/src/systolic_block.v:0$12298'.
No latch inferred for signal `$paramod\systolic_block\N=s32'00000000000000000000000000100000.\h_wires[7]' from process `$paramod\systolic_block\N=s32'00000000000000000000000000100000.$proc$/openlane/designs/Tensor/src/systolic_block.v:0$12298'.
No latch inferred for signal `$paramod\systolic_block\N=s32'00000000000000000000000000100000.\h_wires[8]' from process `$paramod\systolic_block\N=s32'00000000000000000000000000100000.$proc$/openlane/designs/Tensor/src/systolic_block.v:0$12298'.
No latch inferred for signal `$paramod\systolic_block\N=s32'00000000000000000000000000100000.\h_wires[9]' from process `$paramod\systolic_block\N=s32'00000000000000000000000000100000.$proc$/openlane/designs/Tensor/src/systolic_block.v:0$12298'.
No latch inferred for signal `$paramod\systolic_block\N=s32'00000000000000000000000000100000.\h_wires[10]' from process `$paramod\systolic_block\N=s32'00000000000000000000000000100000.$proc$/openlane/designs/Tensor/src/systolic_block.v:0$12298'.
No latch inferred for signal `$paramod\systolic_block\N=s32'00000000000000000000000000100000.\h_wires[11]' from process `$paramod\systolic_block\N=s32'00000000000000000000000000100000.$proc$/openlane/designs/Tensor/src/systolic_block.v:0$12298'.
No latch inferred for signal `$paramod\systolic_block\N=s32'00000000000000000000000000100000.\h_wires[12]' from process `$paramod\systolic_block\N=s32'00000000000000000000000000100000.$proc$/openlane/designs/Tensor/src/systolic_block.v:0$12298'.
No latch inferred for signal `$paramod\systolic_block\N=s32'00000000000000000000000000100000.\h_wires[13]' from process `$paramod\systolic_block\N=s32'00000000000000000000000000100000.$proc$/openlane/designs/Tensor/src/systolic_block.v:0$12298'.
No latch inferred for signal `$paramod\systolic_block\N=s32'00000000000000000000000000100000.\h_wires[14]' from process `$paramod\systolic_block\N=s32'00000000000000000000000000100000.$proc$/openlane/designs/Tensor/src/systolic_block.v:0$12298'.
No latch inferred for signal `$paramod\systolic_block\N=s32'00000000000000000000000000100000.\h_wires[15]' from process `$paramod\systolic_block\N=s32'00000000000000000000000000100000.$proc$/openlane/designs/Tensor/src/systolic_block.v:0$12298'.
No latch inferred for signal `$paramod\systolic_block\N=s32'00000000000000000000000000100000.\h_wires[16]' from process `$paramod\systolic_block\N=s32'00000000000000000000000000100000.$proc$/openlane/designs/Tensor/src/systolic_block.v:0$12298'.
No latch inferred for signal `$paramod\systolic_block\N=s32'00000000000000000000000000100000.\h_wires[17]' from process `$paramod\systolic_block\N=s32'00000000000000000000000000100000.$proc$/openlane/designs/Tensor/src/systolic_block.v:0$12298'.
No latch inferred for signal `$paramod\systolic_block\N=s32'00000000000000000000000000100000.\h_wires[18]' from process `$paramod\systolic_block\N=s32'00000000000000000000000000100000.$proc$/openlane/designs/Tensor/src/systolic_block.v:0$12298'.
No latch inferred for signal `$paramod\systolic_block\N=s32'00000000000000000000000000100000.\h_wires[19]' from process `$paramod\systolic_block\N=s32'00000000000000000000000000100000.$proc$/openlane/designs/Tensor/src/systolic_block.v:0$12298'.
No latch inferred for signal `$paramod\systolic_block\N=s32'00000000000000000000000000100000.\h_wires[20]' from process `$paramod\systolic_block\N=s32'00000000000000000000000000100000.$proc$/openlane/designs/Tensor/src/systolic_block.v:0$12298'.
No latch inferred for signal `$paramod\systolic_block\N=s32'00000000000000000000000000100000.\h_wires[21]' from process `$paramod\systolic_block\N=s32'00000000000000000000000000100000.$proc$/openlane/designs/Tensor/src/systolic_block.v:0$12298'.
No latch inferred for signal `$paramod\systolic_block\N=s32'00000000000000000000000000100000.\h_wires[22]' from process `$paramod\systolic_block\N=s32'00000000000000000000000000100000.$proc$/openlane/designs/Tensor/src/systolic_block.v:0$12298'.
No latch inferred for signal `$paramod\systolic_block\N=s32'00000000000000000000000000100000.\h_wires[23]' from process `$paramod\systolic_block\N=s32'00000000000000000000000000100000.$proc$/openlane/designs/Tensor/src/systolic_block.v:0$12298'.
No latch inferred for signal `$paramod\systolic_block\N=s32'00000000000000000000000000100000.\h_wires[24]' from process `$paramod\systolic_block\N=s32'00000000000000000000000000100000.$proc$/openlane/designs/Tensor/src/systolic_block.v:0$12298'.
No latch inferred for signal `$paramod\systolic_block\N=s32'00000000000000000000000000100000.\h_wires[25]' from process `$paramod\systolic_block\N=s32'00000000000000000000000000100000.$proc$/openlane/designs/Tensor/src/systolic_block.v:0$12298'.
No latch inferred for signal `$paramod\systolic_block\N=s32'00000000000000000000000000100000.\h_wires[26]' from process `$paramod\systolic_block\N=s32'00000000000000000000000000100000.$proc$/openlane/designs/Tensor/src/systolic_block.v:0$12298'.
No latch inferred for signal `$paramod\systolic_block\N=s32'00000000000000000000000000100000.\h_wires[27]' from process `$paramod\systolic_block\N=s32'00000000000000000000000000100000.$proc$/openlane/designs/Tensor/src/systolic_block.v:0$12298'.
No latch inferred for signal `$paramod\systolic_block\N=s32'00000000000000000000000000100000.\h_wires[28]' from process `$paramod\systolic_block\N=s32'00000000000000000000000000100000.$proc$/openlane/designs/Tensor/src/systolic_block.v:0$12298'.
No latch inferred for signal `$paramod\systolic_block\N=s32'00000000000000000000000000100000.\h_wires[29]' from process `$paramod\systolic_block\N=s32'00000000000000000000000000100000.$proc$/openlane/designs/Tensor/src/systolic_block.v:0$12298'.
No latch inferred for signal `$paramod\systolic_block\N=s32'00000000000000000000000000100000.\h_wires[30]' from process `$paramod\systolic_block\N=s32'00000000000000000000000000100000.$proc$/openlane/designs/Tensor/src/systolic_block.v:0$12298'.
No latch inferred for signal `$paramod\systolic_block\N=s32'00000000000000000000000000100000.\h_wires[31]' from process `$paramod\systolic_block\N=s32'00000000000000000000000000100000.$proc$/openlane/designs/Tensor/src/systolic_block.v:0$12298'.
No latch inferred for signal `$paramod\systolic_block\N=s32'00000000000000000000000000100000.\h_wires[32]' from process `$paramod\systolic_block\N=s32'00000000000000000000000000100000.$proc$/openlane/designs/Tensor/src/systolic_block.v:0$12298'.
No latch inferred for signal `$paramod\systolic_block\N=s32'00000000000000000000000000100000.\h_wires[33]' from process `$paramod\systolic_block\N=s32'00000000000000000000000000100000.$proc$/openlane/designs/Tensor/src/systolic_block.v:0$12298'.
No latch inferred for signal `$paramod\systolic_block\N=s32'00000000000000000000000000100000.\h_wires[34]' from process `$paramod\systolic_block\N=s32'00000000000000000000000000100000.$proc$/openlane/designs/Tensor/src/systolic_block.v:0$12298'.
No latch inferred for signal `$paramod\systolic_block\N=s32'00000000000000000000000000100000.\h_wires[35]' from process `$paramod\systolic_block\N=s32'00000000000000000000000000100000.$proc$/openlane/designs/Tensor/src/systolic_block.v:0$12298'.
No latch inferred for signal `$paramod\systolic_block\N=s32'00000000000000000000000000100000.\h_wires[36]' from process `$paramod\systolic_block\N=s32'00000000000000000000000000100000.$proc$/openlane/designs/Tensor/src/systolic_block.v:0$12298'.
No latch inferred for signal `$paramod\systolic_block\N=s32'00000000000000000000000000100000.\h_wires[37]' from process `$paramod\systolic_block\N=s32'00000000000000000000000000100000.$proc$/openlane/designs/Tensor/src/systolic_block.v:0$12298'.
No latch inferred for signal `$paramod\systolic_block\N=s32'00000000000000000000000000100000.\h_wires[38]' from process `$paramod\systolic_block\N=s32'00000000000000000000000000100000.$proc$/openlane/designs/Tensor/src/systolic_block.v:0$12298'.
No latch inferred for signal `$paramod\systolic_block\N=s32'00000000000000000000000000100000.\h_wires[39]' from process `$paramod\systolic_block\N=s32'00000000000000000000000000100000.$proc$/openlane/designs/Tensor/src/systolic_block.v:0$12298'.
No latch inferred for signal `$paramod\systolic_block\N=s32'00000000000000000000000000100000.\h_wires[40]' from process `$paramod\systolic_block\N=s32'00000000000000000000000000100000.$proc$/openlane/designs/Tensor/src/systolic_block.v:0$12298'.
No latch inferred for signal `$paramod\systolic_block\N=s32'00000000000000000000000000100000.\h_wires[41]' from process `$paramod\systolic_block\N=s32'00000000000000000000000000100000.$proc$/openlane/designs/Tensor/src/systolic_block.v:0$12298'.
No latch inferred for signal `$paramod\systolic_block\N=s32'00000000000000000000000000100000.\h_wires[42]' from process `$paramod\systolic_block\N=s32'00000000000000000000000000100000.$proc$/openlane/designs/Tensor/src/systolic_block.v:0$12298'.
No latch inferred for signal `$paramod\systolic_block\N=s32'00000000000000000000000000100000.\h_wires[43]' from process `$paramod\systolic_block\N=s32'00000000000000000000000000100000.$proc$/openlane/designs/Tensor/src/systolic_block.v:0$12298'.
No latch inferred for signal `$paramod\systolic_block\N=s32'00000000000000000000000000100000.\h_wires[44]' from process `$paramod\systolic_block\N=s32'00000000000000000000000000100000.$proc$/openlane/designs/Tensor/src/systolic_block.v:0$12298'.
No latch inferred for signal `$paramod\systolic_block\N=s32'00000000000000000000000000100000.\h_wires[45]' from process `$paramod\systolic_block\N=s32'00000000000000000000000000100000.$proc$/openlane/designs/Tensor/src/systolic_block.v:0$12298'.
No latch inferred for signal `$paramod\systolic_block\N=s32'00000000000000000000000000100000.\h_wires[46]' from process `$paramod\systolic_block\N=s32'00000000000000000000000000100000.$proc$/openlane/designs/Tensor/src/systolic_block.v:0$12298'.
No latch inferred for signal `$paramod\systolic_block\N=s32'00000000000000000000000000100000.\h_wires[47]' from process `$paramod\systolic_block\N=s32'00000000000000000000000000100000.$proc$/openlane/designs/Tensor/src/systolic_block.v:0$12298'.
No latch inferred for signal `$paramod\systolic_block\N=s32'00000000000000000000000000100000.\h_wires[48]' from process `$paramod\systolic_block\N=s32'00000000000000000000000000100000.$proc$/openlane/designs/Tensor/src/systolic_block.v:0$12298'.
No latch inferred for signal `$paramod\systolic_block\N=s32'00000000000000000000000000100000.\h_wires[49]' from process `$paramod\systolic_block\N=s32'00000000000000000000000000100000.$proc$/openlane/designs/Tensor/src/systolic_block.v:0$12298'.
No latch inferred for signal `$paramod\systolic_block\N=s32'00000000000000000000000000100000.\h_wires[50]' from process `$paramod\systolic_block\N=s32'00000000000000000000000000100000.$proc$/openlane/designs/Tensor/src/systolic_block.v:0$12298'.
No latch inferred for signal `$paramod\systolic_block\N=s32'00000000000000000000000000100000.\h_wires[51]' from process `$paramod\systolic_block\N=s32'00000000000000000000000000100000.$proc$/openlane/designs/Tensor/src/systolic_block.v:0$12298'.
No latch inferred for signal `$paramod\systolic_block\N=s32'00000000000000000000000000100000.\h_wires[52]' from process `$paramod\systolic_block\N=s32'00000000000000000000000000100000.$proc$/openlane/designs/Tensor/src/systolic_block.v:0$12298'.
No latch inferred for signal `$paramod\systolic_block\N=s32'00000000000000000000000000100000.\h_wires[53]' from process `$paramod\systolic_block\N=s32'00000000000000000000000000100000.$proc$/openlane/designs/Tensor/src/systolic_block.v:0$12298'.
No latch inferred for signal `$paramod\systolic_block\N=s32'00000000000000000000000000100000.\h_wires[54]' from process `$paramod\systolic_block\N=s32'00000000000000000000000000100000.$proc$/openlane/designs/Tensor/src/systolic_block.v:0$12298'.
No latch inferred for signal `$paramod\systolic_block\N=s32'00000000000000000000000000100000.\h_wires[55]' from process `$paramod\systolic_block\N=s32'00000000000000000000000000100000.$proc$/openlane/designs/Tensor/src/systolic_block.v:0$12298'.
No latch inferred for signal `$paramod\systolic_block\N=s32'00000000000000000000000000100000.\h_wires[56]' from process `$paramod\systolic_block\N=s32'00000000000000000000000000100000.$proc$/openlane/designs/Tensor/src/systolic_block.v:0$12298'.
No latch inferred for signal `$paramod\systolic_block\N=s32'00000000000000000000000000100000.\h_wires[57]' from process `$paramod\systolic_block\N=s32'00000000000000000000000000100000.$proc$/openlane/designs/Tensor/src/systolic_block.v:0$12298'.
No latch inferred for signal `$paramod\systolic_block\N=s32'00000000000000000000000000100000.\h_wires[58]' from process `$paramod\systolic_block\N=s32'00000000000000000000000000100000.$proc$/openlane/designs/Tensor/src/systolic_block.v:0$12298'.
No latch inferred for signal `$paramod\systolic_block\N=s32'00000000000000000000000000100000.\h_wires[59]' from process `$paramod\systolic_block\N=s32'00000000000000000000000000100000.$proc$/openlane/designs/Tensor/src/systolic_block.v:0$12298'.
No latch inferred for signal `$paramod\systolic_block\N=s32'00000000000000000000000000100000.\h_wires[60]' from process `$paramod\systolic_block\N=s32'00000000000000000000000000100000.$proc$/openlane/designs/Tensor/src/systolic_block.v:0$12298'.
No latch inferred for signal `$paramod\systolic_block\N=s32'00000000000000000000000000100000.\h_wires[61]' from process `$paramod\systolic_block\N=s32'00000000000000000000000000100000.$proc$/openlane/designs/Tensor/src/systolic_block.v:0$12298'.
No latch inferred for signal `$paramod\systolic_block\N=s32'00000000000000000000000000100000.\h_wires[62]' from process `$paramod\systolic_block\N=s32'00000000000000000000000000100000.$proc$/openlane/designs/Tensor/src/systolic_block.v:0$12298'.
No latch inferred for signal `$paramod\systolic_block\N=s32'00000000000000000000000000100000.\h_wires[63]' from process `$paramod\systolic_block\N=s32'00000000000000000000000000100000.$proc$/openlane/designs/Tensor/src/systolic_block.v:0$12298'.
No latch inferred for signal `$paramod\systolic_block\N=s32'00000000000000000000000000100000.\h_wires[64]' from process `$paramod\systolic_block\N=s32'00000000000000000000000000100000.$proc$/openlane/designs/Tensor/src/systolic_block.v:0$12298'.
No latch inferred for signal `$paramod\systolic_block\N=s32'00000000000000000000000000100000.\h_wires[65]' from process `$paramod\systolic_block\N=s32'00000000000000000000000000100000.$proc$/openlane/designs/Tensor/src/systolic_block.v:0$12298'.
No latch inferred for signal `$paramod\systolic_block\N=s32'00000000000000000000000000100000.\h_wires[66]' from process `$paramod\systolic_block\N=s32'00000000000000000000000000100000.$proc$/openlane/designs/Tensor/src/systolic_block.v:0$12298'.
No latch inferred for signal `$paramod\systolic_block\N=s32'00000000000000000000000000100000.\h_wires[67]' from process `$paramod\systolic_block\N=s32'00000000000000000000000000100000.$proc$/openlane/designs/Tensor/src/systolic_block.v:0$12298'.
No latch inferred for signal `$paramod\systolic_block\N=s32'00000000000000000000000000100000.\h_wires[68]' from process `$paramod\systolic_block\N=s32'00000000000000000000000000100000.$proc$/openlane/designs/Tensor/src/systolic_block.v:0$12298'.
No latch inferred for signal `$paramod\systolic_block\N=s32'00000000000000000000000000100000.\h_wires[69]' from process `$paramod\systolic_block\N=s32'00000000000000000000000000100000.$proc$/openlane/designs/Tensor/src/systolic_block.v:0$12298'.
No latch inferred for signal `$paramod\systolic_block\N=s32'00000000000000000000000000100000.\h_wires[70]' from process `$paramod\systolic_block\N=s32'00000000000000000000000000100000.$proc$/openlane/designs/Tensor/src/systolic_block.v:0$12298'.
No latch inferred for signal `$paramod\systolic_block\N=s32'00000000000000000000000000100000.\h_wires[71]' from process `$paramod\systolic_block\N=s32'00000000000000000000000000100000.$proc$/openlane/designs/Tensor/src/systolic_block.v:0$12298'.
No latch inferred for signal `$paramod\systolic_block\N=s32'00000000000000000000000000100000.\h_wires[72]' from process `$paramod\systolic_block\N=s32'00000000000000000000000000100000.$proc$/openlane/designs/Tensor/src/systolic_block.v:0$12298'.
No latch inferred for signal `$paramod\systolic_block\N=s32'00000000000000000000000000100000.\h_wires[73]' from process `$paramod\systolic_block\N=s32'00000000000000000000000000100000.$proc$/openlane/designs/Tensor/src/systolic_block.v:0$12298'.
No latch inferred for signal `$paramod\systolic_block\N=s32'00000000000000000000000000100000.\h_wires[74]' from process `$paramod\systolic_block\N=s32'00000000000000000000000000100000.$proc$/openlane/designs/Tensor/src/systolic_block.v:0$12298'.
No latch inferred for signal `$paramod\systolic_block\N=s32'00000000000000000000000000100000.\h_wires[75]' from process `$paramod\systolic_block\N=s32'00000000000000000000000000100000.$proc$/openlane/designs/Tensor/src/systolic_block.v:0$12298'.
No latch inferred for signal `$paramod\systolic_block\N=s32'00000000000000000000000000100000.\h_wires[76]' from process `$paramod\systolic_block\N=s32'00000000000000000000000000100000.$proc$/openlane/designs/Tensor/src/systolic_block.v:0$12298'.
No latch inferred for signal `$paramod\systolic_block\N=s32'00000000000000000000000000100000.\h_wires[77]' from process `$paramod\systolic_block\N=s32'00000000000000000000000000100000.$proc$/openlane/designs/Tensor/src/systolic_block.v:0$12298'.
No latch inferred for signal `$paramod\systolic_block\N=s32'00000000000000000000000000100000.\h_wires[78]' from process `$paramod\systolic_block\N=s32'00000000000000000000000000100000.$proc$/openlane/designs/Tensor/src/systolic_block.v:0$12298'.
No latch inferred for signal `$paramod\systolic_block\N=s32'00000000000000000000000000100000.\h_wires[79]' from process `$paramod\systolic_block\N=s32'00000000000000000000000000100000.$proc$/openlane/designs/Tensor/src/systolic_block.v:0$12298'.
No latch inferred for signal `$paramod\systolic_block\N=s32'00000000000000000000000000100000.\h_wires[80]' from process `$paramod\systolic_block\N=s32'00000000000000000000000000100000.$proc$/openlane/designs/Tensor/src/systolic_block.v:0$12298'.
No latch inferred for signal `$paramod\systolic_block\N=s32'00000000000000000000000000100000.\h_wires[81]' from process `$paramod\systolic_block\N=s32'00000000000000000000000000100000.$proc$/openlane/designs/Tensor/src/systolic_block.v:0$12298'.
No latch inferred for signal `$paramod\systolic_block\N=s32'00000000000000000000000000100000.\h_wires[82]' from process `$paramod\systolic_block\N=s32'00000000000000000000000000100000.$proc$/openlane/designs/Tensor/src/systolic_block.v:0$12298'.
No latch inferred for signal `$paramod\systolic_block\N=s32'00000000000000000000000000100000.\h_wires[83]' from process `$paramod\systolic_block\N=s32'00000000000000000000000000100000.$proc$/openlane/designs/Tensor/src/systolic_block.v:0$12298'.
No latch inferred for signal `$paramod\systolic_block\N=s32'00000000000000000000000000100000.\h_wires[84]' from process `$paramod\systolic_block\N=s32'00000000000000000000000000100000.$proc$/openlane/designs/Tensor/src/systolic_block.v:0$12298'.
No latch inferred for signal `$paramod\systolic_block\N=s32'00000000000000000000000000100000.\h_wires[85]' from process `$paramod\systolic_block\N=s32'00000000000000000000000000100000.$proc$/openlane/designs/Tensor/src/systolic_block.v:0$12298'.
No latch inferred for signal `$paramod\systolic_block\N=s32'00000000000000000000000000100000.\h_wires[86]' from process `$paramod\systolic_block\N=s32'00000000000000000000000000100000.$proc$/openlane/designs/Tensor/src/systolic_block.v:0$12298'.
No latch inferred for signal `$paramod\systolic_block\N=s32'00000000000000000000000000100000.\h_wires[87]' from process `$paramod\systolic_block\N=s32'00000000000000000000000000100000.$proc$/openlane/designs/Tensor/src/systolic_block.v:0$12298'.
No latch inferred for signal `$paramod\systolic_block\N=s32'00000000000000000000000000100000.\h_wires[88]' from process `$paramod\systolic_block\N=s32'00000000000000000000000000100000.$proc$/openlane/designs/Tensor/src/systolic_block.v:0$12298'.
No latch inferred for signal `$paramod\systolic_block\N=s32'00000000000000000000000000100000.\h_wires[89]' from process `$paramod\systolic_block\N=s32'00000000000000000000000000100000.$proc$/openlane/designs/Tensor/src/systolic_block.v:0$12298'.
No latch inferred for signal `$paramod\systolic_block\N=s32'00000000000000000000000000100000.\h_wires[90]' from process `$paramod\systolic_block\N=s32'00000000000000000000000000100000.$proc$/openlane/designs/Tensor/src/systolic_block.v:0$12298'.
No latch inferred for signal `$paramod\systolic_block\N=s32'00000000000000000000000000100000.\h_wires[91]' from process `$paramod\systolic_block\N=s32'00000000000000000000000000100000.$proc$/openlane/designs/Tensor/src/systolic_block.v:0$12298'.
No latch inferred for signal `$paramod\systolic_block\N=s32'00000000000000000000000000100000.\h_wires[92]' from process `$paramod\systolic_block\N=s32'00000000000000000000000000100000.$proc$/openlane/designs/Tensor/src/systolic_block.v:0$12298'.
No latch inferred for signal `$paramod\systolic_block\N=s32'00000000000000000000000000100000.\h_wires[93]' from process `$paramod\systolic_block\N=s32'00000000000000000000000000100000.$proc$/openlane/designs/Tensor/src/systolic_block.v:0$12298'.
No latch inferred for signal `$paramod\systolic_block\N=s32'00000000000000000000000000100000.\h_wires[94]' from process `$paramod\systolic_block\N=s32'00000000000000000000000000100000.$proc$/openlane/designs/Tensor/src/systolic_block.v:0$12298'.
No latch inferred for signal `$paramod\systolic_block\N=s32'00000000000000000000000000100000.\h_wires[95]' from process `$paramod\systolic_block\N=s32'00000000000000000000000000100000.$proc$/openlane/designs/Tensor/src/systolic_block.v:0$12298'.
No latch inferred for signal `$paramod\systolic_block\N=s32'00000000000000000000000000100000.\h_wires[96]' from process `$paramod\systolic_block\N=s32'00000000000000000000000000100000.$proc$/openlane/designs/Tensor/src/systolic_block.v:0$12298'.
No latch inferred for signal `$paramod\systolic_block\N=s32'00000000000000000000000000100000.\h_wires[97]' from process `$paramod\systolic_block\N=s32'00000000000000000000000000100000.$proc$/openlane/designs/Tensor/src/systolic_block.v:0$12298'.
No latch inferred for signal `$paramod\systolic_block\N=s32'00000000000000000000000000100000.\h_wires[98]' from process `$paramod\systolic_block\N=s32'00000000000000000000000000100000.$proc$/openlane/designs/Tensor/src/systolic_block.v:0$12298'.
No latch inferred for signal `$paramod\systolic_block\N=s32'00000000000000000000000000100000.\h_wires[99]' from process `$paramod\systolic_block\N=s32'00000000000000000000000000100000.$proc$/openlane/designs/Tensor/src/systolic_block.v:0$12298'.
No latch inferred for signal `$paramod\systolic_block\N=s32'00000000000000000000000000100000.\h_wires[100]' from process `$paramod\systolic_block\N=s32'00000000000000000000000000100000.$proc$/openlane/designs/Tensor/src/systolic_block.v:0$12298'.
No latch inferred for signal `$paramod\systolic_block\N=s32'00000000000000000000000000100000.\h_wires[101]' from process `$paramod\systolic_block\N=s32'00000000000000000000000000100000.$proc$/openlane/designs/Tensor/src/systolic_block.v:0$12298'.
No latch inferred for signal `$paramod\systolic_block\N=s32'00000000000000000000000000100000.\h_wires[102]' from process `$paramod\systolic_block\N=s32'00000000000000000000000000100000.$proc$/openlane/designs/Tensor/src/systolic_block.v:0$12298'.
No latch inferred for signal `$paramod\systolic_block\N=s32'00000000000000000000000000100000.\h_wires[103]' from process `$paramod\systolic_block\N=s32'00000000000000000000000000100000.$proc$/openlane/designs/Tensor/src/systolic_block.v:0$12298'.
No latch inferred for signal `$paramod\systolic_block\N=s32'00000000000000000000000000100000.\h_wires[104]' from process `$paramod\systolic_block\N=s32'00000000000000000000000000100000.$proc$/openlane/designs/Tensor/src/systolic_block.v:0$12298'.
No latch inferred for signal `$paramod\systolic_block\N=s32'00000000000000000000000000100000.\h_wires[105]' from process `$paramod\systolic_block\N=s32'00000000000000000000000000100000.$proc$/openlane/designs/Tensor/src/systolic_block.v:0$12298'.
No latch inferred for signal `$paramod\systolic_block\N=s32'00000000000000000000000000100000.\h_wires[106]' from process `$paramod\systolic_block\N=s32'00000000000000000000000000100000.$proc$/openlane/designs/Tensor/src/systolic_block.v:0$12298'.
No latch inferred for signal `$paramod\systolic_block\N=s32'00000000000000000000000000100000.\h_wires[107]' from process `$paramod\systolic_block\N=s32'00000000000000000000000000100000.$proc$/openlane/designs/Tensor/src/systolic_block.v:0$12298'.
No latch inferred for signal `$paramod\systolic_block\N=s32'00000000000000000000000000100000.\h_wires[108]' from process `$paramod\systolic_block\N=s32'00000000000000000000000000100000.$proc$/openlane/designs/Tensor/src/systolic_block.v:0$12298'.
No latch inferred for signal `$paramod\systolic_block\N=s32'00000000000000000000000000100000.\h_wires[109]' from process `$paramod\systolic_block\N=s32'00000000000000000000000000100000.$proc$/openlane/designs/Tensor/src/systolic_block.v:0$12298'.
No latch inferred for signal `$paramod\systolic_block\N=s32'00000000000000000000000000100000.\h_wires[110]' from process `$paramod\systolic_block\N=s32'00000000000000000000000000100000.$proc$/openlane/designs/Tensor/src/systolic_block.v:0$12298'.
No latch inferred for signal `$paramod\systolic_block\N=s32'00000000000000000000000000100000.\h_wires[111]' from process `$paramod\systolic_block\N=s32'00000000000000000000000000100000.$proc$/openlane/designs/Tensor/src/systolic_block.v:0$12298'.
No latch inferred for signal `$paramod\systolic_block\N=s32'00000000000000000000000000100000.\h_wires[112]' from process `$paramod\systolic_block\N=s32'00000000000000000000000000100000.$proc$/openlane/designs/Tensor/src/systolic_block.v:0$12298'.
No latch inferred for signal `$paramod\systolic_block\N=s32'00000000000000000000000000100000.\h_wires[113]' from process `$paramod\systolic_block\N=s32'00000000000000000000000000100000.$proc$/openlane/designs/Tensor/src/systolic_block.v:0$12298'.
No latch inferred for signal `$paramod\systolic_block\N=s32'00000000000000000000000000100000.\h_wires[114]' from process `$paramod\systolic_block\N=s32'00000000000000000000000000100000.$proc$/openlane/designs/Tensor/src/systolic_block.v:0$12298'.
No latch inferred for signal `$paramod\systolic_block\N=s32'00000000000000000000000000100000.\h_wires[115]' from process `$paramod\systolic_block\N=s32'00000000000000000000000000100000.$proc$/openlane/designs/Tensor/src/systolic_block.v:0$12298'.
No latch inferred for signal `$paramod\systolic_block\N=s32'00000000000000000000000000100000.\h_wires[116]' from process `$paramod\systolic_block\N=s32'00000000000000000000000000100000.$proc$/openlane/designs/Tensor/src/systolic_block.v:0$12298'.
No latch inferred for signal `$paramod\systolic_block\N=s32'00000000000000000000000000100000.\h_wires[117]' from process `$paramod\systolic_block\N=s32'00000000000000000000000000100000.$proc$/openlane/designs/Tensor/src/systolic_block.v:0$12298'.
No latch inferred for signal `$paramod\systolic_block\N=s32'00000000000000000000000000100000.\h_wires[118]' from process `$paramod\systolic_block\N=s32'00000000000000000000000000100000.$proc$/openlane/designs/Tensor/src/systolic_block.v:0$12298'.
No latch inferred for signal `$paramod\systolic_block\N=s32'00000000000000000000000000100000.\h_wires[119]' from process `$paramod\systolic_block\N=s32'00000000000000000000000000100000.$proc$/openlane/designs/Tensor/src/systolic_block.v:0$12298'.
No latch inferred for signal `$paramod\systolic_block\N=s32'00000000000000000000000000100000.\h_wires[120]' from process `$paramod\systolic_block\N=s32'00000000000000000000000000100000.$proc$/openlane/designs/Tensor/src/systolic_block.v:0$12298'.
No latch inferred for signal `$paramod\systolic_block\N=s32'00000000000000000000000000100000.\h_wires[121]' from process `$paramod\systolic_block\N=s32'00000000000000000000000000100000.$proc$/openlane/designs/Tensor/src/systolic_block.v:0$12298'.
No latch inferred for signal `$paramod\systolic_block\N=s32'00000000000000000000000000100000.\h_wires[122]' from process `$paramod\systolic_block\N=s32'00000000000000000000000000100000.$proc$/openlane/designs/Tensor/src/systolic_block.v:0$12298'.
No latch inferred for signal `$paramod\systolic_block\N=s32'00000000000000000000000000100000.\h_wires[123]' from process `$paramod\systolic_block\N=s32'00000000000000000000000000100000.$proc$/openlane/designs/Tensor/src/systolic_block.v:0$12298'.
No latch inferred for signal `$paramod\systolic_block\N=s32'00000000000000000000000000100000.\h_wires[124]' from process `$paramod\systolic_block\N=s32'00000000000000000000000000100000.$proc$/openlane/designs/Tensor/src/systolic_block.v:0$12298'.
No latch inferred for signal `$paramod\systolic_block\N=s32'00000000000000000000000000100000.\h_wires[125]' from process `$paramod\systolic_block\N=s32'00000000000000000000000000100000.$proc$/openlane/designs/Tensor/src/systolic_block.v:0$12298'.
No latch inferred for signal `$paramod\systolic_block\N=s32'00000000000000000000000000100000.\h_wires[126]' from process `$paramod\systolic_block\N=s32'00000000000000000000000000100000.$proc$/openlane/designs/Tensor/src/systolic_block.v:0$12298'.
No latch inferred for signal `$paramod\systolic_block\N=s32'00000000000000000000000000100000.\h_wires[127]' from process `$paramod\systolic_block\N=s32'00000000000000000000000000100000.$proc$/openlane/designs/Tensor/src/systolic_block.v:0$12298'.
No latch inferred for signal `$paramod\systolic_block\N=s32'00000000000000000000000000100000.\h_wires[128]' from process `$paramod\systolic_block\N=s32'00000000000000000000000000100000.$proc$/openlane/designs/Tensor/src/systolic_block.v:0$12298'.
No latch inferred for signal `$paramod\systolic_block\N=s32'00000000000000000000000000100000.\h_wires[129]' from process `$paramod\systolic_block\N=s32'00000000000000000000000000100000.$proc$/openlane/designs/Tensor/src/systolic_block.v:0$12298'.
No latch inferred for signal `$paramod\systolic_block\N=s32'00000000000000000000000000100000.\h_wires[130]' from process `$paramod\systolic_block\N=s32'00000000000000000000000000100000.$proc$/openlane/designs/Tensor/src/systolic_block.v:0$12298'.
No latch inferred for signal `$paramod\systolic_block\N=s32'00000000000000000000000000100000.\h_wires[131]' from process `$paramod\systolic_block\N=s32'00000000000000000000000000100000.$proc$/openlane/designs/Tensor/src/systolic_block.v:0$12298'.
No latch inferred for signal `$paramod\systolic_block\N=s32'00000000000000000000000000100000.\h_wires[132]' from process `$paramod\systolic_block\N=s32'00000000000000000000000000100000.$proc$/openlane/designs/Tensor/src/systolic_block.v:0$12298'.
No latch inferred for signal `$paramod\systolic_block\N=s32'00000000000000000000000000100000.\h_wires[133]' from process `$paramod\systolic_block\N=s32'00000000000000000000000000100000.$proc$/openlane/designs/Tensor/src/systolic_block.v:0$12298'.
No latch inferred for signal `$paramod\systolic_block\N=s32'00000000000000000000000000100000.\h_wires[134]' from process `$paramod\systolic_block\N=s32'00000000000000000000000000100000.$proc$/openlane/designs/Tensor/src/systolic_block.v:0$12298'.
No latch inferred for signal `$paramod\systolic_block\N=s32'00000000000000000000000000100000.\h_wires[135]' from process `$paramod\systolic_block\N=s32'00000000000000000000000000100000.$proc$/openlane/designs/Tensor/src/systolic_block.v:0$12298'.
No latch inferred for signal `$paramod\systolic_block\N=s32'00000000000000000000000000100000.\h_wires[136]' from process `$paramod\systolic_block\N=s32'00000000000000000000000000100000.$proc$/openlane/designs/Tensor/src/systolic_block.v:0$12298'.
No latch inferred for signal `$paramod\systolic_block\N=s32'00000000000000000000000000100000.\h_wires[137]' from process `$paramod\systolic_block\N=s32'00000000000000000000000000100000.$proc$/openlane/designs/Tensor/src/systolic_block.v:0$12298'.
No latch inferred for signal `$paramod\systolic_block\N=s32'00000000000000000000000000100000.\h_wires[138]' from process `$paramod\systolic_block\N=s32'00000000000000000000000000100000.$proc$/openlane/designs/Tensor/src/systolic_block.v:0$12298'.
No latch inferred for signal `$paramod\systolic_block\N=s32'00000000000000000000000000100000.\h_wires[139]' from process `$paramod\systolic_block\N=s32'00000000000000000000000000100000.$proc$/openlane/designs/Tensor/src/systolic_block.v:0$12298'.
No latch inferred for signal `$paramod\systolic_block\N=s32'00000000000000000000000000100000.\h_wires[140]' from process `$paramod\systolic_block\N=s32'00000000000000000000000000100000.$proc$/openlane/designs/Tensor/src/systolic_block.v:0$12298'.
No latch inferred for signal `$paramod\systolic_block\N=s32'00000000000000000000000000100000.\h_wires[141]' from process `$paramod\systolic_block\N=s32'00000000000000000000000000100000.$proc$/openlane/designs/Tensor/src/systolic_block.v:0$12298'.
No latch inferred for signal `$paramod\systolic_block\N=s32'00000000000000000000000000100000.\h_wires[142]' from process `$paramod\systolic_block\N=s32'00000000000000000000000000100000.$proc$/openlane/designs/Tensor/src/systolic_block.v:0$12298'.
No latch inferred for signal `$paramod\systolic_block\N=s32'00000000000000000000000000100000.\h_wires[143]' from process `$paramod\systolic_block\N=s32'00000000000000000000000000100000.$proc$/openlane/designs/Tensor/src/systolic_block.v:0$12298'.
No latch inferred for signal `$paramod\systolic_block\N=s32'00000000000000000000000000100000.\h_wires[144]' from process `$paramod\systolic_block\N=s32'00000000000000000000000000100000.$proc$/openlane/designs/Tensor/src/systolic_block.v:0$12298'.
No latch inferred for signal `$paramod\systolic_block\N=s32'00000000000000000000000000100000.\h_wires[145]' from process `$paramod\systolic_block\N=s32'00000000000000000000000000100000.$proc$/openlane/designs/Tensor/src/systolic_block.v:0$12298'.
No latch inferred for signal `$paramod\systolic_block\N=s32'00000000000000000000000000100000.\h_wires[146]' from process `$paramod\systolic_block\N=s32'00000000000000000000000000100000.$proc$/openlane/designs/Tensor/src/systolic_block.v:0$12298'.
No latch inferred for signal `$paramod\systolic_block\N=s32'00000000000000000000000000100000.\h_wires[147]' from process `$paramod\systolic_block\N=s32'00000000000000000000000000100000.$proc$/openlane/designs/Tensor/src/systolic_block.v:0$12298'.
No latch inferred for signal `$paramod\systolic_block\N=s32'00000000000000000000000000100000.\h_wires[148]' from process `$paramod\systolic_block\N=s32'00000000000000000000000000100000.$proc$/openlane/designs/Tensor/src/systolic_block.v:0$12298'.
No latch inferred for signal `$paramod\systolic_block\N=s32'00000000000000000000000000100000.\h_wires[149]' from process `$paramod\systolic_block\N=s32'00000000000000000000000000100000.$proc$/openlane/designs/Tensor/src/systolic_block.v:0$12298'.
No latch inferred for signal `$paramod\systolic_block\N=s32'00000000000000000000000000100000.\h_wires[150]' from process `$paramod\systolic_block\N=s32'00000000000000000000000000100000.$proc$/openlane/designs/Tensor/src/systolic_block.v:0$12298'.
No latch inferred for signal `$paramod\systolic_block\N=s32'00000000000000000000000000100000.\h_wires[151]' from process `$paramod\systolic_block\N=s32'00000000000000000000000000100000.$proc$/openlane/designs/Tensor/src/systolic_block.v:0$12298'.
No latch inferred for signal `$paramod\systolic_block\N=s32'00000000000000000000000000100000.\h_wires[152]' from process `$paramod\systolic_block\N=s32'00000000000000000000000000100000.$proc$/openlane/designs/Tensor/src/systolic_block.v:0$12298'.
No latch inferred for signal `$paramod\systolic_block\N=s32'00000000000000000000000000100000.\h_wires[153]' from process `$paramod\systolic_block\N=s32'00000000000000000000000000100000.$proc$/openlane/designs/Tensor/src/systolic_block.v:0$12298'.
No latch inferred for signal `$paramod\systolic_block\N=s32'00000000000000000000000000100000.\h_wires[154]' from process `$paramod\systolic_block\N=s32'00000000000000000000000000100000.$proc$/openlane/designs/Tensor/src/systolic_block.v:0$12298'.
No latch inferred for signal `$paramod\systolic_block\N=s32'00000000000000000000000000100000.\h_wires[155]' from process `$paramod\systolic_block\N=s32'00000000000000000000000000100000.$proc$/openlane/designs/Tensor/src/systolic_block.v:0$12298'.
No latch inferred for signal `$paramod\systolic_block\N=s32'00000000000000000000000000100000.\h_wires[156]' from process `$paramod\systolic_block\N=s32'00000000000000000000000000100000.$proc$/openlane/designs/Tensor/src/systolic_block.v:0$12298'.
No latch inferred for signal `$paramod\systolic_block\N=s32'00000000000000000000000000100000.\h_wires[157]' from process `$paramod\systolic_block\N=s32'00000000000000000000000000100000.$proc$/openlane/designs/Tensor/src/systolic_block.v:0$12298'.
No latch inferred for signal `$paramod\systolic_block\N=s32'00000000000000000000000000100000.\h_wires[158]' from process `$paramod\systolic_block\N=s32'00000000000000000000000000100000.$proc$/openlane/designs/Tensor/src/systolic_block.v:0$12298'.
No latch inferred for signal `$paramod\systolic_block\N=s32'00000000000000000000000000100000.\h_wires[159]' from process `$paramod\systolic_block\N=s32'00000000000000000000000000100000.$proc$/openlane/designs/Tensor/src/systolic_block.v:0$12298'.
No latch inferred for signal `$paramod\systolic_block\N=s32'00000000000000000000000000100000.\h_wires[160]' from process `$paramod\systolic_block\N=s32'00000000000000000000000000100000.$proc$/openlane/designs/Tensor/src/systolic_block.v:0$12298'.
No latch inferred for signal `$paramod\systolic_block\N=s32'00000000000000000000000000100000.\h_wires[161]' from process `$paramod\systolic_block\N=s32'00000000000000000000000000100000.$proc$/openlane/designs/Tensor/src/systolic_block.v:0$12298'.
No latch inferred for signal `$paramod\systolic_block\N=s32'00000000000000000000000000100000.\h_wires[162]' from process `$paramod\systolic_block\N=s32'00000000000000000000000000100000.$proc$/openlane/designs/Tensor/src/systolic_block.v:0$12298'.
No latch inferred for signal `$paramod\systolic_block\N=s32'00000000000000000000000000100000.\h_wires[163]' from process `$paramod\systolic_block\N=s32'00000000000000000000000000100000.$proc$/openlane/designs/Tensor/src/systolic_block.v:0$12298'.
No latch inferred for signal `$paramod\systolic_block\N=s32'00000000000000000000000000100000.\h_wires[164]' from process `$paramod\systolic_block\N=s32'00000000000000000000000000100000.$proc$/openlane/designs/Tensor/src/systolic_block.v:0$12298'.
No latch inferred for signal `$paramod\systolic_block\N=s32'00000000000000000000000000100000.\h_wires[165]' from process `$paramod\systolic_block\N=s32'00000000000000000000000000100000.$proc$/openlane/designs/Tensor/src/systolic_block.v:0$12298'.
No latch inferred for signal `$paramod\systolic_block\N=s32'00000000000000000000000000100000.\h_wires[166]' from process `$paramod\systolic_block\N=s32'00000000000000000000000000100000.$proc$/openlane/designs/Tensor/src/systolic_block.v:0$12298'.
No latch inferred for signal `$paramod\systolic_block\N=s32'00000000000000000000000000100000.\h_wires[167]' from process `$paramod\systolic_block\N=s32'00000000000000000000000000100000.$proc$/openlane/designs/Tensor/src/systolic_block.v:0$12298'.
No latch inferred for signal `$paramod\systolic_block\N=s32'00000000000000000000000000100000.\h_wires[168]' from process `$paramod\systolic_block\N=s32'00000000000000000000000000100000.$proc$/openlane/designs/Tensor/src/systolic_block.v:0$12298'.
No latch inferred for signal `$paramod\systolic_block\N=s32'00000000000000000000000000100000.\h_wires[169]' from process `$paramod\systolic_block\N=s32'00000000000000000000000000100000.$proc$/openlane/designs/Tensor/src/systolic_block.v:0$12298'.
No latch inferred for signal `$paramod\systolic_block\N=s32'00000000000000000000000000100000.\h_wires[170]' from process `$paramod\systolic_block\N=s32'00000000000000000000000000100000.$proc$/openlane/designs/Tensor/src/systolic_block.v:0$12298'.
No latch inferred for signal `$paramod\systolic_block\N=s32'00000000000000000000000000100000.\h_wires[171]' from process `$paramod\systolic_block\N=s32'00000000000000000000000000100000.$proc$/openlane/designs/Tensor/src/systolic_block.v:0$12298'.
No latch inferred for signal `$paramod\systolic_block\N=s32'00000000000000000000000000100000.\h_wires[172]' from process `$paramod\systolic_block\N=s32'00000000000000000000000000100000.$proc$/openlane/designs/Tensor/src/systolic_block.v:0$12298'.
No latch inferred for signal `$paramod\systolic_block\N=s32'00000000000000000000000000100000.\h_wires[173]' from process `$paramod\systolic_block\N=s32'00000000000000000000000000100000.$proc$/openlane/designs/Tensor/src/systolic_block.v:0$12298'.
No latch inferred for signal `$paramod\systolic_block\N=s32'00000000000000000000000000100000.\h_wires[174]' from process `$paramod\systolic_block\N=s32'00000000000000000000000000100000.$proc$/openlane/designs/Tensor/src/systolic_block.v:0$12298'.
No latch inferred for signal `$paramod\systolic_block\N=s32'00000000000000000000000000100000.\h_wires[175]' from process `$paramod\systolic_block\N=s32'00000000000000000000000000100000.$proc$/openlane/designs/Tensor/src/systolic_block.v:0$12298'.
No latch inferred for signal `$paramod\systolic_block\N=s32'00000000000000000000000000100000.\h_wires[176]' from process `$paramod\systolic_block\N=s32'00000000000000000000000000100000.$proc$/openlane/designs/Tensor/src/systolic_block.v:0$12298'.
No latch inferred for signal `$paramod\systolic_block\N=s32'00000000000000000000000000100000.\h_wires[177]' from process `$paramod\systolic_block\N=s32'00000000000000000000000000100000.$proc$/openlane/designs/Tensor/src/systolic_block.v:0$12298'.
No latch inferred for signal `$paramod\systolic_block\N=s32'00000000000000000000000000100000.\h_wires[178]' from process `$paramod\systolic_block\N=s32'00000000000000000000000000100000.$proc$/openlane/designs/Tensor/src/systolic_block.v:0$12298'.
No latch inferred for signal `$paramod\systolic_block\N=s32'00000000000000000000000000100000.\h_wires[179]' from process `$paramod\systolic_block\N=s32'00000000000000000000000000100000.$proc$/openlane/designs/Tensor/src/systolic_block.v:0$12298'.
No latch inferred for signal `$paramod\systolic_block\N=s32'00000000000000000000000000100000.\h_wires[180]' from process `$paramod\systolic_block\N=s32'00000000000000000000000000100000.$proc$/openlane/designs/Tensor/src/systolic_block.v:0$12298'.
No latch inferred for signal `$paramod\systolic_block\N=s32'00000000000000000000000000100000.\h_wires[181]' from process `$paramod\systolic_block\N=s32'00000000000000000000000000100000.$proc$/openlane/designs/Tensor/src/systolic_block.v:0$12298'.
No latch inferred for signal `$paramod\systolic_block\N=s32'00000000000000000000000000100000.\h_wires[182]' from process `$paramod\systolic_block\N=s32'00000000000000000000000000100000.$proc$/openlane/designs/Tensor/src/systolic_block.v:0$12298'.
No latch inferred for signal `$paramod\systolic_block\N=s32'00000000000000000000000000100000.\h_wires[183]' from process `$paramod\systolic_block\N=s32'00000000000000000000000000100000.$proc$/openlane/designs/Tensor/src/systolic_block.v:0$12298'.
No latch inferred for signal `$paramod\systolic_block\N=s32'00000000000000000000000000100000.\h_wires[184]' from process `$paramod\systolic_block\N=s32'00000000000000000000000000100000.$proc$/openlane/designs/Tensor/src/systolic_block.v:0$12298'.
No latch inferred for signal `$paramod\systolic_block\N=s32'00000000000000000000000000100000.\h_wires[185]' from process `$paramod\systolic_block\N=s32'00000000000000000000000000100000.$proc$/openlane/designs/Tensor/src/systolic_block.v:0$12298'.
No latch inferred for signal `$paramod\systolic_block\N=s32'00000000000000000000000000100000.\h_wires[186]' from process `$paramod\systolic_block\N=s32'00000000000000000000000000100000.$proc$/openlane/designs/Tensor/src/systolic_block.v:0$12298'.
No latch inferred for signal `$paramod\systolic_block\N=s32'00000000000000000000000000100000.\h_wires[187]' from process `$paramod\systolic_block\N=s32'00000000000000000000000000100000.$proc$/openlane/designs/Tensor/src/systolic_block.v:0$12298'.
No latch inferred for signal `$paramod\systolic_block\N=s32'00000000000000000000000000100000.\h_wires[188]' from process `$paramod\systolic_block\N=s32'00000000000000000000000000100000.$proc$/openlane/designs/Tensor/src/systolic_block.v:0$12298'.
No latch inferred for signal `$paramod\systolic_block\N=s32'00000000000000000000000000100000.\h_wires[189]' from process `$paramod\systolic_block\N=s32'00000000000000000000000000100000.$proc$/openlane/designs/Tensor/src/systolic_block.v:0$12298'.
No latch inferred for signal `$paramod\systolic_block\N=s32'00000000000000000000000000100000.\h_wires[190]' from process `$paramod\systolic_block\N=s32'00000000000000000000000000100000.$proc$/openlane/designs/Tensor/src/systolic_block.v:0$12298'.
No latch inferred for signal `$paramod\systolic_block\N=s32'00000000000000000000000000100000.\h_wires[191]' from process `$paramod\systolic_block\N=s32'00000000000000000000000000100000.$proc$/openlane/designs/Tensor/src/systolic_block.v:0$12298'.
No latch inferred for signal `$paramod\systolic_block\N=s32'00000000000000000000000000100000.\h_wires[192]' from process `$paramod\systolic_block\N=s32'00000000000000000000000000100000.$proc$/openlane/designs/Tensor/src/systolic_block.v:0$12298'.
No latch inferred for signal `$paramod\systolic_block\N=s32'00000000000000000000000000100000.\h_wires[193]' from process `$paramod\systolic_block\N=s32'00000000000000000000000000100000.$proc$/openlane/designs/Tensor/src/systolic_block.v:0$12298'.
No latch inferred for signal `$paramod\systolic_block\N=s32'00000000000000000000000000100000.\h_wires[194]' from process `$paramod\systolic_block\N=s32'00000000000000000000000000100000.$proc$/openlane/designs/Tensor/src/systolic_block.v:0$12298'.
No latch inferred for signal `$paramod\systolic_block\N=s32'00000000000000000000000000100000.\h_wires[195]' from process `$paramod\systolic_block\N=s32'00000000000000000000000000100000.$proc$/openlane/designs/Tensor/src/systolic_block.v:0$12298'.
No latch inferred for signal `$paramod\systolic_block\N=s32'00000000000000000000000000100000.\h_wires[196]' from process `$paramod\systolic_block\N=s32'00000000000000000000000000100000.$proc$/openlane/designs/Tensor/src/systolic_block.v:0$12298'.
No latch inferred for signal `$paramod\systolic_block\N=s32'00000000000000000000000000100000.\h_wires[197]' from process `$paramod\systolic_block\N=s32'00000000000000000000000000100000.$proc$/openlane/designs/Tensor/src/systolic_block.v:0$12298'.
No latch inferred for signal `$paramod\systolic_block\N=s32'00000000000000000000000000100000.\h_wires[198]' from process `$paramod\systolic_block\N=s32'00000000000000000000000000100000.$proc$/openlane/designs/Tensor/src/systolic_block.v:0$12298'.
No latch inferred for signal `$paramod\systolic_block\N=s32'00000000000000000000000000100000.\h_wires[199]' from process `$paramod\systolic_block\N=s32'00000000000000000000000000100000.$proc$/openlane/designs/Tensor/src/systolic_block.v:0$12298'.
No latch inferred for signal `$paramod\systolic_block\N=s32'00000000000000000000000000100000.\h_wires[200]' from process `$paramod\systolic_block\N=s32'00000000000000000000000000100000.$proc$/openlane/designs/Tensor/src/systolic_block.v:0$12298'.
No latch inferred for signal `$paramod\systolic_block\N=s32'00000000000000000000000000100000.\h_wires[201]' from process `$paramod\systolic_block\N=s32'00000000000000000000000000100000.$proc$/openlane/designs/Tensor/src/systolic_block.v:0$12298'.
No latch inferred for signal `$paramod\systolic_block\N=s32'00000000000000000000000000100000.\h_wires[202]' from process `$paramod\systolic_block\N=s32'00000000000000000000000000100000.$proc$/openlane/designs/Tensor/src/systolic_block.v:0$12298'.
No latch inferred for signal `$paramod\systolic_block\N=s32'00000000000000000000000000100000.\h_wires[203]' from process `$paramod\systolic_block\N=s32'00000000000000000000000000100000.$proc$/openlane/designs/Tensor/src/systolic_block.v:0$12298'.
No latch inferred for signal `$paramod\systolic_block\N=s32'00000000000000000000000000100000.\h_wires[204]' from process `$paramod\systolic_block\N=s32'00000000000000000000000000100000.$proc$/openlane/designs/Tensor/src/systolic_block.v:0$12298'.
No latch inferred for signal `$paramod\systolic_block\N=s32'00000000000000000000000000100000.\h_wires[205]' from process `$paramod\systolic_block\N=s32'00000000000000000000000000100000.$proc$/openlane/designs/Tensor/src/systolic_block.v:0$12298'.
No latch inferred for signal `$paramod\systolic_block\N=s32'00000000000000000000000000100000.\h_wires[206]' from process `$paramod\systolic_block\N=s32'00000000000000000000000000100000.$proc$/openlane/designs/Tensor/src/systolic_block.v:0$12298'.
No latch inferred for signal `$paramod\systolic_block\N=s32'00000000000000000000000000100000.\h_wires[207]' from process `$paramod\systolic_block\N=s32'00000000000000000000000000100000.$proc$/openlane/designs/Tensor/src/systolic_block.v:0$12298'.
No latch inferred for signal `$paramod\systolic_block\N=s32'00000000000000000000000000100000.\h_wires[208]' from process `$paramod\systolic_block\N=s32'00000000000000000000000000100000.$proc$/openlane/designs/Tensor/src/systolic_block.v:0$12298'.
No latch inferred for signal `$paramod\systolic_block\N=s32'00000000000000000000000000100000.\h_wires[209]' from process `$paramod\systolic_block\N=s32'00000000000000000000000000100000.$proc$/openlane/designs/Tensor/src/systolic_block.v:0$12298'.
No latch inferred for signal `$paramod\systolic_block\N=s32'00000000000000000000000000100000.\h_wires[210]' from process `$paramod\systolic_block\N=s32'00000000000000000000000000100000.$proc$/openlane/designs/Tensor/src/systolic_block.v:0$12298'.
No latch inferred for signal `$paramod\systolic_block\N=s32'00000000000000000000000000100000.\h_wires[211]' from process `$paramod\systolic_block\N=s32'00000000000000000000000000100000.$proc$/openlane/designs/Tensor/src/systolic_block.v:0$12298'.
No latch inferred for signal `$paramod\systolic_block\N=s32'00000000000000000000000000100000.\h_wires[212]' from process `$paramod\systolic_block\N=s32'00000000000000000000000000100000.$proc$/openlane/designs/Tensor/src/systolic_block.v:0$12298'.
No latch inferred for signal `$paramod\systolic_block\N=s32'00000000000000000000000000100000.\h_wires[213]' from process `$paramod\systolic_block\N=s32'00000000000000000000000000100000.$proc$/openlane/designs/Tensor/src/systolic_block.v:0$12298'.
No latch inferred for signal `$paramod\systolic_block\N=s32'00000000000000000000000000100000.\h_wires[214]' from process `$paramod\systolic_block\N=s32'00000000000000000000000000100000.$proc$/openlane/designs/Tensor/src/systolic_block.v:0$12298'.
No latch inferred for signal `$paramod\systolic_block\N=s32'00000000000000000000000000100000.\h_wires[215]' from process `$paramod\systolic_block\N=s32'00000000000000000000000000100000.$proc$/openlane/designs/Tensor/src/systolic_block.v:0$12298'.
No latch inferred for signal `$paramod\systolic_block\N=s32'00000000000000000000000000100000.\h_wires[216]' from process `$paramod\systolic_block\N=s32'00000000000000000000000000100000.$proc$/openlane/designs/Tensor/src/systolic_block.v:0$12298'.
No latch inferred for signal `$paramod\systolic_block\N=s32'00000000000000000000000000100000.\h_wires[217]' from process `$paramod\systolic_block\N=s32'00000000000000000000000000100000.$proc$/openlane/designs/Tensor/src/systolic_block.v:0$12298'.
No latch inferred for signal `$paramod\systolic_block\N=s32'00000000000000000000000000100000.\h_wires[218]' from process `$paramod\systolic_block\N=s32'00000000000000000000000000100000.$proc$/openlane/designs/Tensor/src/systolic_block.v:0$12298'.
No latch inferred for signal `$paramod\systolic_block\N=s32'00000000000000000000000000100000.\h_wires[219]' from process `$paramod\systolic_block\N=s32'00000000000000000000000000100000.$proc$/openlane/designs/Tensor/src/systolic_block.v:0$12298'.
No latch inferred for signal `$paramod\systolic_block\N=s32'00000000000000000000000000100000.\h_wires[220]' from process `$paramod\systolic_block\N=s32'00000000000000000000000000100000.$proc$/openlane/designs/Tensor/src/systolic_block.v:0$12298'.
No latch inferred for signal `$paramod\systolic_block\N=s32'00000000000000000000000000100000.\h_wires[221]' from process `$paramod\systolic_block\N=s32'00000000000000000000000000100000.$proc$/openlane/designs/Tensor/src/systolic_block.v:0$12298'.
No latch inferred for signal `$paramod\systolic_block\N=s32'00000000000000000000000000100000.\h_wires[222]' from process `$paramod\systolic_block\N=s32'00000000000000000000000000100000.$proc$/openlane/designs/Tensor/src/systolic_block.v:0$12298'.
No latch inferred for signal `$paramod\systolic_block\N=s32'00000000000000000000000000100000.\h_wires[223]' from process `$paramod\systolic_block\N=s32'00000000000000000000000000100000.$proc$/openlane/designs/Tensor/src/systolic_block.v:0$12298'.
No latch inferred for signal `$paramod\systolic_block\N=s32'00000000000000000000000000100000.\h_wires[224]' from process `$paramod\systolic_block\N=s32'00000000000000000000000000100000.$proc$/openlane/designs/Tensor/src/systolic_block.v:0$12298'.
No latch inferred for signal `$paramod\systolic_block\N=s32'00000000000000000000000000100000.\h_wires[225]' from process `$paramod\systolic_block\N=s32'00000000000000000000000000100000.$proc$/openlane/designs/Tensor/src/systolic_block.v:0$12298'.
No latch inferred for signal `$paramod\systolic_block\N=s32'00000000000000000000000000100000.\h_wires[226]' from process `$paramod\systolic_block\N=s32'00000000000000000000000000100000.$proc$/openlane/designs/Tensor/src/systolic_block.v:0$12298'.
No latch inferred for signal `$paramod\systolic_block\N=s32'00000000000000000000000000100000.\h_wires[227]' from process `$paramod\systolic_block\N=s32'00000000000000000000000000100000.$proc$/openlane/designs/Tensor/src/systolic_block.v:0$12298'.
No latch inferred for signal `$paramod\systolic_block\N=s32'00000000000000000000000000100000.\h_wires[228]' from process `$paramod\systolic_block\N=s32'00000000000000000000000000100000.$proc$/openlane/designs/Tensor/src/systolic_block.v:0$12298'.
No latch inferred for signal `$paramod\systolic_block\N=s32'00000000000000000000000000100000.\h_wires[229]' from process `$paramod\systolic_block\N=s32'00000000000000000000000000100000.$proc$/openlane/designs/Tensor/src/systolic_block.v:0$12298'.
No latch inferred for signal `$paramod\systolic_block\N=s32'00000000000000000000000000100000.\h_wires[230]' from process `$paramod\systolic_block\N=s32'00000000000000000000000000100000.$proc$/openlane/designs/Tensor/src/systolic_block.v:0$12298'.
No latch inferred for signal `$paramod\systolic_block\N=s32'00000000000000000000000000100000.\h_wires[231]' from process `$paramod\systolic_block\N=s32'00000000000000000000000000100000.$proc$/openlane/designs/Tensor/src/systolic_block.v:0$12298'.
No latch inferred for signal `$paramod\systolic_block\N=s32'00000000000000000000000000100000.\h_wires[232]' from process `$paramod\systolic_block\N=s32'00000000000000000000000000100000.$proc$/openlane/designs/Tensor/src/systolic_block.v:0$12298'.
No latch inferred for signal `$paramod\systolic_block\N=s32'00000000000000000000000000100000.\h_wires[233]' from process `$paramod\systolic_block\N=s32'00000000000000000000000000100000.$proc$/openlane/designs/Tensor/src/systolic_block.v:0$12298'.
No latch inferred for signal `$paramod\systolic_block\N=s32'00000000000000000000000000100000.\h_wires[234]' from process `$paramod\systolic_block\N=s32'00000000000000000000000000100000.$proc$/openlane/designs/Tensor/src/systolic_block.v:0$12298'.
No latch inferred for signal `$paramod\systolic_block\N=s32'00000000000000000000000000100000.\h_wires[235]' from process `$paramod\systolic_block\N=s32'00000000000000000000000000100000.$proc$/openlane/designs/Tensor/src/systolic_block.v:0$12298'.
No latch inferred for signal `$paramod\systolic_block\N=s32'00000000000000000000000000100000.\h_wires[236]' from process `$paramod\systolic_block\N=s32'00000000000000000000000000100000.$proc$/openlane/designs/Tensor/src/systolic_block.v:0$12298'.
No latch inferred for signal `$paramod\systolic_block\N=s32'00000000000000000000000000100000.\h_wires[237]' from process `$paramod\systolic_block\N=s32'00000000000000000000000000100000.$proc$/openlane/designs/Tensor/src/systolic_block.v:0$12298'.
No latch inferred for signal `$paramod\systolic_block\N=s32'00000000000000000000000000100000.\h_wires[238]' from process `$paramod\systolic_block\N=s32'00000000000000000000000000100000.$proc$/openlane/designs/Tensor/src/systolic_block.v:0$12298'.
No latch inferred for signal `$paramod\systolic_block\N=s32'00000000000000000000000000100000.\h_wires[239]' from process `$paramod\systolic_block\N=s32'00000000000000000000000000100000.$proc$/openlane/designs/Tensor/src/systolic_block.v:0$12298'.
No latch inferred for signal `$paramod\systolic_block\N=s32'00000000000000000000000000100000.\h_wires[240]' from process `$paramod\systolic_block\N=s32'00000000000000000000000000100000.$proc$/openlane/designs/Tensor/src/systolic_block.v:0$12298'.
No latch inferred for signal `$paramod\systolic_block\N=s32'00000000000000000000000000100000.\h_wires[241]' from process `$paramod\systolic_block\N=s32'00000000000000000000000000100000.$proc$/openlane/designs/Tensor/src/systolic_block.v:0$12298'.
No latch inferred for signal `$paramod\systolic_block\N=s32'00000000000000000000000000100000.\h_wires[242]' from process `$paramod\systolic_block\N=s32'00000000000000000000000000100000.$proc$/openlane/designs/Tensor/src/systolic_block.v:0$12298'.
No latch inferred for signal `$paramod\systolic_block\N=s32'00000000000000000000000000100000.\h_wires[243]' from process `$paramod\systolic_block\N=s32'00000000000000000000000000100000.$proc$/openlane/designs/Tensor/src/systolic_block.v:0$12298'.
No latch inferred for signal `$paramod\systolic_block\N=s32'00000000000000000000000000100000.\h_wires[244]' from process `$paramod\systolic_block\N=s32'00000000000000000000000000100000.$proc$/openlane/designs/Tensor/src/systolic_block.v:0$12298'.
No latch inferred for signal `$paramod\systolic_block\N=s32'00000000000000000000000000100000.\h_wires[245]' from process `$paramod\systolic_block\N=s32'00000000000000000000000000100000.$proc$/openlane/designs/Tensor/src/systolic_block.v:0$12298'.
No latch inferred for signal `$paramod\systolic_block\N=s32'00000000000000000000000000100000.\h_wires[246]' from process `$paramod\systolic_block\N=s32'00000000000000000000000000100000.$proc$/openlane/designs/Tensor/src/systolic_block.v:0$12298'.
No latch inferred for signal `$paramod\systolic_block\N=s32'00000000000000000000000000100000.\h_wires[247]' from process `$paramod\systolic_block\N=s32'00000000000000000000000000100000.$proc$/openlane/designs/Tensor/src/systolic_block.v:0$12298'.
No latch inferred for signal `$paramod\systolic_block\N=s32'00000000000000000000000000100000.\h_wires[248]' from process `$paramod\systolic_block\N=s32'00000000000000000000000000100000.$proc$/openlane/designs/Tensor/src/systolic_block.v:0$12298'.
No latch inferred for signal `$paramod\systolic_block\N=s32'00000000000000000000000000100000.\h_wires[249]' from process `$paramod\systolic_block\N=s32'00000000000000000000000000100000.$proc$/openlane/designs/Tensor/src/systolic_block.v:0$12298'.
No latch inferred for signal `$paramod\systolic_block\N=s32'00000000000000000000000000100000.\h_wires[250]' from process `$paramod\systolic_block\N=s32'00000000000000000000000000100000.$proc$/openlane/designs/Tensor/src/systolic_block.v:0$12298'.
No latch inferred for signal `$paramod\systolic_block\N=s32'00000000000000000000000000100000.\h_wires[251]' from process `$paramod\systolic_block\N=s32'00000000000000000000000000100000.$proc$/openlane/designs/Tensor/src/systolic_block.v:0$12298'.
No latch inferred for signal `$paramod\systolic_block\N=s32'00000000000000000000000000100000.\h_wires[252]' from process `$paramod\systolic_block\N=s32'00000000000000000000000000100000.$proc$/openlane/designs/Tensor/src/systolic_block.v:0$12298'.
No latch inferred for signal `$paramod\systolic_block\N=s32'00000000000000000000000000100000.\h_wires[253]' from process `$paramod\systolic_block\N=s32'00000000000000000000000000100000.$proc$/openlane/designs/Tensor/src/systolic_block.v:0$12298'.
No latch inferred for signal `$paramod\systolic_block\N=s32'00000000000000000000000000100000.\h_wires[254]' from process `$paramod\systolic_block\N=s32'00000000000000000000000000100000.$proc$/openlane/designs/Tensor/src/systolic_block.v:0$12298'.
No latch inferred for signal `$paramod\systolic_block\N=s32'00000000000000000000000000100000.\h_wires[255]' from process `$paramod\systolic_block\N=s32'00000000000000000000000000100000.$proc$/openlane/designs/Tensor/src/systolic_block.v:0$12298'.
No latch inferred for signal `$paramod\systolic_block\N=s32'00000000000000000000000000100000.\h_wires[256]' from process `$paramod\systolic_block\N=s32'00000000000000000000000000100000.$proc$/openlane/designs/Tensor/src/systolic_block.v:0$12298'.
No latch inferred for signal `$paramod\systolic_block\N=s32'00000000000000000000000000100000.\h_wires[257]' from process `$paramod\systolic_block\N=s32'00000000000000000000000000100000.$proc$/openlane/designs/Tensor/src/systolic_block.v:0$12298'.
No latch inferred for signal `$paramod\systolic_block\N=s32'00000000000000000000000000100000.\h_wires[258]' from process `$paramod\systolic_block\N=s32'00000000000000000000000000100000.$proc$/openlane/designs/Tensor/src/systolic_block.v:0$12298'.
No latch inferred for signal `$paramod\systolic_block\N=s32'00000000000000000000000000100000.\h_wires[259]' from process `$paramod\systolic_block\N=s32'00000000000000000000000000100000.$proc$/openlane/designs/Tensor/src/systolic_block.v:0$12298'.
No latch inferred for signal `$paramod\systolic_block\N=s32'00000000000000000000000000100000.\h_wires[260]' from process `$paramod\systolic_block\N=s32'00000000000000000000000000100000.$proc$/openlane/designs/Tensor/src/systolic_block.v:0$12298'.
No latch inferred for signal `$paramod\systolic_block\N=s32'00000000000000000000000000100000.\h_wires[261]' from process `$paramod\systolic_block\N=s32'00000000000000000000000000100000.$proc$/openlane/designs/Tensor/src/systolic_block.v:0$12298'.
No latch inferred for signal `$paramod\systolic_block\N=s32'00000000000000000000000000100000.\h_wires[262]' from process `$paramod\systolic_block\N=s32'00000000000000000000000000100000.$proc$/openlane/designs/Tensor/src/systolic_block.v:0$12298'.
No latch inferred for signal `$paramod\systolic_block\N=s32'00000000000000000000000000100000.\h_wires[263]' from process `$paramod\systolic_block\N=s32'00000000000000000000000000100000.$proc$/openlane/designs/Tensor/src/systolic_block.v:0$12298'.
No latch inferred for signal `$paramod\systolic_block\N=s32'00000000000000000000000000100000.\h_wires[264]' from process `$paramod\systolic_block\N=s32'00000000000000000000000000100000.$proc$/openlane/designs/Tensor/src/systolic_block.v:0$12298'.
No latch inferred for signal `$paramod\systolic_block\N=s32'00000000000000000000000000100000.\h_wires[265]' from process `$paramod\systolic_block\N=s32'00000000000000000000000000100000.$proc$/openlane/designs/Tensor/src/systolic_block.v:0$12298'.
No latch inferred for signal `$paramod\systolic_block\N=s32'00000000000000000000000000100000.\h_wires[266]' from process `$paramod\systolic_block\N=s32'00000000000000000000000000100000.$proc$/openlane/designs/Tensor/src/systolic_block.v:0$12298'.
No latch inferred for signal `$paramod\systolic_block\N=s32'00000000000000000000000000100000.\h_wires[267]' from process `$paramod\systolic_block\N=s32'00000000000000000000000000100000.$proc$/openlane/designs/Tensor/src/systolic_block.v:0$12298'.
No latch inferred for signal `$paramod\systolic_block\N=s32'00000000000000000000000000100000.\h_wires[268]' from process `$paramod\systolic_block\N=s32'00000000000000000000000000100000.$proc$/openlane/designs/Tensor/src/systolic_block.v:0$12298'.
No latch inferred for signal `$paramod\systolic_block\N=s32'00000000000000000000000000100000.\h_wires[269]' from process `$paramod\systolic_block\N=s32'00000000000000000000000000100000.$proc$/openlane/designs/Tensor/src/systolic_block.v:0$12298'.
No latch inferred for signal `$paramod\systolic_block\N=s32'00000000000000000000000000100000.\h_wires[270]' from process `$paramod\systolic_block\N=s32'00000000000000000000000000100000.$proc$/openlane/designs/Tensor/src/systolic_block.v:0$12298'.
No latch inferred for signal `$paramod\systolic_block\N=s32'00000000000000000000000000100000.\h_wires[271]' from process `$paramod\systolic_block\N=s32'00000000000000000000000000100000.$proc$/openlane/designs/Tensor/src/systolic_block.v:0$12298'.
No latch inferred for signal `$paramod\systolic_block\N=s32'00000000000000000000000000100000.\h_wires[272]' from process `$paramod\systolic_block\N=s32'00000000000000000000000000100000.$proc$/openlane/designs/Tensor/src/systolic_block.v:0$12298'.
No latch inferred for signal `$paramod\systolic_block\N=s32'00000000000000000000000000100000.\h_wires[273]' from process `$paramod\systolic_block\N=s32'00000000000000000000000000100000.$proc$/openlane/designs/Tensor/src/systolic_block.v:0$12298'.
No latch inferred for signal `$paramod\systolic_block\N=s32'00000000000000000000000000100000.\h_wires[274]' from process `$paramod\systolic_block\N=s32'00000000000000000000000000100000.$proc$/openlane/designs/Tensor/src/systolic_block.v:0$12298'.
No latch inferred for signal `$paramod\systolic_block\N=s32'00000000000000000000000000100000.\h_wires[275]' from process `$paramod\systolic_block\N=s32'00000000000000000000000000100000.$proc$/openlane/designs/Tensor/src/systolic_block.v:0$12298'.
No latch inferred for signal `$paramod\systolic_block\N=s32'00000000000000000000000000100000.\h_wires[276]' from process `$paramod\systolic_block\N=s32'00000000000000000000000000100000.$proc$/openlane/designs/Tensor/src/systolic_block.v:0$12298'.
No latch inferred for signal `$paramod\systolic_block\N=s32'00000000000000000000000000100000.\h_wires[277]' from process `$paramod\systolic_block\N=s32'00000000000000000000000000100000.$proc$/openlane/designs/Tensor/src/systolic_block.v:0$12298'.
No latch inferred for signal `$paramod\systolic_block\N=s32'00000000000000000000000000100000.\h_wires[278]' from process `$paramod\systolic_block\N=s32'00000000000000000000000000100000.$proc$/openlane/designs/Tensor/src/systolic_block.v:0$12298'.
No latch inferred for signal `$paramod\systolic_block\N=s32'00000000000000000000000000100000.\h_wires[279]' from process `$paramod\systolic_block\N=s32'00000000000000000000000000100000.$proc$/openlane/designs/Tensor/src/systolic_block.v:0$12298'.
No latch inferred for signal `$paramod\systolic_block\N=s32'00000000000000000000000000100000.\h_wires[280]' from process `$paramod\systolic_block\N=s32'00000000000000000000000000100000.$proc$/openlane/designs/Tensor/src/systolic_block.v:0$12298'.
No latch inferred for signal `$paramod\systolic_block\N=s32'00000000000000000000000000100000.\h_wires[281]' from process `$paramod\systolic_block\N=s32'00000000000000000000000000100000.$proc$/openlane/designs/Tensor/src/systolic_block.v:0$12298'.
No latch inferred for signal `$paramod\systolic_block\N=s32'00000000000000000000000000100000.\h_wires[282]' from process `$paramod\systolic_block\N=s32'00000000000000000000000000100000.$proc$/openlane/designs/Tensor/src/systolic_block.v:0$12298'.
No latch inferred for signal `$paramod\systolic_block\N=s32'00000000000000000000000000100000.\h_wires[283]' from process `$paramod\systolic_block\N=s32'00000000000000000000000000100000.$proc$/openlane/designs/Tensor/src/systolic_block.v:0$12298'.
No latch inferred for signal `$paramod\systolic_block\N=s32'00000000000000000000000000100000.\h_wires[284]' from process `$paramod\systolic_block\N=s32'00000000000000000000000000100000.$proc$/openlane/designs/Tensor/src/systolic_block.v:0$12298'.
No latch inferred for signal `$paramod\systolic_block\N=s32'00000000000000000000000000100000.\h_wires[285]' from process `$paramod\systolic_block\N=s32'00000000000000000000000000100000.$proc$/openlane/designs/Tensor/src/systolic_block.v:0$12298'.
No latch inferred for signal `$paramod\systolic_block\N=s32'00000000000000000000000000100000.\h_wires[286]' from process `$paramod\systolic_block\N=s32'00000000000000000000000000100000.$proc$/openlane/designs/Tensor/src/systolic_block.v:0$12298'.
No latch inferred for signal `$paramod\systolic_block\N=s32'00000000000000000000000000100000.\h_wires[287]' from process `$paramod\systolic_block\N=s32'00000000000000000000000000100000.$proc$/openlane/designs/Tensor/src/systolic_block.v:0$12298'.
No latch inferred for signal `$paramod\systolic_block\N=s32'00000000000000000000000000100000.\h_wires[288]' from process `$paramod\systolic_block\N=s32'00000000000000000000000000100000.$proc$/openlane/designs/Tensor/src/systolic_block.v:0$12298'.
No latch inferred for signal `$paramod\systolic_block\N=s32'00000000000000000000000000100000.\h_wires[289]' from process `$paramod\systolic_block\N=s32'00000000000000000000000000100000.$proc$/openlane/designs/Tensor/src/systolic_block.v:0$12298'.
No latch inferred for signal `$paramod\systolic_block\N=s32'00000000000000000000000000100000.\h_wires[290]' from process `$paramod\systolic_block\N=s32'00000000000000000000000000100000.$proc$/openlane/designs/Tensor/src/systolic_block.v:0$12298'.
No latch inferred for signal `$paramod\systolic_block\N=s32'00000000000000000000000000100000.\h_wires[291]' from process `$paramod\systolic_block\N=s32'00000000000000000000000000100000.$proc$/openlane/designs/Tensor/src/systolic_block.v:0$12298'.
No latch inferred for signal `$paramod\systolic_block\N=s32'00000000000000000000000000100000.\h_wires[292]' from process `$paramod\systolic_block\N=s32'00000000000000000000000000100000.$proc$/openlane/designs/Tensor/src/systolic_block.v:0$12298'.
No latch inferred for signal `$paramod\systolic_block\N=s32'00000000000000000000000000100000.\h_wires[293]' from process `$paramod\systolic_block\N=s32'00000000000000000000000000100000.$proc$/openlane/designs/Tensor/src/systolic_block.v:0$12298'.
No latch inferred for signal `$paramod\systolic_block\N=s32'00000000000000000000000000100000.\h_wires[294]' from process `$paramod\systolic_block\N=s32'00000000000000000000000000100000.$proc$/openlane/designs/Tensor/src/systolic_block.v:0$12298'.
No latch inferred for signal `$paramod\systolic_block\N=s32'00000000000000000000000000100000.\h_wires[295]' from process `$paramod\systolic_block\N=s32'00000000000000000000000000100000.$proc$/openlane/designs/Tensor/src/systolic_block.v:0$12298'.
No latch inferred for signal `$paramod\systolic_block\N=s32'00000000000000000000000000100000.\h_wires[296]' from process `$paramod\systolic_block\N=s32'00000000000000000000000000100000.$proc$/openlane/designs/Tensor/src/systolic_block.v:0$12298'.
No latch inferred for signal `$paramod\systolic_block\N=s32'00000000000000000000000000100000.\h_wires[297]' from process `$paramod\systolic_block\N=s32'00000000000000000000000000100000.$proc$/openlane/designs/Tensor/src/systolic_block.v:0$12298'.
No latch inferred for signal `$paramod\systolic_block\N=s32'00000000000000000000000000100000.\h_wires[298]' from process `$paramod\systolic_block\N=s32'00000000000000000000000000100000.$proc$/openlane/designs/Tensor/src/systolic_block.v:0$12298'.
No latch inferred for signal `$paramod\systolic_block\N=s32'00000000000000000000000000100000.\h_wires[299]' from process `$paramod\systolic_block\N=s32'00000000000000000000000000100000.$proc$/openlane/designs/Tensor/src/systolic_block.v:0$12298'.
No latch inferred for signal `$paramod\systolic_block\N=s32'00000000000000000000000000100000.\h_wires[300]' from process `$paramod\systolic_block\N=s32'00000000000000000000000000100000.$proc$/openlane/designs/Tensor/src/systolic_block.v:0$12298'.
No latch inferred for signal `$paramod\systolic_block\N=s32'00000000000000000000000000100000.\h_wires[301]' from process `$paramod\systolic_block\N=s32'00000000000000000000000000100000.$proc$/openlane/designs/Tensor/src/systolic_block.v:0$12298'.
No latch inferred for signal `$paramod\systolic_block\N=s32'00000000000000000000000000100000.\h_wires[302]' from process `$paramod\systolic_block\N=s32'00000000000000000000000000100000.$proc$/openlane/designs/Tensor/src/systolic_block.v:0$12298'.
No latch inferred for signal `$paramod\systolic_block\N=s32'00000000000000000000000000100000.\h_wires[303]' from process `$paramod\systolic_block\N=s32'00000000000000000000000000100000.$proc$/openlane/designs/Tensor/src/systolic_block.v:0$12298'.
No latch inferred for signal `$paramod\systolic_block\N=s32'00000000000000000000000000100000.\h_wires[304]' from process `$paramod\systolic_block\N=s32'00000000000000000000000000100000.$proc$/openlane/designs/Tensor/src/systolic_block.v:0$12298'.
No latch inferred for signal `$paramod\systolic_block\N=s32'00000000000000000000000000100000.\h_wires[305]' from process `$paramod\systolic_block\N=s32'00000000000000000000000000100000.$proc$/openlane/designs/Tensor/src/systolic_block.v:0$12298'.
No latch inferred for signal `$paramod\systolic_block\N=s32'00000000000000000000000000100000.\h_wires[306]' from process `$paramod\systolic_block\N=s32'00000000000000000000000000100000.$proc$/openlane/designs/Tensor/src/systolic_block.v:0$12298'.
No latch inferred for signal `$paramod\systolic_block\N=s32'00000000000000000000000000100000.\h_wires[307]' from process `$paramod\systolic_block\N=s32'00000000000000000000000000100000.$proc$/openlane/designs/Tensor/src/systolic_block.v:0$12298'.
No latch inferred for signal `$paramod\systolic_block\N=s32'00000000000000000000000000100000.\h_wires[308]' from process `$paramod\systolic_block\N=s32'00000000000000000000000000100000.$proc$/openlane/designs/Tensor/src/systolic_block.v:0$12298'.
No latch inferred for signal `$paramod\systolic_block\N=s32'00000000000000000000000000100000.\h_wires[309]' from process `$paramod\systolic_block\N=s32'00000000000000000000000000100000.$proc$/openlane/designs/Tensor/src/systolic_block.v:0$12298'.
No latch inferred for signal `$paramod\systolic_block\N=s32'00000000000000000000000000100000.\h_wires[310]' from process `$paramod\systolic_block\N=s32'00000000000000000000000000100000.$proc$/openlane/designs/Tensor/src/systolic_block.v:0$12298'.
No latch inferred for signal `$paramod\systolic_block\N=s32'00000000000000000000000000100000.\h_wires[311]' from process `$paramod\systolic_block\N=s32'00000000000000000000000000100000.$proc$/openlane/designs/Tensor/src/systolic_block.v:0$12298'.
No latch inferred for signal `$paramod\systolic_block\N=s32'00000000000000000000000000100000.\h_wires[312]' from process `$paramod\systolic_block\N=s32'00000000000000000000000000100000.$proc$/openlane/designs/Tensor/src/systolic_block.v:0$12298'.
No latch inferred for signal `$paramod\systolic_block\N=s32'00000000000000000000000000100000.\h_wires[313]' from process `$paramod\systolic_block\N=s32'00000000000000000000000000100000.$proc$/openlane/designs/Tensor/src/systolic_block.v:0$12298'.
No latch inferred for signal `$paramod\systolic_block\N=s32'00000000000000000000000000100000.\h_wires[314]' from process `$paramod\systolic_block\N=s32'00000000000000000000000000100000.$proc$/openlane/designs/Tensor/src/systolic_block.v:0$12298'.
No latch inferred for signal `$paramod\systolic_block\N=s32'00000000000000000000000000100000.\h_wires[315]' from process `$paramod\systolic_block\N=s32'00000000000000000000000000100000.$proc$/openlane/designs/Tensor/src/systolic_block.v:0$12298'.
No latch inferred for signal `$paramod\systolic_block\N=s32'00000000000000000000000000100000.\h_wires[316]' from process `$paramod\systolic_block\N=s32'00000000000000000000000000100000.$proc$/openlane/designs/Tensor/src/systolic_block.v:0$12298'.
No latch inferred for signal `$paramod\systolic_block\N=s32'00000000000000000000000000100000.\h_wires[317]' from process `$paramod\systolic_block\N=s32'00000000000000000000000000100000.$proc$/openlane/designs/Tensor/src/systolic_block.v:0$12298'.
No latch inferred for signal `$paramod\systolic_block\N=s32'00000000000000000000000000100000.\h_wires[318]' from process `$paramod\systolic_block\N=s32'00000000000000000000000000100000.$proc$/openlane/designs/Tensor/src/systolic_block.v:0$12298'.
No latch inferred for signal `$paramod\systolic_block\N=s32'00000000000000000000000000100000.\h_wires[319]' from process `$paramod\systolic_block\N=s32'00000000000000000000000000100000.$proc$/openlane/designs/Tensor/src/systolic_block.v:0$12298'.
No latch inferred for signal `$paramod\systolic_block\N=s32'00000000000000000000000000100000.\h_wires[320]' from process `$paramod\systolic_block\N=s32'00000000000000000000000000100000.$proc$/openlane/designs/Tensor/src/systolic_block.v:0$12298'.
No latch inferred for signal `$paramod\systolic_block\N=s32'00000000000000000000000000100000.\h_wires[321]' from process `$paramod\systolic_block\N=s32'00000000000000000000000000100000.$proc$/openlane/designs/Tensor/src/systolic_block.v:0$12298'.
No latch inferred for signal `$paramod\systolic_block\N=s32'00000000000000000000000000100000.\h_wires[322]' from process `$paramod\systolic_block\N=s32'00000000000000000000000000100000.$proc$/openlane/designs/Tensor/src/systolic_block.v:0$12298'.
No latch inferred for signal `$paramod\systolic_block\N=s32'00000000000000000000000000100000.\h_wires[323]' from process `$paramod\systolic_block\N=s32'00000000000000000000000000100000.$proc$/openlane/designs/Tensor/src/systolic_block.v:0$12298'.
No latch inferred for signal `$paramod\systolic_block\N=s32'00000000000000000000000000100000.\h_wires[324]' from process `$paramod\systolic_block\N=s32'00000000000000000000000000100000.$proc$/openlane/designs/Tensor/src/systolic_block.v:0$12298'.
No latch inferred for signal `$paramod\systolic_block\N=s32'00000000000000000000000000100000.\h_wires[325]' from process `$paramod\systolic_block\N=s32'00000000000000000000000000100000.$proc$/openlane/designs/Tensor/src/systolic_block.v:0$12298'.
No latch inferred for signal `$paramod\systolic_block\N=s32'00000000000000000000000000100000.\h_wires[326]' from process `$paramod\systolic_block\N=s32'00000000000000000000000000100000.$proc$/openlane/designs/Tensor/src/systolic_block.v:0$12298'.
No latch inferred for signal `$paramod\systolic_block\N=s32'00000000000000000000000000100000.\h_wires[327]' from process `$paramod\systolic_block\N=s32'00000000000000000000000000100000.$proc$/openlane/designs/Tensor/src/systolic_block.v:0$12298'.
No latch inferred for signal `$paramod\systolic_block\N=s32'00000000000000000000000000100000.\h_wires[328]' from process `$paramod\systolic_block\N=s32'00000000000000000000000000100000.$proc$/openlane/designs/Tensor/src/systolic_block.v:0$12298'.
No latch inferred for signal `$paramod\systolic_block\N=s32'00000000000000000000000000100000.\h_wires[329]' from process `$paramod\systolic_block\N=s32'00000000000000000000000000100000.$proc$/openlane/designs/Tensor/src/systolic_block.v:0$12298'.
No latch inferred for signal `$paramod\systolic_block\N=s32'00000000000000000000000000100000.\h_wires[330]' from process `$paramod\systolic_block\N=s32'00000000000000000000000000100000.$proc$/openlane/designs/Tensor/src/systolic_block.v:0$12298'.
No latch inferred for signal `$paramod\systolic_block\N=s32'00000000000000000000000000100000.\h_wires[331]' from process `$paramod\systolic_block\N=s32'00000000000000000000000000100000.$proc$/openlane/designs/Tensor/src/systolic_block.v:0$12298'.
No latch inferred for signal `$paramod\systolic_block\N=s32'00000000000000000000000000100000.\h_wires[332]' from process `$paramod\systolic_block\N=s32'00000000000000000000000000100000.$proc$/openlane/designs/Tensor/src/systolic_block.v:0$12298'.
No latch inferred for signal `$paramod\systolic_block\N=s32'00000000000000000000000000100000.\h_wires[333]' from process `$paramod\systolic_block\N=s32'00000000000000000000000000100000.$proc$/openlane/designs/Tensor/src/systolic_block.v:0$12298'.
No latch inferred for signal `$paramod\systolic_block\N=s32'00000000000000000000000000100000.\h_wires[334]' from process `$paramod\systolic_block\N=s32'00000000000000000000000000100000.$proc$/openlane/designs/Tensor/src/systolic_block.v:0$12298'.
No latch inferred for signal `$paramod\systolic_block\N=s32'00000000000000000000000000100000.\h_wires[335]' from process `$paramod\systolic_block\N=s32'00000000000000000000000000100000.$proc$/openlane/designs/Tensor/src/systolic_block.v:0$12298'.
No latch inferred for signal `$paramod\systolic_block\N=s32'00000000000000000000000000100000.\h_wires[336]' from process `$paramod\systolic_block\N=s32'00000000000000000000000000100000.$proc$/openlane/designs/Tensor/src/systolic_block.v:0$12298'.
No latch inferred for signal `$paramod\systolic_block\N=s32'00000000000000000000000000100000.\h_wires[337]' from process `$paramod\systolic_block\N=s32'00000000000000000000000000100000.$proc$/openlane/designs/Tensor/src/systolic_block.v:0$12298'.
No latch inferred for signal `$paramod\systolic_block\N=s32'00000000000000000000000000100000.\h_wires[338]' from process `$paramod\systolic_block\N=s32'00000000000000000000000000100000.$proc$/openlane/designs/Tensor/src/systolic_block.v:0$12298'.
No latch inferred for signal `$paramod\systolic_block\N=s32'00000000000000000000000000100000.\h_wires[339]' from process `$paramod\systolic_block\N=s32'00000000000000000000000000100000.$proc$/openlane/designs/Tensor/src/systolic_block.v:0$12298'.
No latch inferred for signal `$paramod\systolic_block\N=s32'00000000000000000000000000100000.\h_wires[340]' from process `$paramod\systolic_block\N=s32'00000000000000000000000000100000.$proc$/openlane/designs/Tensor/src/systolic_block.v:0$12298'.
No latch inferred for signal `$paramod\systolic_block\N=s32'00000000000000000000000000100000.\h_wires[341]' from process `$paramod\systolic_block\N=s32'00000000000000000000000000100000.$proc$/openlane/designs/Tensor/src/systolic_block.v:0$12298'.
No latch inferred for signal `$paramod\systolic_block\N=s32'00000000000000000000000000100000.\h_wires[342]' from process `$paramod\systolic_block\N=s32'00000000000000000000000000100000.$proc$/openlane/designs/Tensor/src/systolic_block.v:0$12298'.
No latch inferred for signal `$paramod\systolic_block\N=s32'00000000000000000000000000100000.\h_wires[343]' from process `$paramod\systolic_block\N=s32'00000000000000000000000000100000.$proc$/openlane/designs/Tensor/src/systolic_block.v:0$12298'.
No latch inferred for signal `$paramod\systolic_block\N=s32'00000000000000000000000000100000.\h_wires[344]' from process `$paramod\systolic_block\N=s32'00000000000000000000000000100000.$proc$/openlane/designs/Tensor/src/systolic_block.v:0$12298'.
No latch inferred for signal `$paramod\systolic_block\N=s32'00000000000000000000000000100000.\h_wires[345]' from process `$paramod\systolic_block\N=s32'00000000000000000000000000100000.$proc$/openlane/designs/Tensor/src/systolic_block.v:0$12298'.
No latch inferred for signal `$paramod\systolic_block\N=s32'00000000000000000000000000100000.\h_wires[346]' from process `$paramod\systolic_block\N=s32'00000000000000000000000000100000.$proc$/openlane/designs/Tensor/src/systolic_block.v:0$12298'.
No latch inferred for signal `$paramod\systolic_block\N=s32'00000000000000000000000000100000.\h_wires[347]' from process `$paramod\systolic_block\N=s32'00000000000000000000000000100000.$proc$/openlane/designs/Tensor/src/systolic_block.v:0$12298'.
No latch inferred for signal `$paramod\systolic_block\N=s32'00000000000000000000000000100000.\h_wires[348]' from process `$paramod\systolic_block\N=s32'00000000000000000000000000100000.$proc$/openlane/designs/Tensor/src/systolic_block.v:0$12298'.
No latch inferred for signal `$paramod\systolic_block\N=s32'00000000000000000000000000100000.\h_wires[349]' from process `$paramod\systolic_block\N=s32'00000000000000000000000000100000.$proc$/openlane/designs/Tensor/src/systolic_block.v:0$12298'.
No latch inferred for signal `$paramod\systolic_block\N=s32'00000000000000000000000000100000.\h_wires[350]' from process `$paramod\systolic_block\N=s32'00000000000000000000000000100000.$proc$/openlane/designs/Tensor/src/systolic_block.v:0$12298'.
No latch inferred for signal `$paramod\systolic_block\N=s32'00000000000000000000000000100000.\h_wires[351]' from process `$paramod\systolic_block\N=s32'00000000000000000000000000100000.$proc$/openlane/designs/Tensor/src/systolic_block.v:0$12298'.
No latch inferred for signal `$paramod\systolic_block\N=s32'00000000000000000000000000100000.\h_wires[352]' from process `$paramod\systolic_block\N=s32'00000000000000000000000000100000.$proc$/openlane/designs/Tensor/src/systolic_block.v:0$12298'.
No latch inferred for signal `$paramod\systolic_block\N=s32'00000000000000000000000000100000.\h_wires[353]' from process `$paramod\systolic_block\N=s32'00000000000000000000000000100000.$proc$/openlane/designs/Tensor/src/systolic_block.v:0$12298'.
No latch inferred for signal `$paramod\systolic_block\N=s32'00000000000000000000000000100000.\h_wires[354]' from process `$paramod\systolic_block\N=s32'00000000000000000000000000100000.$proc$/openlane/designs/Tensor/src/systolic_block.v:0$12298'.
No latch inferred for signal `$paramod\systolic_block\N=s32'00000000000000000000000000100000.\h_wires[355]' from process `$paramod\systolic_block\N=s32'00000000000000000000000000100000.$proc$/openlane/designs/Tensor/src/systolic_block.v:0$12298'.
No latch inferred for signal `$paramod\systolic_block\N=s32'00000000000000000000000000100000.\h_wires[356]' from process `$paramod\systolic_block\N=s32'00000000000000000000000000100000.$proc$/openlane/designs/Tensor/src/systolic_block.v:0$12298'.
No latch inferred for signal `$paramod\systolic_block\N=s32'00000000000000000000000000100000.\h_wires[357]' from process `$paramod\systolic_block\N=s32'00000000000000000000000000100000.$proc$/openlane/designs/Tensor/src/systolic_block.v:0$12298'.
No latch inferred for signal `$paramod\systolic_block\N=s32'00000000000000000000000000100000.\h_wires[358]' from process `$paramod\systolic_block\N=s32'00000000000000000000000000100000.$proc$/openlane/designs/Tensor/src/systolic_block.v:0$12298'.
No latch inferred for signal `$paramod\systolic_block\N=s32'00000000000000000000000000100000.\h_wires[359]' from process `$paramod\systolic_block\N=s32'00000000000000000000000000100000.$proc$/openlane/designs/Tensor/src/systolic_block.v:0$12298'.
No latch inferred for signal `$paramod\systolic_block\N=s32'00000000000000000000000000100000.\h_wires[360]' from process `$paramod\systolic_block\N=s32'00000000000000000000000000100000.$proc$/openlane/designs/Tensor/src/systolic_block.v:0$12298'.
No latch inferred for signal `$paramod\systolic_block\N=s32'00000000000000000000000000100000.\h_wires[361]' from process `$paramod\systolic_block\N=s32'00000000000000000000000000100000.$proc$/openlane/designs/Tensor/src/systolic_block.v:0$12298'.
No latch inferred for signal `$paramod\systolic_block\N=s32'00000000000000000000000000100000.\h_wires[362]' from process `$paramod\systolic_block\N=s32'00000000000000000000000000100000.$proc$/openlane/designs/Tensor/src/systolic_block.v:0$12298'.
No latch inferred for signal `$paramod\systolic_block\N=s32'00000000000000000000000000100000.\h_wires[363]' from process `$paramod\systolic_block\N=s32'00000000000000000000000000100000.$proc$/openlane/designs/Tensor/src/systolic_block.v:0$12298'.
No latch inferred for signal `$paramod\systolic_block\N=s32'00000000000000000000000000100000.\h_wires[364]' from process `$paramod\systolic_block\N=s32'00000000000000000000000000100000.$proc$/openlane/designs/Tensor/src/systolic_block.v:0$12298'.
No latch inferred for signal `$paramod\systolic_block\N=s32'00000000000000000000000000100000.\h_wires[365]' from process `$paramod\systolic_block\N=s32'00000000000000000000000000100000.$proc$/openlane/designs/Tensor/src/systolic_block.v:0$12298'.
No latch inferred for signal `$paramod\systolic_block\N=s32'00000000000000000000000000100000.\h_wires[366]' from process `$paramod\systolic_block\N=s32'00000000000000000000000000100000.$proc$/openlane/designs/Tensor/src/systolic_block.v:0$12298'.
No latch inferred for signal `$paramod\systolic_block\N=s32'00000000000000000000000000100000.\h_wires[367]' from process `$paramod\systolic_block\N=s32'00000000000000000000000000100000.$proc$/openlane/designs/Tensor/src/systolic_block.v:0$12298'.
No latch inferred for signal `$paramod\systolic_block\N=s32'00000000000000000000000000100000.\h_wires[368]' from process `$paramod\systolic_block\N=s32'00000000000000000000000000100000.$proc$/openlane/designs/Tensor/src/systolic_block.v:0$12298'.
No latch inferred for signal `$paramod\systolic_block\N=s32'00000000000000000000000000100000.\h_wires[369]' from process `$paramod\systolic_block\N=s32'00000000000000000000000000100000.$proc$/openlane/designs/Tensor/src/systolic_block.v:0$12298'.
No latch inferred for signal `$paramod\systolic_block\N=s32'00000000000000000000000000100000.\h_wires[370]' from process `$paramod\systolic_block\N=s32'00000000000000000000000000100000.$proc$/openlane/designs/Tensor/src/systolic_block.v:0$12298'.
No latch inferred for signal `$paramod\systolic_block\N=s32'00000000000000000000000000100000.\h_wires[371]' from process `$paramod\systolic_block\N=s32'00000000000000000000000000100000.$proc$/openlane/designs/Tensor/src/systolic_block.v:0$12298'.
No latch inferred for signal `$paramod\systolic_block\N=s32'00000000000000000000000000100000.\h_wires[372]' from process `$paramod\systolic_block\N=s32'00000000000000000000000000100000.$proc$/openlane/designs/Tensor/src/systolic_block.v:0$12298'.
No latch inferred for signal `$paramod\systolic_block\N=s32'00000000000000000000000000100000.\h_wires[373]' from process `$paramod\systolic_block\N=s32'00000000000000000000000000100000.$proc$/openlane/designs/Tensor/src/systolic_block.v:0$12298'.
No latch inferred for signal `$paramod\systolic_block\N=s32'00000000000000000000000000100000.\h_wires[374]' from process `$paramod\systolic_block\N=s32'00000000000000000000000000100000.$proc$/openlane/designs/Tensor/src/systolic_block.v:0$12298'.
No latch inferred for signal `$paramod\systolic_block\N=s32'00000000000000000000000000100000.\h_wires[375]' from process `$paramod\systolic_block\N=s32'00000000000000000000000000100000.$proc$/openlane/designs/Tensor/src/systolic_block.v:0$12298'.
No latch inferred for signal `$paramod\systolic_block\N=s32'00000000000000000000000000100000.\h_wires[376]' from process `$paramod\systolic_block\N=s32'00000000000000000000000000100000.$proc$/openlane/designs/Tensor/src/systolic_block.v:0$12298'.
No latch inferred for signal `$paramod\systolic_block\N=s32'00000000000000000000000000100000.\h_wires[377]' from process `$paramod\systolic_block\N=s32'00000000000000000000000000100000.$proc$/openlane/designs/Tensor/src/systolic_block.v:0$12298'.
No latch inferred for signal `$paramod\systolic_block\N=s32'00000000000000000000000000100000.\h_wires[378]' from process `$paramod\systolic_block\N=s32'00000000000000000000000000100000.$proc$/openlane/designs/Tensor/src/systolic_block.v:0$12298'.
No latch inferred for signal `$paramod\systolic_block\N=s32'00000000000000000000000000100000.\h_wires[379]' from process `$paramod\systolic_block\N=s32'00000000000000000000000000100000.$proc$/openlane/designs/Tensor/src/systolic_block.v:0$12298'.
No latch inferred for signal `$paramod\systolic_block\N=s32'00000000000000000000000000100000.\h_wires[380]' from process `$paramod\systolic_block\N=s32'00000000000000000000000000100000.$proc$/openlane/designs/Tensor/src/systolic_block.v:0$12298'.
No latch inferred for signal `$paramod\systolic_block\N=s32'00000000000000000000000000100000.\h_wires[381]' from process `$paramod\systolic_block\N=s32'00000000000000000000000000100000.$proc$/openlane/designs/Tensor/src/systolic_block.v:0$12298'.
No latch inferred for signal `$paramod\systolic_block\N=s32'00000000000000000000000000100000.\h_wires[382]' from process `$paramod\systolic_block\N=s32'00000000000000000000000000100000.$proc$/openlane/designs/Tensor/src/systolic_block.v:0$12298'.
No latch inferred for signal `$paramod\systolic_block\N=s32'00000000000000000000000000100000.\h_wires[383]' from process `$paramod\systolic_block\N=s32'00000000000000000000000000100000.$proc$/openlane/designs/Tensor/src/systolic_block.v:0$12298'.
No latch inferred for signal `$paramod\systolic_block\N=s32'00000000000000000000000000100000.\h_wires[384]' from process `$paramod\systolic_block\N=s32'00000000000000000000000000100000.$proc$/openlane/designs/Tensor/src/systolic_block.v:0$12298'.
No latch inferred for signal `$paramod\systolic_block\N=s32'00000000000000000000000000100000.\h_wires[385]' from process `$paramod\systolic_block\N=s32'00000000000000000000000000100000.$proc$/openlane/designs/Tensor/src/systolic_block.v:0$12298'.
No latch inferred for signal `$paramod\systolic_block\N=s32'00000000000000000000000000100000.\h_wires[386]' from process `$paramod\systolic_block\N=s32'00000000000000000000000000100000.$proc$/openlane/designs/Tensor/src/systolic_block.v:0$12298'.
No latch inferred for signal `$paramod\systolic_block\N=s32'00000000000000000000000000100000.\h_wires[387]' from process `$paramod\systolic_block\N=s32'00000000000000000000000000100000.$proc$/openlane/designs/Tensor/src/systolic_block.v:0$12298'.
No latch inferred for signal `$paramod\systolic_block\N=s32'00000000000000000000000000100000.\h_wires[388]' from process `$paramod\systolic_block\N=s32'00000000000000000000000000100000.$proc$/openlane/designs/Tensor/src/systolic_block.v:0$12298'.
No latch inferred for signal `$paramod\systolic_block\N=s32'00000000000000000000000000100000.\h_wires[389]' from process `$paramod\systolic_block\N=s32'00000000000000000000000000100000.$proc$/openlane/designs/Tensor/src/systolic_block.v:0$12298'.
No latch inferred for signal `$paramod\systolic_block\N=s32'00000000000000000000000000100000.\h_wires[390]' from process `$paramod\systolic_block\N=s32'00000000000000000000000000100000.$proc$/openlane/designs/Tensor/src/systolic_block.v:0$12298'.
No latch inferred for signal `$paramod\systolic_block\N=s32'00000000000000000000000000100000.\h_wires[391]' from process `$paramod\systolic_block\N=s32'00000000000000000000000000100000.$proc$/openlane/designs/Tensor/src/systolic_block.v:0$12298'.
No latch inferred for signal `$paramod\systolic_block\N=s32'00000000000000000000000000100000.\h_wires[392]' from process `$paramod\systolic_block\N=s32'00000000000000000000000000100000.$proc$/openlane/designs/Tensor/src/systolic_block.v:0$12298'.
No latch inferred for signal `$paramod\systolic_block\N=s32'00000000000000000000000000100000.\h_wires[393]' from process `$paramod\systolic_block\N=s32'00000000000000000000000000100000.$proc$/openlane/designs/Tensor/src/systolic_block.v:0$12298'.
No latch inferred for signal `$paramod\systolic_block\N=s32'00000000000000000000000000100000.\h_wires[394]' from process `$paramod\systolic_block\N=s32'00000000000000000000000000100000.$proc$/openlane/designs/Tensor/src/systolic_block.v:0$12298'.
No latch inferred for signal `$paramod\systolic_block\N=s32'00000000000000000000000000100000.\h_wires[395]' from process `$paramod\systolic_block\N=s32'00000000000000000000000000100000.$proc$/openlane/designs/Tensor/src/systolic_block.v:0$12298'.
No latch inferred for signal `$paramod\systolic_block\N=s32'00000000000000000000000000100000.\h_wires[396]' from process `$paramod\systolic_block\N=s32'00000000000000000000000000100000.$proc$/openlane/designs/Tensor/src/systolic_block.v:0$12298'.
No latch inferred for signal `$paramod\systolic_block\N=s32'00000000000000000000000000100000.\h_wires[397]' from process `$paramod\systolic_block\N=s32'00000000000000000000000000100000.$proc$/openlane/designs/Tensor/src/systolic_block.v:0$12298'.
No latch inferred for signal `$paramod\systolic_block\N=s32'00000000000000000000000000100000.\h_wires[398]' from process `$paramod\systolic_block\N=s32'00000000000000000000000000100000.$proc$/openlane/designs/Tensor/src/systolic_block.v:0$12298'.
No latch inferred for signal `$paramod\systolic_block\N=s32'00000000000000000000000000100000.\h_wires[399]' from process `$paramod\systolic_block\N=s32'00000000000000000000000000100000.$proc$/openlane/designs/Tensor/src/systolic_block.v:0$12298'.
No latch inferred for signal `$paramod\systolic_block\N=s32'00000000000000000000000000100000.\h_wires[400]' from process `$paramod\systolic_block\N=s32'00000000000000000000000000100000.$proc$/openlane/designs/Tensor/src/systolic_block.v:0$12298'.
No latch inferred for signal `$paramod\systolic_block\N=s32'00000000000000000000000000100000.\h_wires[401]' from process `$paramod\systolic_block\N=s32'00000000000000000000000000100000.$proc$/openlane/designs/Tensor/src/systolic_block.v:0$12298'.
No latch inferred for signal `$paramod\systolic_block\N=s32'00000000000000000000000000100000.\h_wires[402]' from process `$paramod\systolic_block\N=s32'00000000000000000000000000100000.$proc$/openlane/designs/Tensor/src/systolic_block.v:0$12298'.
No latch inferred for signal `$paramod\systolic_block\N=s32'00000000000000000000000000100000.\h_wires[403]' from process `$paramod\systolic_block\N=s32'00000000000000000000000000100000.$proc$/openlane/designs/Tensor/src/systolic_block.v:0$12298'.
No latch inferred for signal `$paramod\systolic_block\N=s32'00000000000000000000000000100000.\h_wires[404]' from process `$paramod\systolic_block\N=s32'00000000000000000000000000100000.$proc$/openlane/designs/Tensor/src/systolic_block.v:0$12298'.
No latch inferred for signal `$paramod\systolic_block\N=s32'00000000000000000000000000100000.\h_wires[405]' from process `$paramod\systolic_block\N=s32'00000000000000000000000000100000.$proc$/openlane/designs/Tensor/src/systolic_block.v:0$12298'.
No latch inferred for signal `$paramod\systolic_block\N=s32'00000000000000000000000000100000.\h_wires[406]' from process `$paramod\systolic_block\N=s32'00000000000000000000000000100000.$proc$/openlane/designs/Tensor/src/systolic_block.v:0$12298'.
No latch inferred for signal `$paramod\systolic_block\N=s32'00000000000000000000000000100000.\h_wires[407]' from process `$paramod\systolic_block\N=s32'00000000000000000000000000100000.$proc$/openlane/designs/Tensor/src/systolic_block.v:0$12298'.
No latch inferred for signal `$paramod\systolic_block\N=s32'00000000000000000000000000100000.\h_wires[408]' from process `$paramod\systolic_block\N=s32'00000000000000000000000000100000.$proc$/openlane/designs/Tensor/src/systolic_block.v:0$12298'.
No latch inferred for signal `$paramod\systolic_block\N=s32'00000000000000000000000000100000.\h_wires[409]' from process `$paramod\systolic_block\N=s32'00000000000000000000000000100000.$proc$/openlane/designs/Tensor/src/systolic_block.v:0$12298'.
No latch inferred for signal `$paramod\systolic_block\N=s32'00000000000000000000000000100000.\h_wires[410]' from process `$paramod\systolic_block\N=s32'00000000000000000000000000100000.$proc$/openlane/designs/Tensor/src/systolic_block.v:0$12298'.
No latch inferred for signal `$paramod\systolic_block\N=s32'00000000000000000000000000100000.\h_wires[411]' from process `$paramod\systolic_block\N=s32'00000000000000000000000000100000.$proc$/openlane/designs/Tensor/src/systolic_block.v:0$12298'.
No latch inferred for signal `$paramod\systolic_block\N=s32'00000000000000000000000000100000.\h_wires[412]' from process `$paramod\systolic_block\N=s32'00000000000000000000000000100000.$proc$/openlane/designs/Tensor/src/systolic_block.v:0$12298'.
No latch inferred for signal `$paramod\systolic_block\N=s32'00000000000000000000000000100000.\h_wires[413]' from process `$paramod\systolic_block\N=s32'00000000000000000000000000100000.$proc$/openlane/designs/Tensor/src/systolic_block.v:0$12298'.
No latch inferred for signal `$paramod\systolic_block\N=s32'00000000000000000000000000100000.\h_wires[414]' from process `$paramod\systolic_block\N=s32'00000000000000000000000000100000.$proc$/openlane/designs/Tensor/src/systolic_block.v:0$12298'.
No latch inferred for signal `$paramod\systolic_block\N=s32'00000000000000000000000000100000.\h_wires[415]' from process `$paramod\systolic_block\N=s32'00000000000000000000000000100000.$proc$/openlane/designs/Tensor/src/systolic_block.v:0$12298'.
No latch inferred for signal `$paramod\systolic_block\N=s32'00000000000000000000000000100000.\h_wires[416]' from process `$paramod\systolic_block\N=s32'00000000000000000000000000100000.$proc$/openlane/designs/Tensor/src/systolic_block.v:0$12298'.
No latch inferred for signal `$paramod\systolic_block\N=s32'00000000000000000000000000100000.\h_wires[417]' from process `$paramod\systolic_block\N=s32'00000000000000000000000000100000.$proc$/openlane/designs/Tensor/src/systolic_block.v:0$12298'.
No latch inferred for signal `$paramod\systolic_block\N=s32'00000000000000000000000000100000.\h_wires[418]' from process `$paramod\systolic_block\N=s32'00000000000000000000000000100000.$proc$/openlane/designs/Tensor/src/systolic_block.v:0$12298'.
No latch inferred for signal `$paramod\systolic_block\N=s32'00000000000000000000000000100000.\h_wires[419]' from process `$paramod\systolic_block\N=s32'00000000000000000000000000100000.$proc$/openlane/designs/Tensor/src/systolic_block.v:0$12298'.
No latch inferred for signal `$paramod\systolic_block\N=s32'00000000000000000000000000100000.\h_wires[420]' from process `$paramod\systolic_block\N=s32'00000000000000000000000000100000.$proc$/openlane/designs/Tensor/src/systolic_block.v:0$12298'.
No latch inferred for signal `$paramod\systolic_block\N=s32'00000000000000000000000000100000.\h_wires[421]' from process `$paramod\systolic_block\N=s32'00000000000000000000000000100000.$proc$/openlane/designs/Tensor/src/systolic_block.v:0$12298'.
No latch inferred for signal `$paramod\systolic_block\N=s32'00000000000000000000000000100000.\h_wires[422]' from process `$paramod\systolic_block\N=s32'00000000000000000000000000100000.$proc$/openlane/designs/Tensor/src/systolic_block.v:0$12298'.
No latch inferred for signal `$paramod\systolic_block\N=s32'00000000000000000000000000100000.\h_wires[423]' from process `$paramod\systolic_block\N=s32'00000000000000000000000000100000.$proc$/openlane/designs/Tensor/src/systolic_block.v:0$12298'.
No latch inferred for signal `$paramod\systolic_block\N=s32'00000000000000000000000000100000.\h_wires[424]' from process `$paramod\systolic_block\N=s32'00000000000000000000000000100000.$proc$/openlane/designs/Tensor/src/systolic_block.v:0$12298'.
No latch inferred for signal `$paramod\systolic_block\N=s32'00000000000000000000000000100000.\h_wires[425]' from process `$paramod\systolic_block\N=s32'00000000000000000000000000100000.$proc$/openlane/designs/Tensor/src/systolic_block.v:0$12298'.
No latch inferred for signal `$paramod\systolic_block\N=s32'00000000000000000000000000100000.\h_wires[426]' from process `$paramod\systolic_block\N=s32'00000000000000000000000000100000.$proc$/openlane/designs/Tensor/src/systolic_block.v:0$12298'.
No latch inferred for signal `$paramod\systolic_block\N=s32'00000000000000000000000000100000.\h_wires[427]' from process `$paramod\systolic_block\N=s32'00000000000000000000000000100000.$proc$/openlane/designs/Tensor/src/systolic_block.v:0$12298'.
No latch inferred for signal `$paramod\systolic_block\N=s32'00000000000000000000000000100000.\h_wires[428]' from process `$paramod\systolic_block\N=s32'00000000000000000000000000100000.$proc$/openlane/designs/Tensor/src/systolic_block.v:0$12298'.
No latch inferred for signal `$paramod\systolic_block\N=s32'00000000000000000000000000100000.\h_wires[429]' from process `$paramod\systolic_block\N=s32'00000000000000000000000000100000.$proc$/openlane/designs/Tensor/src/systolic_block.v:0$12298'.
No latch inferred for signal `$paramod\systolic_block\N=s32'00000000000000000000000000100000.\h_wires[430]' from process `$paramod\systolic_block\N=s32'00000000000000000000000000100000.$proc$/openlane/designs/Tensor/src/systolic_block.v:0$12298'.
No latch inferred for signal `$paramod\systolic_block\N=s32'00000000000000000000000000100000.\h_wires[431]' from process `$paramod\systolic_block\N=s32'00000000000000000000000000100000.$proc$/openlane/designs/Tensor/src/systolic_block.v:0$12298'.
No latch inferred for signal `$paramod\systolic_block\N=s32'00000000000000000000000000100000.\h_wires[432]' from process `$paramod\systolic_block\N=s32'00000000000000000000000000100000.$proc$/openlane/designs/Tensor/src/systolic_block.v:0$12298'.
No latch inferred for signal `$paramod\systolic_block\N=s32'00000000000000000000000000100000.\h_wires[433]' from process `$paramod\systolic_block\N=s32'00000000000000000000000000100000.$proc$/openlane/designs/Tensor/src/systolic_block.v:0$12298'.
No latch inferred for signal `$paramod\systolic_block\N=s32'00000000000000000000000000100000.\h_wires[434]' from process `$paramod\systolic_block\N=s32'00000000000000000000000000100000.$proc$/openlane/designs/Tensor/src/systolic_block.v:0$12298'.
No latch inferred for signal `$paramod\systolic_block\N=s32'00000000000000000000000000100000.\h_wires[435]' from process `$paramod\systolic_block\N=s32'00000000000000000000000000100000.$proc$/openlane/designs/Tensor/src/systolic_block.v:0$12298'.
No latch inferred for signal `$paramod\systolic_block\N=s32'00000000000000000000000000100000.\h_wires[436]' from process `$paramod\systolic_block\N=s32'00000000000000000000000000100000.$proc$/openlane/designs/Tensor/src/systolic_block.v:0$12298'.
No latch inferred for signal `$paramod\systolic_block\N=s32'00000000000000000000000000100000.\h_wires[437]' from process `$paramod\systolic_block\N=s32'00000000000000000000000000100000.$proc$/openlane/designs/Tensor/src/systolic_block.v:0$12298'.
No latch inferred for signal `$paramod\systolic_block\N=s32'00000000000000000000000000100000.\h_wires[438]' from process `$paramod\systolic_block\N=s32'00000000000000000000000000100000.$proc$/openlane/designs/Tensor/src/systolic_block.v:0$12298'.
No latch inferred for signal `$paramod\systolic_block\N=s32'00000000000000000000000000100000.\h_wires[439]' from process `$paramod\systolic_block\N=s32'00000000000000000000000000100000.$proc$/openlane/designs/Tensor/src/systolic_block.v:0$12298'.
No latch inferred for signal `$paramod\systolic_block\N=s32'00000000000000000000000000100000.\h_wires[440]' from process `$paramod\systolic_block\N=s32'00000000000000000000000000100000.$proc$/openlane/designs/Tensor/src/systolic_block.v:0$12298'.
No latch inferred for signal `$paramod\systolic_block\N=s32'00000000000000000000000000100000.\h_wires[441]' from process `$paramod\systolic_block\N=s32'00000000000000000000000000100000.$proc$/openlane/designs/Tensor/src/systolic_block.v:0$12298'.
No latch inferred for signal `$paramod\systolic_block\N=s32'00000000000000000000000000100000.\h_wires[442]' from process `$paramod\systolic_block\N=s32'00000000000000000000000000100000.$proc$/openlane/designs/Tensor/src/systolic_block.v:0$12298'.
No latch inferred for signal `$paramod\systolic_block\N=s32'00000000000000000000000000100000.\h_wires[443]' from process `$paramod\systolic_block\N=s32'00000000000000000000000000100000.$proc$/openlane/designs/Tensor/src/systolic_block.v:0$12298'.
No latch inferred for signal `$paramod\systolic_block\N=s32'00000000000000000000000000100000.\h_wires[444]' from process `$paramod\systolic_block\N=s32'00000000000000000000000000100000.$proc$/openlane/designs/Tensor/src/systolic_block.v:0$12298'.
No latch inferred for signal `$paramod\systolic_block\N=s32'00000000000000000000000000100000.\h_wires[445]' from process `$paramod\systolic_block\N=s32'00000000000000000000000000100000.$proc$/openlane/designs/Tensor/src/systolic_block.v:0$12298'.
No latch inferred for signal `$paramod\systolic_block\N=s32'00000000000000000000000000100000.\h_wires[446]' from process `$paramod\systolic_block\N=s32'00000000000000000000000000100000.$proc$/openlane/designs/Tensor/src/systolic_block.v:0$12298'.
No latch inferred for signal `$paramod\systolic_block\N=s32'00000000000000000000000000100000.\h_wires[447]' from process `$paramod\systolic_block\N=s32'00000000000000000000000000100000.$proc$/openlane/designs/Tensor/src/systolic_block.v:0$12298'.
No latch inferred for signal `$paramod\systolic_block\N=s32'00000000000000000000000000100000.\h_wires[448]' from process `$paramod\systolic_block\N=s32'00000000000000000000000000100000.$proc$/openlane/designs/Tensor/src/systolic_block.v:0$12298'.
No latch inferred for signal `$paramod\systolic_block\N=s32'00000000000000000000000000100000.\h_wires[449]' from process `$paramod\systolic_block\N=s32'00000000000000000000000000100000.$proc$/openlane/designs/Tensor/src/systolic_block.v:0$12298'.
No latch inferred for signal `$paramod\systolic_block\N=s32'00000000000000000000000000100000.\h_wires[450]' from process `$paramod\systolic_block\N=s32'00000000000000000000000000100000.$proc$/openlane/designs/Tensor/src/systolic_block.v:0$12298'.
No latch inferred for signal `$paramod\systolic_block\N=s32'00000000000000000000000000100000.\h_wires[451]' from process `$paramod\systolic_block\N=s32'00000000000000000000000000100000.$proc$/openlane/designs/Tensor/src/systolic_block.v:0$12298'.
No latch inferred for signal `$paramod\systolic_block\N=s32'00000000000000000000000000100000.\h_wires[452]' from process `$paramod\systolic_block\N=s32'00000000000000000000000000100000.$proc$/openlane/designs/Tensor/src/systolic_block.v:0$12298'.
No latch inferred for signal `$paramod\systolic_block\N=s32'00000000000000000000000000100000.\h_wires[453]' from process `$paramod\systolic_block\N=s32'00000000000000000000000000100000.$proc$/openlane/designs/Tensor/src/systolic_block.v:0$12298'.
No latch inferred for signal `$paramod\systolic_block\N=s32'00000000000000000000000000100000.\h_wires[454]' from process `$paramod\systolic_block\N=s32'00000000000000000000000000100000.$proc$/openlane/designs/Tensor/src/systolic_block.v:0$12298'.
No latch inferred for signal `$paramod\systolic_block\N=s32'00000000000000000000000000100000.\h_wires[455]' from process `$paramod\systolic_block\N=s32'00000000000000000000000000100000.$proc$/openlane/designs/Tensor/src/systolic_block.v:0$12298'.
No latch inferred for signal `$paramod\systolic_block\N=s32'00000000000000000000000000100000.\h_wires[456]' from process `$paramod\systolic_block\N=s32'00000000000000000000000000100000.$proc$/openlane/designs/Tensor/src/systolic_block.v:0$12298'.
No latch inferred for signal `$paramod\systolic_block\N=s32'00000000000000000000000000100000.\h_wires[457]' from process `$paramod\systolic_block\N=s32'00000000000000000000000000100000.$proc$/openlane/designs/Tensor/src/systolic_block.v:0$12298'.
No latch inferred for signal `$paramod\systolic_block\N=s32'00000000000000000000000000100000.\h_wires[458]' from process `$paramod\systolic_block\N=s32'00000000000000000000000000100000.$proc$/openlane/designs/Tensor/src/systolic_block.v:0$12298'.
No latch inferred for signal `$paramod\systolic_block\N=s32'00000000000000000000000000100000.\h_wires[459]' from process `$paramod\systolic_block\N=s32'00000000000000000000000000100000.$proc$/openlane/designs/Tensor/src/systolic_block.v:0$12298'.
No latch inferred for signal `$paramod\systolic_block\N=s32'00000000000000000000000000100000.\h_wires[460]' from process `$paramod\systolic_block\N=s32'00000000000000000000000000100000.$proc$/openlane/designs/Tensor/src/systolic_block.v:0$12298'.
No latch inferred for signal `$paramod\systolic_block\N=s32'00000000000000000000000000100000.\h_wires[461]' from process `$paramod\systolic_block\N=s32'00000000000000000000000000100000.$proc$/openlane/designs/Tensor/src/systolic_block.v:0$12298'.
No latch inferred for signal `$paramod\systolic_block\N=s32'00000000000000000000000000100000.\h_wires[462]' from process `$paramod\systolic_block\N=s32'00000000000000000000000000100000.$proc$/openlane/designs/Tensor/src/systolic_block.v:0$12298'.
No latch inferred for signal `$paramod\systolic_block\N=s32'00000000000000000000000000100000.\h_wires[463]' from process `$paramod\systolic_block\N=s32'00000000000000000000000000100000.$proc$/openlane/designs/Tensor/src/systolic_block.v:0$12298'.
No latch inferred for signal `$paramod\systolic_block\N=s32'00000000000000000000000000100000.\h_wires[464]' from process `$paramod\systolic_block\N=s32'00000000000000000000000000100000.$proc$/openlane/designs/Tensor/src/systolic_block.v:0$12298'.
No latch inferred for signal `$paramod\systolic_block\N=s32'00000000000000000000000000100000.\h_wires[465]' from process `$paramod\systolic_block\N=s32'00000000000000000000000000100000.$proc$/openlane/designs/Tensor/src/systolic_block.v:0$12298'.
No latch inferred for signal `$paramod\systolic_block\N=s32'00000000000000000000000000100000.\h_wires[466]' from process `$paramod\systolic_block\N=s32'00000000000000000000000000100000.$proc$/openlane/designs/Tensor/src/systolic_block.v:0$12298'.
No latch inferred for signal `$paramod\systolic_block\N=s32'00000000000000000000000000100000.\h_wires[467]' from process `$paramod\systolic_block\N=s32'00000000000000000000000000100000.$proc$/openlane/designs/Tensor/src/systolic_block.v:0$12298'.
No latch inferred for signal `$paramod\systolic_block\N=s32'00000000000000000000000000100000.\h_wires[468]' from process `$paramod\systolic_block\N=s32'00000000000000000000000000100000.$proc$/openlane/designs/Tensor/src/systolic_block.v:0$12298'.
No latch inferred for signal `$paramod\systolic_block\N=s32'00000000000000000000000000100000.\h_wires[469]' from process `$paramod\systolic_block\N=s32'00000000000000000000000000100000.$proc$/openlane/designs/Tensor/src/systolic_block.v:0$12298'.
No latch inferred for signal `$paramod\systolic_block\N=s32'00000000000000000000000000100000.\h_wires[470]' from process `$paramod\systolic_block\N=s32'00000000000000000000000000100000.$proc$/openlane/designs/Tensor/src/systolic_block.v:0$12298'.
No latch inferred for signal `$paramod\systolic_block\N=s32'00000000000000000000000000100000.\h_wires[471]' from process `$paramod\systolic_block\N=s32'00000000000000000000000000100000.$proc$/openlane/designs/Tensor/src/systolic_block.v:0$12298'.
No latch inferred for signal `$paramod\systolic_block\N=s32'00000000000000000000000000100000.\h_wires[472]' from process `$paramod\systolic_block\N=s32'00000000000000000000000000100000.$proc$/openlane/designs/Tensor/src/systolic_block.v:0$12298'.
No latch inferred for signal `$paramod\systolic_block\N=s32'00000000000000000000000000100000.\h_wires[473]' from process `$paramod\systolic_block\N=s32'00000000000000000000000000100000.$proc$/openlane/designs/Tensor/src/systolic_block.v:0$12298'.
No latch inferred for signal `$paramod\systolic_block\N=s32'00000000000000000000000000100000.\h_wires[474]' from process `$paramod\systolic_block\N=s32'00000000000000000000000000100000.$proc$/openlane/designs/Tensor/src/systolic_block.v:0$12298'.
No latch inferred for signal `$paramod\systolic_block\N=s32'00000000000000000000000000100000.\h_wires[475]' from process `$paramod\systolic_block\N=s32'00000000000000000000000000100000.$proc$/openlane/designs/Tensor/src/systolic_block.v:0$12298'.
No latch inferred for signal `$paramod\systolic_block\N=s32'00000000000000000000000000100000.\h_wires[476]' from process `$paramod\systolic_block\N=s32'00000000000000000000000000100000.$proc$/openlane/designs/Tensor/src/systolic_block.v:0$12298'.
No latch inferred for signal `$paramod\systolic_block\N=s32'00000000000000000000000000100000.\h_wires[477]' from process `$paramod\systolic_block\N=s32'00000000000000000000000000100000.$proc$/openlane/designs/Tensor/src/systolic_block.v:0$12298'.
No latch inferred for signal `$paramod\systolic_block\N=s32'00000000000000000000000000100000.\h_wires[478]' from process `$paramod\systolic_block\N=s32'00000000000000000000000000100000.$proc$/openlane/designs/Tensor/src/systolic_block.v:0$12298'.
No latch inferred for signal `$paramod\systolic_block\N=s32'00000000000000000000000000100000.\h_wires[479]' from process `$paramod\systolic_block\N=s32'00000000000000000000000000100000.$proc$/openlane/designs/Tensor/src/systolic_block.v:0$12298'.
No latch inferred for signal `$paramod\systolic_block\N=s32'00000000000000000000000000100000.\h_wires[480]' from process `$paramod\systolic_block\N=s32'00000000000000000000000000100000.$proc$/openlane/designs/Tensor/src/systolic_block.v:0$12298'.
No latch inferred for signal `$paramod\systolic_block\N=s32'00000000000000000000000000100000.\h_wires[481]' from process `$paramod\systolic_block\N=s32'00000000000000000000000000100000.$proc$/openlane/designs/Tensor/src/systolic_block.v:0$12298'.
No latch inferred for signal `$paramod\systolic_block\N=s32'00000000000000000000000000100000.\h_wires[482]' from process `$paramod\systolic_block\N=s32'00000000000000000000000000100000.$proc$/openlane/designs/Tensor/src/systolic_block.v:0$12298'.
No latch inferred for signal `$paramod\systolic_block\N=s32'00000000000000000000000000100000.\h_wires[483]' from process `$paramod\systolic_block\N=s32'00000000000000000000000000100000.$proc$/openlane/designs/Tensor/src/systolic_block.v:0$12298'.
No latch inferred for signal `$paramod\systolic_block\N=s32'00000000000000000000000000100000.\h_wires[484]' from process `$paramod\systolic_block\N=s32'00000000000000000000000000100000.$proc$/openlane/designs/Tensor/src/systolic_block.v:0$12298'.
No latch inferred for signal `$paramod\systolic_block\N=s32'00000000000000000000000000100000.\h_wires[485]' from process `$paramod\systolic_block\N=s32'00000000000000000000000000100000.$proc$/openlane/designs/Tensor/src/systolic_block.v:0$12298'.
No latch inferred for signal `$paramod\systolic_block\N=s32'00000000000000000000000000100000.\h_wires[486]' from process `$paramod\systolic_block\N=s32'00000000000000000000000000100000.$proc$/openlane/designs/Tensor/src/systolic_block.v:0$12298'.
No latch inferred for signal `$paramod\systolic_block\N=s32'00000000000000000000000000100000.\h_wires[487]' from process `$paramod\systolic_block\N=s32'00000000000000000000000000100000.$proc$/openlane/designs/Tensor/src/systolic_block.v:0$12298'.
No latch inferred for signal `$paramod\systolic_block\N=s32'00000000000000000000000000100000.\h_wires[488]' from process `$paramod\systolic_block\N=s32'00000000000000000000000000100000.$proc$/openlane/designs/Tensor/src/systolic_block.v:0$12298'.
No latch inferred for signal `$paramod\systolic_block\N=s32'00000000000000000000000000100000.\h_wires[489]' from process `$paramod\systolic_block\N=s32'00000000000000000000000000100000.$proc$/openlane/designs/Tensor/src/systolic_block.v:0$12298'.
No latch inferred for signal `$paramod\systolic_block\N=s32'00000000000000000000000000100000.\h_wires[490]' from process `$paramod\systolic_block\N=s32'00000000000000000000000000100000.$proc$/openlane/designs/Tensor/src/systolic_block.v:0$12298'.
No latch inferred for signal `$paramod\systolic_block\N=s32'00000000000000000000000000100000.\h_wires[491]' from process `$paramod\systolic_block\N=s32'00000000000000000000000000100000.$proc$/openlane/designs/Tensor/src/systolic_block.v:0$12298'.
No latch inferred for signal `$paramod\systolic_block\N=s32'00000000000000000000000000100000.\h_wires[492]' from process `$paramod\systolic_block\N=s32'00000000000000000000000000100000.$proc$/openlane/designs/Tensor/src/systolic_block.v:0$12298'.
No latch inferred for signal `$paramod\systolic_block\N=s32'00000000000000000000000000100000.\h_wires[493]' from process `$paramod\systolic_block\N=s32'00000000000000000000000000100000.$proc$/openlane/designs/Tensor/src/systolic_block.v:0$12298'.
No latch inferred for signal `$paramod\systolic_block\N=s32'00000000000000000000000000100000.\h_wires[494]' from process `$paramod\systolic_block\N=s32'00000000000000000000000000100000.$proc$/openlane/designs/Tensor/src/systolic_block.v:0$12298'.
No latch inferred for signal `$paramod\systolic_block\N=s32'00000000000000000000000000100000.\h_wires[495]' from process `$paramod\systolic_block\N=s32'00000000000000000000000000100000.$proc$/openlane/designs/Tensor/src/systolic_block.v:0$12298'.
No latch inferred for signal `$paramod\systolic_block\N=s32'00000000000000000000000000100000.\h_wires[496]' from process `$paramod\systolic_block\N=s32'00000000000000000000000000100000.$proc$/openlane/designs/Tensor/src/systolic_block.v:0$12298'.
No latch inferred for signal `$paramod\systolic_block\N=s32'00000000000000000000000000100000.\h_wires[497]' from process `$paramod\systolic_block\N=s32'00000000000000000000000000100000.$proc$/openlane/designs/Tensor/src/systolic_block.v:0$12298'.
No latch inferred for signal `$paramod\systolic_block\N=s32'00000000000000000000000000100000.\h_wires[498]' from process `$paramod\systolic_block\N=s32'00000000000000000000000000100000.$proc$/openlane/designs/Tensor/src/systolic_block.v:0$12298'.
No latch inferred for signal `$paramod\systolic_block\N=s32'00000000000000000000000000100000.\h_wires[499]' from process `$paramod\systolic_block\N=s32'00000000000000000000000000100000.$proc$/openlane/designs/Tensor/src/systolic_block.v:0$12298'.
No latch inferred for signal `$paramod\systolic_block\N=s32'00000000000000000000000000100000.\h_wires[500]' from process `$paramod\systolic_block\N=s32'00000000000000000000000000100000.$proc$/openlane/designs/Tensor/src/systolic_block.v:0$12298'.
No latch inferred for signal `$paramod\systolic_block\N=s32'00000000000000000000000000100000.\h_wires[501]' from process `$paramod\systolic_block\N=s32'00000000000000000000000000100000.$proc$/openlane/designs/Tensor/src/systolic_block.v:0$12298'.
No latch inferred for signal `$paramod\systolic_block\N=s32'00000000000000000000000000100000.\h_wires[502]' from process `$paramod\systolic_block\N=s32'00000000000000000000000000100000.$proc$/openlane/designs/Tensor/src/systolic_block.v:0$12298'.
No latch inferred for signal `$paramod\systolic_block\N=s32'00000000000000000000000000100000.\h_wires[503]' from process `$paramod\systolic_block\N=s32'00000000000000000000000000100000.$proc$/openlane/designs/Tensor/src/systolic_block.v:0$12298'.
No latch inferred for signal `$paramod\systolic_block\N=s32'00000000000000000000000000100000.\h_wires[504]' from process `$paramod\systolic_block\N=s32'00000000000000000000000000100000.$proc$/openlane/designs/Tensor/src/systolic_block.v:0$12298'.
No latch inferred for signal `$paramod\systolic_block\N=s32'00000000000000000000000000100000.\h_wires[505]' from process `$paramod\systolic_block\N=s32'00000000000000000000000000100000.$proc$/openlane/designs/Tensor/src/systolic_block.v:0$12298'.
No latch inferred for signal `$paramod\systolic_block\N=s32'00000000000000000000000000100000.\h_wires[506]' from process `$paramod\systolic_block\N=s32'00000000000000000000000000100000.$proc$/openlane/designs/Tensor/src/systolic_block.v:0$12298'.
No latch inferred for signal `$paramod\systolic_block\N=s32'00000000000000000000000000100000.\h_wires[507]' from process `$paramod\systolic_block\N=s32'00000000000000000000000000100000.$proc$/openlane/designs/Tensor/src/systolic_block.v:0$12298'.
No latch inferred for signal `$paramod\systolic_block\N=s32'00000000000000000000000000100000.\h_wires[508]' from process `$paramod\systolic_block\N=s32'00000000000000000000000000100000.$proc$/openlane/designs/Tensor/src/systolic_block.v:0$12298'.
No latch inferred for signal `$paramod\systolic_block\N=s32'00000000000000000000000000100000.\h_wires[509]' from process `$paramod\systolic_block\N=s32'00000000000000000000000000100000.$proc$/openlane/designs/Tensor/src/systolic_block.v:0$12298'.
No latch inferred for signal `$paramod\systolic_block\N=s32'00000000000000000000000000100000.\h_wires[510]' from process `$paramod\systolic_block\N=s32'00000000000000000000000000100000.$proc$/openlane/designs/Tensor/src/systolic_block.v:0$12298'.
No latch inferred for signal `$paramod\systolic_block\N=s32'00000000000000000000000000100000.\h_wires[511]' from process `$paramod\systolic_block\N=s32'00000000000000000000000000100000.$proc$/openlane/designs/Tensor/src/systolic_block.v:0$12298'.
No latch inferred for signal `$paramod\systolic_block\N=s32'00000000000000000000000000100000.\h_wires[512]' from process `$paramod\systolic_block\N=s32'00000000000000000000000000100000.$proc$/openlane/designs/Tensor/src/systolic_block.v:0$12298'.
No latch inferred for signal `$paramod\systolic_block\N=s32'00000000000000000000000000100000.\h_wires[513]' from process `$paramod\systolic_block\N=s32'00000000000000000000000000100000.$proc$/openlane/designs/Tensor/src/systolic_block.v:0$12298'.
No latch inferred for signal `$paramod\systolic_block\N=s32'00000000000000000000000000100000.\h_wires[514]' from process `$paramod\systolic_block\N=s32'00000000000000000000000000100000.$proc$/openlane/designs/Tensor/src/systolic_block.v:0$12298'.
No latch inferred for signal `$paramod\systolic_block\N=s32'00000000000000000000000000100000.\h_wires[515]' from process `$paramod\systolic_block\N=s32'00000000000000000000000000100000.$proc$/openlane/designs/Tensor/src/systolic_block.v:0$12298'.
No latch inferred for signal `$paramod\systolic_block\N=s32'00000000000000000000000000100000.\h_wires[516]' from process `$paramod\systolic_block\N=s32'00000000000000000000000000100000.$proc$/openlane/designs/Tensor/src/systolic_block.v:0$12298'.
No latch inferred for signal `$paramod\systolic_block\N=s32'00000000000000000000000000100000.\h_wires[517]' from process `$paramod\systolic_block\N=s32'00000000000000000000000000100000.$proc$/openlane/designs/Tensor/src/systolic_block.v:0$12298'.
No latch inferred for signal `$paramod\systolic_block\N=s32'00000000000000000000000000100000.\h_wires[518]' from process `$paramod\systolic_block\N=s32'00000000000000000000000000100000.$proc$/openlane/designs/Tensor/src/systolic_block.v:0$12298'.
No latch inferred for signal `$paramod\systolic_block\N=s32'00000000000000000000000000100000.\h_wires[519]' from process `$paramod\systolic_block\N=s32'00000000000000000000000000100000.$proc$/openlane/designs/Tensor/src/systolic_block.v:0$12298'.
No latch inferred for signal `$paramod\systolic_block\N=s32'00000000000000000000000000100000.\h_wires[520]' from process `$paramod\systolic_block\N=s32'00000000000000000000000000100000.$proc$/openlane/designs/Tensor/src/systolic_block.v:0$12298'.
No latch inferred for signal `$paramod\systolic_block\N=s32'00000000000000000000000000100000.\h_wires[521]' from process `$paramod\systolic_block\N=s32'00000000000000000000000000100000.$proc$/openlane/designs/Tensor/src/systolic_block.v:0$12298'.
No latch inferred for signal `$paramod\systolic_block\N=s32'00000000000000000000000000100000.\h_wires[522]' from process `$paramod\systolic_block\N=s32'00000000000000000000000000100000.$proc$/openlane/designs/Tensor/src/systolic_block.v:0$12298'.
No latch inferred for signal `$paramod\systolic_block\N=s32'00000000000000000000000000100000.\h_wires[523]' from process `$paramod\systolic_block\N=s32'00000000000000000000000000100000.$proc$/openlane/designs/Tensor/src/systolic_block.v:0$12298'.
No latch inferred for signal `$paramod\systolic_block\N=s32'00000000000000000000000000100000.\h_wires[524]' from process `$paramod\systolic_block\N=s32'00000000000000000000000000100000.$proc$/openlane/designs/Tensor/src/systolic_block.v:0$12298'.
No latch inferred for signal `$paramod\systolic_block\N=s32'00000000000000000000000000100000.\h_wires[525]' from process `$paramod\systolic_block\N=s32'00000000000000000000000000100000.$proc$/openlane/designs/Tensor/src/systolic_block.v:0$12298'.
No latch inferred for signal `$paramod\systolic_block\N=s32'00000000000000000000000000100000.\h_wires[526]' from process `$paramod\systolic_block\N=s32'00000000000000000000000000100000.$proc$/openlane/designs/Tensor/src/systolic_block.v:0$12298'.
No latch inferred for signal `$paramod\systolic_block\N=s32'00000000000000000000000000100000.\h_wires[527]' from process `$paramod\systolic_block\N=s32'00000000000000000000000000100000.$proc$/openlane/designs/Tensor/src/systolic_block.v:0$12298'.
No latch inferred for signal `$paramod\systolic_block\N=s32'00000000000000000000000000100000.\h_wires[528]' from process `$paramod\systolic_block\N=s32'00000000000000000000000000100000.$proc$/openlane/designs/Tensor/src/systolic_block.v:0$12298'.
No latch inferred for signal `$paramod\systolic_block\N=s32'00000000000000000000000000100000.\h_wires[529]' from process `$paramod\systolic_block\N=s32'00000000000000000000000000100000.$proc$/openlane/designs/Tensor/src/systolic_block.v:0$12298'.
No latch inferred for signal `$paramod\systolic_block\N=s32'00000000000000000000000000100000.\h_wires[530]' from process `$paramod\systolic_block\N=s32'00000000000000000000000000100000.$proc$/openlane/designs/Tensor/src/systolic_block.v:0$12298'.
No latch inferred for signal `$paramod\systolic_block\N=s32'00000000000000000000000000100000.\h_wires[531]' from process `$paramod\systolic_block\N=s32'00000000000000000000000000100000.$proc$/openlane/designs/Tensor/src/systolic_block.v:0$12298'.
No latch inferred for signal `$paramod\systolic_block\N=s32'00000000000000000000000000100000.\h_wires[532]' from process `$paramod\systolic_block\N=s32'00000000000000000000000000100000.$proc$/openlane/designs/Tensor/src/systolic_block.v:0$12298'.
No latch inferred for signal `$paramod\systolic_block\N=s32'00000000000000000000000000100000.\h_wires[533]' from process `$paramod\systolic_block\N=s32'00000000000000000000000000100000.$proc$/openlane/designs/Tensor/src/systolic_block.v:0$12298'.
No latch inferred for signal `$paramod\systolic_block\N=s32'00000000000000000000000000100000.\h_wires[534]' from process `$paramod\systolic_block\N=s32'00000000000000000000000000100000.$proc$/openlane/designs/Tensor/src/systolic_block.v:0$12298'.
No latch inferred for signal `$paramod\systolic_block\N=s32'00000000000000000000000000100000.\h_wires[535]' from process `$paramod\systolic_block\N=s32'00000000000000000000000000100000.$proc$/openlane/designs/Tensor/src/systolic_block.v:0$12298'.
No latch inferred for signal `$paramod\systolic_block\N=s32'00000000000000000000000000100000.\h_wires[536]' from process `$paramod\systolic_block\N=s32'00000000000000000000000000100000.$proc$/openlane/designs/Tensor/src/systolic_block.v:0$12298'.
No latch inferred for signal `$paramod\systolic_block\N=s32'00000000000000000000000000100000.\h_wires[537]' from process `$paramod\systolic_block\N=s32'00000000000000000000000000100000.$proc$/openlane/designs/Tensor/src/systolic_block.v:0$12298'.
No latch inferred for signal `$paramod\systolic_block\N=s32'00000000000000000000000000100000.\h_wires[538]' from process `$paramod\systolic_block\N=s32'00000000000000000000000000100000.$proc$/openlane/designs/Tensor/src/systolic_block.v:0$12298'.
No latch inferred for signal `$paramod\systolic_block\N=s32'00000000000000000000000000100000.\h_wires[539]' from process `$paramod\systolic_block\N=s32'00000000000000000000000000100000.$proc$/openlane/designs/Tensor/src/systolic_block.v:0$12298'.
No latch inferred for signal `$paramod\systolic_block\N=s32'00000000000000000000000000100000.\h_wires[540]' from process `$paramod\systolic_block\N=s32'00000000000000000000000000100000.$proc$/openlane/designs/Tensor/src/systolic_block.v:0$12298'.
No latch inferred for signal `$paramod\systolic_block\N=s32'00000000000000000000000000100000.\h_wires[541]' from process `$paramod\systolic_block\N=s32'00000000000000000000000000100000.$proc$/openlane/designs/Tensor/src/systolic_block.v:0$12298'.
No latch inferred for signal `$paramod\systolic_block\N=s32'00000000000000000000000000100000.\h_wires[542]' from process `$paramod\systolic_block\N=s32'00000000000000000000000000100000.$proc$/openlane/designs/Tensor/src/systolic_block.v:0$12298'.
No latch inferred for signal `$paramod\systolic_block\N=s32'00000000000000000000000000100000.\h_wires[543]' from process `$paramod\systolic_block\N=s32'00000000000000000000000000100000.$proc$/openlane/designs/Tensor/src/systolic_block.v:0$12298'.
No latch inferred for signal `$paramod\systolic_block\N=s32'00000000000000000000000000100000.\h_wires[544]' from process `$paramod\systolic_block\N=s32'00000000000000000000000000100000.$proc$/openlane/designs/Tensor/src/systolic_block.v:0$12298'.
No latch inferred for signal `$paramod\systolic_block\N=s32'00000000000000000000000000100000.\h_wires[545]' from process `$paramod\systolic_block\N=s32'00000000000000000000000000100000.$proc$/openlane/designs/Tensor/src/systolic_block.v:0$12298'.
No latch inferred for signal `$paramod\systolic_block\N=s32'00000000000000000000000000100000.\h_wires[546]' from process `$paramod\systolic_block\N=s32'00000000000000000000000000100000.$proc$/openlane/designs/Tensor/src/systolic_block.v:0$12298'.
No latch inferred for signal `$paramod\systolic_block\N=s32'00000000000000000000000000100000.\h_wires[547]' from process `$paramod\systolic_block\N=s32'00000000000000000000000000100000.$proc$/openlane/designs/Tensor/src/systolic_block.v:0$12298'.
No latch inferred for signal `$paramod\systolic_block\N=s32'00000000000000000000000000100000.\h_wires[548]' from process `$paramod\systolic_block\N=s32'00000000000000000000000000100000.$proc$/openlane/designs/Tensor/src/systolic_block.v:0$12298'.
No latch inferred for signal `$paramod\systolic_block\N=s32'00000000000000000000000000100000.\h_wires[549]' from process `$paramod\systolic_block\N=s32'00000000000000000000000000100000.$proc$/openlane/designs/Tensor/src/systolic_block.v:0$12298'.
No latch inferred for signal `$paramod\systolic_block\N=s32'00000000000000000000000000100000.\h_wires[550]' from process `$paramod\systolic_block\N=s32'00000000000000000000000000100000.$proc$/openlane/designs/Tensor/src/systolic_block.v:0$12298'.
No latch inferred for signal `$paramod\systolic_block\N=s32'00000000000000000000000000100000.\h_wires[551]' from process `$paramod\systolic_block\N=s32'00000000000000000000000000100000.$proc$/openlane/designs/Tensor/src/systolic_block.v:0$12298'.
No latch inferred for signal `$paramod\systolic_block\N=s32'00000000000000000000000000100000.\h_wires[552]' from process `$paramod\systolic_block\N=s32'00000000000000000000000000100000.$proc$/openlane/designs/Tensor/src/systolic_block.v:0$12298'.
No latch inferred for signal `$paramod\systolic_block\N=s32'00000000000000000000000000100000.\h_wires[553]' from process `$paramod\systolic_block\N=s32'00000000000000000000000000100000.$proc$/openlane/designs/Tensor/src/systolic_block.v:0$12298'.
No latch inferred for signal `$paramod\systolic_block\N=s32'00000000000000000000000000100000.\h_wires[554]' from process `$paramod\systolic_block\N=s32'00000000000000000000000000100000.$proc$/openlane/designs/Tensor/src/systolic_block.v:0$12298'.
No latch inferred for signal `$paramod\systolic_block\N=s32'00000000000000000000000000100000.\h_wires[555]' from process `$paramod\systolic_block\N=s32'00000000000000000000000000100000.$proc$/openlane/designs/Tensor/src/systolic_block.v:0$12298'.
No latch inferred for signal `$paramod\systolic_block\N=s32'00000000000000000000000000100000.\h_wires[556]' from process `$paramod\systolic_block\N=s32'00000000000000000000000000100000.$proc$/openlane/designs/Tensor/src/systolic_block.v:0$12298'.
No latch inferred for signal `$paramod\systolic_block\N=s32'00000000000000000000000000100000.\h_wires[557]' from process `$paramod\systolic_block\N=s32'00000000000000000000000000100000.$proc$/openlane/designs/Tensor/src/systolic_block.v:0$12298'.
No latch inferred for signal `$paramod\systolic_block\N=s32'00000000000000000000000000100000.\h_wires[558]' from process `$paramod\systolic_block\N=s32'00000000000000000000000000100000.$proc$/openlane/designs/Tensor/src/systolic_block.v:0$12298'.
No latch inferred for signal `$paramod\systolic_block\N=s32'00000000000000000000000000100000.\h_wires[559]' from process `$paramod\systolic_block\N=s32'00000000000000000000000000100000.$proc$/openlane/designs/Tensor/src/systolic_block.v:0$12298'.
No latch inferred for signal `$paramod\systolic_block\N=s32'00000000000000000000000000100000.\h_wires[560]' from process `$paramod\systolic_block\N=s32'00000000000000000000000000100000.$proc$/openlane/designs/Tensor/src/systolic_block.v:0$12298'.
No latch inferred for signal `$paramod\systolic_block\N=s32'00000000000000000000000000100000.\h_wires[561]' from process `$paramod\systolic_block\N=s32'00000000000000000000000000100000.$proc$/openlane/designs/Tensor/src/systolic_block.v:0$12298'.
No latch inferred for signal `$paramod\systolic_block\N=s32'00000000000000000000000000100000.\h_wires[562]' from process `$paramod\systolic_block\N=s32'00000000000000000000000000100000.$proc$/openlane/designs/Tensor/src/systolic_block.v:0$12298'.
No latch inferred for signal `$paramod\systolic_block\N=s32'00000000000000000000000000100000.\h_wires[563]' from process `$paramod\systolic_block\N=s32'00000000000000000000000000100000.$proc$/openlane/designs/Tensor/src/systolic_block.v:0$12298'.
No latch inferred for signal `$paramod\systolic_block\N=s32'00000000000000000000000000100000.\h_wires[564]' from process `$paramod\systolic_block\N=s32'00000000000000000000000000100000.$proc$/openlane/designs/Tensor/src/systolic_block.v:0$12298'.
No latch inferred for signal `$paramod\systolic_block\N=s32'00000000000000000000000000100000.\h_wires[565]' from process `$paramod\systolic_block\N=s32'00000000000000000000000000100000.$proc$/openlane/designs/Tensor/src/systolic_block.v:0$12298'.
No latch inferred for signal `$paramod\systolic_block\N=s32'00000000000000000000000000100000.\h_wires[566]' from process `$paramod\systolic_block\N=s32'00000000000000000000000000100000.$proc$/openlane/designs/Tensor/src/systolic_block.v:0$12298'.
No latch inferred for signal `$paramod\systolic_block\N=s32'00000000000000000000000000100000.\h_wires[567]' from process `$paramod\systolic_block\N=s32'00000000000000000000000000100000.$proc$/openlane/designs/Tensor/src/systolic_block.v:0$12298'.
No latch inferred for signal `$paramod\systolic_block\N=s32'00000000000000000000000000100000.\h_wires[568]' from process `$paramod\systolic_block\N=s32'00000000000000000000000000100000.$proc$/openlane/designs/Tensor/src/systolic_block.v:0$12298'.
No latch inferred for signal `$paramod\systolic_block\N=s32'00000000000000000000000000100000.\h_wires[569]' from process `$paramod\systolic_block\N=s32'00000000000000000000000000100000.$proc$/openlane/designs/Tensor/src/systolic_block.v:0$12298'.
No latch inferred for signal `$paramod\systolic_block\N=s32'00000000000000000000000000100000.\h_wires[570]' from process `$paramod\systolic_block\N=s32'00000000000000000000000000100000.$proc$/openlane/designs/Tensor/src/systolic_block.v:0$12298'.
No latch inferred for signal `$paramod\systolic_block\N=s32'00000000000000000000000000100000.\h_wires[571]' from process `$paramod\systolic_block\N=s32'00000000000000000000000000100000.$proc$/openlane/designs/Tensor/src/systolic_block.v:0$12298'.
No latch inferred for signal `$paramod\systolic_block\N=s32'00000000000000000000000000100000.\h_wires[572]' from process `$paramod\systolic_block\N=s32'00000000000000000000000000100000.$proc$/openlane/designs/Tensor/src/systolic_block.v:0$12298'.
No latch inferred for signal `$paramod\systolic_block\N=s32'00000000000000000000000000100000.\h_wires[573]' from process `$paramod\systolic_block\N=s32'00000000000000000000000000100000.$proc$/openlane/designs/Tensor/src/systolic_block.v:0$12298'.
No latch inferred for signal `$paramod\systolic_block\N=s32'00000000000000000000000000100000.\h_wires[574]' from process `$paramod\systolic_block\N=s32'00000000000000000000000000100000.$proc$/openlane/designs/Tensor/src/systolic_block.v:0$12298'.
No latch inferred for signal `$paramod\systolic_block\N=s32'00000000000000000000000000100000.\h_wires[575]' from process `$paramod\systolic_block\N=s32'00000000000000000000000000100000.$proc$/openlane/designs/Tensor/src/systolic_block.v:0$12298'.
No latch inferred for signal `$paramod\systolic_block\N=s32'00000000000000000000000000100000.\h_wires[576]' from process `$paramod\systolic_block\N=s32'00000000000000000000000000100000.$proc$/openlane/designs/Tensor/src/systolic_block.v:0$12298'.
No latch inferred for signal `$paramod\systolic_block\N=s32'00000000000000000000000000100000.\h_wires[577]' from process `$paramod\systolic_block\N=s32'00000000000000000000000000100000.$proc$/openlane/designs/Tensor/src/systolic_block.v:0$12298'.
No latch inferred for signal `$paramod\systolic_block\N=s32'00000000000000000000000000100000.\h_wires[578]' from process `$paramod\systolic_block\N=s32'00000000000000000000000000100000.$proc$/openlane/designs/Tensor/src/systolic_block.v:0$12298'.
No latch inferred for signal `$paramod\systolic_block\N=s32'00000000000000000000000000100000.\h_wires[579]' from process `$paramod\systolic_block\N=s32'00000000000000000000000000100000.$proc$/openlane/designs/Tensor/src/systolic_block.v:0$12298'.
No latch inferred for signal `$paramod\systolic_block\N=s32'00000000000000000000000000100000.\h_wires[580]' from process `$paramod\systolic_block\N=s32'00000000000000000000000000100000.$proc$/openlane/designs/Tensor/src/systolic_block.v:0$12298'.
No latch inferred for signal `$paramod\systolic_block\N=s32'00000000000000000000000000100000.\h_wires[581]' from process `$paramod\systolic_block\N=s32'00000000000000000000000000100000.$proc$/openlane/designs/Tensor/src/systolic_block.v:0$12298'.
No latch inferred for signal `$paramod\systolic_block\N=s32'00000000000000000000000000100000.\h_wires[582]' from process `$paramod\systolic_block\N=s32'00000000000000000000000000100000.$proc$/openlane/designs/Tensor/src/systolic_block.v:0$12298'.
No latch inferred for signal `$paramod\systolic_block\N=s32'00000000000000000000000000100000.\h_wires[583]' from process `$paramod\systolic_block\N=s32'00000000000000000000000000100000.$proc$/openlane/designs/Tensor/src/systolic_block.v:0$12298'.
No latch inferred for signal `$paramod\systolic_block\N=s32'00000000000000000000000000100000.\h_wires[584]' from process `$paramod\systolic_block\N=s32'00000000000000000000000000100000.$proc$/openlane/designs/Tensor/src/systolic_block.v:0$12298'.
No latch inferred for signal `$paramod\systolic_block\N=s32'00000000000000000000000000100000.\h_wires[585]' from process `$paramod\systolic_block\N=s32'00000000000000000000000000100000.$proc$/openlane/designs/Tensor/src/systolic_block.v:0$12298'.
No latch inferred for signal `$paramod\systolic_block\N=s32'00000000000000000000000000100000.\h_wires[586]' from process `$paramod\systolic_block\N=s32'00000000000000000000000000100000.$proc$/openlane/designs/Tensor/src/systolic_block.v:0$12298'.
No latch inferred for signal `$paramod\systolic_block\N=s32'00000000000000000000000000100000.\h_wires[587]' from process `$paramod\systolic_block\N=s32'00000000000000000000000000100000.$proc$/openlane/designs/Tensor/src/systolic_block.v:0$12298'.
No latch inferred for signal `$paramod\systolic_block\N=s32'00000000000000000000000000100000.\h_wires[588]' from process `$paramod\systolic_block\N=s32'00000000000000000000000000100000.$proc$/openlane/designs/Tensor/src/systolic_block.v:0$12298'.
No latch inferred for signal `$paramod\systolic_block\N=s32'00000000000000000000000000100000.\h_wires[589]' from process `$paramod\systolic_block\N=s32'00000000000000000000000000100000.$proc$/openlane/designs/Tensor/src/systolic_block.v:0$12298'.
No latch inferred for signal `$paramod\systolic_block\N=s32'00000000000000000000000000100000.\h_wires[590]' from process `$paramod\systolic_block\N=s32'00000000000000000000000000100000.$proc$/openlane/designs/Tensor/src/systolic_block.v:0$12298'.
No latch inferred for signal `$paramod\systolic_block\N=s32'00000000000000000000000000100000.\h_wires[591]' from process `$paramod\systolic_block\N=s32'00000000000000000000000000100000.$proc$/openlane/designs/Tensor/src/systolic_block.v:0$12298'.
No latch inferred for signal `$paramod\systolic_block\N=s32'00000000000000000000000000100000.\h_wires[592]' from process `$paramod\systolic_block\N=s32'00000000000000000000000000100000.$proc$/openlane/designs/Tensor/src/systolic_block.v:0$12298'.
No latch inferred for signal `$paramod\systolic_block\N=s32'00000000000000000000000000100000.\h_wires[593]' from process `$paramod\systolic_block\N=s32'00000000000000000000000000100000.$proc$/openlane/designs/Tensor/src/systolic_block.v:0$12298'.
No latch inferred for signal `$paramod\systolic_block\N=s32'00000000000000000000000000100000.\h_wires[594]' from process `$paramod\systolic_block\N=s32'00000000000000000000000000100000.$proc$/openlane/designs/Tensor/src/systolic_block.v:0$12298'.
No latch inferred for signal `$paramod\systolic_block\N=s32'00000000000000000000000000100000.\h_wires[595]' from process `$paramod\systolic_block\N=s32'00000000000000000000000000100000.$proc$/openlane/designs/Tensor/src/systolic_block.v:0$12298'.
No latch inferred for signal `$paramod\systolic_block\N=s32'00000000000000000000000000100000.\h_wires[596]' from process `$paramod\systolic_block\N=s32'00000000000000000000000000100000.$proc$/openlane/designs/Tensor/src/systolic_block.v:0$12298'.
No latch inferred for signal `$paramod\systolic_block\N=s32'00000000000000000000000000100000.\h_wires[597]' from process `$paramod\systolic_block\N=s32'00000000000000000000000000100000.$proc$/openlane/designs/Tensor/src/systolic_block.v:0$12298'.
No latch inferred for signal `$paramod\systolic_block\N=s32'00000000000000000000000000100000.\h_wires[598]' from process `$paramod\systolic_block\N=s32'00000000000000000000000000100000.$proc$/openlane/designs/Tensor/src/systolic_block.v:0$12298'.
No latch inferred for signal `$paramod\systolic_block\N=s32'00000000000000000000000000100000.\h_wires[599]' from process `$paramod\systolic_block\N=s32'00000000000000000000000000100000.$proc$/openlane/designs/Tensor/src/systolic_block.v:0$12298'.
No latch inferred for signal `$paramod\systolic_block\N=s32'00000000000000000000000000100000.\h_wires[600]' from process `$paramod\systolic_block\N=s32'00000000000000000000000000100000.$proc$/openlane/designs/Tensor/src/systolic_block.v:0$12298'.
No latch inferred for signal `$paramod\systolic_block\N=s32'00000000000000000000000000100000.\h_wires[601]' from process `$paramod\systolic_block\N=s32'00000000000000000000000000100000.$proc$/openlane/designs/Tensor/src/systolic_block.v:0$12298'.
No latch inferred for signal `$paramod\systolic_block\N=s32'00000000000000000000000000100000.\h_wires[602]' from process `$paramod\systolic_block\N=s32'00000000000000000000000000100000.$proc$/openlane/designs/Tensor/src/systolic_block.v:0$12298'.
No latch inferred for signal `$paramod\systolic_block\N=s32'00000000000000000000000000100000.\h_wires[603]' from process `$paramod\systolic_block\N=s32'00000000000000000000000000100000.$proc$/openlane/designs/Tensor/src/systolic_block.v:0$12298'.
No latch inferred for signal `$paramod\systolic_block\N=s32'00000000000000000000000000100000.\h_wires[604]' from process `$paramod\systolic_block\N=s32'00000000000000000000000000100000.$proc$/openlane/designs/Tensor/src/systolic_block.v:0$12298'.
No latch inferred for signal `$paramod\systolic_block\N=s32'00000000000000000000000000100000.\h_wires[605]' from process `$paramod\systolic_block\N=s32'00000000000000000000000000100000.$proc$/openlane/designs/Tensor/src/systolic_block.v:0$12298'.
No latch inferred for signal `$paramod\systolic_block\N=s32'00000000000000000000000000100000.\h_wires[606]' from process `$paramod\systolic_block\N=s32'00000000000000000000000000100000.$proc$/openlane/designs/Tensor/src/systolic_block.v:0$12298'.
No latch inferred for signal `$paramod\systolic_block\N=s32'00000000000000000000000000100000.\h_wires[607]' from process `$paramod\systolic_block\N=s32'00000000000000000000000000100000.$proc$/openlane/designs/Tensor/src/systolic_block.v:0$12298'.
No latch inferred for signal `$paramod\systolic_block\N=s32'00000000000000000000000000100000.\h_wires[608]' from process `$paramod\systolic_block\N=s32'00000000000000000000000000100000.$proc$/openlane/designs/Tensor/src/systolic_block.v:0$12298'.
No latch inferred for signal `$paramod\systolic_block\N=s32'00000000000000000000000000100000.\h_wires[609]' from process `$paramod\systolic_block\N=s32'00000000000000000000000000100000.$proc$/openlane/designs/Tensor/src/systolic_block.v:0$12298'.
No latch inferred for signal `$paramod\systolic_block\N=s32'00000000000000000000000000100000.\h_wires[610]' from process `$paramod\systolic_block\N=s32'00000000000000000000000000100000.$proc$/openlane/designs/Tensor/src/systolic_block.v:0$12298'.
No latch inferred for signal `$paramod\systolic_block\N=s32'00000000000000000000000000100000.\h_wires[611]' from process `$paramod\systolic_block\N=s32'00000000000000000000000000100000.$proc$/openlane/designs/Tensor/src/systolic_block.v:0$12298'.
No latch inferred for signal `$paramod\systolic_block\N=s32'00000000000000000000000000100000.\h_wires[612]' from process `$paramod\systolic_block\N=s32'00000000000000000000000000100000.$proc$/openlane/designs/Tensor/src/systolic_block.v:0$12298'.
No latch inferred for signal `$paramod\systolic_block\N=s32'00000000000000000000000000100000.\h_wires[613]' from process `$paramod\systolic_block\N=s32'00000000000000000000000000100000.$proc$/openlane/designs/Tensor/src/systolic_block.v:0$12298'.
No latch inferred for signal `$paramod\systolic_block\N=s32'00000000000000000000000000100000.\h_wires[614]' from process `$paramod\systolic_block\N=s32'00000000000000000000000000100000.$proc$/openlane/designs/Tensor/src/systolic_block.v:0$12298'.
No latch inferred for signal `$paramod\systolic_block\N=s32'00000000000000000000000000100000.\h_wires[615]' from process `$paramod\systolic_block\N=s32'00000000000000000000000000100000.$proc$/openlane/designs/Tensor/src/systolic_block.v:0$12298'.
No latch inferred for signal `$paramod\systolic_block\N=s32'00000000000000000000000000100000.\h_wires[616]' from process `$paramod\systolic_block\N=s32'00000000000000000000000000100000.$proc$/openlane/designs/Tensor/src/systolic_block.v:0$12298'.
No latch inferred for signal `$paramod\systolic_block\N=s32'00000000000000000000000000100000.\h_wires[617]' from process `$paramod\systolic_block\N=s32'00000000000000000000000000100000.$proc$/openlane/designs/Tensor/src/systolic_block.v:0$12298'.
No latch inferred for signal `$paramod\systolic_block\N=s32'00000000000000000000000000100000.\h_wires[618]' from process `$paramod\systolic_block\N=s32'00000000000000000000000000100000.$proc$/openlane/designs/Tensor/src/systolic_block.v:0$12298'.
No latch inferred for signal `$paramod\systolic_block\N=s32'00000000000000000000000000100000.\h_wires[619]' from process `$paramod\systolic_block\N=s32'00000000000000000000000000100000.$proc$/openlane/designs/Tensor/src/systolic_block.v:0$12298'.
No latch inferred for signal `$paramod\systolic_block\N=s32'00000000000000000000000000100000.\h_wires[620]' from process `$paramod\systolic_block\N=s32'00000000000000000000000000100000.$proc$/openlane/designs/Tensor/src/systolic_block.v:0$12298'.
No latch inferred for signal `$paramod\systolic_block\N=s32'00000000000000000000000000100000.\h_wires[621]' from process `$paramod\systolic_block\N=s32'00000000000000000000000000100000.$proc$/openlane/designs/Tensor/src/systolic_block.v:0$12298'.
No latch inferred for signal `$paramod\systolic_block\N=s32'00000000000000000000000000100000.\h_wires[622]' from process `$paramod\systolic_block\N=s32'00000000000000000000000000100000.$proc$/openlane/designs/Tensor/src/systolic_block.v:0$12298'.
No latch inferred for signal `$paramod\systolic_block\N=s32'00000000000000000000000000100000.\h_wires[623]' from process `$paramod\systolic_block\N=s32'00000000000000000000000000100000.$proc$/openlane/designs/Tensor/src/systolic_block.v:0$12298'.
No latch inferred for signal `$paramod\systolic_block\N=s32'00000000000000000000000000100000.\h_wires[624]' from process `$paramod\systolic_block\N=s32'00000000000000000000000000100000.$proc$/openlane/designs/Tensor/src/systolic_block.v:0$12298'.
No latch inferred for signal `$paramod\systolic_block\N=s32'00000000000000000000000000100000.\h_wires[625]' from process `$paramod\systolic_block\N=s32'00000000000000000000000000100000.$proc$/openlane/designs/Tensor/src/systolic_block.v:0$12298'.
No latch inferred for signal `$paramod\systolic_block\N=s32'00000000000000000000000000100000.\h_wires[626]' from process `$paramod\systolic_block\N=s32'00000000000000000000000000100000.$proc$/openlane/designs/Tensor/src/systolic_block.v:0$12298'.
No latch inferred for signal `$paramod\systolic_block\N=s32'00000000000000000000000000100000.\h_wires[627]' from process `$paramod\systolic_block\N=s32'00000000000000000000000000100000.$proc$/openlane/designs/Tensor/src/systolic_block.v:0$12298'.
No latch inferred for signal `$paramod\systolic_block\N=s32'00000000000000000000000000100000.\h_wires[628]' from process `$paramod\systolic_block\N=s32'00000000000000000000000000100000.$proc$/openlane/designs/Tensor/src/systolic_block.v:0$12298'.
No latch inferred for signal `$paramod\systolic_block\N=s32'00000000000000000000000000100000.\h_wires[629]' from process `$paramod\systolic_block\N=s32'00000000000000000000000000100000.$proc$/openlane/designs/Tensor/src/systolic_block.v:0$12298'.
No latch inferred for signal `$paramod\systolic_block\N=s32'00000000000000000000000000100000.\h_wires[630]' from process `$paramod\systolic_block\N=s32'00000000000000000000000000100000.$proc$/openlane/designs/Tensor/src/systolic_block.v:0$12298'.
No latch inferred for signal `$paramod\systolic_block\N=s32'00000000000000000000000000100000.\h_wires[631]' from process `$paramod\systolic_block\N=s32'00000000000000000000000000100000.$proc$/openlane/designs/Tensor/src/systolic_block.v:0$12298'.
No latch inferred for signal `$paramod\systolic_block\N=s32'00000000000000000000000000100000.\h_wires[632]' from process `$paramod\systolic_block\N=s32'00000000000000000000000000100000.$proc$/openlane/designs/Tensor/src/systolic_block.v:0$12298'.
No latch inferred for signal `$paramod\systolic_block\N=s32'00000000000000000000000000100000.\h_wires[633]' from process `$paramod\systolic_block\N=s32'00000000000000000000000000100000.$proc$/openlane/designs/Tensor/src/systolic_block.v:0$12298'.
No latch inferred for signal `$paramod\systolic_block\N=s32'00000000000000000000000000100000.\h_wires[634]' from process `$paramod\systolic_block\N=s32'00000000000000000000000000100000.$proc$/openlane/designs/Tensor/src/systolic_block.v:0$12298'.
No latch inferred for signal `$paramod\systolic_block\N=s32'00000000000000000000000000100000.\h_wires[635]' from process `$paramod\systolic_block\N=s32'00000000000000000000000000100000.$proc$/openlane/designs/Tensor/src/systolic_block.v:0$12298'.
No latch inferred for signal `$paramod\systolic_block\N=s32'00000000000000000000000000100000.\h_wires[636]' from process `$paramod\systolic_block\N=s32'00000000000000000000000000100000.$proc$/openlane/designs/Tensor/src/systolic_block.v:0$12298'.
No latch inferred for signal `$paramod\systolic_block\N=s32'00000000000000000000000000100000.\h_wires[637]' from process `$paramod\systolic_block\N=s32'00000000000000000000000000100000.$proc$/openlane/designs/Tensor/src/systolic_block.v:0$12298'.
No latch inferred for signal `$paramod\systolic_block\N=s32'00000000000000000000000000100000.\h_wires[638]' from process `$paramod\systolic_block\N=s32'00000000000000000000000000100000.$proc$/openlane/designs/Tensor/src/systolic_block.v:0$12298'.
No latch inferred for signal `$paramod\systolic_block\N=s32'00000000000000000000000000100000.\h_wires[639]' from process `$paramod\systolic_block\N=s32'00000000000000000000000000100000.$proc$/openlane/designs/Tensor/src/systolic_block.v:0$12298'.
No latch inferred for signal `$paramod\systolic_block\N=s32'00000000000000000000000000100000.\h_wires[640]' from process `$paramod\systolic_block\N=s32'00000000000000000000000000100000.$proc$/openlane/designs/Tensor/src/systolic_block.v:0$12298'.
No latch inferred for signal `$paramod\systolic_block\N=s32'00000000000000000000000000100000.\h_wires[641]' from process `$paramod\systolic_block\N=s32'00000000000000000000000000100000.$proc$/openlane/designs/Tensor/src/systolic_block.v:0$12298'.
No latch inferred for signal `$paramod\systolic_block\N=s32'00000000000000000000000000100000.\h_wires[642]' from process `$paramod\systolic_block\N=s32'00000000000000000000000000100000.$proc$/openlane/designs/Tensor/src/systolic_block.v:0$12298'.
No latch inferred for signal `$paramod\systolic_block\N=s32'00000000000000000000000000100000.\h_wires[643]' from process `$paramod\systolic_block\N=s32'00000000000000000000000000100000.$proc$/openlane/designs/Tensor/src/systolic_block.v:0$12298'.
No latch inferred for signal `$paramod\systolic_block\N=s32'00000000000000000000000000100000.\h_wires[644]' from process `$paramod\systolic_block\N=s32'00000000000000000000000000100000.$proc$/openlane/designs/Tensor/src/systolic_block.v:0$12298'.
No latch inferred for signal `$paramod\systolic_block\N=s32'00000000000000000000000000100000.\h_wires[645]' from process `$paramod\systolic_block\N=s32'00000000000000000000000000100000.$proc$/openlane/designs/Tensor/src/systolic_block.v:0$12298'.
No latch inferred for signal `$paramod\systolic_block\N=s32'00000000000000000000000000100000.\h_wires[646]' from process `$paramod\systolic_block\N=s32'00000000000000000000000000100000.$proc$/openlane/designs/Tensor/src/systolic_block.v:0$12298'.
No latch inferred for signal `$paramod\systolic_block\N=s32'00000000000000000000000000100000.\h_wires[647]' from process `$paramod\systolic_block\N=s32'00000000000000000000000000100000.$proc$/openlane/designs/Tensor/src/systolic_block.v:0$12298'.
No latch inferred for signal `$paramod\systolic_block\N=s32'00000000000000000000000000100000.\h_wires[648]' from process `$paramod\systolic_block\N=s32'00000000000000000000000000100000.$proc$/openlane/designs/Tensor/src/systolic_block.v:0$12298'.
No latch inferred for signal `$paramod\systolic_block\N=s32'00000000000000000000000000100000.\h_wires[649]' from process `$paramod\systolic_block\N=s32'00000000000000000000000000100000.$proc$/openlane/designs/Tensor/src/systolic_block.v:0$12298'.
No latch inferred for signal `$paramod\systolic_block\N=s32'00000000000000000000000000100000.\h_wires[650]' from process `$paramod\systolic_block\N=s32'00000000000000000000000000100000.$proc$/openlane/designs/Tensor/src/systolic_block.v:0$12298'.
No latch inferred for signal `$paramod\systolic_block\N=s32'00000000000000000000000000100000.\h_wires[651]' from process `$paramod\systolic_block\N=s32'00000000000000000000000000100000.$proc$/openlane/designs/Tensor/src/systolic_block.v:0$12298'.
No latch inferred for signal `$paramod\systolic_block\N=s32'00000000000000000000000000100000.\h_wires[652]' from process `$paramod\systolic_block\N=s32'00000000000000000000000000100000.$proc$/openlane/designs/Tensor/src/systolic_block.v:0$12298'.
No latch inferred for signal `$paramod\systolic_block\N=s32'00000000000000000000000000100000.\h_wires[653]' from process `$paramod\systolic_block\N=s32'00000000000000000000000000100000.$proc$/openlane/designs/Tensor/src/systolic_block.v:0$12298'.
No latch inferred for signal `$paramod\systolic_block\N=s32'00000000000000000000000000100000.\h_wires[654]' from process `$paramod\systolic_block\N=s32'00000000000000000000000000100000.$proc$/openlane/designs/Tensor/src/systolic_block.v:0$12298'.
No latch inferred for signal `$paramod\systolic_block\N=s32'00000000000000000000000000100000.\h_wires[655]' from process `$paramod\systolic_block\N=s32'00000000000000000000000000100000.$proc$/openlane/designs/Tensor/src/systolic_block.v:0$12298'.
No latch inferred for signal `$paramod\systolic_block\N=s32'00000000000000000000000000100000.\h_wires[656]' from process `$paramod\systolic_block\N=s32'00000000000000000000000000100000.$proc$/openlane/designs/Tensor/src/systolic_block.v:0$12298'.
No latch inferred for signal `$paramod\systolic_block\N=s32'00000000000000000000000000100000.\h_wires[657]' from process `$paramod\systolic_block\N=s32'00000000000000000000000000100000.$proc$/openlane/designs/Tensor/src/systolic_block.v:0$12298'.
No latch inferred for signal `$paramod\systolic_block\N=s32'00000000000000000000000000100000.\h_wires[658]' from process `$paramod\systolic_block\N=s32'00000000000000000000000000100000.$proc$/openlane/designs/Tensor/src/systolic_block.v:0$12298'.
No latch inferred for signal `$paramod\systolic_block\N=s32'00000000000000000000000000100000.\h_wires[659]' from process `$paramod\systolic_block\N=s32'00000000000000000000000000100000.$proc$/openlane/designs/Tensor/src/systolic_block.v:0$12298'.
No latch inferred for signal `$paramod\systolic_block\N=s32'00000000000000000000000000100000.\h_wires[660]' from process `$paramod\systolic_block\N=s32'00000000000000000000000000100000.$proc$/openlane/designs/Tensor/src/systolic_block.v:0$12298'.
No latch inferred for signal `$paramod\systolic_block\N=s32'00000000000000000000000000100000.\h_wires[661]' from process `$paramod\systolic_block\N=s32'00000000000000000000000000100000.$proc$/openlane/designs/Tensor/src/systolic_block.v:0$12298'.
No latch inferred for signal `$paramod\systolic_block\N=s32'00000000000000000000000000100000.\h_wires[662]' from process `$paramod\systolic_block\N=s32'00000000000000000000000000100000.$proc$/openlane/designs/Tensor/src/systolic_block.v:0$12298'.
No latch inferred for signal `$paramod\systolic_block\N=s32'00000000000000000000000000100000.\h_wires[663]' from process `$paramod\systolic_block\N=s32'00000000000000000000000000100000.$proc$/openlane/designs/Tensor/src/systolic_block.v:0$12298'.
No latch inferred for signal `$paramod\systolic_block\N=s32'00000000000000000000000000100000.\h_wires[664]' from process `$paramod\systolic_block\N=s32'00000000000000000000000000100000.$proc$/openlane/designs/Tensor/src/systolic_block.v:0$12298'.
No latch inferred for signal `$paramod\systolic_block\N=s32'00000000000000000000000000100000.\h_wires[665]' from process `$paramod\systolic_block\N=s32'00000000000000000000000000100000.$proc$/openlane/designs/Tensor/src/systolic_block.v:0$12298'.
No latch inferred for signal `$paramod\systolic_block\N=s32'00000000000000000000000000100000.\h_wires[666]' from process `$paramod\systolic_block\N=s32'00000000000000000000000000100000.$proc$/openlane/designs/Tensor/src/systolic_block.v:0$12298'.
No latch inferred for signal `$paramod\systolic_block\N=s32'00000000000000000000000000100000.\h_wires[667]' from process `$paramod\systolic_block\N=s32'00000000000000000000000000100000.$proc$/openlane/designs/Tensor/src/systolic_block.v:0$12298'.
No latch inferred for signal `$paramod\systolic_block\N=s32'00000000000000000000000000100000.\h_wires[668]' from process `$paramod\systolic_block\N=s32'00000000000000000000000000100000.$proc$/openlane/designs/Tensor/src/systolic_block.v:0$12298'.
No latch inferred for signal `$paramod\systolic_block\N=s32'00000000000000000000000000100000.\h_wires[669]' from process `$paramod\systolic_block\N=s32'00000000000000000000000000100000.$proc$/openlane/designs/Tensor/src/systolic_block.v:0$12298'.
No latch inferred for signal `$paramod\systolic_block\N=s32'00000000000000000000000000100000.\h_wires[670]' from process `$paramod\systolic_block\N=s32'00000000000000000000000000100000.$proc$/openlane/designs/Tensor/src/systolic_block.v:0$12298'.
No latch inferred for signal `$paramod\systolic_block\N=s32'00000000000000000000000000100000.\h_wires[671]' from process `$paramod\systolic_block\N=s32'00000000000000000000000000100000.$proc$/openlane/designs/Tensor/src/systolic_block.v:0$12298'.
No latch inferred for signal `$paramod\systolic_block\N=s32'00000000000000000000000000100000.\h_wires[672]' from process `$paramod\systolic_block\N=s32'00000000000000000000000000100000.$proc$/openlane/designs/Tensor/src/systolic_block.v:0$12298'.
No latch inferred for signal `$paramod\systolic_block\N=s32'00000000000000000000000000100000.\h_wires[673]' from process `$paramod\systolic_block\N=s32'00000000000000000000000000100000.$proc$/openlane/designs/Tensor/src/systolic_block.v:0$12298'.
No latch inferred for signal `$paramod\systolic_block\N=s32'00000000000000000000000000100000.\h_wires[674]' from process `$paramod\systolic_block\N=s32'00000000000000000000000000100000.$proc$/openlane/designs/Tensor/src/systolic_block.v:0$12298'.
No latch inferred for signal `$paramod\systolic_block\N=s32'00000000000000000000000000100000.\h_wires[675]' from process `$paramod\systolic_block\N=s32'00000000000000000000000000100000.$proc$/openlane/designs/Tensor/src/systolic_block.v:0$12298'.
No latch inferred for signal `$paramod\systolic_block\N=s32'00000000000000000000000000100000.\h_wires[676]' from process `$paramod\systolic_block\N=s32'00000000000000000000000000100000.$proc$/openlane/designs/Tensor/src/systolic_block.v:0$12298'.
No latch inferred for signal `$paramod\systolic_block\N=s32'00000000000000000000000000100000.\h_wires[677]' from process `$paramod\systolic_block\N=s32'00000000000000000000000000100000.$proc$/openlane/designs/Tensor/src/systolic_block.v:0$12298'.
No latch inferred for signal `$paramod\systolic_block\N=s32'00000000000000000000000000100000.\h_wires[678]' from process `$paramod\systolic_block\N=s32'00000000000000000000000000100000.$proc$/openlane/designs/Tensor/src/systolic_block.v:0$12298'.
No latch inferred for signal `$paramod\systolic_block\N=s32'00000000000000000000000000100000.\h_wires[679]' from process `$paramod\systolic_block\N=s32'00000000000000000000000000100000.$proc$/openlane/designs/Tensor/src/systolic_block.v:0$12298'.
No latch inferred for signal `$paramod\systolic_block\N=s32'00000000000000000000000000100000.\h_wires[680]' from process `$paramod\systolic_block\N=s32'00000000000000000000000000100000.$proc$/openlane/designs/Tensor/src/systolic_block.v:0$12298'.
No latch inferred for signal `$paramod\systolic_block\N=s32'00000000000000000000000000100000.\h_wires[681]' from process `$paramod\systolic_block\N=s32'00000000000000000000000000100000.$proc$/openlane/designs/Tensor/src/systolic_block.v:0$12298'.
No latch inferred for signal `$paramod\systolic_block\N=s32'00000000000000000000000000100000.\h_wires[682]' from process `$paramod\systolic_block\N=s32'00000000000000000000000000100000.$proc$/openlane/designs/Tensor/src/systolic_block.v:0$12298'.
No latch inferred for signal `$paramod\systolic_block\N=s32'00000000000000000000000000100000.\h_wires[683]' from process `$paramod\systolic_block\N=s32'00000000000000000000000000100000.$proc$/openlane/designs/Tensor/src/systolic_block.v:0$12298'.
No latch inferred for signal `$paramod\systolic_block\N=s32'00000000000000000000000000100000.\h_wires[684]' from process `$paramod\systolic_block\N=s32'00000000000000000000000000100000.$proc$/openlane/designs/Tensor/src/systolic_block.v:0$12298'.
No latch inferred for signal `$paramod\systolic_block\N=s32'00000000000000000000000000100000.\h_wires[685]' from process `$paramod\systolic_block\N=s32'00000000000000000000000000100000.$proc$/openlane/designs/Tensor/src/systolic_block.v:0$12298'.
No latch inferred for signal `$paramod\systolic_block\N=s32'00000000000000000000000000100000.\h_wires[686]' from process `$paramod\systolic_block\N=s32'00000000000000000000000000100000.$proc$/openlane/designs/Tensor/src/systolic_block.v:0$12298'.
No latch inferred for signal `$paramod\systolic_block\N=s32'00000000000000000000000000100000.\h_wires[687]' from process `$paramod\systolic_block\N=s32'00000000000000000000000000100000.$proc$/openlane/designs/Tensor/src/systolic_block.v:0$12298'.
No latch inferred for signal `$paramod\systolic_block\N=s32'00000000000000000000000000100000.\h_wires[688]' from process `$paramod\systolic_block\N=s32'00000000000000000000000000100000.$proc$/openlane/designs/Tensor/src/systolic_block.v:0$12298'.
No latch inferred for signal `$paramod\systolic_block\N=s32'00000000000000000000000000100000.\h_wires[689]' from process `$paramod\systolic_block\N=s32'00000000000000000000000000100000.$proc$/openlane/designs/Tensor/src/systolic_block.v:0$12298'.
No latch inferred for signal `$paramod\systolic_block\N=s32'00000000000000000000000000100000.\h_wires[690]' from process `$paramod\systolic_block\N=s32'00000000000000000000000000100000.$proc$/openlane/designs/Tensor/src/systolic_block.v:0$12298'.
No latch inferred for signal `$paramod\systolic_block\N=s32'00000000000000000000000000100000.\h_wires[691]' from process `$paramod\systolic_block\N=s32'00000000000000000000000000100000.$proc$/openlane/designs/Tensor/src/systolic_block.v:0$12298'.
No latch inferred for signal `$paramod\systolic_block\N=s32'00000000000000000000000000100000.\h_wires[692]' from process `$paramod\systolic_block\N=s32'00000000000000000000000000100000.$proc$/openlane/designs/Tensor/src/systolic_block.v:0$12298'.
No latch inferred for signal `$paramod\systolic_block\N=s32'00000000000000000000000000100000.\h_wires[693]' from process `$paramod\systolic_block\N=s32'00000000000000000000000000100000.$proc$/openlane/designs/Tensor/src/systolic_block.v:0$12298'.
No latch inferred for signal `$paramod\systolic_block\N=s32'00000000000000000000000000100000.\h_wires[694]' from process `$paramod\systolic_block\N=s32'00000000000000000000000000100000.$proc$/openlane/designs/Tensor/src/systolic_block.v:0$12298'.
No latch inferred for signal `$paramod\systolic_block\N=s32'00000000000000000000000000100000.\h_wires[695]' from process `$paramod\systolic_block\N=s32'00000000000000000000000000100000.$proc$/openlane/designs/Tensor/src/systolic_block.v:0$12298'.
No latch inferred for signal `$paramod\systolic_block\N=s32'00000000000000000000000000100000.\h_wires[696]' from process `$paramod\systolic_block\N=s32'00000000000000000000000000100000.$proc$/openlane/designs/Tensor/src/systolic_block.v:0$12298'.
No latch inferred for signal `$paramod\systolic_block\N=s32'00000000000000000000000000100000.\h_wires[697]' from process `$paramod\systolic_block\N=s32'00000000000000000000000000100000.$proc$/openlane/designs/Tensor/src/systolic_block.v:0$12298'.
No latch inferred for signal `$paramod\systolic_block\N=s32'00000000000000000000000000100000.\h_wires[698]' from process `$paramod\systolic_block\N=s32'00000000000000000000000000100000.$proc$/openlane/designs/Tensor/src/systolic_block.v:0$12298'.
No latch inferred for signal `$paramod\systolic_block\N=s32'00000000000000000000000000100000.\h_wires[699]' from process `$paramod\systolic_block\N=s32'00000000000000000000000000100000.$proc$/openlane/designs/Tensor/src/systolic_block.v:0$12298'.
No latch inferred for signal `$paramod\systolic_block\N=s32'00000000000000000000000000100000.\h_wires[700]' from process `$paramod\systolic_block\N=s32'00000000000000000000000000100000.$proc$/openlane/designs/Tensor/src/systolic_block.v:0$12298'.
No latch inferred for signal `$paramod\systolic_block\N=s32'00000000000000000000000000100000.\h_wires[701]' from process `$paramod\systolic_block\N=s32'00000000000000000000000000100000.$proc$/openlane/designs/Tensor/src/systolic_block.v:0$12298'.
No latch inferred for signal `$paramod\systolic_block\N=s32'00000000000000000000000000100000.\h_wires[702]' from process `$paramod\systolic_block\N=s32'00000000000000000000000000100000.$proc$/openlane/designs/Tensor/src/systolic_block.v:0$12298'.
No latch inferred for signal `$paramod\systolic_block\N=s32'00000000000000000000000000100000.\h_wires[703]' from process `$paramod\systolic_block\N=s32'00000000000000000000000000100000.$proc$/openlane/designs/Tensor/src/systolic_block.v:0$12298'.
No latch inferred for signal `$paramod\systolic_block\N=s32'00000000000000000000000000100000.\h_wires[704]' from process `$paramod\systolic_block\N=s32'00000000000000000000000000100000.$proc$/openlane/designs/Tensor/src/systolic_block.v:0$12298'.
No latch inferred for signal `$paramod\systolic_block\N=s32'00000000000000000000000000100000.\h_wires[705]' from process `$paramod\systolic_block\N=s32'00000000000000000000000000100000.$proc$/openlane/designs/Tensor/src/systolic_block.v:0$12298'.
No latch inferred for signal `$paramod\systolic_block\N=s32'00000000000000000000000000100000.\h_wires[706]' from process `$paramod\systolic_block\N=s32'00000000000000000000000000100000.$proc$/openlane/designs/Tensor/src/systolic_block.v:0$12298'.
No latch inferred for signal `$paramod\systolic_block\N=s32'00000000000000000000000000100000.\h_wires[707]' from process `$paramod\systolic_block\N=s32'00000000000000000000000000100000.$proc$/openlane/designs/Tensor/src/systolic_block.v:0$12298'.
No latch inferred for signal `$paramod\systolic_block\N=s32'00000000000000000000000000100000.\h_wires[708]' from process `$paramod\systolic_block\N=s32'00000000000000000000000000100000.$proc$/openlane/designs/Tensor/src/systolic_block.v:0$12298'.
No latch inferred for signal `$paramod\systolic_block\N=s32'00000000000000000000000000100000.\h_wires[709]' from process `$paramod\systolic_block\N=s32'00000000000000000000000000100000.$proc$/openlane/designs/Tensor/src/systolic_block.v:0$12298'.
No latch inferred for signal `$paramod\systolic_block\N=s32'00000000000000000000000000100000.\h_wires[710]' from process `$paramod\systolic_block\N=s32'00000000000000000000000000100000.$proc$/openlane/designs/Tensor/src/systolic_block.v:0$12298'.
No latch inferred for signal `$paramod\systolic_block\N=s32'00000000000000000000000000100000.\h_wires[711]' from process `$paramod\systolic_block\N=s32'00000000000000000000000000100000.$proc$/openlane/designs/Tensor/src/systolic_block.v:0$12298'.
No latch inferred for signal `$paramod\systolic_block\N=s32'00000000000000000000000000100000.\h_wires[712]' from process `$paramod\systolic_block\N=s32'00000000000000000000000000100000.$proc$/openlane/designs/Tensor/src/systolic_block.v:0$12298'.
No latch inferred for signal `$paramod\systolic_block\N=s32'00000000000000000000000000100000.\h_wires[713]' from process `$paramod\systolic_block\N=s32'00000000000000000000000000100000.$proc$/openlane/designs/Tensor/src/systolic_block.v:0$12298'.
No latch inferred for signal `$paramod\systolic_block\N=s32'00000000000000000000000000100000.\h_wires[714]' from process `$paramod\systolic_block\N=s32'00000000000000000000000000100000.$proc$/openlane/designs/Tensor/src/systolic_block.v:0$12298'.
No latch inferred for signal `$paramod\systolic_block\N=s32'00000000000000000000000000100000.\h_wires[715]' from process `$paramod\systolic_block\N=s32'00000000000000000000000000100000.$proc$/openlane/designs/Tensor/src/systolic_block.v:0$12298'.
No latch inferred for signal `$paramod\systolic_block\N=s32'00000000000000000000000000100000.\h_wires[716]' from process `$paramod\systolic_block\N=s32'00000000000000000000000000100000.$proc$/openlane/designs/Tensor/src/systolic_block.v:0$12298'.
No latch inferred for signal `$paramod\systolic_block\N=s32'00000000000000000000000000100000.\h_wires[717]' from process `$paramod\systolic_block\N=s32'00000000000000000000000000100000.$proc$/openlane/designs/Tensor/src/systolic_block.v:0$12298'.
No latch inferred for signal `$paramod\systolic_block\N=s32'00000000000000000000000000100000.\h_wires[718]' from process `$paramod\systolic_block\N=s32'00000000000000000000000000100000.$proc$/openlane/designs/Tensor/src/systolic_block.v:0$12298'.
No latch inferred for signal `$paramod\systolic_block\N=s32'00000000000000000000000000100000.\h_wires[719]' from process `$paramod\systolic_block\N=s32'00000000000000000000000000100000.$proc$/openlane/designs/Tensor/src/systolic_block.v:0$12298'.
No latch inferred for signal `$paramod\systolic_block\N=s32'00000000000000000000000000100000.\h_wires[720]' from process `$paramod\systolic_block\N=s32'00000000000000000000000000100000.$proc$/openlane/designs/Tensor/src/systolic_block.v:0$12298'.
No latch inferred for signal `$paramod\systolic_block\N=s32'00000000000000000000000000100000.\h_wires[721]' from process `$paramod\systolic_block\N=s32'00000000000000000000000000100000.$proc$/openlane/designs/Tensor/src/systolic_block.v:0$12298'.
No latch inferred for signal `$paramod\systolic_block\N=s32'00000000000000000000000000100000.\h_wires[722]' from process `$paramod\systolic_block\N=s32'00000000000000000000000000100000.$proc$/openlane/designs/Tensor/src/systolic_block.v:0$12298'.
No latch inferred for signal `$paramod\systolic_block\N=s32'00000000000000000000000000100000.\h_wires[723]' from process `$paramod\systolic_block\N=s32'00000000000000000000000000100000.$proc$/openlane/designs/Tensor/src/systolic_block.v:0$12298'.
No latch inferred for signal `$paramod\systolic_block\N=s32'00000000000000000000000000100000.\h_wires[724]' from process `$paramod\systolic_block\N=s32'00000000000000000000000000100000.$proc$/openlane/designs/Tensor/src/systolic_block.v:0$12298'.
No latch inferred for signal `$paramod\systolic_block\N=s32'00000000000000000000000000100000.\h_wires[725]' from process `$paramod\systolic_block\N=s32'00000000000000000000000000100000.$proc$/openlane/designs/Tensor/src/systolic_block.v:0$12298'.
No latch inferred for signal `$paramod\systolic_block\N=s32'00000000000000000000000000100000.\h_wires[726]' from process `$paramod\systolic_block\N=s32'00000000000000000000000000100000.$proc$/openlane/designs/Tensor/src/systolic_block.v:0$12298'.
No latch inferred for signal `$paramod\systolic_block\N=s32'00000000000000000000000000100000.\h_wires[727]' from process `$paramod\systolic_block\N=s32'00000000000000000000000000100000.$proc$/openlane/designs/Tensor/src/systolic_block.v:0$12298'.
No latch inferred for signal `$paramod\systolic_block\N=s32'00000000000000000000000000100000.\h_wires[728]' from process `$paramod\systolic_block\N=s32'00000000000000000000000000100000.$proc$/openlane/designs/Tensor/src/systolic_block.v:0$12298'.
No latch inferred for signal `$paramod\systolic_block\N=s32'00000000000000000000000000100000.\h_wires[729]' from process `$paramod\systolic_block\N=s32'00000000000000000000000000100000.$proc$/openlane/designs/Tensor/src/systolic_block.v:0$12298'.
No latch inferred for signal `$paramod\systolic_block\N=s32'00000000000000000000000000100000.\h_wires[730]' from process `$paramod\systolic_block\N=s32'00000000000000000000000000100000.$proc$/openlane/designs/Tensor/src/systolic_block.v:0$12298'.
No latch inferred for signal `$paramod\systolic_block\N=s32'00000000000000000000000000100000.\h_wires[731]' from process `$paramod\systolic_block\N=s32'00000000000000000000000000100000.$proc$/openlane/designs/Tensor/src/systolic_block.v:0$12298'.
No latch inferred for signal `$paramod\systolic_block\N=s32'00000000000000000000000000100000.\h_wires[732]' from process `$paramod\systolic_block\N=s32'00000000000000000000000000100000.$proc$/openlane/designs/Tensor/src/systolic_block.v:0$12298'.
No latch inferred for signal `$paramod\systolic_block\N=s32'00000000000000000000000000100000.\h_wires[733]' from process `$paramod\systolic_block\N=s32'00000000000000000000000000100000.$proc$/openlane/designs/Tensor/src/systolic_block.v:0$12298'.
No latch inferred for signal `$paramod\systolic_block\N=s32'00000000000000000000000000100000.\h_wires[734]' from process `$paramod\systolic_block\N=s32'00000000000000000000000000100000.$proc$/openlane/designs/Tensor/src/systolic_block.v:0$12298'.
No latch inferred for signal `$paramod\systolic_block\N=s32'00000000000000000000000000100000.\h_wires[735]' from process `$paramod\systolic_block\N=s32'00000000000000000000000000100000.$proc$/openlane/designs/Tensor/src/systolic_block.v:0$12298'.
No latch inferred for signal `$paramod\systolic_block\N=s32'00000000000000000000000000100000.\h_wires[736]' from process `$paramod\systolic_block\N=s32'00000000000000000000000000100000.$proc$/openlane/designs/Tensor/src/systolic_block.v:0$12298'.
No latch inferred for signal `$paramod\systolic_block\N=s32'00000000000000000000000000100000.\h_wires[737]' from process `$paramod\systolic_block\N=s32'00000000000000000000000000100000.$proc$/openlane/designs/Tensor/src/systolic_block.v:0$12298'.
No latch inferred for signal `$paramod\systolic_block\N=s32'00000000000000000000000000100000.\h_wires[738]' from process `$paramod\systolic_block\N=s32'00000000000000000000000000100000.$proc$/openlane/designs/Tensor/src/systolic_block.v:0$12298'.
No latch inferred for signal `$paramod\systolic_block\N=s32'00000000000000000000000000100000.\h_wires[739]' from process `$paramod\systolic_block\N=s32'00000000000000000000000000100000.$proc$/openlane/designs/Tensor/src/systolic_block.v:0$12298'.
No latch inferred for signal `$paramod\systolic_block\N=s32'00000000000000000000000000100000.\h_wires[740]' from process `$paramod\systolic_block\N=s32'00000000000000000000000000100000.$proc$/openlane/designs/Tensor/src/systolic_block.v:0$12298'.
No latch inferred for signal `$paramod\systolic_block\N=s32'00000000000000000000000000100000.\h_wires[741]' from process `$paramod\systolic_block\N=s32'00000000000000000000000000100000.$proc$/openlane/designs/Tensor/src/systolic_block.v:0$12298'.
No latch inferred for signal `$paramod\systolic_block\N=s32'00000000000000000000000000100000.\h_wires[742]' from process `$paramod\systolic_block\N=s32'00000000000000000000000000100000.$proc$/openlane/designs/Tensor/src/systolic_block.v:0$12298'.
No latch inferred for signal `$paramod\systolic_block\N=s32'00000000000000000000000000100000.\h_wires[743]' from process `$paramod\systolic_block\N=s32'00000000000000000000000000100000.$proc$/openlane/designs/Tensor/src/systolic_block.v:0$12298'.
No latch inferred for signal `$paramod\systolic_block\N=s32'00000000000000000000000000100000.\h_wires[744]' from process `$paramod\systolic_block\N=s32'00000000000000000000000000100000.$proc$/openlane/designs/Tensor/src/systolic_block.v:0$12298'.
No latch inferred for signal `$paramod\systolic_block\N=s32'00000000000000000000000000100000.\h_wires[745]' from process `$paramod\systolic_block\N=s32'00000000000000000000000000100000.$proc$/openlane/designs/Tensor/src/systolic_block.v:0$12298'.
No latch inferred for signal `$paramod\systolic_block\N=s32'00000000000000000000000000100000.\h_wires[746]' from process `$paramod\systolic_block\N=s32'00000000000000000000000000100000.$proc$/openlane/designs/Tensor/src/systolic_block.v:0$12298'.
No latch inferred for signal `$paramod\systolic_block\N=s32'00000000000000000000000000100000.\h_wires[747]' from process `$paramod\systolic_block\N=s32'00000000000000000000000000100000.$proc$/openlane/designs/Tensor/src/systolic_block.v:0$12298'.
No latch inferred for signal `$paramod\systolic_block\N=s32'00000000000000000000000000100000.\h_wires[748]' from process `$paramod\systolic_block\N=s32'00000000000000000000000000100000.$proc$/openlane/designs/Tensor/src/systolic_block.v:0$12298'.
No latch inferred for signal `$paramod\systolic_block\N=s32'00000000000000000000000000100000.\h_wires[749]' from process `$paramod\systolic_block\N=s32'00000000000000000000000000100000.$proc$/openlane/designs/Tensor/src/systolic_block.v:0$12298'.
No latch inferred for signal `$paramod\systolic_block\N=s32'00000000000000000000000000100000.\h_wires[750]' from process `$paramod\systolic_block\N=s32'00000000000000000000000000100000.$proc$/openlane/designs/Tensor/src/systolic_block.v:0$12298'.
No latch inferred for signal `$paramod\systolic_block\N=s32'00000000000000000000000000100000.\h_wires[751]' from process `$paramod\systolic_block\N=s32'00000000000000000000000000100000.$proc$/openlane/designs/Tensor/src/systolic_block.v:0$12298'.
No latch inferred for signal `$paramod\systolic_block\N=s32'00000000000000000000000000100000.\h_wires[752]' from process `$paramod\systolic_block\N=s32'00000000000000000000000000100000.$proc$/openlane/designs/Tensor/src/systolic_block.v:0$12298'.
No latch inferred for signal `$paramod\systolic_block\N=s32'00000000000000000000000000100000.\h_wires[753]' from process `$paramod\systolic_block\N=s32'00000000000000000000000000100000.$proc$/openlane/designs/Tensor/src/systolic_block.v:0$12298'.
No latch inferred for signal `$paramod\systolic_block\N=s32'00000000000000000000000000100000.\h_wires[754]' from process `$paramod\systolic_block\N=s32'00000000000000000000000000100000.$proc$/openlane/designs/Tensor/src/systolic_block.v:0$12298'.
No latch inferred for signal `$paramod\systolic_block\N=s32'00000000000000000000000000100000.\h_wires[755]' from process `$paramod\systolic_block\N=s32'00000000000000000000000000100000.$proc$/openlane/designs/Tensor/src/systolic_block.v:0$12298'.
No latch inferred for signal `$paramod\systolic_block\N=s32'00000000000000000000000000100000.\h_wires[756]' from process `$paramod\systolic_block\N=s32'00000000000000000000000000100000.$proc$/openlane/designs/Tensor/src/systolic_block.v:0$12298'.
No latch inferred for signal `$paramod\systolic_block\N=s32'00000000000000000000000000100000.\h_wires[757]' from process `$paramod\systolic_block\N=s32'00000000000000000000000000100000.$proc$/openlane/designs/Tensor/src/systolic_block.v:0$12298'.
No latch inferred for signal `$paramod\systolic_block\N=s32'00000000000000000000000000100000.\h_wires[758]' from process `$paramod\systolic_block\N=s32'00000000000000000000000000100000.$proc$/openlane/designs/Tensor/src/systolic_block.v:0$12298'.
No latch inferred for signal `$paramod\systolic_block\N=s32'00000000000000000000000000100000.\h_wires[759]' from process `$paramod\systolic_block\N=s32'00000000000000000000000000100000.$proc$/openlane/designs/Tensor/src/systolic_block.v:0$12298'.
No latch inferred for signal `$paramod\systolic_block\N=s32'00000000000000000000000000100000.\h_wires[760]' from process `$paramod\systolic_block\N=s32'00000000000000000000000000100000.$proc$/openlane/designs/Tensor/src/systolic_block.v:0$12298'.
No latch inferred for signal `$paramod\systolic_block\N=s32'00000000000000000000000000100000.\h_wires[761]' from process `$paramod\systolic_block\N=s32'00000000000000000000000000100000.$proc$/openlane/designs/Tensor/src/systolic_block.v:0$12298'.
No latch inferred for signal `$paramod\systolic_block\N=s32'00000000000000000000000000100000.\h_wires[762]' from process `$paramod\systolic_block\N=s32'00000000000000000000000000100000.$proc$/openlane/designs/Tensor/src/systolic_block.v:0$12298'.
No latch inferred for signal `$paramod\systolic_block\N=s32'00000000000000000000000000100000.\h_wires[763]' from process `$paramod\systolic_block\N=s32'00000000000000000000000000100000.$proc$/openlane/designs/Tensor/src/systolic_block.v:0$12298'.
No latch inferred for signal `$paramod\systolic_block\N=s32'00000000000000000000000000100000.\h_wires[764]' from process `$paramod\systolic_block\N=s32'00000000000000000000000000100000.$proc$/openlane/designs/Tensor/src/systolic_block.v:0$12298'.
No latch inferred for signal `$paramod\systolic_block\N=s32'00000000000000000000000000100000.\h_wires[765]' from process `$paramod\systolic_block\N=s32'00000000000000000000000000100000.$proc$/openlane/designs/Tensor/src/systolic_block.v:0$12298'.
No latch inferred for signal `$paramod\systolic_block\N=s32'00000000000000000000000000100000.\h_wires[766]' from process `$paramod\systolic_block\N=s32'00000000000000000000000000100000.$proc$/openlane/designs/Tensor/src/systolic_block.v:0$12298'.
No latch inferred for signal `$paramod\systolic_block\N=s32'00000000000000000000000000100000.\h_wires[767]' from process `$paramod\systolic_block\N=s32'00000000000000000000000000100000.$proc$/openlane/designs/Tensor/src/systolic_block.v:0$12298'.
No latch inferred for signal `$paramod\systolic_block\N=s32'00000000000000000000000000100000.\h_wires[768]' from process `$paramod\systolic_block\N=s32'00000000000000000000000000100000.$proc$/openlane/designs/Tensor/src/systolic_block.v:0$12298'.
No latch inferred for signal `$paramod\systolic_block\N=s32'00000000000000000000000000100000.\h_wires[769]' from process `$paramod\systolic_block\N=s32'00000000000000000000000000100000.$proc$/openlane/designs/Tensor/src/systolic_block.v:0$12298'.
No latch inferred for signal `$paramod\systolic_block\N=s32'00000000000000000000000000100000.\h_wires[770]' from process `$paramod\systolic_block\N=s32'00000000000000000000000000100000.$proc$/openlane/designs/Tensor/src/systolic_block.v:0$12298'.
No latch inferred for signal `$paramod\systolic_block\N=s32'00000000000000000000000000100000.\h_wires[771]' from process `$paramod\systolic_block\N=s32'00000000000000000000000000100000.$proc$/openlane/designs/Tensor/src/systolic_block.v:0$12298'.
No latch inferred for signal `$paramod\systolic_block\N=s32'00000000000000000000000000100000.\h_wires[772]' from process `$paramod\systolic_block\N=s32'00000000000000000000000000100000.$proc$/openlane/designs/Tensor/src/systolic_block.v:0$12298'.
No latch inferred for signal `$paramod\systolic_block\N=s32'00000000000000000000000000100000.\h_wires[773]' from process `$paramod\systolic_block\N=s32'00000000000000000000000000100000.$proc$/openlane/designs/Tensor/src/systolic_block.v:0$12298'.
No latch inferred for signal `$paramod\systolic_block\N=s32'00000000000000000000000000100000.\h_wires[774]' from process `$paramod\systolic_block\N=s32'00000000000000000000000000100000.$proc$/openlane/designs/Tensor/src/systolic_block.v:0$12298'.
No latch inferred for signal `$paramod\systolic_block\N=s32'00000000000000000000000000100000.\h_wires[775]' from process `$paramod\systolic_block\N=s32'00000000000000000000000000100000.$proc$/openlane/designs/Tensor/src/systolic_block.v:0$12298'.
No latch inferred for signal `$paramod\systolic_block\N=s32'00000000000000000000000000100000.\h_wires[776]' from process `$paramod\systolic_block\N=s32'00000000000000000000000000100000.$proc$/openlane/designs/Tensor/src/systolic_block.v:0$12298'.
No latch inferred for signal `$paramod\systolic_block\N=s32'00000000000000000000000000100000.\h_wires[777]' from process `$paramod\systolic_block\N=s32'00000000000000000000000000100000.$proc$/openlane/designs/Tensor/src/systolic_block.v:0$12298'.
No latch inferred for signal `$paramod\systolic_block\N=s32'00000000000000000000000000100000.\h_wires[778]' from process `$paramod\systolic_block\N=s32'00000000000000000000000000100000.$proc$/openlane/designs/Tensor/src/systolic_block.v:0$12298'.
No latch inferred for signal `$paramod\systolic_block\N=s32'00000000000000000000000000100000.\h_wires[779]' from process `$paramod\systolic_block\N=s32'00000000000000000000000000100000.$proc$/openlane/designs/Tensor/src/systolic_block.v:0$12298'.
No latch inferred for signal `$paramod\systolic_block\N=s32'00000000000000000000000000100000.\h_wires[780]' from process `$paramod\systolic_block\N=s32'00000000000000000000000000100000.$proc$/openlane/designs/Tensor/src/systolic_block.v:0$12298'.
No latch inferred for signal `$paramod\systolic_block\N=s32'00000000000000000000000000100000.\h_wires[781]' from process `$paramod\systolic_block\N=s32'00000000000000000000000000100000.$proc$/openlane/designs/Tensor/src/systolic_block.v:0$12298'.
No latch inferred for signal `$paramod\systolic_block\N=s32'00000000000000000000000000100000.\h_wires[782]' from process `$paramod\systolic_block\N=s32'00000000000000000000000000100000.$proc$/openlane/designs/Tensor/src/systolic_block.v:0$12298'.
No latch inferred for signal `$paramod\systolic_block\N=s32'00000000000000000000000000100000.\h_wires[783]' from process `$paramod\systolic_block\N=s32'00000000000000000000000000100000.$proc$/openlane/designs/Tensor/src/systolic_block.v:0$12298'.
No latch inferred for signal `$paramod\systolic_block\N=s32'00000000000000000000000000100000.\h_wires[784]' from process `$paramod\systolic_block\N=s32'00000000000000000000000000100000.$proc$/openlane/designs/Tensor/src/systolic_block.v:0$12298'.
No latch inferred for signal `$paramod\systolic_block\N=s32'00000000000000000000000000100000.\h_wires[785]' from process `$paramod\systolic_block\N=s32'00000000000000000000000000100000.$proc$/openlane/designs/Tensor/src/systolic_block.v:0$12298'.
No latch inferred for signal `$paramod\systolic_block\N=s32'00000000000000000000000000100000.\h_wires[786]' from process `$paramod\systolic_block\N=s32'00000000000000000000000000100000.$proc$/openlane/designs/Tensor/src/systolic_block.v:0$12298'.
No latch inferred for signal `$paramod\systolic_block\N=s32'00000000000000000000000000100000.\h_wires[787]' from process `$paramod\systolic_block\N=s32'00000000000000000000000000100000.$proc$/openlane/designs/Tensor/src/systolic_block.v:0$12298'.
No latch inferred for signal `$paramod\systolic_block\N=s32'00000000000000000000000000100000.\h_wires[788]' from process `$paramod\systolic_block\N=s32'00000000000000000000000000100000.$proc$/openlane/designs/Tensor/src/systolic_block.v:0$12298'.
No latch inferred for signal `$paramod\systolic_block\N=s32'00000000000000000000000000100000.\h_wires[789]' from process `$paramod\systolic_block\N=s32'00000000000000000000000000100000.$proc$/openlane/designs/Tensor/src/systolic_block.v:0$12298'.
No latch inferred for signal `$paramod\systolic_block\N=s32'00000000000000000000000000100000.\h_wires[790]' from process `$paramod\systolic_block\N=s32'00000000000000000000000000100000.$proc$/openlane/designs/Tensor/src/systolic_block.v:0$12298'.
No latch inferred for signal `$paramod\systolic_block\N=s32'00000000000000000000000000100000.\h_wires[791]' from process `$paramod\systolic_block\N=s32'00000000000000000000000000100000.$proc$/openlane/designs/Tensor/src/systolic_block.v:0$12298'.
No latch inferred for signal `$paramod\systolic_block\N=s32'00000000000000000000000000100000.\h_wires[792]' from process `$paramod\systolic_block\N=s32'00000000000000000000000000100000.$proc$/openlane/designs/Tensor/src/systolic_block.v:0$12298'.
No latch inferred for signal `$paramod\systolic_block\N=s32'00000000000000000000000000100000.\h_wires[793]' from process `$paramod\systolic_block\N=s32'00000000000000000000000000100000.$proc$/openlane/designs/Tensor/src/systolic_block.v:0$12298'.
No latch inferred for signal `$paramod\systolic_block\N=s32'00000000000000000000000000100000.\h_wires[794]' from process `$paramod\systolic_block\N=s32'00000000000000000000000000100000.$proc$/openlane/designs/Tensor/src/systolic_block.v:0$12298'.
No latch inferred for signal `$paramod\systolic_block\N=s32'00000000000000000000000000100000.\h_wires[795]' from process `$paramod\systolic_block\N=s32'00000000000000000000000000100000.$proc$/openlane/designs/Tensor/src/systolic_block.v:0$12298'.
No latch inferred for signal `$paramod\systolic_block\N=s32'00000000000000000000000000100000.\h_wires[796]' from process `$paramod\systolic_block\N=s32'00000000000000000000000000100000.$proc$/openlane/designs/Tensor/src/systolic_block.v:0$12298'.
No latch inferred for signal `$paramod\systolic_block\N=s32'00000000000000000000000000100000.\h_wires[797]' from process `$paramod\systolic_block\N=s32'00000000000000000000000000100000.$proc$/openlane/designs/Tensor/src/systolic_block.v:0$12298'.
No latch inferred for signal `$paramod\systolic_block\N=s32'00000000000000000000000000100000.\h_wires[798]' from process `$paramod\systolic_block\N=s32'00000000000000000000000000100000.$proc$/openlane/designs/Tensor/src/systolic_block.v:0$12298'.
No latch inferred for signal `$paramod\systolic_block\N=s32'00000000000000000000000000100000.\h_wires[799]' from process `$paramod\systolic_block\N=s32'00000000000000000000000000100000.$proc$/openlane/designs/Tensor/src/systolic_block.v:0$12298'.
No latch inferred for signal `$paramod\systolic_block\N=s32'00000000000000000000000000100000.\h_wires[800]' from process `$paramod\systolic_block\N=s32'00000000000000000000000000100000.$proc$/openlane/designs/Tensor/src/systolic_block.v:0$12298'.
No latch inferred for signal `$paramod\systolic_block\N=s32'00000000000000000000000000100000.\h_wires[801]' from process `$paramod\systolic_block\N=s32'00000000000000000000000000100000.$proc$/openlane/designs/Tensor/src/systolic_block.v:0$12298'.
No latch inferred for signal `$paramod\systolic_block\N=s32'00000000000000000000000000100000.\h_wires[802]' from process `$paramod\systolic_block\N=s32'00000000000000000000000000100000.$proc$/openlane/designs/Tensor/src/systolic_block.v:0$12298'.
No latch inferred for signal `$paramod\systolic_block\N=s32'00000000000000000000000000100000.\h_wires[803]' from process `$paramod\systolic_block\N=s32'00000000000000000000000000100000.$proc$/openlane/designs/Tensor/src/systolic_block.v:0$12298'.
No latch inferred for signal `$paramod\systolic_block\N=s32'00000000000000000000000000100000.\h_wires[804]' from process `$paramod\systolic_block\N=s32'00000000000000000000000000100000.$proc$/openlane/designs/Tensor/src/systolic_block.v:0$12298'.
No latch inferred for signal `$paramod\systolic_block\N=s32'00000000000000000000000000100000.\h_wires[805]' from process `$paramod\systolic_block\N=s32'00000000000000000000000000100000.$proc$/openlane/designs/Tensor/src/systolic_block.v:0$12298'.
No latch inferred for signal `$paramod\systolic_block\N=s32'00000000000000000000000000100000.\h_wires[806]' from process `$paramod\systolic_block\N=s32'00000000000000000000000000100000.$proc$/openlane/designs/Tensor/src/systolic_block.v:0$12298'.
No latch inferred for signal `$paramod\systolic_block\N=s32'00000000000000000000000000100000.\h_wires[807]' from process `$paramod\systolic_block\N=s32'00000000000000000000000000100000.$proc$/openlane/designs/Tensor/src/systolic_block.v:0$12298'.
No latch inferred for signal `$paramod\systolic_block\N=s32'00000000000000000000000000100000.\h_wires[808]' from process `$paramod\systolic_block\N=s32'00000000000000000000000000100000.$proc$/openlane/designs/Tensor/src/systolic_block.v:0$12298'.
No latch inferred for signal `$paramod\systolic_block\N=s32'00000000000000000000000000100000.\h_wires[809]' from process `$paramod\systolic_block\N=s32'00000000000000000000000000100000.$proc$/openlane/designs/Tensor/src/systolic_block.v:0$12298'.
No latch inferred for signal `$paramod\systolic_block\N=s32'00000000000000000000000000100000.\h_wires[810]' from process `$paramod\systolic_block\N=s32'00000000000000000000000000100000.$proc$/openlane/designs/Tensor/src/systolic_block.v:0$12298'.
No latch inferred for signal `$paramod\systolic_block\N=s32'00000000000000000000000000100000.\h_wires[811]' from process `$paramod\systolic_block\N=s32'00000000000000000000000000100000.$proc$/openlane/designs/Tensor/src/systolic_block.v:0$12298'.
No latch inferred for signal `$paramod\systolic_block\N=s32'00000000000000000000000000100000.\h_wires[812]' from process `$paramod\systolic_block\N=s32'00000000000000000000000000100000.$proc$/openlane/designs/Tensor/src/systolic_block.v:0$12298'.
No latch inferred for signal `$paramod\systolic_block\N=s32'00000000000000000000000000100000.\h_wires[813]' from process `$paramod\systolic_block\N=s32'00000000000000000000000000100000.$proc$/openlane/designs/Tensor/src/systolic_block.v:0$12298'.
No latch inferred for signal `$paramod\systolic_block\N=s32'00000000000000000000000000100000.\h_wires[814]' from process `$paramod\systolic_block\N=s32'00000000000000000000000000100000.$proc$/openlane/designs/Tensor/src/systolic_block.v:0$12298'.
No latch inferred for signal `$paramod\systolic_block\N=s32'00000000000000000000000000100000.\h_wires[815]' from process `$paramod\systolic_block\N=s32'00000000000000000000000000100000.$proc$/openlane/designs/Tensor/src/systolic_block.v:0$12298'.
No latch inferred for signal `$paramod\systolic_block\N=s32'00000000000000000000000000100000.\h_wires[816]' from process `$paramod\systolic_block\N=s32'00000000000000000000000000100000.$proc$/openlane/designs/Tensor/src/systolic_block.v:0$12298'.
No latch inferred for signal `$paramod\systolic_block\N=s32'00000000000000000000000000100000.\h_wires[817]' from process `$paramod\systolic_block\N=s32'00000000000000000000000000100000.$proc$/openlane/designs/Tensor/src/systolic_block.v:0$12298'.
No latch inferred for signal `$paramod\systolic_block\N=s32'00000000000000000000000000100000.\h_wires[818]' from process `$paramod\systolic_block\N=s32'00000000000000000000000000100000.$proc$/openlane/designs/Tensor/src/systolic_block.v:0$12298'.
No latch inferred for signal `$paramod\systolic_block\N=s32'00000000000000000000000000100000.\h_wires[819]' from process `$paramod\systolic_block\N=s32'00000000000000000000000000100000.$proc$/openlane/designs/Tensor/src/systolic_block.v:0$12298'.
No latch inferred for signal `$paramod\systolic_block\N=s32'00000000000000000000000000100000.\h_wires[820]' from process `$paramod\systolic_block\N=s32'00000000000000000000000000100000.$proc$/openlane/designs/Tensor/src/systolic_block.v:0$12298'.
No latch inferred for signal `$paramod\systolic_block\N=s32'00000000000000000000000000100000.\h_wires[821]' from process `$paramod\systolic_block\N=s32'00000000000000000000000000100000.$proc$/openlane/designs/Tensor/src/systolic_block.v:0$12298'.
No latch inferred for signal `$paramod\systolic_block\N=s32'00000000000000000000000000100000.\h_wires[822]' from process `$paramod\systolic_block\N=s32'00000000000000000000000000100000.$proc$/openlane/designs/Tensor/src/systolic_block.v:0$12298'.
No latch inferred for signal `$paramod\systolic_block\N=s32'00000000000000000000000000100000.\h_wires[823]' from process `$paramod\systolic_block\N=s32'00000000000000000000000000100000.$proc$/openlane/designs/Tensor/src/systolic_block.v:0$12298'.
No latch inferred for signal `$paramod\systolic_block\N=s32'00000000000000000000000000100000.\h_wires[824]' from process `$paramod\systolic_block\N=s32'00000000000000000000000000100000.$proc$/openlane/designs/Tensor/src/systolic_block.v:0$12298'.
No latch inferred for signal `$paramod\systolic_block\N=s32'00000000000000000000000000100000.\h_wires[825]' from process `$paramod\systolic_block\N=s32'00000000000000000000000000100000.$proc$/openlane/designs/Tensor/src/systolic_block.v:0$12298'.
No latch inferred for signal `$paramod\systolic_block\N=s32'00000000000000000000000000100000.\h_wires[826]' from process `$paramod\systolic_block\N=s32'00000000000000000000000000100000.$proc$/openlane/designs/Tensor/src/systolic_block.v:0$12298'.
No latch inferred for signal `$paramod\systolic_block\N=s32'00000000000000000000000000100000.\h_wires[827]' from process `$paramod\systolic_block\N=s32'00000000000000000000000000100000.$proc$/openlane/designs/Tensor/src/systolic_block.v:0$12298'.
No latch inferred for signal `$paramod\systolic_block\N=s32'00000000000000000000000000100000.\h_wires[828]' from process `$paramod\systolic_block\N=s32'00000000000000000000000000100000.$proc$/openlane/designs/Tensor/src/systolic_block.v:0$12298'.
No latch inferred for signal `$paramod\systolic_block\N=s32'00000000000000000000000000100000.\h_wires[829]' from process `$paramod\systolic_block\N=s32'00000000000000000000000000100000.$proc$/openlane/designs/Tensor/src/systolic_block.v:0$12298'.
No latch inferred for signal `$paramod\systolic_block\N=s32'00000000000000000000000000100000.\h_wires[830]' from process `$paramod\systolic_block\N=s32'00000000000000000000000000100000.$proc$/openlane/designs/Tensor/src/systolic_block.v:0$12298'.
No latch inferred for signal `$paramod\systolic_block\N=s32'00000000000000000000000000100000.\h_wires[831]' from process `$paramod\systolic_block\N=s32'00000000000000000000000000100000.$proc$/openlane/designs/Tensor/src/systolic_block.v:0$12298'.
No latch inferred for signal `$paramod\systolic_block\N=s32'00000000000000000000000000100000.\h_wires[832]' from process `$paramod\systolic_block\N=s32'00000000000000000000000000100000.$proc$/openlane/designs/Tensor/src/systolic_block.v:0$12298'.
No latch inferred for signal `$paramod\systolic_block\N=s32'00000000000000000000000000100000.\h_wires[833]' from process `$paramod\systolic_block\N=s32'00000000000000000000000000100000.$proc$/openlane/designs/Tensor/src/systolic_block.v:0$12298'.
No latch inferred for signal `$paramod\systolic_block\N=s32'00000000000000000000000000100000.\h_wires[834]' from process `$paramod\systolic_block\N=s32'00000000000000000000000000100000.$proc$/openlane/designs/Tensor/src/systolic_block.v:0$12298'.
No latch inferred for signal `$paramod\systolic_block\N=s32'00000000000000000000000000100000.\h_wires[835]' from process `$paramod\systolic_block\N=s32'00000000000000000000000000100000.$proc$/openlane/designs/Tensor/src/systolic_block.v:0$12298'.
No latch inferred for signal `$paramod\systolic_block\N=s32'00000000000000000000000000100000.\h_wires[836]' from process `$paramod\systolic_block\N=s32'00000000000000000000000000100000.$proc$/openlane/designs/Tensor/src/systolic_block.v:0$12298'.
No latch inferred for signal `$paramod\systolic_block\N=s32'00000000000000000000000000100000.\h_wires[837]' from process `$paramod\systolic_block\N=s32'00000000000000000000000000100000.$proc$/openlane/designs/Tensor/src/systolic_block.v:0$12298'.
No latch inferred for signal `$paramod\systolic_block\N=s32'00000000000000000000000000100000.\h_wires[838]' from process `$paramod\systolic_block\N=s32'00000000000000000000000000100000.$proc$/openlane/designs/Tensor/src/systolic_block.v:0$12298'.
No latch inferred for signal `$paramod\systolic_block\N=s32'00000000000000000000000000100000.\h_wires[839]' from process `$paramod\systolic_block\N=s32'00000000000000000000000000100000.$proc$/openlane/designs/Tensor/src/systolic_block.v:0$12298'.
No latch inferred for signal `$paramod\systolic_block\N=s32'00000000000000000000000000100000.\h_wires[840]' from process `$paramod\systolic_block\N=s32'00000000000000000000000000100000.$proc$/openlane/designs/Tensor/src/systolic_block.v:0$12298'.
No latch inferred for signal `$paramod\systolic_block\N=s32'00000000000000000000000000100000.\h_wires[841]' from process `$paramod\systolic_block\N=s32'00000000000000000000000000100000.$proc$/openlane/designs/Tensor/src/systolic_block.v:0$12298'.
No latch inferred for signal `$paramod\systolic_block\N=s32'00000000000000000000000000100000.\h_wires[842]' from process `$paramod\systolic_block\N=s32'00000000000000000000000000100000.$proc$/openlane/designs/Tensor/src/systolic_block.v:0$12298'.
No latch inferred for signal `$paramod\systolic_block\N=s32'00000000000000000000000000100000.\h_wires[843]' from process `$paramod\systolic_block\N=s32'00000000000000000000000000100000.$proc$/openlane/designs/Tensor/src/systolic_block.v:0$12298'.
No latch inferred for signal `$paramod\systolic_block\N=s32'00000000000000000000000000100000.\h_wires[844]' from process `$paramod\systolic_block\N=s32'00000000000000000000000000100000.$proc$/openlane/designs/Tensor/src/systolic_block.v:0$12298'.
No latch inferred for signal `$paramod\systolic_block\N=s32'00000000000000000000000000100000.\h_wires[845]' from process `$paramod\systolic_block\N=s32'00000000000000000000000000100000.$proc$/openlane/designs/Tensor/src/systolic_block.v:0$12298'.
No latch inferred for signal `$paramod\systolic_block\N=s32'00000000000000000000000000100000.\h_wires[846]' from process `$paramod\systolic_block\N=s32'00000000000000000000000000100000.$proc$/openlane/designs/Tensor/src/systolic_block.v:0$12298'.
No latch inferred for signal `$paramod\systolic_block\N=s32'00000000000000000000000000100000.\h_wires[847]' from process `$paramod\systolic_block\N=s32'00000000000000000000000000100000.$proc$/openlane/designs/Tensor/src/systolic_block.v:0$12298'.
No latch inferred for signal `$paramod\systolic_block\N=s32'00000000000000000000000000100000.\h_wires[848]' from process `$paramod\systolic_block\N=s32'00000000000000000000000000100000.$proc$/openlane/designs/Tensor/src/systolic_block.v:0$12298'.
No latch inferred for signal `$paramod\systolic_block\N=s32'00000000000000000000000000100000.\h_wires[849]' from process `$paramod\systolic_block\N=s32'00000000000000000000000000100000.$proc$/openlane/designs/Tensor/src/systolic_block.v:0$12298'.
No latch inferred for signal `$paramod\systolic_block\N=s32'00000000000000000000000000100000.\h_wires[850]' from process `$paramod\systolic_block\N=s32'00000000000000000000000000100000.$proc$/openlane/designs/Tensor/src/systolic_block.v:0$12298'.
No latch inferred for signal `$paramod\systolic_block\N=s32'00000000000000000000000000100000.\h_wires[851]' from process `$paramod\systolic_block\N=s32'00000000000000000000000000100000.$proc$/openlane/designs/Tensor/src/systolic_block.v:0$12298'.
No latch inferred for signal `$paramod\systolic_block\N=s32'00000000000000000000000000100000.\h_wires[852]' from process `$paramod\systolic_block\N=s32'00000000000000000000000000100000.$proc$/openlane/designs/Tensor/src/systolic_block.v:0$12298'.
No latch inferred for signal `$paramod\systolic_block\N=s32'00000000000000000000000000100000.\h_wires[853]' from process `$paramod\systolic_block\N=s32'00000000000000000000000000100000.$proc$/openlane/designs/Tensor/src/systolic_block.v:0$12298'.
No latch inferred for signal `$paramod\systolic_block\N=s32'00000000000000000000000000100000.\h_wires[854]' from process `$paramod\systolic_block\N=s32'00000000000000000000000000100000.$proc$/openlane/designs/Tensor/src/systolic_block.v:0$12298'.
No latch inferred for signal `$paramod\systolic_block\N=s32'00000000000000000000000000100000.\h_wires[855]' from process `$paramod\systolic_block\N=s32'00000000000000000000000000100000.$proc$/openlane/designs/Tensor/src/systolic_block.v:0$12298'.
No latch inferred for signal `$paramod\systolic_block\N=s32'00000000000000000000000000100000.\h_wires[856]' from process `$paramod\systolic_block\N=s32'00000000000000000000000000100000.$proc$/openlane/designs/Tensor/src/systolic_block.v:0$12298'.
No latch inferred for signal `$paramod\systolic_block\N=s32'00000000000000000000000000100000.\h_wires[857]' from process `$paramod\systolic_block\N=s32'00000000000000000000000000100000.$proc$/openlane/designs/Tensor/src/systolic_block.v:0$12298'.
No latch inferred for signal `$paramod\systolic_block\N=s32'00000000000000000000000000100000.\h_wires[858]' from process `$paramod\systolic_block\N=s32'00000000000000000000000000100000.$proc$/openlane/designs/Tensor/src/systolic_block.v:0$12298'.
No latch inferred for signal `$paramod\systolic_block\N=s32'00000000000000000000000000100000.\h_wires[859]' from process `$paramod\systolic_block\N=s32'00000000000000000000000000100000.$proc$/openlane/designs/Tensor/src/systolic_block.v:0$12298'.
No latch inferred for signal `$paramod\systolic_block\N=s32'00000000000000000000000000100000.\h_wires[860]' from process `$paramod\systolic_block\N=s32'00000000000000000000000000100000.$proc$/openlane/designs/Tensor/src/systolic_block.v:0$12298'.
No latch inferred for signal `$paramod\systolic_block\N=s32'00000000000000000000000000100000.\h_wires[861]' from process `$paramod\systolic_block\N=s32'00000000000000000000000000100000.$proc$/openlane/designs/Tensor/src/systolic_block.v:0$12298'.
No latch inferred for signal `$paramod\systolic_block\N=s32'00000000000000000000000000100000.\h_wires[862]' from process `$paramod\systolic_block\N=s32'00000000000000000000000000100000.$proc$/openlane/designs/Tensor/src/systolic_block.v:0$12298'.
No latch inferred for signal `$paramod\systolic_block\N=s32'00000000000000000000000000100000.\h_wires[863]' from process `$paramod\systolic_block\N=s32'00000000000000000000000000100000.$proc$/openlane/designs/Tensor/src/systolic_block.v:0$12298'.
No latch inferred for signal `$paramod\systolic_block\N=s32'00000000000000000000000000100000.\h_wires[864]' from process `$paramod\systolic_block\N=s32'00000000000000000000000000100000.$proc$/openlane/designs/Tensor/src/systolic_block.v:0$12298'.
No latch inferred for signal `$paramod\systolic_block\N=s32'00000000000000000000000000100000.\h_wires[865]' from process `$paramod\systolic_block\N=s32'00000000000000000000000000100000.$proc$/openlane/designs/Tensor/src/systolic_block.v:0$12298'.
No latch inferred for signal `$paramod\systolic_block\N=s32'00000000000000000000000000100000.\h_wires[866]' from process `$paramod\systolic_block\N=s32'00000000000000000000000000100000.$proc$/openlane/designs/Tensor/src/systolic_block.v:0$12298'.
No latch inferred for signal `$paramod\systolic_block\N=s32'00000000000000000000000000100000.\h_wires[867]' from process `$paramod\systolic_block\N=s32'00000000000000000000000000100000.$proc$/openlane/designs/Tensor/src/systolic_block.v:0$12298'.
No latch inferred for signal `$paramod\systolic_block\N=s32'00000000000000000000000000100000.\h_wires[868]' from process `$paramod\systolic_block\N=s32'00000000000000000000000000100000.$proc$/openlane/designs/Tensor/src/systolic_block.v:0$12298'.
No latch inferred for signal `$paramod\systolic_block\N=s32'00000000000000000000000000100000.\h_wires[869]' from process `$paramod\systolic_block\N=s32'00000000000000000000000000100000.$proc$/openlane/designs/Tensor/src/systolic_block.v:0$12298'.
No latch inferred for signal `$paramod\systolic_block\N=s32'00000000000000000000000000100000.\h_wires[870]' from process `$paramod\systolic_block\N=s32'00000000000000000000000000100000.$proc$/openlane/designs/Tensor/src/systolic_block.v:0$12298'.
No latch inferred for signal `$paramod\systolic_block\N=s32'00000000000000000000000000100000.\h_wires[871]' from process `$paramod\systolic_block\N=s32'00000000000000000000000000100000.$proc$/openlane/designs/Tensor/src/systolic_block.v:0$12298'.
No latch inferred for signal `$paramod\systolic_block\N=s32'00000000000000000000000000100000.\h_wires[872]' from process `$paramod\systolic_block\N=s32'00000000000000000000000000100000.$proc$/openlane/designs/Tensor/src/systolic_block.v:0$12298'.
No latch inferred for signal `$paramod\systolic_block\N=s32'00000000000000000000000000100000.\h_wires[873]' from process `$paramod\systolic_block\N=s32'00000000000000000000000000100000.$proc$/openlane/designs/Tensor/src/systolic_block.v:0$12298'.
No latch inferred for signal `$paramod\systolic_block\N=s32'00000000000000000000000000100000.\h_wires[874]' from process `$paramod\systolic_block\N=s32'00000000000000000000000000100000.$proc$/openlane/designs/Tensor/src/systolic_block.v:0$12298'.
No latch inferred for signal `$paramod\systolic_block\N=s32'00000000000000000000000000100000.\h_wires[875]' from process `$paramod\systolic_block\N=s32'00000000000000000000000000100000.$proc$/openlane/designs/Tensor/src/systolic_block.v:0$12298'.
No latch inferred for signal `$paramod\systolic_block\N=s32'00000000000000000000000000100000.\h_wires[876]' from process `$paramod\systolic_block\N=s32'00000000000000000000000000100000.$proc$/openlane/designs/Tensor/src/systolic_block.v:0$12298'.
No latch inferred for signal `$paramod\systolic_block\N=s32'00000000000000000000000000100000.\h_wires[877]' from process `$paramod\systolic_block\N=s32'00000000000000000000000000100000.$proc$/openlane/designs/Tensor/src/systolic_block.v:0$12298'.
No latch inferred for signal `$paramod\systolic_block\N=s32'00000000000000000000000000100000.\h_wires[878]' from process `$paramod\systolic_block\N=s32'00000000000000000000000000100000.$proc$/openlane/designs/Tensor/src/systolic_block.v:0$12298'.
No latch inferred for signal `$paramod\systolic_block\N=s32'00000000000000000000000000100000.\h_wires[879]' from process `$paramod\systolic_block\N=s32'00000000000000000000000000100000.$proc$/openlane/designs/Tensor/src/systolic_block.v:0$12298'.
No latch inferred for signal `$paramod\systolic_block\N=s32'00000000000000000000000000100000.\h_wires[880]' from process `$paramod\systolic_block\N=s32'00000000000000000000000000100000.$proc$/openlane/designs/Tensor/src/systolic_block.v:0$12298'.
No latch inferred for signal `$paramod\systolic_block\N=s32'00000000000000000000000000100000.\h_wires[881]' from process `$paramod\systolic_block\N=s32'00000000000000000000000000100000.$proc$/openlane/designs/Tensor/src/systolic_block.v:0$12298'.
No latch inferred for signal `$paramod\systolic_block\N=s32'00000000000000000000000000100000.\h_wires[882]' from process `$paramod\systolic_block\N=s32'00000000000000000000000000100000.$proc$/openlane/designs/Tensor/src/systolic_block.v:0$12298'.
No latch inferred for signal `$paramod\systolic_block\N=s32'00000000000000000000000000100000.\h_wires[883]' from process `$paramod\systolic_block\N=s32'00000000000000000000000000100000.$proc$/openlane/designs/Tensor/src/systolic_block.v:0$12298'.
No latch inferred for signal `$paramod\systolic_block\N=s32'00000000000000000000000000100000.\h_wires[884]' from process `$paramod\systolic_block\N=s32'00000000000000000000000000100000.$proc$/openlane/designs/Tensor/src/systolic_block.v:0$12298'.
No latch inferred for signal `$paramod\systolic_block\N=s32'00000000000000000000000000100000.\h_wires[885]' from process `$paramod\systolic_block\N=s32'00000000000000000000000000100000.$proc$/openlane/designs/Tensor/src/systolic_block.v:0$12298'.
No latch inferred for signal `$paramod\systolic_block\N=s32'00000000000000000000000000100000.\h_wires[886]' from process `$paramod\systolic_block\N=s32'00000000000000000000000000100000.$proc$/openlane/designs/Tensor/src/systolic_block.v:0$12298'.
No latch inferred for signal `$paramod\systolic_block\N=s32'00000000000000000000000000100000.\h_wires[887]' from process `$paramod\systolic_block\N=s32'00000000000000000000000000100000.$proc$/openlane/designs/Tensor/src/systolic_block.v:0$12298'.
No latch inferred for signal `$paramod\systolic_block\N=s32'00000000000000000000000000100000.\h_wires[888]' from process `$paramod\systolic_block\N=s32'00000000000000000000000000100000.$proc$/openlane/designs/Tensor/src/systolic_block.v:0$12298'.
No latch inferred for signal `$paramod\systolic_block\N=s32'00000000000000000000000000100000.\h_wires[889]' from process `$paramod\systolic_block\N=s32'00000000000000000000000000100000.$proc$/openlane/designs/Tensor/src/systolic_block.v:0$12298'.
No latch inferred for signal `$paramod\systolic_block\N=s32'00000000000000000000000000100000.\h_wires[890]' from process `$paramod\systolic_block\N=s32'00000000000000000000000000100000.$proc$/openlane/designs/Tensor/src/systolic_block.v:0$12298'.
No latch inferred for signal `$paramod\systolic_block\N=s32'00000000000000000000000000100000.\h_wires[891]' from process `$paramod\systolic_block\N=s32'00000000000000000000000000100000.$proc$/openlane/designs/Tensor/src/systolic_block.v:0$12298'.
No latch inferred for signal `$paramod\systolic_block\N=s32'00000000000000000000000000100000.\h_wires[892]' from process `$paramod\systolic_block\N=s32'00000000000000000000000000100000.$proc$/openlane/designs/Tensor/src/systolic_block.v:0$12298'.
No latch inferred for signal `$paramod\systolic_block\N=s32'00000000000000000000000000100000.\h_wires[893]' from process `$paramod\systolic_block\N=s32'00000000000000000000000000100000.$proc$/openlane/designs/Tensor/src/systolic_block.v:0$12298'.
No latch inferred for signal `$paramod\systolic_block\N=s32'00000000000000000000000000100000.\h_wires[894]' from process `$paramod\systolic_block\N=s32'00000000000000000000000000100000.$proc$/openlane/designs/Tensor/src/systolic_block.v:0$12298'.
No latch inferred for signal `$paramod\systolic_block\N=s32'00000000000000000000000000100000.\h_wires[895]' from process `$paramod\systolic_block\N=s32'00000000000000000000000000100000.$proc$/openlane/designs/Tensor/src/systolic_block.v:0$12298'.
No latch inferred for signal `$paramod\systolic_block\N=s32'00000000000000000000000000100000.\h_wires[896]' from process `$paramod\systolic_block\N=s32'00000000000000000000000000100000.$proc$/openlane/designs/Tensor/src/systolic_block.v:0$12298'.
No latch inferred for signal `$paramod\systolic_block\N=s32'00000000000000000000000000100000.\h_wires[897]' from process `$paramod\systolic_block\N=s32'00000000000000000000000000100000.$proc$/openlane/designs/Tensor/src/systolic_block.v:0$12298'.
No latch inferred for signal `$paramod\systolic_block\N=s32'00000000000000000000000000100000.\h_wires[898]' from process `$paramod\systolic_block\N=s32'00000000000000000000000000100000.$proc$/openlane/designs/Tensor/src/systolic_block.v:0$12298'.
No latch inferred for signal `$paramod\systolic_block\N=s32'00000000000000000000000000100000.\h_wires[899]' from process `$paramod\systolic_block\N=s32'00000000000000000000000000100000.$proc$/openlane/designs/Tensor/src/systolic_block.v:0$12298'.
No latch inferred for signal `$paramod\systolic_block\N=s32'00000000000000000000000000100000.\h_wires[900]' from process `$paramod\systolic_block\N=s32'00000000000000000000000000100000.$proc$/openlane/designs/Tensor/src/systolic_block.v:0$12298'.
No latch inferred for signal `$paramod\systolic_block\N=s32'00000000000000000000000000100000.\h_wires[901]' from process `$paramod\systolic_block\N=s32'00000000000000000000000000100000.$proc$/openlane/designs/Tensor/src/systolic_block.v:0$12298'.
No latch inferred for signal `$paramod\systolic_block\N=s32'00000000000000000000000000100000.\h_wires[902]' from process `$paramod\systolic_block\N=s32'00000000000000000000000000100000.$proc$/openlane/designs/Tensor/src/systolic_block.v:0$12298'.
No latch inferred for signal `$paramod\systolic_block\N=s32'00000000000000000000000000100000.\h_wires[903]' from process `$paramod\systolic_block\N=s32'00000000000000000000000000100000.$proc$/openlane/designs/Tensor/src/systolic_block.v:0$12298'.
No latch inferred for signal `$paramod\systolic_block\N=s32'00000000000000000000000000100000.\h_wires[904]' from process `$paramod\systolic_block\N=s32'00000000000000000000000000100000.$proc$/openlane/designs/Tensor/src/systolic_block.v:0$12298'.
No latch inferred for signal `$paramod\systolic_block\N=s32'00000000000000000000000000100000.\h_wires[905]' from process `$paramod\systolic_block\N=s32'00000000000000000000000000100000.$proc$/openlane/designs/Tensor/src/systolic_block.v:0$12298'.
No latch inferred for signal `$paramod\systolic_block\N=s32'00000000000000000000000000100000.\h_wires[906]' from process `$paramod\systolic_block\N=s32'00000000000000000000000000100000.$proc$/openlane/designs/Tensor/src/systolic_block.v:0$12298'.
No latch inferred for signal `$paramod\systolic_block\N=s32'00000000000000000000000000100000.\h_wires[907]' from process `$paramod\systolic_block\N=s32'00000000000000000000000000100000.$proc$/openlane/designs/Tensor/src/systolic_block.v:0$12298'.
No latch inferred for signal `$paramod\systolic_block\N=s32'00000000000000000000000000100000.\h_wires[908]' from process `$paramod\systolic_block\N=s32'00000000000000000000000000100000.$proc$/openlane/designs/Tensor/src/systolic_block.v:0$12298'.
No latch inferred for signal `$paramod\systolic_block\N=s32'00000000000000000000000000100000.\h_wires[909]' from process `$paramod\systolic_block\N=s32'00000000000000000000000000100000.$proc$/openlane/designs/Tensor/src/systolic_block.v:0$12298'.
No latch inferred for signal `$paramod\systolic_block\N=s32'00000000000000000000000000100000.\h_wires[910]' from process `$paramod\systolic_block\N=s32'00000000000000000000000000100000.$proc$/openlane/designs/Tensor/src/systolic_block.v:0$12298'.
No latch inferred for signal `$paramod\systolic_block\N=s32'00000000000000000000000000100000.\h_wires[911]' from process `$paramod\systolic_block\N=s32'00000000000000000000000000100000.$proc$/openlane/designs/Tensor/src/systolic_block.v:0$12298'.
No latch inferred for signal `$paramod\systolic_block\N=s32'00000000000000000000000000100000.\h_wires[912]' from process `$paramod\systolic_block\N=s32'00000000000000000000000000100000.$proc$/openlane/designs/Tensor/src/systolic_block.v:0$12298'.
No latch inferred for signal `$paramod\systolic_block\N=s32'00000000000000000000000000100000.\h_wires[913]' from process `$paramod\systolic_block\N=s32'00000000000000000000000000100000.$proc$/openlane/designs/Tensor/src/systolic_block.v:0$12298'.
No latch inferred for signal `$paramod\systolic_block\N=s32'00000000000000000000000000100000.\h_wires[914]' from process `$paramod\systolic_block\N=s32'00000000000000000000000000100000.$proc$/openlane/designs/Tensor/src/systolic_block.v:0$12298'.
No latch inferred for signal `$paramod\systolic_block\N=s32'00000000000000000000000000100000.\h_wires[915]' from process `$paramod\systolic_block\N=s32'00000000000000000000000000100000.$proc$/openlane/designs/Tensor/src/systolic_block.v:0$12298'.
No latch inferred for signal `$paramod\systolic_block\N=s32'00000000000000000000000000100000.\h_wires[916]' from process `$paramod\systolic_block\N=s32'00000000000000000000000000100000.$proc$/openlane/designs/Tensor/src/systolic_block.v:0$12298'.
No latch inferred for signal `$paramod\systolic_block\N=s32'00000000000000000000000000100000.\h_wires[917]' from process `$paramod\systolic_block\N=s32'00000000000000000000000000100000.$proc$/openlane/designs/Tensor/src/systolic_block.v:0$12298'.
No latch inferred for signal `$paramod\systolic_block\N=s32'00000000000000000000000000100000.\h_wires[918]' from process `$paramod\systolic_block\N=s32'00000000000000000000000000100000.$proc$/openlane/designs/Tensor/src/systolic_block.v:0$12298'.
No latch inferred for signal `$paramod\systolic_block\N=s32'00000000000000000000000000100000.\h_wires[919]' from process `$paramod\systolic_block\N=s32'00000000000000000000000000100000.$proc$/openlane/designs/Tensor/src/systolic_block.v:0$12298'.
No latch inferred for signal `$paramod\systolic_block\N=s32'00000000000000000000000000100000.\h_wires[920]' from process `$paramod\systolic_block\N=s32'00000000000000000000000000100000.$proc$/openlane/designs/Tensor/src/systolic_block.v:0$12298'.
No latch inferred for signal `$paramod\systolic_block\N=s32'00000000000000000000000000100000.\h_wires[921]' from process `$paramod\systolic_block\N=s32'00000000000000000000000000100000.$proc$/openlane/designs/Tensor/src/systolic_block.v:0$12298'.
No latch inferred for signal `$paramod\systolic_block\N=s32'00000000000000000000000000100000.\h_wires[922]' from process `$paramod\systolic_block\N=s32'00000000000000000000000000100000.$proc$/openlane/designs/Tensor/src/systolic_block.v:0$12298'.
No latch inferred for signal `$paramod\systolic_block\N=s32'00000000000000000000000000100000.\h_wires[923]' from process `$paramod\systolic_block\N=s32'00000000000000000000000000100000.$proc$/openlane/designs/Tensor/src/systolic_block.v:0$12298'.
No latch inferred for signal `$paramod\systolic_block\N=s32'00000000000000000000000000100000.\h_wires[924]' from process `$paramod\systolic_block\N=s32'00000000000000000000000000100000.$proc$/openlane/designs/Tensor/src/systolic_block.v:0$12298'.
No latch inferred for signal `$paramod\systolic_block\N=s32'00000000000000000000000000100000.\h_wires[925]' from process `$paramod\systolic_block\N=s32'00000000000000000000000000100000.$proc$/openlane/designs/Tensor/src/systolic_block.v:0$12298'.
No latch inferred for signal `$paramod\systolic_block\N=s32'00000000000000000000000000100000.\h_wires[926]' from process `$paramod\systolic_block\N=s32'00000000000000000000000000100000.$proc$/openlane/designs/Tensor/src/systolic_block.v:0$12298'.
No latch inferred for signal `$paramod\systolic_block\N=s32'00000000000000000000000000100000.\h_wires[927]' from process `$paramod\systolic_block\N=s32'00000000000000000000000000100000.$proc$/openlane/designs/Tensor/src/systolic_block.v:0$12298'.
No latch inferred for signal `$paramod\systolic_block\N=s32'00000000000000000000000000100000.\h_wires[928]' from process `$paramod\systolic_block\N=s32'00000000000000000000000000100000.$proc$/openlane/designs/Tensor/src/systolic_block.v:0$12298'.
No latch inferred for signal `$paramod\systolic_block\N=s32'00000000000000000000000000100000.\h_wires[929]' from process `$paramod\systolic_block\N=s32'00000000000000000000000000100000.$proc$/openlane/designs/Tensor/src/systolic_block.v:0$12298'.
No latch inferred for signal `$paramod\systolic_block\N=s32'00000000000000000000000000100000.\h_wires[930]' from process `$paramod\systolic_block\N=s32'00000000000000000000000000100000.$proc$/openlane/designs/Tensor/src/systolic_block.v:0$12298'.
No latch inferred for signal `$paramod\systolic_block\N=s32'00000000000000000000000000100000.\h_wires[931]' from process `$paramod\systolic_block\N=s32'00000000000000000000000000100000.$proc$/openlane/designs/Tensor/src/systolic_block.v:0$12298'.
No latch inferred for signal `$paramod\systolic_block\N=s32'00000000000000000000000000100000.\h_wires[932]' from process `$paramod\systolic_block\N=s32'00000000000000000000000000100000.$proc$/openlane/designs/Tensor/src/systolic_block.v:0$12298'.
No latch inferred for signal `$paramod\systolic_block\N=s32'00000000000000000000000000100000.\h_wires[933]' from process `$paramod\systolic_block\N=s32'00000000000000000000000000100000.$proc$/openlane/designs/Tensor/src/systolic_block.v:0$12298'.
No latch inferred for signal `$paramod\systolic_block\N=s32'00000000000000000000000000100000.\h_wires[934]' from process `$paramod\systolic_block\N=s32'00000000000000000000000000100000.$proc$/openlane/designs/Tensor/src/systolic_block.v:0$12298'.
No latch inferred for signal `$paramod\systolic_block\N=s32'00000000000000000000000000100000.\h_wires[935]' from process `$paramod\systolic_block\N=s32'00000000000000000000000000100000.$proc$/openlane/designs/Tensor/src/systolic_block.v:0$12298'.
No latch inferred for signal `$paramod\systolic_block\N=s32'00000000000000000000000000100000.\h_wires[936]' from process `$paramod\systolic_block\N=s32'00000000000000000000000000100000.$proc$/openlane/designs/Tensor/src/systolic_block.v:0$12298'.
No latch inferred for signal `$paramod\systolic_block\N=s32'00000000000000000000000000100000.\h_wires[937]' from process `$paramod\systolic_block\N=s32'00000000000000000000000000100000.$proc$/openlane/designs/Tensor/src/systolic_block.v:0$12298'.
No latch inferred for signal `$paramod\systolic_block\N=s32'00000000000000000000000000100000.\h_wires[938]' from process `$paramod\systolic_block\N=s32'00000000000000000000000000100000.$proc$/openlane/designs/Tensor/src/systolic_block.v:0$12298'.
No latch inferred for signal `$paramod\systolic_block\N=s32'00000000000000000000000000100000.\h_wires[939]' from process `$paramod\systolic_block\N=s32'00000000000000000000000000100000.$proc$/openlane/designs/Tensor/src/systolic_block.v:0$12298'.
No latch inferred for signal `$paramod\systolic_block\N=s32'00000000000000000000000000100000.\h_wires[940]' from process `$paramod\systolic_block\N=s32'00000000000000000000000000100000.$proc$/openlane/designs/Tensor/src/systolic_block.v:0$12298'.
No latch inferred for signal `$paramod\systolic_block\N=s32'00000000000000000000000000100000.\h_wires[941]' from process `$paramod\systolic_block\N=s32'00000000000000000000000000100000.$proc$/openlane/designs/Tensor/src/systolic_block.v:0$12298'.
No latch inferred for signal `$paramod\systolic_block\N=s32'00000000000000000000000000100000.\h_wires[942]' from process `$paramod\systolic_block\N=s32'00000000000000000000000000100000.$proc$/openlane/designs/Tensor/src/systolic_block.v:0$12298'.
No latch inferred for signal `$paramod\systolic_block\N=s32'00000000000000000000000000100000.\h_wires[943]' from process `$paramod\systolic_block\N=s32'00000000000000000000000000100000.$proc$/openlane/designs/Tensor/src/systolic_block.v:0$12298'.
No latch inferred for signal `$paramod\systolic_block\N=s32'00000000000000000000000000100000.\h_wires[944]' from process `$paramod\systolic_block\N=s32'00000000000000000000000000100000.$proc$/openlane/designs/Tensor/src/systolic_block.v:0$12298'.
No latch inferred for signal `$paramod\systolic_block\N=s32'00000000000000000000000000100000.\h_wires[945]' from process `$paramod\systolic_block\N=s32'00000000000000000000000000100000.$proc$/openlane/designs/Tensor/src/systolic_block.v:0$12298'.
No latch inferred for signal `$paramod\systolic_block\N=s32'00000000000000000000000000100000.\h_wires[946]' from process `$paramod\systolic_block\N=s32'00000000000000000000000000100000.$proc$/openlane/designs/Tensor/src/systolic_block.v:0$12298'.
No latch inferred for signal `$paramod\systolic_block\N=s32'00000000000000000000000000100000.\h_wires[947]' from process `$paramod\systolic_block\N=s32'00000000000000000000000000100000.$proc$/openlane/designs/Tensor/src/systolic_block.v:0$12298'.
No latch inferred for signal `$paramod\systolic_block\N=s32'00000000000000000000000000100000.\h_wires[948]' from process `$paramod\systolic_block\N=s32'00000000000000000000000000100000.$proc$/openlane/designs/Tensor/src/systolic_block.v:0$12298'.
No latch inferred for signal `$paramod\systolic_block\N=s32'00000000000000000000000000100000.\h_wires[949]' from process `$paramod\systolic_block\N=s32'00000000000000000000000000100000.$proc$/openlane/designs/Tensor/src/systolic_block.v:0$12298'.
No latch inferred for signal `$paramod\systolic_block\N=s32'00000000000000000000000000100000.\h_wires[950]' from process `$paramod\systolic_block\N=s32'00000000000000000000000000100000.$proc$/openlane/designs/Tensor/src/systolic_block.v:0$12298'.
No latch inferred for signal `$paramod\systolic_block\N=s32'00000000000000000000000000100000.\h_wires[951]' from process `$paramod\systolic_block\N=s32'00000000000000000000000000100000.$proc$/openlane/designs/Tensor/src/systolic_block.v:0$12298'.
No latch inferred for signal `$paramod\systolic_block\N=s32'00000000000000000000000000100000.\h_wires[952]' from process `$paramod\systolic_block\N=s32'00000000000000000000000000100000.$proc$/openlane/designs/Tensor/src/systolic_block.v:0$12298'.
No latch inferred for signal `$paramod\systolic_block\N=s32'00000000000000000000000000100000.\h_wires[953]' from process `$paramod\systolic_block\N=s32'00000000000000000000000000100000.$proc$/openlane/designs/Tensor/src/systolic_block.v:0$12298'.
No latch inferred for signal `$paramod\systolic_block\N=s32'00000000000000000000000000100000.\h_wires[954]' from process `$paramod\systolic_block\N=s32'00000000000000000000000000100000.$proc$/openlane/designs/Tensor/src/systolic_block.v:0$12298'.
No latch inferred for signal `$paramod\systolic_block\N=s32'00000000000000000000000000100000.\h_wires[955]' from process `$paramod\systolic_block\N=s32'00000000000000000000000000100000.$proc$/openlane/designs/Tensor/src/systolic_block.v:0$12298'.
No latch inferred for signal `$paramod\systolic_block\N=s32'00000000000000000000000000100000.\h_wires[956]' from process `$paramod\systolic_block\N=s32'00000000000000000000000000100000.$proc$/openlane/designs/Tensor/src/systolic_block.v:0$12298'.
No latch inferred for signal `$paramod\systolic_block\N=s32'00000000000000000000000000100000.\h_wires[957]' from process `$paramod\systolic_block\N=s32'00000000000000000000000000100000.$proc$/openlane/designs/Tensor/src/systolic_block.v:0$12298'.
No latch inferred for signal `$paramod\systolic_block\N=s32'00000000000000000000000000100000.\h_wires[958]' from process `$paramod\systolic_block\N=s32'00000000000000000000000000100000.$proc$/openlane/designs/Tensor/src/systolic_block.v:0$12298'.
No latch inferred for signal `$paramod\systolic_block\N=s32'00000000000000000000000000100000.\h_wires[959]' from process `$paramod\systolic_block\N=s32'00000000000000000000000000100000.$proc$/openlane/designs/Tensor/src/systolic_block.v:0$12298'.
No latch inferred for signal `$paramod\systolic_block\N=s32'00000000000000000000000000100000.\h_wires[960]' from process `$paramod\systolic_block\N=s32'00000000000000000000000000100000.$proc$/openlane/designs/Tensor/src/systolic_block.v:0$12298'.
No latch inferred for signal `$paramod\systolic_block\N=s32'00000000000000000000000000100000.\h_wires[961]' from process `$paramod\systolic_block\N=s32'00000000000000000000000000100000.$proc$/openlane/designs/Tensor/src/systolic_block.v:0$12298'.
No latch inferred for signal `$paramod\systolic_block\N=s32'00000000000000000000000000100000.\h_wires[962]' from process `$paramod\systolic_block\N=s32'00000000000000000000000000100000.$proc$/openlane/designs/Tensor/src/systolic_block.v:0$12298'.
No latch inferred for signal `$paramod\systolic_block\N=s32'00000000000000000000000000100000.\h_wires[963]' from process `$paramod\systolic_block\N=s32'00000000000000000000000000100000.$proc$/openlane/designs/Tensor/src/systolic_block.v:0$12298'.
No latch inferred for signal `$paramod\systolic_block\N=s32'00000000000000000000000000100000.\h_wires[964]' from process `$paramod\systolic_block\N=s32'00000000000000000000000000100000.$proc$/openlane/designs/Tensor/src/systolic_block.v:0$12298'.
No latch inferred for signal `$paramod\systolic_block\N=s32'00000000000000000000000000100000.\h_wires[965]' from process `$paramod\systolic_block\N=s32'00000000000000000000000000100000.$proc$/openlane/designs/Tensor/src/systolic_block.v:0$12298'.
No latch inferred for signal `$paramod\systolic_block\N=s32'00000000000000000000000000100000.\h_wires[966]' from process `$paramod\systolic_block\N=s32'00000000000000000000000000100000.$proc$/openlane/designs/Tensor/src/systolic_block.v:0$12298'.
No latch inferred for signal `$paramod\systolic_block\N=s32'00000000000000000000000000100000.\h_wires[967]' from process `$paramod\systolic_block\N=s32'00000000000000000000000000100000.$proc$/openlane/designs/Tensor/src/systolic_block.v:0$12298'.
No latch inferred for signal `$paramod\systolic_block\N=s32'00000000000000000000000000100000.\h_wires[968]' from process `$paramod\systolic_block\N=s32'00000000000000000000000000100000.$proc$/openlane/designs/Tensor/src/systolic_block.v:0$12298'.
No latch inferred for signal `$paramod\systolic_block\N=s32'00000000000000000000000000100000.\h_wires[969]' from process `$paramod\systolic_block\N=s32'00000000000000000000000000100000.$proc$/openlane/designs/Tensor/src/systolic_block.v:0$12298'.
No latch inferred for signal `$paramod\systolic_block\N=s32'00000000000000000000000000100000.\h_wires[970]' from process `$paramod\systolic_block\N=s32'00000000000000000000000000100000.$proc$/openlane/designs/Tensor/src/systolic_block.v:0$12298'.
No latch inferred for signal `$paramod\systolic_block\N=s32'00000000000000000000000000100000.\h_wires[971]' from process `$paramod\systolic_block\N=s32'00000000000000000000000000100000.$proc$/openlane/designs/Tensor/src/systolic_block.v:0$12298'.
No latch inferred for signal `$paramod\systolic_block\N=s32'00000000000000000000000000100000.\h_wires[972]' from process `$paramod\systolic_block\N=s32'00000000000000000000000000100000.$proc$/openlane/designs/Tensor/src/systolic_block.v:0$12298'.
No latch inferred for signal `$paramod\systolic_block\N=s32'00000000000000000000000000100000.\h_wires[973]' from process `$paramod\systolic_block\N=s32'00000000000000000000000000100000.$proc$/openlane/designs/Tensor/src/systolic_block.v:0$12298'.
No latch inferred for signal `$paramod\systolic_block\N=s32'00000000000000000000000000100000.\h_wires[974]' from process `$paramod\systolic_block\N=s32'00000000000000000000000000100000.$proc$/openlane/designs/Tensor/src/systolic_block.v:0$12298'.
No latch inferred for signal `$paramod\systolic_block\N=s32'00000000000000000000000000100000.\h_wires[975]' from process `$paramod\systolic_block\N=s32'00000000000000000000000000100000.$proc$/openlane/designs/Tensor/src/systolic_block.v:0$12298'.
No latch inferred for signal `$paramod\systolic_block\N=s32'00000000000000000000000000100000.\h_wires[976]' from process `$paramod\systolic_block\N=s32'00000000000000000000000000100000.$proc$/openlane/designs/Tensor/src/systolic_block.v:0$12298'.
No latch inferred for signal `$paramod\systolic_block\N=s32'00000000000000000000000000100000.\h_wires[977]' from process `$paramod\systolic_block\N=s32'00000000000000000000000000100000.$proc$/openlane/designs/Tensor/src/systolic_block.v:0$12298'.
No latch inferred for signal `$paramod\systolic_block\N=s32'00000000000000000000000000100000.\h_wires[978]' from process `$paramod\systolic_block\N=s32'00000000000000000000000000100000.$proc$/openlane/designs/Tensor/src/systolic_block.v:0$12298'.
No latch inferred for signal `$paramod\systolic_block\N=s32'00000000000000000000000000100000.\h_wires[979]' from process `$paramod\systolic_block\N=s32'00000000000000000000000000100000.$proc$/openlane/designs/Tensor/src/systolic_block.v:0$12298'.
No latch inferred for signal `$paramod\systolic_block\N=s32'00000000000000000000000000100000.\h_wires[980]' from process `$paramod\systolic_block\N=s32'00000000000000000000000000100000.$proc$/openlane/designs/Tensor/src/systolic_block.v:0$12298'.
No latch inferred for signal `$paramod\systolic_block\N=s32'00000000000000000000000000100000.\h_wires[981]' from process `$paramod\systolic_block\N=s32'00000000000000000000000000100000.$proc$/openlane/designs/Tensor/src/systolic_block.v:0$12298'.
No latch inferred for signal `$paramod\systolic_block\N=s32'00000000000000000000000000100000.\h_wires[982]' from process `$paramod\systolic_block\N=s32'00000000000000000000000000100000.$proc$/openlane/designs/Tensor/src/systolic_block.v:0$12298'.
No latch inferred for signal `$paramod\systolic_block\N=s32'00000000000000000000000000100000.\h_wires[983]' from process `$paramod\systolic_block\N=s32'00000000000000000000000000100000.$proc$/openlane/designs/Tensor/src/systolic_block.v:0$12298'.
No latch inferred for signal `$paramod\systolic_block\N=s32'00000000000000000000000000100000.\h_wires[984]' from process `$paramod\systolic_block\N=s32'00000000000000000000000000100000.$proc$/openlane/designs/Tensor/src/systolic_block.v:0$12298'.
No latch inferred for signal `$paramod\systolic_block\N=s32'00000000000000000000000000100000.\h_wires[985]' from process `$paramod\systolic_block\N=s32'00000000000000000000000000100000.$proc$/openlane/designs/Tensor/src/systolic_block.v:0$12298'.
No latch inferred for signal `$paramod\systolic_block\N=s32'00000000000000000000000000100000.\h_wires[986]' from process `$paramod\systolic_block\N=s32'00000000000000000000000000100000.$proc$/openlane/designs/Tensor/src/systolic_block.v:0$12298'.
No latch inferred for signal `$paramod\systolic_block\N=s32'00000000000000000000000000100000.\h_wires[987]' from process `$paramod\systolic_block\N=s32'00000000000000000000000000100000.$proc$/openlane/designs/Tensor/src/systolic_block.v:0$12298'.
No latch inferred for signal `$paramod\systolic_block\N=s32'00000000000000000000000000100000.\h_wires[988]' from process `$paramod\systolic_block\N=s32'00000000000000000000000000100000.$proc$/openlane/designs/Tensor/src/systolic_block.v:0$12298'.
No latch inferred for signal `$paramod\systolic_block\N=s32'00000000000000000000000000100000.\h_wires[989]' from process `$paramod\systolic_block\N=s32'00000000000000000000000000100000.$proc$/openlane/designs/Tensor/src/systolic_block.v:0$12298'.
No latch inferred for signal `$paramod\systolic_block\N=s32'00000000000000000000000000100000.\h_wires[990]' from process `$paramod\systolic_block\N=s32'00000000000000000000000000100000.$proc$/openlane/designs/Tensor/src/systolic_block.v:0$12298'.
No latch inferred for signal `$paramod\systolic_block\N=s32'00000000000000000000000000100000.\h_wires[991]' from process `$paramod\systolic_block\N=s32'00000000000000000000000000100000.$proc$/openlane/designs/Tensor/src/systolic_block.v:0$12298'.
No latch inferred for signal `$paramod\systolic_block\N=s32'00000000000000000000000000100000.\h_wires[992]' from process `$paramod\systolic_block\N=s32'00000000000000000000000000100000.$proc$/openlane/designs/Tensor/src/systolic_block.v:0$12298'.
No latch inferred for signal `$paramod\systolic_block\N=s32'00000000000000000000000000100000.\h_wires[993]' from process `$paramod\systolic_block\N=s32'00000000000000000000000000100000.$proc$/openlane/designs/Tensor/src/systolic_block.v:0$12298'.
No latch inferred for signal `$paramod\systolic_block\N=s32'00000000000000000000000000100000.\h_wires[994]' from process `$paramod\systolic_block\N=s32'00000000000000000000000000100000.$proc$/openlane/designs/Tensor/src/systolic_block.v:0$12298'.
No latch inferred for signal `$paramod\systolic_block\N=s32'00000000000000000000000000100000.\h_wires[995]' from process `$paramod\systolic_block\N=s32'00000000000000000000000000100000.$proc$/openlane/designs/Tensor/src/systolic_block.v:0$12298'.
No latch inferred for signal `$paramod\systolic_block\N=s32'00000000000000000000000000100000.\h_wires[996]' from process `$paramod\systolic_block\N=s32'00000000000000000000000000100000.$proc$/openlane/designs/Tensor/src/systolic_block.v:0$12298'.
No latch inferred for signal `$paramod\systolic_block\N=s32'00000000000000000000000000100000.\h_wires[997]' from process `$paramod\systolic_block\N=s32'00000000000000000000000000100000.$proc$/openlane/designs/Tensor/src/systolic_block.v:0$12298'.
No latch inferred for signal `$paramod\systolic_block\N=s32'00000000000000000000000000100000.\h_wires[998]' from process `$paramod\systolic_block\N=s32'00000000000000000000000000100000.$proc$/openlane/designs/Tensor/src/systolic_block.v:0$12298'.
No latch inferred for signal `$paramod\systolic_block\N=s32'00000000000000000000000000100000.\h_wires[999]' from process `$paramod\systolic_block\N=s32'00000000000000000000000000100000.$proc$/openlane/designs/Tensor/src/systolic_block.v:0$12298'.
No latch inferred for signal `$paramod\systolic_block\N=s32'00000000000000000000000000100000.\h_wires[1000]' from process `$paramod\systolic_block\N=s32'00000000000000000000000000100000.$proc$/openlane/designs/Tensor/src/systolic_block.v:0$12298'.
No latch inferred for signal `$paramod\systolic_block\N=s32'00000000000000000000000000100000.\h_wires[1001]' from process `$paramod\systolic_block\N=s32'00000000000000000000000000100000.$proc$/openlane/designs/Tensor/src/systolic_block.v:0$12298'.
No latch inferred for signal `$paramod\systolic_block\N=s32'00000000000000000000000000100000.\h_wires[1002]' from process `$paramod\systolic_block\N=s32'00000000000000000000000000100000.$proc$/openlane/designs/Tensor/src/systolic_block.v:0$12298'.
No latch inferred for signal `$paramod\systolic_block\N=s32'00000000000000000000000000100000.\h_wires[1003]' from process `$paramod\systolic_block\N=s32'00000000000000000000000000100000.$proc$/openlane/designs/Tensor/src/systolic_block.v:0$12298'.
No latch inferred for signal `$paramod\systolic_block\N=s32'00000000000000000000000000100000.\h_wires[1004]' from process `$paramod\systolic_block\N=s32'00000000000000000000000000100000.$proc$/openlane/designs/Tensor/src/systolic_block.v:0$12298'.
No latch inferred for signal `$paramod\systolic_block\N=s32'00000000000000000000000000100000.\h_wires[1005]' from process `$paramod\systolic_block\N=s32'00000000000000000000000000100000.$proc$/openlane/designs/Tensor/src/systolic_block.v:0$12298'.
No latch inferred for signal `$paramod\systolic_block\N=s32'00000000000000000000000000100000.\h_wires[1006]' from process `$paramod\systolic_block\N=s32'00000000000000000000000000100000.$proc$/openlane/designs/Tensor/src/systolic_block.v:0$12298'.
No latch inferred for signal `$paramod\systolic_block\N=s32'00000000000000000000000000100000.\h_wires[1007]' from process `$paramod\systolic_block\N=s32'00000000000000000000000000100000.$proc$/openlane/designs/Tensor/src/systolic_block.v:0$12298'.
No latch inferred for signal `$paramod\systolic_block\N=s32'00000000000000000000000000100000.\h_wires[1008]' from process `$paramod\systolic_block\N=s32'00000000000000000000000000100000.$proc$/openlane/designs/Tensor/src/systolic_block.v:0$12298'.
No latch inferred for signal `$paramod\systolic_block\N=s32'00000000000000000000000000100000.\h_wires[1009]' from process `$paramod\systolic_block\N=s32'00000000000000000000000000100000.$proc$/openlane/designs/Tensor/src/systolic_block.v:0$12298'.
No latch inferred for signal `$paramod\systolic_block\N=s32'00000000000000000000000000100000.\h_wires[1010]' from process `$paramod\systolic_block\N=s32'00000000000000000000000000100000.$proc$/openlane/designs/Tensor/src/systolic_block.v:0$12298'.
No latch inferred for signal `$paramod\systolic_block\N=s32'00000000000000000000000000100000.\h_wires[1011]' from process `$paramod\systolic_block\N=s32'00000000000000000000000000100000.$proc$/openlane/designs/Tensor/src/systolic_block.v:0$12298'.
No latch inferred for signal `$paramod\systolic_block\N=s32'00000000000000000000000000100000.\h_wires[1012]' from process `$paramod\systolic_block\N=s32'00000000000000000000000000100000.$proc$/openlane/designs/Tensor/src/systolic_block.v:0$12298'.
No latch inferred for signal `$paramod\systolic_block\N=s32'00000000000000000000000000100000.\h_wires[1013]' from process `$paramod\systolic_block\N=s32'00000000000000000000000000100000.$proc$/openlane/designs/Tensor/src/systolic_block.v:0$12298'.
No latch inferred for signal `$paramod\systolic_block\N=s32'00000000000000000000000000100000.\h_wires[1014]' from process `$paramod\systolic_block\N=s32'00000000000000000000000000100000.$proc$/openlane/designs/Tensor/src/systolic_block.v:0$12298'.
No latch inferred for signal `$paramod\systolic_block\N=s32'00000000000000000000000000100000.\h_wires[1015]' from process `$paramod\systolic_block\N=s32'00000000000000000000000000100000.$proc$/openlane/designs/Tensor/src/systolic_block.v:0$12298'.
No latch inferred for signal `$paramod\systolic_block\N=s32'00000000000000000000000000100000.\h_wires[1016]' from process `$paramod\systolic_block\N=s32'00000000000000000000000000100000.$proc$/openlane/designs/Tensor/src/systolic_block.v:0$12298'.
No latch inferred for signal `$paramod\systolic_block\N=s32'00000000000000000000000000100000.\h_wires[1017]' from process `$paramod\systolic_block\N=s32'00000000000000000000000000100000.$proc$/openlane/designs/Tensor/src/systolic_block.v:0$12298'.
No latch inferred for signal `$paramod\systolic_block\N=s32'00000000000000000000000000100000.\h_wires[1018]' from process `$paramod\systolic_block\N=s32'00000000000000000000000000100000.$proc$/openlane/designs/Tensor/src/systolic_block.v:0$12298'.
No latch inferred for signal `$paramod\systolic_block\N=s32'00000000000000000000000000100000.\h_wires[1019]' from process `$paramod\systolic_block\N=s32'00000000000000000000000000100000.$proc$/openlane/designs/Tensor/src/systolic_block.v:0$12298'.
No latch inferred for signal `$paramod\systolic_block\N=s32'00000000000000000000000000100000.\h_wires[1020]' from process `$paramod\systolic_block\N=s32'00000000000000000000000000100000.$proc$/openlane/designs/Tensor/src/systolic_block.v:0$12298'.
No latch inferred for signal `$paramod\systolic_block\N=s32'00000000000000000000000000100000.\h_wires[1021]' from process `$paramod\systolic_block\N=s32'00000000000000000000000000100000.$proc$/openlane/designs/Tensor/src/systolic_block.v:0$12298'.
No latch inferred for signal `$paramod\systolic_block\N=s32'00000000000000000000000000100000.\h_wires[1022]' from process `$paramod\systolic_block\N=s32'00000000000000000000000000100000.$proc$/openlane/designs/Tensor/src/systolic_block.v:0$12298'.
No latch inferred for signal `$paramod\systolic_block\N=s32'00000000000000000000000000100000.\h_wires[1023]' from process `$paramod\systolic_block\N=s32'00000000000000000000000000100000.$proc$/openlane/designs/Tensor/src/systolic_block.v:0$12298'.
No latch inferred for signal `$paramod\systolic_block\N=s32'00000000000000000000000000100000.\h_wires[1024]' from process `$paramod\systolic_block\N=s32'00000000000000000000000000100000.$proc$/openlane/designs/Tensor/src/systolic_block.v:0$12298'.
No latch inferred for signal `$paramod\systolic_block\N=s32'00000000000000000000000000100000.\h_wires[1025]' from process `$paramod\systolic_block\N=s32'00000000000000000000000000100000.$proc$/openlane/designs/Tensor/src/systolic_block.v:0$12298'.
No latch inferred for signal `$paramod\systolic_block\N=s32'00000000000000000000000000100000.\h_wires[1026]' from process `$paramod\systolic_block\N=s32'00000000000000000000000000100000.$proc$/openlane/designs/Tensor/src/systolic_block.v:0$12298'.
No latch inferred for signal `$paramod\systolic_block\N=s32'00000000000000000000000000100000.\h_wires[1027]' from process `$paramod\systolic_block\N=s32'00000000000000000000000000100000.$proc$/openlane/designs/Tensor/src/systolic_block.v:0$12298'.
No latch inferred for signal `$paramod\systolic_block\N=s32'00000000000000000000000000100000.\h_wires[1028]' from process `$paramod\systolic_block\N=s32'00000000000000000000000000100000.$proc$/openlane/designs/Tensor/src/systolic_block.v:0$12298'.
No latch inferred for signal `$paramod\systolic_block\N=s32'00000000000000000000000000100000.\h_wires[1029]' from process `$paramod\systolic_block\N=s32'00000000000000000000000000100000.$proc$/openlane/designs/Tensor/src/systolic_block.v:0$12298'.
No latch inferred for signal `$paramod\systolic_block\N=s32'00000000000000000000000000100000.\h_wires[1030]' from process `$paramod\systolic_block\N=s32'00000000000000000000000000100000.$proc$/openlane/designs/Tensor/src/systolic_block.v:0$12298'.
No latch inferred for signal `$paramod\systolic_block\N=s32'00000000000000000000000000100000.\h_wires[1031]' from process `$paramod\systolic_block\N=s32'00000000000000000000000000100000.$proc$/openlane/designs/Tensor/src/systolic_block.v:0$12298'.
No latch inferred for signal `$paramod\systolic_block\N=s32'00000000000000000000000000100000.\h_wires[1032]' from process `$paramod\systolic_block\N=s32'00000000000000000000000000100000.$proc$/openlane/designs/Tensor/src/systolic_block.v:0$12298'.
No latch inferred for signal `$paramod\systolic_block\N=s32'00000000000000000000000000100000.\h_wires[1033]' from process `$paramod\systolic_block\N=s32'00000000000000000000000000100000.$proc$/openlane/designs/Tensor/src/systolic_block.v:0$12298'.
No latch inferred for signal `$paramod\systolic_block\N=s32'00000000000000000000000000100000.\h_wires[1034]' from process `$paramod\systolic_block\N=s32'00000000000000000000000000100000.$proc$/openlane/designs/Tensor/src/systolic_block.v:0$12298'.
No latch inferred for signal `$paramod\systolic_block\N=s32'00000000000000000000000000100000.\h_wires[1035]' from process `$paramod\systolic_block\N=s32'00000000000000000000000000100000.$proc$/openlane/designs/Tensor/src/systolic_block.v:0$12298'.
No latch inferred for signal `$paramod\systolic_block\N=s32'00000000000000000000000000100000.\h_wires[1036]' from process `$paramod\systolic_block\N=s32'00000000000000000000000000100000.$proc$/openlane/designs/Tensor/src/systolic_block.v:0$12298'.
No latch inferred for signal `$paramod\systolic_block\N=s32'00000000000000000000000000100000.\h_wires[1037]' from process `$paramod\systolic_block\N=s32'00000000000000000000000000100000.$proc$/openlane/designs/Tensor/src/systolic_block.v:0$12298'.
No latch inferred for signal `$paramod\systolic_block\N=s32'00000000000000000000000000100000.\h_wires[1038]' from process `$paramod\systolic_block\N=s32'00000000000000000000000000100000.$proc$/openlane/designs/Tensor/src/systolic_block.v:0$12298'.
No latch inferred for signal `$paramod\systolic_block\N=s32'00000000000000000000000000100000.\h_wires[1039]' from process `$paramod\systolic_block\N=s32'00000000000000000000000000100000.$proc$/openlane/designs/Tensor/src/systolic_block.v:0$12298'.
No latch inferred for signal `$paramod\systolic_block\N=s32'00000000000000000000000000100000.\h_wires[1040]' from process `$paramod\systolic_block\N=s32'00000000000000000000000000100000.$proc$/openlane/designs/Tensor/src/systolic_block.v:0$12298'.
No latch inferred for signal `$paramod\systolic_block\N=s32'00000000000000000000000000100000.\h_wires[1041]' from process `$paramod\systolic_block\N=s32'00000000000000000000000000100000.$proc$/openlane/designs/Tensor/src/systolic_block.v:0$12298'.
No latch inferred for signal `$paramod\systolic_block\N=s32'00000000000000000000000000100000.\h_wires[1042]' from process `$paramod\systolic_block\N=s32'00000000000000000000000000100000.$proc$/openlane/designs/Tensor/src/systolic_block.v:0$12298'.
No latch inferred for signal `$paramod\systolic_block\N=s32'00000000000000000000000000100000.\h_wires[1043]' from process `$paramod\systolic_block\N=s32'00000000000000000000000000100000.$proc$/openlane/designs/Tensor/src/systolic_block.v:0$12298'.
No latch inferred for signal `$paramod\systolic_block\N=s32'00000000000000000000000000100000.\h_wires[1044]' from process `$paramod\systolic_block\N=s32'00000000000000000000000000100000.$proc$/openlane/designs/Tensor/src/systolic_block.v:0$12298'.
No latch inferred for signal `$paramod\systolic_block\N=s32'00000000000000000000000000100000.\h_wires[1045]' from process `$paramod\systolic_block\N=s32'00000000000000000000000000100000.$proc$/openlane/designs/Tensor/src/systolic_block.v:0$12298'.
No latch inferred for signal `$paramod\systolic_block\N=s32'00000000000000000000000000100000.\h_wires[1046]' from process `$paramod\systolic_block\N=s32'00000000000000000000000000100000.$proc$/openlane/designs/Tensor/src/systolic_block.v:0$12298'.
No latch inferred for signal `$paramod\systolic_block\N=s32'00000000000000000000000000100000.\h_wires[1047]' from process `$paramod\systolic_block\N=s32'00000000000000000000000000100000.$proc$/openlane/designs/Tensor/src/systolic_block.v:0$12298'.
No latch inferred for signal `$paramod\systolic_block\N=s32'00000000000000000000000000100000.\h_wires[1048]' from process `$paramod\systolic_block\N=s32'00000000000000000000000000100000.$proc$/openlane/designs/Tensor/src/systolic_block.v:0$12298'.
No latch inferred for signal `$paramod\systolic_block\N=s32'00000000000000000000000000100000.\h_wires[1049]' from process `$paramod\systolic_block\N=s32'00000000000000000000000000100000.$proc$/openlane/designs/Tensor/src/systolic_block.v:0$12298'.
No latch inferred for signal `$paramod\systolic_block\N=s32'00000000000000000000000000100000.\h_wires[1050]' from process `$paramod\systolic_block\N=s32'00000000000000000000000000100000.$proc$/openlane/designs/Tensor/src/systolic_block.v:0$12298'.
No latch inferred for signal `$paramod\systolic_block\N=s32'00000000000000000000000000100000.\h_wires[1051]' from process `$paramod\systolic_block\N=s32'00000000000000000000000000100000.$proc$/openlane/designs/Tensor/src/systolic_block.v:0$12298'.
No latch inferred for signal `$paramod\systolic_block\N=s32'00000000000000000000000000100000.\h_wires[1052]' from process `$paramod\systolic_block\N=s32'00000000000000000000000000100000.$proc$/openlane/designs/Tensor/src/systolic_block.v:0$12298'.
No latch inferred for signal `$paramod\systolic_block\N=s32'00000000000000000000000000100000.\h_wires[1053]' from process `$paramod\systolic_block\N=s32'00000000000000000000000000100000.$proc$/openlane/designs/Tensor/src/systolic_block.v:0$12298'.
No latch inferred for signal `$paramod\systolic_block\N=s32'00000000000000000000000000100000.\h_wires[1054]' from process `$paramod\systolic_block\N=s32'00000000000000000000000000100000.$proc$/openlane/designs/Tensor/src/systolic_block.v:0$12298'.
No latch inferred for signal `$paramod\systolic_block\N=s32'00000000000000000000000000100000.\h_wires[1055]' from process `$paramod\systolic_block\N=s32'00000000000000000000000000100000.$proc$/openlane/designs/Tensor/src/systolic_block.v:0$12298'.
No latch inferred for signal `$paramod\systolic_block\N=s32'00000000000000000000000000100000.\v_wires[0]' from process `$paramod\systolic_block\N=s32'00000000000000000000000000100000.$proc$/openlane/designs/Tensor/src/systolic_block.v:0$12298'.
No latch inferred for signal `$paramod\systolic_block\N=s32'00000000000000000000000000100000.\v_wires[1]' from process `$paramod\systolic_block\N=s32'00000000000000000000000000100000.$proc$/openlane/designs/Tensor/src/systolic_block.v:0$12298'.
No latch inferred for signal `$paramod\systolic_block\N=s32'00000000000000000000000000100000.\v_wires[2]' from process `$paramod\systolic_block\N=s32'00000000000000000000000000100000.$proc$/openlane/designs/Tensor/src/systolic_block.v:0$12298'.
No latch inferred for signal `$paramod\systolic_block\N=s32'00000000000000000000000000100000.\v_wires[3]' from process `$paramod\systolic_block\N=s32'00000000000000000000000000100000.$proc$/openlane/designs/Tensor/src/systolic_block.v:0$12298'.
No latch inferred for signal `$paramod\systolic_block\N=s32'00000000000000000000000000100000.\v_wires[4]' from process `$paramod\systolic_block\N=s32'00000000000000000000000000100000.$proc$/openlane/designs/Tensor/src/systolic_block.v:0$12298'.
No latch inferred for signal `$paramod\systolic_block\N=s32'00000000000000000000000000100000.\v_wires[5]' from process `$paramod\systolic_block\N=s32'00000000000000000000000000100000.$proc$/openlane/designs/Tensor/src/systolic_block.v:0$12298'.
No latch inferred for signal `$paramod\systolic_block\N=s32'00000000000000000000000000100000.\v_wires[6]' from process `$paramod\systolic_block\N=s32'00000000000000000000000000100000.$proc$/openlane/designs/Tensor/src/systolic_block.v:0$12298'.
No latch inferred for signal `$paramod\systolic_block\N=s32'00000000000000000000000000100000.\v_wires[7]' from process `$paramod\systolic_block\N=s32'00000000000000000000000000100000.$proc$/openlane/designs/Tensor/src/systolic_block.v:0$12298'.
No latch inferred for signal `$paramod\systolic_block\N=s32'00000000000000000000000000100000.\v_wires[8]' from process `$paramod\systolic_block\N=s32'00000000000000000000000000100000.$proc$/openlane/designs/Tensor/src/systolic_block.v:0$12298'.
No latch inferred for signal `$paramod\systolic_block\N=s32'00000000000000000000000000100000.\v_wires[9]' from process `$paramod\systolic_block\N=s32'00000000000000000000000000100000.$proc$/openlane/designs/Tensor/src/systolic_block.v:0$12298'.
No latch inferred for signal `$paramod\systolic_block\N=s32'00000000000000000000000000100000.\v_wires[10]' from process `$paramod\systolic_block\N=s32'00000000000000000000000000100000.$proc$/openlane/designs/Tensor/src/systolic_block.v:0$12298'.
No latch inferred for signal `$paramod\systolic_block\N=s32'00000000000000000000000000100000.\v_wires[11]' from process `$paramod\systolic_block\N=s32'00000000000000000000000000100000.$proc$/openlane/designs/Tensor/src/systolic_block.v:0$12298'.
No latch inferred for signal `$paramod\systolic_block\N=s32'00000000000000000000000000100000.\v_wires[12]' from process `$paramod\systolic_block\N=s32'00000000000000000000000000100000.$proc$/openlane/designs/Tensor/src/systolic_block.v:0$12298'.
No latch inferred for signal `$paramod\systolic_block\N=s32'00000000000000000000000000100000.\v_wires[13]' from process `$paramod\systolic_block\N=s32'00000000000000000000000000100000.$proc$/openlane/designs/Tensor/src/systolic_block.v:0$12298'.
No latch inferred for signal `$paramod\systolic_block\N=s32'00000000000000000000000000100000.\v_wires[14]' from process `$paramod\systolic_block\N=s32'00000000000000000000000000100000.$proc$/openlane/designs/Tensor/src/systolic_block.v:0$12298'.
No latch inferred for signal `$paramod\systolic_block\N=s32'00000000000000000000000000100000.\v_wires[15]' from process `$paramod\systolic_block\N=s32'00000000000000000000000000100000.$proc$/openlane/designs/Tensor/src/systolic_block.v:0$12298'.
No latch inferred for signal `$paramod\systolic_block\N=s32'00000000000000000000000000100000.\v_wires[16]' from process `$paramod\systolic_block\N=s32'00000000000000000000000000100000.$proc$/openlane/designs/Tensor/src/systolic_block.v:0$12298'.
No latch inferred for signal `$paramod\systolic_block\N=s32'00000000000000000000000000100000.\v_wires[17]' from process `$paramod\systolic_block\N=s32'00000000000000000000000000100000.$proc$/openlane/designs/Tensor/src/systolic_block.v:0$12298'.
No latch inferred for signal `$paramod\systolic_block\N=s32'00000000000000000000000000100000.\v_wires[18]' from process `$paramod\systolic_block\N=s32'00000000000000000000000000100000.$proc$/openlane/designs/Tensor/src/systolic_block.v:0$12298'.
No latch inferred for signal `$paramod\systolic_block\N=s32'00000000000000000000000000100000.\v_wires[19]' from process `$paramod\systolic_block\N=s32'00000000000000000000000000100000.$proc$/openlane/designs/Tensor/src/systolic_block.v:0$12298'.
No latch inferred for signal `$paramod\systolic_block\N=s32'00000000000000000000000000100000.\v_wires[20]' from process `$paramod\systolic_block\N=s32'00000000000000000000000000100000.$proc$/openlane/designs/Tensor/src/systolic_block.v:0$12298'.
No latch inferred for signal `$paramod\systolic_block\N=s32'00000000000000000000000000100000.\v_wires[21]' from process `$paramod\systolic_block\N=s32'00000000000000000000000000100000.$proc$/openlane/designs/Tensor/src/systolic_block.v:0$12298'.
No latch inferred for signal `$paramod\systolic_block\N=s32'00000000000000000000000000100000.\v_wires[22]' from process `$paramod\systolic_block\N=s32'00000000000000000000000000100000.$proc$/openlane/designs/Tensor/src/systolic_block.v:0$12298'.
No latch inferred for signal `$paramod\systolic_block\N=s32'00000000000000000000000000100000.\v_wires[23]' from process `$paramod\systolic_block\N=s32'00000000000000000000000000100000.$proc$/openlane/designs/Tensor/src/systolic_block.v:0$12298'.
No latch inferred for signal `$paramod\systolic_block\N=s32'00000000000000000000000000100000.\v_wires[24]' from process `$paramod\systolic_block\N=s32'00000000000000000000000000100000.$proc$/openlane/designs/Tensor/src/systolic_block.v:0$12298'.
No latch inferred for signal `$paramod\systolic_block\N=s32'00000000000000000000000000100000.\v_wires[25]' from process `$paramod\systolic_block\N=s32'00000000000000000000000000100000.$proc$/openlane/designs/Tensor/src/systolic_block.v:0$12298'.
No latch inferred for signal `$paramod\systolic_block\N=s32'00000000000000000000000000100000.\v_wires[26]' from process `$paramod\systolic_block\N=s32'00000000000000000000000000100000.$proc$/openlane/designs/Tensor/src/systolic_block.v:0$12298'.
No latch inferred for signal `$paramod\systolic_block\N=s32'00000000000000000000000000100000.\v_wires[27]' from process `$paramod\systolic_block\N=s32'00000000000000000000000000100000.$proc$/openlane/designs/Tensor/src/systolic_block.v:0$12298'.
No latch inferred for signal `$paramod\systolic_block\N=s32'00000000000000000000000000100000.\v_wires[28]' from process `$paramod\systolic_block\N=s32'00000000000000000000000000100000.$proc$/openlane/designs/Tensor/src/systolic_block.v:0$12298'.
No latch inferred for signal `$paramod\systolic_block\N=s32'00000000000000000000000000100000.\v_wires[29]' from process `$paramod\systolic_block\N=s32'00000000000000000000000000100000.$proc$/openlane/designs/Tensor/src/systolic_block.v:0$12298'.
No latch inferred for signal `$paramod\systolic_block\N=s32'00000000000000000000000000100000.\v_wires[30]' from process `$paramod\systolic_block\N=s32'00000000000000000000000000100000.$proc$/openlane/designs/Tensor/src/systolic_block.v:0$12298'.
No latch inferred for signal `$paramod\systolic_block\N=s32'00000000000000000000000000100000.\v_wires[31]' from process `$paramod\systolic_block\N=s32'00000000000000000000000000100000.$proc$/openlane/designs/Tensor/src/systolic_block.v:0$12298'.
No latch inferred for signal `$paramod\systolic_block\N=s32'00000000000000000000000000100000.\v_wires[33]' from process `$paramod\systolic_block\N=s32'00000000000000000000000000100000.$proc$/openlane/designs/Tensor/src/systolic_block.v:0$12298'.
No latch inferred for signal `$paramod\systolic_block\N=s32'00000000000000000000000000100000.\v_wires[34]' from process `$paramod\systolic_block\N=s32'00000000000000000000000000100000.$proc$/openlane/designs/Tensor/src/systolic_block.v:0$12298'.
No latch inferred for signal `$paramod\systolic_block\N=s32'00000000000000000000000000100000.\v_wires[35]' from process `$paramod\systolic_block\N=s32'00000000000000000000000000100000.$proc$/openlane/designs/Tensor/src/systolic_block.v:0$12298'.
No latch inferred for signal `$paramod\systolic_block\N=s32'00000000000000000000000000100000.\v_wires[36]' from process `$paramod\systolic_block\N=s32'00000000000000000000000000100000.$proc$/openlane/designs/Tensor/src/systolic_block.v:0$12298'.
No latch inferred for signal `$paramod\systolic_block\N=s32'00000000000000000000000000100000.\v_wires[37]' from process `$paramod\systolic_block\N=s32'00000000000000000000000000100000.$proc$/openlane/designs/Tensor/src/systolic_block.v:0$12298'.
No latch inferred for signal `$paramod\systolic_block\N=s32'00000000000000000000000000100000.\v_wires[38]' from process `$paramod\systolic_block\N=s32'00000000000000000000000000100000.$proc$/openlane/designs/Tensor/src/systolic_block.v:0$12298'.
No latch inferred for signal `$paramod\systolic_block\N=s32'00000000000000000000000000100000.\v_wires[39]' from process `$paramod\systolic_block\N=s32'00000000000000000000000000100000.$proc$/openlane/designs/Tensor/src/systolic_block.v:0$12298'.
No latch inferred for signal `$paramod\systolic_block\N=s32'00000000000000000000000000100000.\v_wires[40]' from process `$paramod\systolic_block\N=s32'00000000000000000000000000100000.$proc$/openlane/designs/Tensor/src/systolic_block.v:0$12298'.
No latch inferred for signal `$paramod\systolic_block\N=s32'00000000000000000000000000100000.\v_wires[41]' from process `$paramod\systolic_block\N=s32'00000000000000000000000000100000.$proc$/openlane/designs/Tensor/src/systolic_block.v:0$12298'.
No latch inferred for signal `$paramod\systolic_block\N=s32'00000000000000000000000000100000.\v_wires[42]' from process `$paramod\systolic_block\N=s32'00000000000000000000000000100000.$proc$/openlane/designs/Tensor/src/systolic_block.v:0$12298'.
No latch inferred for signal `$paramod\systolic_block\N=s32'00000000000000000000000000100000.\v_wires[43]' from process `$paramod\systolic_block\N=s32'00000000000000000000000000100000.$proc$/openlane/designs/Tensor/src/systolic_block.v:0$12298'.
No latch inferred for signal `$paramod\systolic_block\N=s32'00000000000000000000000000100000.\v_wires[44]' from process `$paramod\systolic_block\N=s32'00000000000000000000000000100000.$proc$/openlane/designs/Tensor/src/systolic_block.v:0$12298'.
No latch inferred for signal `$paramod\systolic_block\N=s32'00000000000000000000000000100000.\v_wires[45]' from process `$paramod\systolic_block\N=s32'00000000000000000000000000100000.$proc$/openlane/designs/Tensor/src/systolic_block.v:0$12298'.
No latch inferred for signal `$paramod\systolic_block\N=s32'00000000000000000000000000100000.\v_wires[46]' from process `$paramod\systolic_block\N=s32'00000000000000000000000000100000.$proc$/openlane/designs/Tensor/src/systolic_block.v:0$12298'.
No latch inferred for signal `$paramod\systolic_block\N=s32'00000000000000000000000000100000.\v_wires[47]' from process `$paramod\systolic_block\N=s32'00000000000000000000000000100000.$proc$/openlane/designs/Tensor/src/systolic_block.v:0$12298'.
No latch inferred for signal `$paramod\systolic_block\N=s32'00000000000000000000000000100000.\v_wires[48]' from process `$paramod\systolic_block\N=s32'00000000000000000000000000100000.$proc$/openlane/designs/Tensor/src/systolic_block.v:0$12298'.
No latch inferred for signal `$paramod\systolic_block\N=s32'00000000000000000000000000100000.\v_wires[49]' from process `$paramod\systolic_block\N=s32'00000000000000000000000000100000.$proc$/openlane/designs/Tensor/src/systolic_block.v:0$12298'.
No latch inferred for signal `$paramod\systolic_block\N=s32'00000000000000000000000000100000.\v_wires[50]' from process `$paramod\systolic_block\N=s32'00000000000000000000000000100000.$proc$/openlane/designs/Tensor/src/systolic_block.v:0$12298'.
No latch inferred for signal `$paramod\systolic_block\N=s32'00000000000000000000000000100000.\v_wires[51]' from process `$paramod\systolic_block\N=s32'00000000000000000000000000100000.$proc$/openlane/designs/Tensor/src/systolic_block.v:0$12298'.
No latch inferred for signal `$paramod\systolic_block\N=s32'00000000000000000000000000100000.\v_wires[52]' from process `$paramod\systolic_block\N=s32'00000000000000000000000000100000.$proc$/openlane/designs/Tensor/src/systolic_block.v:0$12298'.
No latch inferred for signal `$paramod\systolic_block\N=s32'00000000000000000000000000100000.\v_wires[53]' from process `$paramod\systolic_block\N=s32'00000000000000000000000000100000.$proc$/openlane/designs/Tensor/src/systolic_block.v:0$12298'.
No latch inferred for signal `$paramod\systolic_block\N=s32'00000000000000000000000000100000.\v_wires[54]' from process `$paramod\systolic_block\N=s32'00000000000000000000000000100000.$proc$/openlane/designs/Tensor/src/systolic_block.v:0$12298'.
No latch inferred for signal `$paramod\systolic_block\N=s32'00000000000000000000000000100000.\v_wires[55]' from process `$paramod\systolic_block\N=s32'00000000000000000000000000100000.$proc$/openlane/designs/Tensor/src/systolic_block.v:0$12298'.
No latch inferred for signal `$paramod\systolic_block\N=s32'00000000000000000000000000100000.\v_wires[56]' from process `$paramod\systolic_block\N=s32'00000000000000000000000000100000.$proc$/openlane/designs/Tensor/src/systolic_block.v:0$12298'.
No latch inferred for signal `$paramod\systolic_block\N=s32'00000000000000000000000000100000.\v_wires[57]' from process `$paramod\systolic_block\N=s32'00000000000000000000000000100000.$proc$/openlane/designs/Tensor/src/systolic_block.v:0$12298'.
No latch inferred for signal `$paramod\systolic_block\N=s32'00000000000000000000000000100000.\v_wires[58]' from process `$paramod\systolic_block\N=s32'00000000000000000000000000100000.$proc$/openlane/designs/Tensor/src/systolic_block.v:0$12298'.
No latch inferred for signal `$paramod\systolic_block\N=s32'00000000000000000000000000100000.\v_wires[59]' from process `$paramod\systolic_block\N=s32'00000000000000000000000000100000.$proc$/openlane/designs/Tensor/src/systolic_block.v:0$12298'.
No latch inferred for signal `$paramod\systolic_block\N=s32'00000000000000000000000000100000.\v_wires[60]' from process `$paramod\systolic_block\N=s32'00000000000000000000000000100000.$proc$/openlane/designs/Tensor/src/systolic_block.v:0$12298'.
No latch inferred for signal `$paramod\systolic_block\N=s32'00000000000000000000000000100000.\v_wires[61]' from process `$paramod\systolic_block\N=s32'00000000000000000000000000100000.$proc$/openlane/designs/Tensor/src/systolic_block.v:0$12298'.
No latch inferred for signal `$paramod\systolic_block\N=s32'00000000000000000000000000100000.\v_wires[62]' from process `$paramod\systolic_block\N=s32'00000000000000000000000000100000.$proc$/openlane/designs/Tensor/src/systolic_block.v:0$12298'.
No latch inferred for signal `$paramod\systolic_block\N=s32'00000000000000000000000000100000.\v_wires[63]' from process `$paramod\systolic_block\N=s32'00000000000000000000000000100000.$proc$/openlane/designs/Tensor/src/systolic_block.v:0$12298'.
No latch inferred for signal `$paramod\systolic_block\N=s32'00000000000000000000000000100000.\v_wires[64]' from process `$paramod\systolic_block\N=s32'00000000000000000000000000100000.$proc$/openlane/designs/Tensor/src/systolic_block.v:0$12298'.
No latch inferred for signal `$paramod\systolic_block\N=s32'00000000000000000000000000100000.\v_wires[66]' from process `$paramod\systolic_block\N=s32'00000000000000000000000000100000.$proc$/openlane/designs/Tensor/src/systolic_block.v:0$12298'.
No latch inferred for signal `$paramod\systolic_block\N=s32'00000000000000000000000000100000.\v_wires[67]' from process `$paramod\systolic_block\N=s32'00000000000000000000000000100000.$proc$/openlane/designs/Tensor/src/systolic_block.v:0$12298'.
No latch inferred for signal `$paramod\systolic_block\N=s32'00000000000000000000000000100000.\v_wires[68]' from process `$paramod\systolic_block\N=s32'00000000000000000000000000100000.$proc$/openlane/designs/Tensor/src/systolic_block.v:0$12298'.
No latch inferred for signal `$paramod\systolic_block\N=s32'00000000000000000000000000100000.\v_wires[69]' from process `$paramod\systolic_block\N=s32'00000000000000000000000000100000.$proc$/openlane/designs/Tensor/src/systolic_block.v:0$12298'.
No latch inferred for signal `$paramod\systolic_block\N=s32'00000000000000000000000000100000.\v_wires[70]' from process `$paramod\systolic_block\N=s32'00000000000000000000000000100000.$proc$/openlane/designs/Tensor/src/systolic_block.v:0$12298'.
No latch inferred for signal `$paramod\systolic_block\N=s32'00000000000000000000000000100000.\v_wires[71]' from process `$paramod\systolic_block\N=s32'00000000000000000000000000100000.$proc$/openlane/designs/Tensor/src/systolic_block.v:0$12298'.
No latch inferred for signal `$paramod\systolic_block\N=s32'00000000000000000000000000100000.\v_wires[72]' from process `$paramod\systolic_block\N=s32'00000000000000000000000000100000.$proc$/openlane/designs/Tensor/src/systolic_block.v:0$12298'.
No latch inferred for signal `$paramod\systolic_block\N=s32'00000000000000000000000000100000.\v_wires[73]' from process `$paramod\systolic_block\N=s32'00000000000000000000000000100000.$proc$/openlane/designs/Tensor/src/systolic_block.v:0$12298'.
No latch inferred for signal `$paramod\systolic_block\N=s32'00000000000000000000000000100000.\v_wires[74]' from process `$paramod\systolic_block\N=s32'00000000000000000000000000100000.$proc$/openlane/designs/Tensor/src/systolic_block.v:0$12298'.
No latch inferred for signal `$paramod\systolic_block\N=s32'00000000000000000000000000100000.\v_wires[75]' from process `$paramod\systolic_block\N=s32'00000000000000000000000000100000.$proc$/openlane/designs/Tensor/src/systolic_block.v:0$12298'.
No latch inferred for signal `$paramod\systolic_block\N=s32'00000000000000000000000000100000.\v_wires[76]' from process `$paramod\systolic_block\N=s32'00000000000000000000000000100000.$proc$/openlane/designs/Tensor/src/systolic_block.v:0$12298'.
No latch inferred for signal `$paramod\systolic_block\N=s32'00000000000000000000000000100000.\v_wires[77]' from process `$paramod\systolic_block\N=s32'00000000000000000000000000100000.$proc$/openlane/designs/Tensor/src/systolic_block.v:0$12298'.
No latch inferred for signal `$paramod\systolic_block\N=s32'00000000000000000000000000100000.\v_wires[78]' from process `$paramod\systolic_block\N=s32'00000000000000000000000000100000.$proc$/openlane/designs/Tensor/src/systolic_block.v:0$12298'.
No latch inferred for signal `$paramod\systolic_block\N=s32'00000000000000000000000000100000.\v_wires[79]' from process `$paramod\systolic_block\N=s32'00000000000000000000000000100000.$proc$/openlane/designs/Tensor/src/systolic_block.v:0$12298'.
No latch inferred for signal `$paramod\systolic_block\N=s32'00000000000000000000000000100000.\v_wires[80]' from process `$paramod\systolic_block\N=s32'00000000000000000000000000100000.$proc$/openlane/designs/Tensor/src/systolic_block.v:0$12298'.
No latch inferred for signal `$paramod\systolic_block\N=s32'00000000000000000000000000100000.\v_wires[81]' from process `$paramod\systolic_block\N=s32'00000000000000000000000000100000.$proc$/openlane/designs/Tensor/src/systolic_block.v:0$12298'.
No latch inferred for signal `$paramod\systolic_block\N=s32'00000000000000000000000000100000.\v_wires[82]' from process `$paramod\systolic_block\N=s32'00000000000000000000000000100000.$proc$/openlane/designs/Tensor/src/systolic_block.v:0$12298'.
No latch inferred for signal `$paramod\systolic_block\N=s32'00000000000000000000000000100000.\v_wires[83]' from process `$paramod\systolic_block\N=s32'00000000000000000000000000100000.$proc$/openlane/designs/Tensor/src/systolic_block.v:0$12298'.
No latch inferred for signal `$paramod\systolic_block\N=s32'00000000000000000000000000100000.\v_wires[84]' from process `$paramod\systolic_block\N=s32'00000000000000000000000000100000.$proc$/openlane/designs/Tensor/src/systolic_block.v:0$12298'.
No latch inferred for signal `$paramod\systolic_block\N=s32'00000000000000000000000000100000.\v_wires[85]' from process `$paramod\systolic_block\N=s32'00000000000000000000000000100000.$proc$/openlane/designs/Tensor/src/systolic_block.v:0$12298'.
No latch inferred for signal `$paramod\systolic_block\N=s32'00000000000000000000000000100000.\v_wires[86]' from process `$paramod\systolic_block\N=s32'00000000000000000000000000100000.$proc$/openlane/designs/Tensor/src/systolic_block.v:0$12298'.
No latch inferred for signal `$paramod\systolic_block\N=s32'00000000000000000000000000100000.\v_wires[87]' from process `$paramod\systolic_block\N=s32'00000000000000000000000000100000.$proc$/openlane/designs/Tensor/src/systolic_block.v:0$12298'.
No latch inferred for signal `$paramod\systolic_block\N=s32'00000000000000000000000000100000.\v_wires[88]' from process `$paramod\systolic_block\N=s32'00000000000000000000000000100000.$proc$/openlane/designs/Tensor/src/systolic_block.v:0$12298'.
No latch inferred for signal `$paramod\systolic_block\N=s32'00000000000000000000000000100000.\v_wires[89]' from process `$paramod\systolic_block\N=s32'00000000000000000000000000100000.$proc$/openlane/designs/Tensor/src/systolic_block.v:0$12298'.
No latch inferred for signal `$paramod\systolic_block\N=s32'00000000000000000000000000100000.\v_wires[90]' from process `$paramod\systolic_block\N=s32'00000000000000000000000000100000.$proc$/openlane/designs/Tensor/src/systolic_block.v:0$12298'.
No latch inferred for signal `$paramod\systolic_block\N=s32'00000000000000000000000000100000.\v_wires[91]' from process `$paramod\systolic_block\N=s32'00000000000000000000000000100000.$proc$/openlane/designs/Tensor/src/systolic_block.v:0$12298'.
No latch inferred for signal `$paramod\systolic_block\N=s32'00000000000000000000000000100000.\v_wires[92]' from process `$paramod\systolic_block\N=s32'00000000000000000000000000100000.$proc$/openlane/designs/Tensor/src/systolic_block.v:0$12298'.
No latch inferred for signal `$paramod\systolic_block\N=s32'00000000000000000000000000100000.\v_wires[93]' from process `$paramod\systolic_block\N=s32'00000000000000000000000000100000.$proc$/openlane/designs/Tensor/src/systolic_block.v:0$12298'.
No latch inferred for signal `$paramod\systolic_block\N=s32'00000000000000000000000000100000.\v_wires[94]' from process `$paramod\systolic_block\N=s32'00000000000000000000000000100000.$proc$/openlane/designs/Tensor/src/systolic_block.v:0$12298'.
No latch inferred for signal `$paramod\systolic_block\N=s32'00000000000000000000000000100000.\v_wires[95]' from process `$paramod\systolic_block\N=s32'00000000000000000000000000100000.$proc$/openlane/designs/Tensor/src/systolic_block.v:0$12298'.
No latch inferred for signal `$paramod\systolic_block\N=s32'00000000000000000000000000100000.\v_wires[96]' from process `$paramod\systolic_block\N=s32'00000000000000000000000000100000.$proc$/openlane/designs/Tensor/src/systolic_block.v:0$12298'.
No latch inferred for signal `$paramod\systolic_block\N=s32'00000000000000000000000000100000.\v_wires[97]' from process `$paramod\systolic_block\N=s32'00000000000000000000000000100000.$proc$/openlane/designs/Tensor/src/systolic_block.v:0$12298'.
No latch inferred for signal `$paramod\systolic_block\N=s32'00000000000000000000000000100000.\v_wires[99]' from process `$paramod\systolic_block\N=s32'00000000000000000000000000100000.$proc$/openlane/designs/Tensor/src/systolic_block.v:0$12298'.
No latch inferred for signal `$paramod\systolic_block\N=s32'00000000000000000000000000100000.\v_wires[100]' from process `$paramod\systolic_block\N=s32'00000000000000000000000000100000.$proc$/openlane/designs/Tensor/src/systolic_block.v:0$12298'.
No latch inferred for signal `$paramod\systolic_block\N=s32'00000000000000000000000000100000.\v_wires[101]' from process `$paramod\systolic_block\N=s32'00000000000000000000000000100000.$proc$/openlane/designs/Tensor/src/systolic_block.v:0$12298'.
No latch inferred for signal `$paramod\systolic_block\N=s32'00000000000000000000000000100000.\v_wires[102]' from process `$paramod\systolic_block\N=s32'00000000000000000000000000100000.$proc$/openlane/designs/Tensor/src/systolic_block.v:0$12298'.
No latch inferred for signal `$paramod\systolic_block\N=s32'00000000000000000000000000100000.\v_wires[103]' from process `$paramod\systolic_block\N=s32'00000000000000000000000000100000.$proc$/openlane/designs/Tensor/src/systolic_block.v:0$12298'.
No latch inferred for signal `$paramod\systolic_block\N=s32'00000000000000000000000000100000.\v_wires[104]' from process `$paramod\systolic_block\N=s32'00000000000000000000000000100000.$proc$/openlane/designs/Tensor/src/systolic_block.v:0$12298'.
No latch inferred for signal `$paramod\systolic_block\N=s32'00000000000000000000000000100000.\v_wires[105]' from process `$paramod\systolic_block\N=s32'00000000000000000000000000100000.$proc$/openlane/designs/Tensor/src/systolic_block.v:0$12298'.
No latch inferred for signal `$paramod\systolic_block\N=s32'00000000000000000000000000100000.\v_wires[106]' from process `$paramod\systolic_block\N=s32'00000000000000000000000000100000.$proc$/openlane/designs/Tensor/src/systolic_block.v:0$12298'.
No latch inferred for signal `$paramod\systolic_block\N=s32'00000000000000000000000000100000.\v_wires[107]' from process `$paramod\systolic_block\N=s32'00000000000000000000000000100000.$proc$/openlane/designs/Tensor/src/systolic_block.v:0$12298'.
No latch inferred for signal `$paramod\systolic_block\N=s32'00000000000000000000000000100000.\v_wires[108]' from process `$paramod\systolic_block\N=s32'00000000000000000000000000100000.$proc$/openlane/designs/Tensor/src/systolic_block.v:0$12298'.
No latch inferred for signal `$paramod\systolic_block\N=s32'00000000000000000000000000100000.\v_wires[109]' from process `$paramod\systolic_block\N=s32'00000000000000000000000000100000.$proc$/openlane/designs/Tensor/src/systolic_block.v:0$12298'.
No latch inferred for signal `$paramod\systolic_block\N=s32'00000000000000000000000000100000.\v_wires[110]' from process `$paramod\systolic_block\N=s32'00000000000000000000000000100000.$proc$/openlane/designs/Tensor/src/systolic_block.v:0$12298'.
No latch inferred for signal `$paramod\systolic_block\N=s32'00000000000000000000000000100000.\v_wires[111]' from process `$paramod\systolic_block\N=s32'00000000000000000000000000100000.$proc$/openlane/designs/Tensor/src/systolic_block.v:0$12298'.
No latch inferred for signal `$paramod\systolic_block\N=s32'00000000000000000000000000100000.\v_wires[112]' from process `$paramod\systolic_block\N=s32'00000000000000000000000000100000.$proc$/openlane/designs/Tensor/src/systolic_block.v:0$12298'.
No latch inferred for signal `$paramod\systolic_block\N=s32'00000000000000000000000000100000.\v_wires[113]' from process `$paramod\systolic_block\N=s32'00000000000000000000000000100000.$proc$/openlane/designs/Tensor/src/systolic_block.v:0$12298'.
No latch inferred for signal `$paramod\systolic_block\N=s32'00000000000000000000000000100000.\v_wires[114]' from process `$paramod\systolic_block\N=s32'00000000000000000000000000100000.$proc$/openlane/designs/Tensor/src/systolic_block.v:0$12298'.
No latch inferred for signal `$paramod\systolic_block\N=s32'00000000000000000000000000100000.\v_wires[115]' from process `$paramod\systolic_block\N=s32'00000000000000000000000000100000.$proc$/openlane/designs/Tensor/src/systolic_block.v:0$12298'.
No latch inferred for signal `$paramod\systolic_block\N=s32'00000000000000000000000000100000.\v_wires[116]' from process `$paramod\systolic_block\N=s32'00000000000000000000000000100000.$proc$/openlane/designs/Tensor/src/systolic_block.v:0$12298'.
No latch inferred for signal `$paramod\systolic_block\N=s32'00000000000000000000000000100000.\v_wires[117]' from process `$paramod\systolic_block\N=s32'00000000000000000000000000100000.$proc$/openlane/designs/Tensor/src/systolic_block.v:0$12298'.
No latch inferred for signal `$paramod\systolic_block\N=s32'00000000000000000000000000100000.\v_wires[118]' from process `$paramod\systolic_block\N=s32'00000000000000000000000000100000.$proc$/openlane/designs/Tensor/src/systolic_block.v:0$12298'.
No latch inferred for signal `$paramod\systolic_block\N=s32'00000000000000000000000000100000.\v_wires[119]' from process `$paramod\systolic_block\N=s32'00000000000000000000000000100000.$proc$/openlane/designs/Tensor/src/systolic_block.v:0$12298'.
No latch inferred for signal `$paramod\systolic_block\N=s32'00000000000000000000000000100000.\v_wires[120]' from process `$paramod\systolic_block\N=s32'00000000000000000000000000100000.$proc$/openlane/designs/Tensor/src/systolic_block.v:0$12298'.
No latch inferred for signal `$paramod\systolic_block\N=s32'00000000000000000000000000100000.\v_wires[121]' from process `$paramod\systolic_block\N=s32'00000000000000000000000000100000.$proc$/openlane/designs/Tensor/src/systolic_block.v:0$12298'.
No latch inferred for signal `$paramod\systolic_block\N=s32'00000000000000000000000000100000.\v_wires[122]' from process `$paramod\systolic_block\N=s32'00000000000000000000000000100000.$proc$/openlane/designs/Tensor/src/systolic_block.v:0$12298'.
No latch inferred for signal `$paramod\systolic_block\N=s32'00000000000000000000000000100000.\v_wires[123]' from process `$paramod\systolic_block\N=s32'00000000000000000000000000100000.$proc$/openlane/designs/Tensor/src/systolic_block.v:0$12298'.
No latch inferred for signal `$paramod\systolic_block\N=s32'00000000000000000000000000100000.\v_wires[124]' from process `$paramod\systolic_block\N=s32'00000000000000000000000000100000.$proc$/openlane/designs/Tensor/src/systolic_block.v:0$12298'.
No latch inferred for signal `$paramod\systolic_block\N=s32'00000000000000000000000000100000.\v_wires[125]' from process `$paramod\systolic_block\N=s32'00000000000000000000000000100000.$proc$/openlane/designs/Tensor/src/systolic_block.v:0$12298'.
No latch inferred for signal `$paramod\systolic_block\N=s32'00000000000000000000000000100000.\v_wires[126]' from process `$paramod\systolic_block\N=s32'00000000000000000000000000100000.$proc$/openlane/designs/Tensor/src/systolic_block.v:0$12298'.
No latch inferred for signal `$paramod\systolic_block\N=s32'00000000000000000000000000100000.\v_wires[127]' from process `$paramod\systolic_block\N=s32'00000000000000000000000000100000.$proc$/openlane/designs/Tensor/src/systolic_block.v:0$12298'.
No latch inferred for signal `$paramod\systolic_block\N=s32'00000000000000000000000000100000.\v_wires[128]' from process `$paramod\systolic_block\N=s32'00000000000000000000000000100000.$proc$/openlane/designs/Tensor/src/systolic_block.v:0$12298'.
No latch inferred for signal `$paramod\systolic_block\N=s32'00000000000000000000000000100000.\v_wires[129]' from process `$paramod\systolic_block\N=s32'00000000000000000000000000100000.$proc$/openlane/designs/Tensor/src/systolic_block.v:0$12298'.
No latch inferred for signal `$paramod\systolic_block\N=s32'00000000000000000000000000100000.\v_wires[130]' from process `$paramod\systolic_block\N=s32'00000000000000000000000000100000.$proc$/openlane/designs/Tensor/src/systolic_block.v:0$12298'.
No latch inferred for signal `$paramod\systolic_block\N=s32'00000000000000000000000000100000.\v_wires[132]' from process `$paramod\systolic_block\N=s32'00000000000000000000000000100000.$proc$/openlane/designs/Tensor/src/systolic_block.v:0$12298'.
No latch inferred for signal `$paramod\systolic_block\N=s32'00000000000000000000000000100000.\v_wires[133]' from process `$paramod\systolic_block\N=s32'00000000000000000000000000100000.$proc$/openlane/designs/Tensor/src/systolic_block.v:0$12298'.
No latch inferred for signal `$paramod\systolic_block\N=s32'00000000000000000000000000100000.\v_wires[134]' from process `$paramod\systolic_block\N=s32'00000000000000000000000000100000.$proc$/openlane/designs/Tensor/src/systolic_block.v:0$12298'.
No latch inferred for signal `$paramod\systolic_block\N=s32'00000000000000000000000000100000.\v_wires[135]' from process `$paramod\systolic_block\N=s32'00000000000000000000000000100000.$proc$/openlane/designs/Tensor/src/systolic_block.v:0$12298'.
No latch inferred for signal `$paramod\systolic_block\N=s32'00000000000000000000000000100000.\v_wires[136]' from process `$paramod\systolic_block\N=s32'00000000000000000000000000100000.$proc$/openlane/designs/Tensor/src/systolic_block.v:0$12298'.
No latch inferred for signal `$paramod\systolic_block\N=s32'00000000000000000000000000100000.\v_wires[137]' from process `$paramod\systolic_block\N=s32'00000000000000000000000000100000.$proc$/openlane/designs/Tensor/src/systolic_block.v:0$12298'.
No latch inferred for signal `$paramod\systolic_block\N=s32'00000000000000000000000000100000.\v_wires[138]' from process `$paramod\systolic_block\N=s32'00000000000000000000000000100000.$proc$/openlane/designs/Tensor/src/systolic_block.v:0$12298'.
No latch inferred for signal `$paramod\systolic_block\N=s32'00000000000000000000000000100000.\v_wires[139]' from process `$paramod\systolic_block\N=s32'00000000000000000000000000100000.$proc$/openlane/designs/Tensor/src/systolic_block.v:0$12298'.
No latch inferred for signal `$paramod\systolic_block\N=s32'00000000000000000000000000100000.\v_wires[140]' from process `$paramod\systolic_block\N=s32'00000000000000000000000000100000.$proc$/openlane/designs/Tensor/src/systolic_block.v:0$12298'.
No latch inferred for signal `$paramod\systolic_block\N=s32'00000000000000000000000000100000.\v_wires[141]' from process `$paramod\systolic_block\N=s32'00000000000000000000000000100000.$proc$/openlane/designs/Tensor/src/systolic_block.v:0$12298'.
No latch inferred for signal `$paramod\systolic_block\N=s32'00000000000000000000000000100000.\v_wires[142]' from process `$paramod\systolic_block\N=s32'00000000000000000000000000100000.$proc$/openlane/designs/Tensor/src/systolic_block.v:0$12298'.
No latch inferred for signal `$paramod\systolic_block\N=s32'00000000000000000000000000100000.\v_wires[143]' from process `$paramod\systolic_block\N=s32'00000000000000000000000000100000.$proc$/openlane/designs/Tensor/src/systolic_block.v:0$12298'.
No latch inferred for signal `$paramod\systolic_block\N=s32'00000000000000000000000000100000.\v_wires[144]' from process `$paramod\systolic_block\N=s32'00000000000000000000000000100000.$proc$/openlane/designs/Tensor/src/systolic_block.v:0$12298'.
No latch inferred for signal `$paramod\systolic_block\N=s32'00000000000000000000000000100000.\v_wires[145]' from process `$paramod\systolic_block\N=s32'00000000000000000000000000100000.$proc$/openlane/designs/Tensor/src/systolic_block.v:0$12298'.
No latch inferred for signal `$paramod\systolic_block\N=s32'00000000000000000000000000100000.\v_wires[146]' from process `$paramod\systolic_block\N=s32'00000000000000000000000000100000.$proc$/openlane/designs/Tensor/src/systolic_block.v:0$12298'.
No latch inferred for signal `$paramod\systolic_block\N=s32'00000000000000000000000000100000.\v_wires[147]' from process `$paramod\systolic_block\N=s32'00000000000000000000000000100000.$proc$/openlane/designs/Tensor/src/systolic_block.v:0$12298'.
No latch inferred for signal `$paramod\systolic_block\N=s32'00000000000000000000000000100000.\v_wires[148]' from process `$paramod\systolic_block\N=s32'00000000000000000000000000100000.$proc$/openlane/designs/Tensor/src/systolic_block.v:0$12298'.
No latch inferred for signal `$paramod\systolic_block\N=s32'00000000000000000000000000100000.\v_wires[149]' from process `$paramod\systolic_block\N=s32'00000000000000000000000000100000.$proc$/openlane/designs/Tensor/src/systolic_block.v:0$12298'.
No latch inferred for signal `$paramod\systolic_block\N=s32'00000000000000000000000000100000.\v_wires[150]' from process `$paramod\systolic_block\N=s32'00000000000000000000000000100000.$proc$/openlane/designs/Tensor/src/systolic_block.v:0$12298'.
No latch inferred for signal `$paramod\systolic_block\N=s32'00000000000000000000000000100000.\v_wires[151]' from process `$paramod\systolic_block\N=s32'00000000000000000000000000100000.$proc$/openlane/designs/Tensor/src/systolic_block.v:0$12298'.
No latch inferred for signal `$paramod\systolic_block\N=s32'00000000000000000000000000100000.\v_wires[152]' from process `$paramod\systolic_block\N=s32'00000000000000000000000000100000.$proc$/openlane/designs/Tensor/src/systolic_block.v:0$12298'.
No latch inferred for signal `$paramod\systolic_block\N=s32'00000000000000000000000000100000.\v_wires[153]' from process `$paramod\systolic_block\N=s32'00000000000000000000000000100000.$proc$/openlane/designs/Tensor/src/systolic_block.v:0$12298'.
No latch inferred for signal `$paramod\systolic_block\N=s32'00000000000000000000000000100000.\v_wires[154]' from process `$paramod\systolic_block\N=s32'00000000000000000000000000100000.$proc$/openlane/designs/Tensor/src/systolic_block.v:0$12298'.
No latch inferred for signal `$paramod\systolic_block\N=s32'00000000000000000000000000100000.\v_wires[155]' from process `$paramod\systolic_block\N=s32'00000000000000000000000000100000.$proc$/openlane/designs/Tensor/src/systolic_block.v:0$12298'.
No latch inferred for signal `$paramod\systolic_block\N=s32'00000000000000000000000000100000.\v_wires[156]' from process `$paramod\systolic_block\N=s32'00000000000000000000000000100000.$proc$/openlane/designs/Tensor/src/systolic_block.v:0$12298'.
No latch inferred for signal `$paramod\systolic_block\N=s32'00000000000000000000000000100000.\v_wires[157]' from process `$paramod\systolic_block\N=s32'00000000000000000000000000100000.$proc$/openlane/designs/Tensor/src/systolic_block.v:0$12298'.
No latch inferred for signal `$paramod\systolic_block\N=s32'00000000000000000000000000100000.\v_wires[158]' from process `$paramod\systolic_block\N=s32'00000000000000000000000000100000.$proc$/openlane/designs/Tensor/src/systolic_block.v:0$12298'.
No latch inferred for signal `$paramod\systolic_block\N=s32'00000000000000000000000000100000.\v_wires[159]' from process `$paramod\systolic_block\N=s32'00000000000000000000000000100000.$proc$/openlane/designs/Tensor/src/systolic_block.v:0$12298'.
No latch inferred for signal `$paramod\systolic_block\N=s32'00000000000000000000000000100000.\v_wires[160]' from process `$paramod\systolic_block\N=s32'00000000000000000000000000100000.$proc$/openlane/designs/Tensor/src/systolic_block.v:0$12298'.
No latch inferred for signal `$paramod\systolic_block\N=s32'00000000000000000000000000100000.\v_wires[161]' from process `$paramod\systolic_block\N=s32'00000000000000000000000000100000.$proc$/openlane/designs/Tensor/src/systolic_block.v:0$12298'.
No latch inferred for signal `$paramod\systolic_block\N=s32'00000000000000000000000000100000.\v_wires[162]' from process `$paramod\systolic_block\N=s32'00000000000000000000000000100000.$proc$/openlane/designs/Tensor/src/systolic_block.v:0$12298'.
No latch inferred for signal `$paramod\systolic_block\N=s32'00000000000000000000000000100000.\v_wires[163]' from process `$paramod\systolic_block\N=s32'00000000000000000000000000100000.$proc$/openlane/designs/Tensor/src/systolic_block.v:0$12298'.
No latch inferred for signal `$paramod\systolic_block\N=s32'00000000000000000000000000100000.\v_wires[165]' from process `$paramod\systolic_block\N=s32'00000000000000000000000000100000.$proc$/openlane/designs/Tensor/src/systolic_block.v:0$12298'.
No latch inferred for signal `$paramod\systolic_block\N=s32'00000000000000000000000000100000.\v_wires[166]' from process `$paramod\systolic_block\N=s32'00000000000000000000000000100000.$proc$/openlane/designs/Tensor/src/systolic_block.v:0$12298'.
No latch inferred for signal `$paramod\systolic_block\N=s32'00000000000000000000000000100000.\v_wires[167]' from process `$paramod\systolic_block\N=s32'00000000000000000000000000100000.$proc$/openlane/designs/Tensor/src/systolic_block.v:0$12298'.
No latch inferred for signal `$paramod\systolic_block\N=s32'00000000000000000000000000100000.\v_wires[168]' from process `$paramod\systolic_block\N=s32'00000000000000000000000000100000.$proc$/openlane/designs/Tensor/src/systolic_block.v:0$12298'.
No latch inferred for signal `$paramod\systolic_block\N=s32'00000000000000000000000000100000.\v_wires[169]' from process `$paramod\systolic_block\N=s32'00000000000000000000000000100000.$proc$/openlane/designs/Tensor/src/systolic_block.v:0$12298'.
No latch inferred for signal `$paramod\systolic_block\N=s32'00000000000000000000000000100000.\v_wires[170]' from process `$paramod\systolic_block\N=s32'00000000000000000000000000100000.$proc$/openlane/designs/Tensor/src/systolic_block.v:0$12298'.
No latch inferred for signal `$paramod\systolic_block\N=s32'00000000000000000000000000100000.\v_wires[171]' from process `$paramod\systolic_block\N=s32'00000000000000000000000000100000.$proc$/openlane/designs/Tensor/src/systolic_block.v:0$12298'.
No latch inferred for signal `$paramod\systolic_block\N=s32'00000000000000000000000000100000.\v_wires[172]' from process `$paramod\systolic_block\N=s32'00000000000000000000000000100000.$proc$/openlane/designs/Tensor/src/systolic_block.v:0$12298'.
No latch inferred for signal `$paramod\systolic_block\N=s32'00000000000000000000000000100000.\v_wires[173]' from process `$paramod\systolic_block\N=s32'00000000000000000000000000100000.$proc$/openlane/designs/Tensor/src/systolic_block.v:0$12298'.
No latch inferred for signal `$paramod\systolic_block\N=s32'00000000000000000000000000100000.\v_wires[174]' from process `$paramod\systolic_block\N=s32'00000000000000000000000000100000.$proc$/openlane/designs/Tensor/src/systolic_block.v:0$12298'.
No latch inferred for signal `$paramod\systolic_block\N=s32'00000000000000000000000000100000.\v_wires[175]' from process `$paramod\systolic_block\N=s32'00000000000000000000000000100000.$proc$/openlane/designs/Tensor/src/systolic_block.v:0$12298'.
No latch inferred for signal `$paramod\systolic_block\N=s32'00000000000000000000000000100000.\v_wires[176]' from process `$paramod\systolic_block\N=s32'00000000000000000000000000100000.$proc$/openlane/designs/Tensor/src/systolic_block.v:0$12298'.
No latch inferred for signal `$paramod\systolic_block\N=s32'00000000000000000000000000100000.\v_wires[177]' from process `$paramod\systolic_block\N=s32'00000000000000000000000000100000.$proc$/openlane/designs/Tensor/src/systolic_block.v:0$12298'.
No latch inferred for signal `$paramod\systolic_block\N=s32'00000000000000000000000000100000.\v_wires[178]' from process `$paramod\systolic_block\N=s32'00000000000000000000000000100000.$proc$/openlane/designs/Tensor/src/systolic_block.v:0$12298'.
No latch inferred for signal `$paramod\systolic_block\N=s32'00000000000000000000000000100000.\v_wires[179]' from process `$paramod\systolic_block\N=s32'00000000000000000000000000100000.$proc$/openlane/designs/Tensor/src/systolic_block.v:0$12298'.
No latch inferred for signal `$paramod\systolic_block\N=s32'00000000000000000000000000100000.\v_wires[180]' from process `$paramod\systolic_block\N=s32'00000000000000000000000000100000.$proc$/openlane/designs/Tensor/src/systolic_block.v:0$12298'.
No latch inferred for signal `$paramod\systolic_block\N=s32'00000000000000000000000000100000.\v_wires[181]' from process `$paramod\systolic_block\N=s32'00000000000000000000000000100000.$proc$/openlane/designs/Tensor/src/systolic_block.v:0$12298'.
No latch inferred for signal `$paramod\systolic_block\N=s32'00000000000000000000000000100000.\v_wires[182]' from process `$paramod\systolic_block\N=s32'00000000000000000000000000100000.$proc$/openlane/designs/Tensor/src/systolic_block.v:0$12298'.
No latch inferred for signal `$paramod\systolic_block\N=s32'00000000000000000000000000100000.\v_wires[183]' from process `$paramod\systolic_block\N=s32'00000000000000000000000000100000.$proc$/openlane/designs/Tensor/src/systolic_block.v:0$12298'.
No latch inferred for signal `$paramod\systolic_block\N=s32'00000000000000000000000000100000.\v_wires[184]' from process `$paramod\systolic_block\N=s32'00000000000000000000000000100000.$proc$/openlane/designs/Tensor/src/systolic_block.v:0$12298'.
No latch inferred for signal `$paramod\systolic_block\N=s32'00000000000000000000000000100000.\v_wires[185]' from process `$paramod\systolic_block\N=s32'00000000000000000000000000100000.$proc$/openlane/designs/Tensor/src/systolic_block.v:0$12298'.
No latch inferred for signal `$paramod\systolic_block\N=s32'00000000000000000000000000100000.\v_wires[186]' from process `$paramod\systolic_block\N=s32'00000000000000000000000000100000.$proc$/openlane/designs/Tensor/src/systolic_block.v:0$12298'.
No latch inferred for signal `$paramod\systolic_block\N=s32'00000000000000000000000000100000.\v_wires[187]' from process `$paramod\systolic_block\N=s32'00000000000000000000000000100000.$proc$/openlane/designs/Tensor/src/systolic_block.v:0$12298'.
No latch inferred for signal `$paramod\systolic_block\N=s32'00000000000000000000000000100000.\v_wires[188]' from process `$paramod\systolic_block\N=s32'00000000000000000000000000100000.$proc$/openlane/designs/Tensor/src/systolic_block.v:0$12298'.
No latch inferred for signal `$paramod\systolic_block\N=s32'00000000000000000000000000100000.\v_wires[189]' from process `$paramod\systolic_block\N=s32'00000000000000000000000000100000.$proc$/openlane/designs/Tensor/src/systolic_block.v:0$12298'.
No latch inferred for signal `$paramod\systolic_block\N=s32'00000000000000000000000000100000.\v_wires[190]' from process `$paramod\systolic_block\N=s32'00000000000000000000000000100000.$proc$/openlane/designs/Tensor/src/systolic_block.v:0$12298'.
No latch inferred for signal `$paramod\systolic_block\N=s32'00000000000000000000000000100000.\v_wires[191]' from process `$paramod\systolic_block\N=s32'00000000000000000000000000100000.$proc$/openlane/designs/Tensor/src/systolic_block.v:0$12298'.
No latch inferred for signal `$paramod\systolic_block\N=s32'00000000000000000000000000100000.\v_wires[192]' from process `$paramod\systolic_block\N=s32'00000000000000000000000000100000.$proc$/openlane/designs/Tensor/src/systolic_block.v:0$12298'.
No latch inferred for signal `$paramod\systolic_block\N=s32'00000000000000000000000000100000.\v_wires[193]' from process `$paramod\systolic_block\N=s32'00000000000000000000000000100000.$proc$/openlane/designs/Tensor/src/systolic_block.v:0$12298'.
No latch inferred for signal `$paramod\systolic_block\N=s32'00000000000000000000000000100000.\v_wires[194]' from process `$paramod\systolic_block\N=s32'00000000000000000000000000100000.$proc$/openlane/designs/Tensor/src/systolic_block.v:0$12298'.
No latch inferred for signal `$paramod\systolic_block\N=s32'00000000000000000000000000100000.\v_wires[195]' from process `$paramod\systolic_block\N=s32'00000000000000000000000000100000.$proc$/openlane/designs/Tensor/src/systolic_block.v:0$12298'.
No latch inferred for signal `$paramod\systolic_block\N=s32'00000000000000000000000000100000.\v_wires[196]' from process `$paramod\systolic_block\N=s32'00000000000000000000000000100000.$proc$/openlane/designs/Tensor/src/systolic_block.v:0$12298'.
No latch inferred for signal `$paramod\systolic_block\N=s32'00000000000000000000000000100000.\v_wires[198]' from process `$paramod\systolic_block\N=s32'00000000000000000000000000100000.$proc$/openlane/designs/Tensor/src/systolic_block.v:0$12298'.
No latch inferred for signal `$paramod\systolic_block\N=s32'00000000000000000000000000100000.\v_wires[199]' from process `$paramod\systolic_block\N=s32'00000000000000000000000000100000.$proc$/openlane/designs/Tensor/src/systolic_block.v:0$12298'.
No latch inferred for signal `$paramod\systolic_block\N=s32'00000000000000000000000000100000.\v_wires[200]' from process `$paramod\systolic_block\N=s32'00000000000000000000000000100000.$proc$/openlane/designs/Tensor/src/systolic_block.v:0$12298'.
No latch inferred for signal `$paramod\systolic_block\N=s32'00000000000000000000000000100000.\v_wires[201]' from process `$paramod\systolic_block\N=s32'00000000000000000000000000100000.$proc$/openlane/designs/Tensor/src/systolic_block.v:0$12298'.
No latch inferred for signal `$paramod\systolic_block\N=s32'00000000000000000000000000100000.\v_wires[202]' from process `$paramod\systolic_block\N=s32'00000000000000000000000000100000.$proc$/openlane/designs/Tensor/src/systolic_block.v:0$12298'.
No latch inferred for signal `$paramod\systolic_block\N=s32'00000000000000000000000000100000.\v_wires[203]' from process `$paramod\systolic_block\N=s32'00000000000000000000000000100000.$proc$/openlane/designs/Tensor/src/systolic_block.v:0$12298'.
No latch inferred for signal `$paramod\systolic_block\N=s32'00000000000000000000000000100000.\v_wires[204]' from process `$paramod\systolic_block\N=s32'00000000000000000000000000100000.$proc$/openlane/designs/Tensor/src/systolic_block.v:0$12298'.
No latch inferred for signal `$paramod\systolic_block\N=s32'00000000000000000000000000100000.\v_wires[205]' from process `$paramod\systolic_block\N=s32'00000000000000000000000000100000.$proc$/openlane/designs/Tensor/src/systolic_block.v:0$12298'.
No latch inferred for signal `$paramod\systolic_block\N=s32'00000000000000000000000000100000.\v_wires[206]' from process `$paramod\systolic_block\N=s32'00000000000000000000000000100000.$proc$/openlane/designs/Tensor/src/systolic_block.v:0$12298'.
No latch inferred for signal `$paramod\systolic_block\N=s32'00000000000000000000000000100000.\v_wires[207]' from process `$paramod\systolic_block\N=s32'00000000000000000000000000100000.$proc$/openlane/designs/Tensor/src/systolic_block.v:0$12298'.
No latch inferred for signal `$paramod\systolic_block\N=s32'00000000000000000000000000100000.\v_wires[208]' from process `$paramod\systolic_block\N=s32'00000000000000000000000000100000.$proc$/openlane/designs/Tensor/src/systolic_block.v:0$12298'.
No latch inferred for signal `$paramod\systolic_block\N=s32'00000000000000000000000000100000.\v_wires[209]' from process `$paramod\systolic_block\N=s32'00000000000000000000000000100000.$proc$/openlane/designs/Tensor/src/systolic_block.v:0$12298'.
No latch inferred for signal `$paramod\systolic_block\N=s32'00000000000000000000000000100000.\v_wires[210]' from process `$paramod\systolic_block\N=s32'00000000000000000000000000100000.$proc$/openlane/designs/Tensor/src/systolic_block.v:0$12298'.
No latch inferred for signal `$paramod\systolic_block\N=s32'00000000000000000000000000100000.\v_wires[211]' from process `$paramod\systolic_block\N=s32'00000000000000000000000000100000.$proc$/openlane/designs/Tensor/src/systolic_block.v:0$12298'.
No latch inferred for signal `$paramod\systolic_block\N=s32'00000000000000000000000000100000.\v_wires[212]' from process `$paramod\systolic_block\N=s32'00000000000000000000000000100000.$proc$/openlane/designs/Tensor/src/systolic_block.v:0$12298'.
No latch inferred for signal `$paramod\systolic_block\N=s32'00000000000000000000000000100000.\v_wires[213]' from process `$paramod\systolic_block\N=s32'00000000000000000000000000100000.$proc$/openlane/designs/Tensor/src/systolic_block.v:0$12298'.
No latch inferred for signal `$paramod\systolic_block\N=s32'00000000000000000000000000100000.\v_wires[214]' from process `$paramod\systolic_block\N=s32'00000000000000000000000000100000.$proc$/openlane/designs/Tensor/src/systolic_block.v:0$12298'.
No latch inferred for signal `$paramod\systolic_block\N=s32'00000000000000000000000000100000.\v_wires[215]' from process `$paramod\systolic_block\N=s32'00000000000000000000000000100000.$proc$/openlane/designs/Tensor/src/systolic_block.v:0$12298'.
No latch inferred for signal `$paramod\systolic_block\N=s32'00000000000000000000000000100000.\v_wires[216]' from process `$paramod\systolic_block\N=s32'00000000000000000000000000100000.$proc$/openlane/designs/Tensor/src/systolic_block.v:0$12298'.
No latch inferred for signal `$paramod\systolic_block\N=s32'00000000000000000000000000100000.\v_wires[217]' from process `$paramod\systolic_block\N=s32'00000000000000000000000000100000.$proc$/openlane/designs/Tensor/src/systolic_block.v:0$12298'.
No latch inferred for signal `$paramod\systolic_block\N=s32'00000000000000000000000000100000.\v_wires[218]' from process `$paramod\systolic_block\N=s32'00000000000000000000000000100000.$proc$/openlane/designs/Tensor/src/systolic_block.v:0$12298'.
No latch inferred for signal `$paramod\systolic_block\N=s32'00000000000000000000000000100000.\v_wires[219]' from process `$paramod\systolic_block\N=s32'00000000000000000000000000100000.$proc$/openlane/designs/Tensor/src/systolic_block.v:0$12298'.
No latch inferred for signal `$paramod\systolic_block\N=s32'00000000000000000000000000100000.\v_wires[220]' from process `$paramod\systolic_block\N=s32'00000000000000000000000000100000.$proc$/openlane/designs/Tensor/src/systolic_block.v:0$12298'.
No latch inferred for signal `$paramod\systolic_block\N=s32'00000000000000000000000000100000.\v_wires[221]' from process `$paramod\systolic_block\N=s32'00000000000000000000000000100000.$proc$/openlane/designs/Tensor/src/systolic_block.v:0$12298'.
No latch inferred for signal `$paramod\systolic_block\N=s32'00000000000000000000000000100000.\v_wires[222]' from process `$paramod\systolic_block\N=s32'00000000000000000000000000100000.$proc$/openlane/designs/Tensor/src/systolic_block.v:0$12298'.
No latch inferred for signal `$paramod\systolic_block\N=s32'00000000000000000000000000100000.\v_wires[223]' from process `$paramod\systolic_block\N=s32'00000000000000000000000000100000.$proc$/openlane/designs/Tensor/src/systolic_block.v:0$12298'.
No latch inferred for signal `$paramod\systolic_block\N=s32'00000000000000000000000000100000.\v_wires[224]' from process `$paramod\systolic_block\N=s32'00000000000000000000000000100000.$proc$/openlane/designs/Tensor/src/systolic_block.v:0$12298'.
No latch inferred for signal `$paramod\systolic_block\N=s32'00000000000000000000000000100000.\v_wires[225]' from process `$paramod\systolic_block\N=s32'00000000000000000000000000100000.$proc$/openlane/designs/Tensor/src/systolic_block.v:0$12298'.
No latch inferred for signal `$paramod\systolic_block\N=s32'00000000000000000000000000100000.\v_wires[226]' from process `$paramod\systolic_block\N=s32'00000000000000000000000000100000.$proc$/openlane/designs/Tensor/src/systolic_block.v:0$12298'.
No latch inferred for signal `$paramod\systolic_block\N=s32'00000000000000000000000000100000.\v_wires[227]' from process `$paramod\systolic_block\N=s32'00000000000000000000000000100000.$proc$/openlane/designs/Tensor/src/systolic_block.v:0$12298'.
No latch inferred for signal `$paramod\systolic_block\N=s32'00000000000000000000000000100000.\v_wires[228]' from process `$paramod\systolic_block\N=s32'00000000000000000000000000100000.$proc$/openlane/designs/Tensor/src/systolic_block.v:0$12298'.
No latch inferred for signal `$paramod\systolic_block\N=s32'00000000000000000000000000100000.\v_wires[229]' from process `$paramod\systolic_block\N=s32'00000000000000000000000000100000.$proc$/openlane/designs/Tensor/src/systolic_block.v:0$12298'.
No latch inferred for signal `$paramod\systolic_block\N=s32'00000000000000000000000000100000.\v_wires[231]' from process `$paramod\systolic_block\N=s32'00000000000000000000000000100000.$proc$/openlane/designs/Tensor/src/systolic_block.v:0$12298'.
No latch inferred for signal `$paramod\systolic_block\N=s32'00000000000000000000000000100000.\v_wires[232]' from process `$paramod\systolic_block\N=s32'00000000000000000000000000100000.$proc$/openlane/designs/Tensor/src/systolic_block.v:0$12298'.
No latch inferred for signal `$paramod\systolic_block\N=s32'00000000000000000000000000100000.\v_wires[233]' from process `$paramod\systolic_block\N=s32'00000000000000000000000000100000.$proc$/openlane/designs/Tensor/src/systolic_block.v:0$12298'.
No latch inferred for signal `$paramod\systolic_block\N=s32'00000000000000000000000000100000.\v_wires[234]' from process `$paramod\systolic_block\N=s32'00000000000000000000000000100000.$proc$/openlane/designs/Tensor/src/systolic_block.v:0$12298'.
No latch inferred for signal `$paramod\systolic_block\N=s32'00000000000000000000000000100000.\v_wires[235]' from process `$paramod\systolic_block\N=s32'00000000000000000000000000100000.$proc$/openlane/designs/Tensor/src/systolic_block.v:0$12298'.
No latch inferred for signal `$paramod\systolic_block\N=s32'00000000000000000000000000100000.\v_wires[236]' from process `$paramod\systolic_block\N=s32'00000000000000000000000000100000.$proc$/openlane/designs/Tensor/src/systolic_block.v:0$12298'.
No latch inferred for signal `$paramod\systolic_block\N=s32'00000000000000000000000000100000.\v_wires[237]' from process `$paramod\systolic_block\N=s32'00000000000000000000000000100000.$proc$/openlane/designs/Tensor/src/systolic_block.v:0$12298'.
No latch inferred for signal `$paramod\systolic_block\N=s32'00000000000000000000000000100000.\v_wires[238]' from process `$paramod\systolic_block\N=s32'00000000000000000000000000100000.$proc$/openlane/designs/Tensor/src/systolic_block.v:0$12298'.
No latch inferred for signal `$paramod\systolic_block\N=s32'00000000000000000000000000100000.\v_wires[239]' from process `$paramod\systolic_block\N=s32'00000000000000000000000000100000.$proc$/openlane/designs/Tensor/src/systolic_block.v:0$12298'.
No latch inferred for signal `$paramod\systolic_block\N=s32'00000000000000000000000000100000.\v_wires[240]' from process `$paramod\systolic_block\N=s32'00000000000000000000000000100000.$proc$/openlane/designs/Tensor/src/systolic_block.v:0$12298'.
No latch inferred for signal `$paramod\systolic_block\N=s32'00000000000000000000000000100000.\v_wires[241]' from process `$paramod\systolic_block\N=s32'00000000000000000000000000100000.$proc$/openlane/designs/Tensor/src/systolic_block.v:0$12298'.
No latch inferred for signal `$paramod\systolic_block\N=s32'00000000000000000000000000100000.\v_wires[242]' from process `$paramod\systolic_block\N=s32'00000000000000000000000000100000.$proc$/openlane/designs/Tensor/src/systolic_block.v:0$12298'.
No latch inferred for signal `$paramod\systolic_block\N=s32'00000000000000000000000000100000.\v_wires[243]' from process `$paramod\systolic_block\N=s32'00000000000000000000000000100000.$proc$/openlane/designs/Tensor/src/systolic_block.v:0$12298'.
No latch inferred for signal `$paramod\systolic_block\N=s32'00000000000000000000000000100000.\v_wires[244]' from process `$paramod\systolic_block\N=s32'00000000000000000000000000100000.$proc$/openlane/designs/Tensor/src/systolic_block.v:0$12298'.
No latch inferred for signal `$paramod\systolic_block\N=s32'00000000000000000000000000100000.\v_wires[245]' from process `$paramod\systolic_block\N=s32'00000000000000000000000000100000.$proc$/openlane/designs/Tensor/src/systolic_block.v:0$12298'.
No latch inferred for signal `$paramod\systolic_block\N=s32'00000000000000000000000000100000.\v_wires[246]' from process `$paramod\systolic_block\N=s32'00000000000000000000000000100000.$proc$/openlane/designs/Tensor/src/systolic_block.v:0$12298'.
No latch inferred for signal `$paramod\systolic_block\N=s32'00000000000000000000000000100000.\v_wires[247]' from process `$paramod\systolic_block\N=s32'00000000000000000000000000100000.$proc$/openlane/designs/Tensor/src/systolic_block.v:0$12298'.
No latch inferred for signal `$paramod\systolic_block\N=s32'00000000000000000000000000100000.\v_wires[248]' from process `$paramod\systolic_block\N=s32'00000000000000000000000000100000.$proc$/openlane/designs/Tensor/src/systolic_block.v:0$12298'.
No latch inferred for signal `$paramod\systolic_block\N=s32'00000000000000000000000000100000.\v_wires[249]' from process `$paramod\systolic_block\N=s32'00000000000000000000000000100000.$proc$/openlane/designs/Tensor/src/systolic_block.v:0$12298'.
No latch inferred for signal `$paramod\systolic_block\N=s32'00000000000000000000000000100000.\v_wires[250]' from process `$paramod\systolic_block\N=s32'00000000000000000000000000100000.$proc$/openlane/designs/Tensor/src/systolic_block.v:0$12298'.
No latch inferred for signal `$paramod\systolic_block\N=s32'00000000000000000000000000100000.\v_wires[251]' from process `$paramod\systolic_block\N=s32'00000000000000000000000000100000.$proc$/openlane/designs/Tensor/src/systolic_block.v:0$12298'.
No latch inferred for signal `$paramod\systolic_block\N=s32'00000000000000000000000000100000.\v_wires[252]' from process `$paramod\systolic_block\N=s32'00000000000000000000000000100000.$proc$/openlane/designs/Tensor/src/systolic_block.v:0$12298'.
No latch inferred for signal `$paramod\systolic_block\N=s32'00000000000000000000000000100000.\v_wires[253]' from process `$paramod\systolic_block\N=s32'00000000000000000000000000100000.$proc$/openlane/designs/Tensor/src/systolic_block.v:0$12298'.
No latch inferred for signal `$paramod\systolic_block\N=s32'00000000000000000000000000100000.\v_wires[254]' from process `$paramod\systolic_block\N=s32'00000000000000000000000000100000.$proc$/openlane/designs/Tensor/src/systolic_block.v:0$12298'.
No latch inferred for signal `$paramod\systolic_block\N=s32'00000000000000000000000000100000.\v_wires[255]' from process `$paramod\systolic_block\N=s32'00000000000000000000000000100000.$proc$/openlane/designs/Tensor/src/systolic_block.v:0$12298'.
No latch inferred for signal `$paramod\systolic_block\N=s32'00000000000000000000000000100000.\v_wires[256]' from process `$paramod\systolic_block\N=s32'00000000000000000000000000100000.$proc$/openlane/designs/Tensor/src/systolic_block.v:0$12298'.
No latch inferred for signal `$paramod\systolic_block\N=s32'00000000000000000000000000100000.\v_wires[257]' from process `$paramod\systolic_block\N=s32'00000000000000000000000000100000.$proc$/openlane/designs/Tensor/src/systolic_block.v:0$12298'.
No latch inferred for signal `$paramod\systolic_block\N=s32'00000000000000000000000000100000.\v_wires[258]' from process `$paramod\systolic_block\N=s32'00000000000000000000000000100000.$proc$/openlane/designs/Tensor/src/systolic_block.v:0$12298'.
No latch inferred for signal `$paramod\systolic_block\N=s32'00000000000000000000000000100000.\v_wires[259]' from process `$paramod\systolic_block\N=s32'00000000000000000000000000100000.$proc$/openlane/designs/Tensor/src/systolic_block.v:0$12298'.
No latch inferred for signal `$paramod\systolic_block\N=s32'00000000000000000000000000100000.\v_wires[260]' from process `$paramod\systolic_block\N=s32'00000000000000000000000000100000.$proc$/openlane/designs/Tensor/src/systolic_block.v:0$12298'.
No latch inferred for signal `$paramod\systolic_block\N=s32'00000000000000000000000000100000.\v_wires[261]' from process `$paramod\systolic_block\N=s32'00000000000000000000000000100000.$proc$/openlane/designs/Tensor/src/systolic_block.v:0$12298'.
No latch inferred for signal `$paramod\systolic_block\N=s32'00000000000000000000000000100000.\v_wires[262]' from process `$paramod\systolic_block\N=s32'00000000000000000000000000100000.$proc$/openlane/designs/Tensor/src/systolic_block.v:0$12298'.
No latch inferred for signal `$paramod\systolic_block\N=s32'00000000000000000000000000100000.\v_wires[264]' from process `$paramod\systolic_block\N=s32'00000000000000000000000000100000.$proc$/openlane/designs/Tensor/src/systolic_block.v:0$12298'.
No latch inferred for signal `$paramod\systolic_block\N=s32'00000000000000000000000000100000.\v_wires[265]' from process `$paramod\systolic_block\N=s32'00000000000000000000000000100000.$proc$/openlane/designs/Tensor/src/systolic_block.v:0$12298'.
No latch inferred for signal `$paramod\systolic_block\N=s32'00000000000000000000000000100000.\v_wires[266]' from process `$paramod\systolic_block\N=s32'00000000000000000000000000100000.$proc$/openlane/designs/Tensor/src/systolic_block.v:0$12298'.
No latch inferred for signal `$paramod\systolic_block\N=s32'00000000000000000000000000100000.\v_wires[267]' from process `$paramod\systolic_block\N=s32'00000000000000000000000000100000.$proc$/openlane/designs/Tensor/src/systolic_block.v:0$12298'.
No latch inferred for signal `$paramod\systolic_block\N=s32'00000000000000000000000000100000.\v_wires[268]' from process `$paramod\systolic_block\N=s32'00000000000000000000000000100000.$proc$/openlane/designs/Tensor/src/systolic_block.v:0$12298'.
No latch inferred for signal `$paramod\systolic_block\N=s32'00000000000000000000000000100000.\v_wires[269]' from process `$paramod\systolic_block\N=s32'00000000000000000000000000100000.$proc$/openlane/designs/Tensor/src/systolic_block.v:0$12298'.
No latch inferred for signal `$paramod\systolic_block\N=s32'00000000000000000000000000100000.\v_wires[270]' from process `$paramod\systolic_block\N=s32'00000000000000000000000000100000.$proc$/openlane/designs/Tensor/src/systolic_block.v:0$12298'.
No latch inferred for signal `$paramod\systolic_block\N=s32'00000000000000000000000000100000.\v_wires[271]' from process `$paramod\systolic_block\N=s32'00000000000000000000000000100000.$proc$/openlane/designs/Tensor/src/systolic_block.v:0$12298'.
No latch inferred for signal `$paramod\systolic_block\N=s32'00000000000000000000000000100000.\v_wires[272]' from process `$paramod\systolic_block\N=s32'00000000000000000000000000100000.$proc$/openlane/designs/Tensor/src/systolic_block.v:0$12298'.
No latch inferred for signal `$paramod\systolic_block\N=s32'00000000000000000000000000100000.\v_wires[273]' from process `$paramod\systolic_block\N=s32'00000000000000000000000000100000.$proc$/openlane/designs/Tensor/src/systolic_block.v:0$12298'.
No latch inferred for signal `$paramod\systolic_block\N=s32'00000000000000000000000000100000.\v_wires[274]' from process `$paramod\systolic_block\N=s32'00000000000000000000000000100000.$proc$/openlane/designs/Tensor/src/systolic_block.v:0$12298'.
No latch inferred for signal `$paramod\systolic_block\N=s32'00000000000000000000000000100000.\v_wires[275]' from process `$paramod\systolic_block\N=s32'00000000000000000000000000100000.$proc$/openlane/designs/Tensor/src/systolic_block.v:0$12298'.
No latch inferred for signal `$paramod\systolic_block\N=s32'00000000000000000000000000100000.\v_wires[276]' from process `$paramod\systolic_block\N=s32'00000000000000000000000000100000.$proc$/openlane/designs/Tensor/src/systolic_block.v:0$12298'.
No latch inferred for signal `$paramod\systolic_block\N=s32'00000000000000000000000000100000.\v_wires[277]' from process `$paramod\systolic_block\N=s32'00000000000000000000000000100000.$proc$/openlane/designs/Tensor/src/systolic_block.v:0$12298'.
No latch inferred for signal `$paramod\systolic_block\N=s32'00000000000000000000000000100000.\v_wires[278]' from process `$paramod\systolic_block\N=s32'00000000000000000000000000100000.$proc$/openlane/designs/Tensor/src/systolic_block.v:0$12298'.
No latch inferred for signal `$paramod\systolic_block\N=s32'00000000000000000000000000100000.\v_wires[279]' from process `$paramod\systolic_block\N=s32'00000000000000000000000000100000.$proc$/openlane/designs/Tensor/src/systolic_block.v:0$12298'.
No latch inferred for signal `$paramod\systolic_block\N=s32'00000000000000000000000000100000.\v_wires[280]' from process `$paramod\systolic_block\N=s32'00000000000000000000000000100000.$proc$/openlane/designs/Tensor/src/systolic_block.v:0$12298'.
No latch inferred for signal `$paramod\systolic_block\N=s32'00000000000000000000000000100000.\v_wires[281]' from process `$paramod\systolic_block\N=s32'00000000000000000000000000100000.$proc$/openlane/designs/Tensor/src/systolic_block.v:0$12298'.
No latch inferred for signal `$paramod\systolic_block\N=s32'00000000000000000000000000100000.\v_wires[282]' from process `$paramod\systolic_block\N=s32'00000000000000000000000000100000.$proc$/openlane/designs/Tensor/src/systolic_block.v:0$12298'.
No latch inferred for signal `$paramod\systolic_block\N=s32'00000000000000000000000000100000.\v_wires[283]' from process `$paramod\systolic_block\N=s32'00000000000000000000000000100000.$proc$/openlane/designs/Tensor/src/systolic_block.v:0$12298'.
No latch inferred for signal `$paramod\systolic_block\N=s32'00000000000000000000000000100000.\v_wires[284]' from process `$paramod\systolic_block\N=s32'00000000000000000000000000100000.$proc$/openlane/designs/Tensor/src/systolic_block.v:0$12298'.
No latch inferred for signal `$paramod\systolic_block\N=s32'00000000000000000000000000100000.\v_wires[285]' from process `$paramod\systolic_block\N=s32'00000000000000000000000000100000.$proc$/openlane/designs/Tensor/src/systolic_block.v:0$12298'.
No latch inferred for signal `$paramod\systolic_block\N=s32'00000000000000000000000000100000.\v_wires[286]' from process `$paramod\systolic_block\N=s32'00000000000000000000000000100000.$proc$/openlane/designs/Tensor/src/systolic_block.v:0$12298'.
No latch inferred for signal `$paramod\systolic_block\N=s32'00000000000000000000000000100000.\v_wires[287]' from process `$paramod\systolic_block\N=s32'00000000000000000000000000100000.$proc$/openlane/designs/Tensor/src/systolic_block.v:0$12298'.
No latch inferred for signal `$paramod\systolic_block\N=s32'00000000000000000000000000100000.\v_wires[288]' from process `$paramod\systolic_block\N=s32'00000000000000000000000000100000.$proc$/openlane/designs/Tensor/src/systolic_block.v:0$12298'.
No latch inferred for signal `$paramod\systolic_block\N=s32'00000000000000000000000000100000.\v_wires[289]' from process `$paramod\systolic_block\N=s32'00000000000000000000000000100000.$proc$/openlane/designs/Tensor/src/systolic_block.v:0$12298'.
No latch inferred for signal `$paramod\systolic_block\N=s32'00000000000000000000000000100000.\v_wires[290]' from process `$paramod\systolic_block\N=s32'00000000000000000000000000100000.$proc$/openlane/designs/Tensor/src/systolic_block.v:0$12298'.
No latch inferred for signal `$paramod\systolic_block\N=s32'00000000000000000000000000100000.\v_wires[291]' from process `$paramod\systolic_block\N=s32'00000000000000000000000000100000.$proc$/openlane/designs/Tensor/src/systolic_block.v:0$12298'.
No latch inferred for signal `$paramod\systolic_block\N=s32'00000000000000000000000000100000.\v_wires[292]' from process `$paramod\systolic_block\N=s32'00000000000000000000000000100000.$proc$/openlane/designs/Tensor/src/systolic_block.v:0$12298'.
No latch inferred for signal `$paramod\systolic_block\N=s32'00000000000000000000000000100000.\v_wires[293]' from process `$paramod\systolic_block\N=s32'00000000000000000000000000100000.$proc$/openlane/designs/Tensor/src/systolic_block.v:0$12298'.
No latch inferred for signal `$paramod\systolic_block\N=s32'00000000000000000000000000100000.\v_wires[294]' from process `$paramod\systolic_block\N=s32'00000000000000000000000000100000.$proc$/openlane/designs/Tensor/src/systolic_block.v:0$12298'.
No latch inferred for signal `$paramod\systolic_block\N=s32'00000000000000000000000000100000.\v_wires[295]' from process `$paramod\systolic_block\N=s32'00000000000000000000000000100000.$proc$/openlane/designs/Tensor/src/systolic_block.v:0$12298'.
No latch inferred for signal `$paramod\systolic_block\N=s32'00000000000000000000000000100000.\v_wires[297]' from process `$paramod\systolic_block\N=s32'00000000000000000000000000100000.$proc$/openlane/designs/Tensor/src/systolic_block.v:0$12298'.
No latch inferred for signal `$paramod\systolic_block\N=s32'00000000000000000000000000100000.\v_wires[298]' from process `$paramod\systolic_block\N=s32'00000000000000000000000000100000.$proc$/openlane/designs/Tensor/src/systolic_block.v:0$12298'.
No latch inferred for signal `$paramod\systolic_block\N=s32'00000000000000000000000000100000.\v_wires[299]' from process `$paramod\systolic_block\N=s32'00000000000000000000000000100000.$proc$/openlane/designs/Tensor/src/systolic_block.v:0$12298'.
No latch inferred for signal `$paramod\systolic_block\N=s32'00000000000000000000000000100000.\v_wires[300]' from process `$paramod\systolic_block\N=s32'00000000000000000000000000100000.$proc$/openlane/designs/Tensor/src/systolic_block.v:0$12298'.
No latch inferred for signal `$paramod\systolic_block\N=s32'00000000000000000000000000100000.\v_wires[301]' from process `$paramod\systolic_block\N=s32'00000000000000000000000000100000.$proc$/openlane/designs/Tensor/src/systolic_block.v:0$12298'.
No latch inferred for signal `$paramod\systolic_block\N=s32'00000000000000000000000000100000.\v_wires[302]' from process `$paramod\systolic_block\N=s32'00000000000000000000000000100000.$proc$/openlane/designs/Tensor/src/systolic_block.v:0$12298'.
No latch inferred for signal `$paramod\systolic_block\N=s32'00000000000000000000000000100000.\v_wires[303]' from process `$paramod\systolic_block\N=s32'00000000000000000000000000100000.$proc$/openlane/designs/Tensor/src/systolic_block.v:0$12298'.
No latch inferred for signal `$paramod\systolic_block\N=s32'00000000000000000000000000100000.\v_wires[304]' from process `$paramod\systolic_block\N=s32'00000000000000000000000000100000.$proc$/openlane/designs/Tensor/src/systolic_block.v:0$12298'.
No latch inferred for signal `$paramod\systolic_block\N=s32'00000000000000000000000000100000.\v_wires[305]' from process `$paramod\systolic_block\N=s32'00000000000000000000000000100000.$proc$/openlane/designs/Tensor/src/systolic_block.v:0$12298'.
No latch inferred for signal `$paramod\systolic_block\N=s32'00000000000000000000000000100000.\v_wires[306]' from process `$paramod\systolic_block\N=s32'00000000000000000000000000100000.$proc$/openlane/designs/Tensor/src/systolic_block.v:0$12298'.
No latch inferred for signal `$paramod\systolic_block\N=s32'00000000000000000000000000100000.\v_wires[307]' from process `$paramod\systolic_block\N=s32'00000000000000000000000000100000.$proc$/openlane/designs/Tensor/src/systolic_block.v:0$12298'.
No latch inferred for signal `$paramod\systolic_block\N=s32'00000000000000000000000000100000.\v_wires[308]' from process `$paramod\systolic_block\N=s32'00000000000000000000000000100000.$proc$/openlane/designs/Tensor/src/systolic_block.v:0$12298'.
No latch inferred for signal `$paramod\systolic_block\N=s32'00000000000000000000000000100000.\v_wires[309]' from process `$paramod\systolic_block\N=s32'00000000000000000000000000100000.$proc$/openlane/designs/Tensor/src/systolic_block.v:0$12298'.
No latch inferred for signal `$paramod\systolic_block\N=s32'00000000000000000000000000100000.\v_wires[310]' from process `$paramod\systolic_block\N=s32'00000000000000000000000000100000.$proc$/openlane/designs/Tensor/src/systolic_block.v:0$12298'.
No latch inferred for signal `$paramod\systolic_block\N=s32'00000000000000000000000000100000.\v_wires[311]' from process `$paramod\systolic_block\N=s32'00000000000000000000000000100000.$proc$/openlane/designs/Tensor/src/systolic_block.v:0$12298'.
No latch inferred for signal `$paramod\systolic_block\N=s32'00000000000000000000000000100000.\v_wires[312]' from process `$paramod\systolic_block\N=s32'00000000000000000000000000100000.$proc$/openlane/designs/Tensor/src/systolic_block.v:0$12298'.
No latch inferred for signal `$paramod\systolic_block\N=s32'00000000000000000000000000100000.\v_wires[313]' from process `$paramod\systolic_block\N=s32'00000000000000000000000000100000.$proc$/openlane/designs/Tensor/src/systolic_block.v:0$12298'.
No latch inferred for signal `$paramod\systolic_block\N=s32'00000000000000000000000000100000.\v_wires[314]' from process `$paramod\systolic_block\N=s32'00000000000000000000000000100000.$proc$/openlane/designs/Tensor/src/systolic_block.v:0$12298'.
No latch inferred for signal `$paramod\systolic_block\N=s32'00000000000000000000000000100000.\v_wires[315]' from process `$paramod\systolic_block\N=s32'00000000000000000000000000100000.$proc$/openlane/designs/Tensor/src/systolic_block.v:0$12298'.
No latch inferred for signal `$paramod\systolic_block\N=s32'00000000000000000000000000100000.\v_wires[316]' from process `$paramod\systolic_block\N=s32'00000000000000000000000000100000.$proc$/openlane/designs/Tensor/src/systolic_block.v:0$12298'.
No latch inferred for signal `$paramod\systolic_block\N=s32'00000000000000000000000000100000.\v_wires[317]' from process `$paramod\systolic_block\N=s32'00000000000000000000000000100000.$proc$/openlane/designs/Tensor/src/systolic_block.v:0$12298'.
No latch inferred for signal `$paramod\systolic_block\N=s32'00000000000000000000000000100000.\v_wires[318]' from process `$paramod\systolic_block\N=s32'00000000000000000000000000100000.$proc$/openlane/designs/Tensor/src/systolic_block.v:0$12298'.
No latch inferred for signal `$paramod\systolic_block\N=s32'00000000000000000000000000100000.\v_wires[319]' from process `$paramod\systolic_block\N=s32'00000000000000000000000000100000.$proc$/openlane/designs/Tensor/src/systolic_block.v:0$12298'.
No latch inferred for signal `$paramod\systolic_block\N=s32'00000000000000000000000000100000.\v_wires[320]' from process `$paramod\systolic_block\N=s32'00000000000000000000000000100000.$proc$/openlane/designs/Tensor/src/systolic_block.v:0$12298'.
No latch inferred for signal `$paramod\systolic_block\N=s32'00000000000000000000000000100000.\v_wires[321]' from process `$paramod\systolic_block\N=s32'00000000000000000000000000100000.$proc$/openlane/designs/Tensor/src/systolic_block.v:0$12298'.
No latch inferred for signal `$paramod\systolic_block\N=s32'00000000000000000000000000100000.\v_wires[322]' from process `$paramod\systolic_block\N=s32'00000000000000000000000000100000.$proc$/openlane/designs/Tensor/src/systolic_block.v:0$12298'.
No latch inferred for signal `$paramod\systolic_block\N=s32'00000000000000000000000000100000.\v_wires[323]' from process `$paramod\systolic_block\N=s32'00000000000000000000000000100000.$proc$/openlane/designs/Tensor/src/systolic_block.v:0$12298'.
No latch inferred for signal `$paramod\systolic_block\N=s32'00000000000000000000000000100000.\v_wires[324]' from process `$paramod\systolic_block\N=s32'00000000000000000000000000100000.$proc$/openlane/designs/Tensor/src/systolic_block.v:0$12298'.
No latch inferred for signal `$paramod\systolic_block\N=s32'00000000000000000000000000100000.\v_wires[325]' from process `$paramod\systolic_block\N=s32'00000000000000000000000000100000.$proc$/openlane/designs/Tensor/src/systolic_block.v:0$12298'.
No latch inferred for signal `$paramod\systolic_block\N=s32'00000000000000000000000000100000.\v_wires[326]' from process `$paramod\systolic_block\N=s32'00000000000000000000000000100000.$proc$/openlane/designs/Tensor/src/systolic_block.v:0$12298'.
No latch inferred for signal `$paramod\systolic_block\N=s32'00000000000000000000000000100000.\v_wires[327]' from process `$paramod\systolic_block\N=s32'00000000000000000000000000100000.$proc$/openlane/designs/Tensor/src/systolic_block.v:0$12298'.
No latch inferred for signal `$paramod\systolic_block\N=s32'00000000000000000000000000100000.\v_wires[328]' from process `$paramod\systolic_block\N=s32'00000000000000000000000000100000.$proc$/openlane/designs/Tensor/src/systolic_block.v:0$12298'.
No latch inferred for signal `$paramod\systolic_block\N=s32'00000000000000000000000000100000.\v_wires[330]' from process `$paramod\systolic_block\N=s32'00000000000000000000000000100000.$proc$/openlane/designs/Tensor/src/systolic_block.v:0$12298'.
No latch inferred for signal `$paramod\systolic_block\N=s32'00000000000000000000000000100000.\v_wires[331]' from process `$paramod\systolic_block\N=s32'00000000000000000000000000100000.$proc$/openlane/designs/Tensor/src/systolic_block.v:0$12298'.
No latch inferred for signal `$paramod\systolic_block\N=s32'00000000000000000000000000100000.\v_wires[332]' from process `$paramod\systolic_block\N=s32'00000000000000000000000000100000.$proc$/openlane/designs/Tensor/src/systolic_block.v:0$12298'.
No latch inferred for signal `$paramod\systolic_block\N=s32'00000000000000000000000000100000.\v_wires[333]' from process `$paramod\systolic_block\N=s32'00000000000000000000000000100000.$proc$/openlane/designs/Tensor/src/systolic_block.v:0$12298'.
No latch inferred for signal `$paramod\systolic_block\N=s32'00000000000000000000000000100000.\v_wires[334]' from process `$paramod\systolic_block\N=s32'00000000000000000000000000100000.$proc$/openlane/designs/Tensor/src/systolic_block.v:0$12298'.
No latch inferred for signal `$paramod\systolic_block\N=s32'00000000000000000000000000100000.\v_wires[335]' from process `$paramod\systolic_block\N=s32'00000000000000000000000000100000.$proc$/openlane/designs/Tensor/src/systolic_block.v:0$12298'.
No latch inferred for signal `$paramod\systolic_block\N=s32'00000000000000000000000000100000.\v_wires[336]' from process `$paramod\systolic_block\N=s32'00000000000000000000000000100000.$proc$/openlane/designs/Tensor/src/systolic_block.v:0$12298'.
No latch inferred for signal `$paramod\systolic_block\N=s32'00000000000000000000000000100000.\v_wires[337]' from process `$paramod\systolic_block\N=s32'00000000000000000000000000100000.$proc$/openlane/designs/Tensor/src/systolic_block.v:0$12298'.
No latch inferred for signal `$paramod\systolic_block\N=s32'00000000000000000000000000100000.\v_wires[338]' from process `$paramod\systolic_block\N=s32'00000000000000000000000000100000.$proc$/openlane/designs/Tensor/src/systolic_block.v:0$12298'.
No latch inferred for signal `$paramod\systolic_block\N=s32'00000000000000000000000000100000.\v_wires[339]' from process `$paramod\systolic_block\N=s32'00000000000000000000000000100000.$proc$/openlane/designs/Tensor/src/systolic_block.v:0$12298'.
No latch inferred for signal `$paramod\systolic_block\N=s32'00000000000000000000000000100000.\v_wires[340]' from process `$paramod\systolic_block\N=s32'00000000000000000000000000100000.$proc$/openlane/designs/Tensor/src/systolic_block.v:0$12298'.
No latch inferred for signal `$paramod\systolic_block\N=s32'00000000000000000000000000100000.\v_wires[341]' from process `$paramod\systolic_block\N=s32'00000000000000000000000000100000.$proc$/openlane/designs/Tensor/src/systolic_block.v:0$12298'.
No latch inferred for signal `$paramod\systolic_block\N=s32'00000000000000000000000000100000.\v_wires[342]' from process `$paramod\systolic_block\N=s32'00000000000000000000000000100000.$proc$/openlane/designs/Tensor/src/systolic_block.v:0$12298'.
No latch inferred for signal `$paramod\systolic_block\N=s32'00000000000000000000000000100000.\v_wires[343]' from process `$paramod\systolic_block\N=s32'00000000000000000000000000100000.$proc$/openlane/designs/Tensor/src/systolic_block.v:0$12298'.
No latch inferred for signal `$paramod\systolic_block\N=s32'00000000000000000000000000100000.\v_wires[344]' from process `$paramod\systolic_block\N=s32'00000000000000000000000000100000.$proc$/openlane/designs/Tensor/src/systolic_block.v:0$12298'.
No latch inferred for signal `$paramod\systolic_block\N=s32'00000000000000000000000000100000.\v_wires[345]' from process `$paramod\systolic_block\N=s32'00000000000000000000000000100000.$proc$/openlane/designs/Tensor/src/systolic_block.v:0$12298'.
No latch inferred for signal `$paramod\systolic_block\N=s32'00000000000000000000000000100000.\v_wires[346]' from process `$paramod\systolic_block\N=s32'00000000000000000000000000100000.$proc$/openlane/designs/Tensor/src/systolic_block.v:0$12298'.
No latch inferred for signal `$paramod\systolic_block\N=s32'00000000000000000000000000100000.\v_wires[347]' from process `$paramod\systolic_block\N=s32'00000000000000000000000000100000.$proc$/openlane/designs/Tensor/src/systolic_block.v:0$12298'.
No latch inferred for signal `$paramod\systolic_block\N=s32'00000000000000000000000000100000.\v_wires[348]' from process `$paramod\systolic_block\N=s32'00000000000000000000000000100000.$proc$/openlane/designs/Tensor/src/systolic_block.v:0$12298'.
No latch inferred for signal `$paramod\systolic_block\N=s32'00000000000000000000000000100000.\v_wires[349]' from process `$paramod\systolic_block\N=s32'00000000000000000000000000100000.$proc$/openlane/designs/Tensor/src/systolic_block.v:0$12298'.
No latch inferred for signal `$paramod\systolic_block\N=s32'00000000000000000000000000100000.\v_wires[350]' from process `$paramod\systolic_block\N=s32'00000000000000000000000000100000.$proc$/openlane/designs/Tensor/src/systolic_block.v:0$12298'.
No latch inferred for signal `$paramod\systolic_block\N=s32'00000000000000000000000000100000.\v_wires[351]' from process `$paramod\systolic_block\N=s32'00000000000000000000000000100000.$proc$/openlane/designs/Tensor/src/systolic_block.v:0$12298'.
No latch inferred for signal `$paramod\systolic_block\N=s32'00000000000000000000000000100000.\v_wires[352]' from process `$paramod\systolic_block\N=s32'00000000000000000000000000100000.$proc$/openlane/designs/Tensor/src/systolic_block.v:0$12298'.
No latch inferred for signal `$paramod\systolic_block\N=s32'00000000000000000000000000100000.\v_wires[353]' from process `$paramod\systolic_block\N=s32'00000000000000000000000000100000.$proc$/openlane/designs/Tensor/src/systolic_block.v:0$12298'.
No latch inferred for signal `$paramod\systolic_block\N=s32'00000000000000000000000000100000.\v_wires[354]' from process `$paramod\systolic_block\N=s32'00000000000000000000000000100000.$proc$/openlane/designs/Tensor/src/systolic_block.v:0$12298'.
No latch inferred for signal `$paramod\systolic_block\N=s32'00000000000000000000000000100000.\v_wires[355]' from process `$paramod\systolic_block\N=s32'00000000000000000000000000100000.$proc$/openlane/designs/Tensor/src/systolic_block.v:0$12298'.
No latch inferred for signal `$paramod\systolic_block\N=s32'00000000000000000000000000100000.\v_wires[356]' from process `$paramod\systolic_block\N=s32'00000000000000000000000000100000.$proc$/openlane/designs/Tensor/src/systolic_block.v:0$12298'.
No latch inferred for signal `$paramod\systolic_block\N=s32'00000000000000000000000000100000.\v_wires[357]' from process `$paramod\systolic_block\N=s32'00000000000000000000000000100000.$proc$/openlane/designs/Tensor/src/systolic_block.v:0$12298'.
No latch inferred for signal `$paramod\systolic_block\N=s32'00000000000000000000000000100000.\v_wires[358]' from process `$paramod\systolic_block\N=s32'00000000000000000000000000100000.$proc$/openlane/designs/Tensor/src/systolic_block.v:0$12298'.
No latch inferred for signal `$paramod\systolic_block\N=s32'00000000000000000000000000100000.\v_wires[359]' from process `$paramod\systolic_block\N=s32'00000000000000000000000000100000.$proc$/openlane/designs/Tensor/src/systolic_block.v:0$12298'.
No latch inferred for signal `$paramod\systolic_block\N=s32'00000000000000000000000000100000.\v_wires[360]' from process `$paramod\systolic_block\N=s32'00000000000000000000000000100000.$proc$/openlane/designs/Tensor/src/systolic_block.v:0$12298'.
No latch inferred for signal `$paramod\systolic_block\N=s32'00000000000000000000000000100000.\v_wires[361]' from process `$paramod\systolic_block\N=s32'00000000000000000000000000100000.$proc$/openlane/designs/Tensor/src/systolic_block.v:0$12298'.
No latch inferred for signal `$paramod\systolic_block\N=s32'00000000000000000000000000100000.\v_wires[363]' from process `$paramod\systolic_block\N=s32'00000000000000000000000000100000.$proc$/openlane/designs/Tensor/src/systolic_block.v:0$12298'.
No latch inferred for signal `$paramod\systolic_block\N=s32'00000000000000000000000000100000.\v_wires[364]' from process `$paramod\systolic_block\N=s32'00000000000000000000000000100000.$proc$/openlane/designs/Tensor/src/systolic_block.v:0$12298'.
No latch inferred for signal `$paramod\systolic_block\N=s32'00000000000000000000000000100000.\v_wires[365]' from process `$paramod\systolic_block\N=s32'00000000000000000000000000100000.$proc$/openlane/designs/Tensor/src/systolic_block.v:0$12298'.
No latch inferred for signal `$paramod\systolic_block\N=s32'00000000000000000000000000100000.\v_wires[366]' from process `$paramod\systolic_block\N=s32'00000000000000000000000000100000.$proc$/openlane/designs/Tensor/src/systolic_block.v:0$12298'.
No latch inferred for signal `$paramod\systolic_block\N=s32'00000000000000000000000000100000.\v_wires[367]' from process `$paramod\systolic_block\N=s32'00000000000000000000000000100000.$proc$/openlane/designs/Tensor/src/systolic_block.v:0$12298'.
No latch inferred for signal `$paramod\systolic_block\N=s32'00000000000000000000000000100000.\v_wires[368]' from process `$paramod\systolic_block\N=s32'00000000000000000000000000100000.$proc$/openlane/designs/Tensor/src/systolic_block.v:0$12298'.
No latch inferred for signal `$paramod\systolic_block\N=s32'00000000000000000000000000100000.\v_wires[369]' from process `$paramod\systolic_block\N=s32'00000000000000000000000000100000.$proc$/openlane/designs/Tensor/src/systolic_block.v:0$12298'.
No latch inferred for signal `$paramod\systolic_block\N=s32'00000000000000000000000000100000.\v_wires[370]' from process `$paramod\systolic_block\N=s32'00000000000000000000000000100000.$proc$/openlane/designs/Tensor/src/systolic_block.v:0$12298'.
No latch inferred for signal `$paramod\systolic_block\N=s32'00000000000000000000000000100000.\v_wires[371]' from process `$paramod\systolic_block\N=s32'00000000000000000000000000100000.$proc$/openlane/designs/Tensor/src/systolic_block.v:0$12298'.
No latch inferred for signal `$paramod\systolic_block\N=s32'00000000000000000000000000100000.\v_wires[372]' from process `$paramod\systolic_block\N=s32'00000000000000000000000000100000.$proc$/openlane/designs/Tensor/src/systolic_block.v:0$12298'.
No latch inferred for signal `$paramod\systolic_block\N=s32'00000000000000000000000000100000.\v_wires[373]' from process `$paramod\systolic_block\N=s32'00000000000000000000000000100000.$proc$/openlane/designs/Tensor/src/systolic_block.v:0$12298'.
No latch inferred for signal `$paramod\systolic_block\N=s32'00000000000000000000000000100000.\v_wires[374]' from process `$paramod\systolic_block\N=s32'00000000000000000000000000100000.$proc$/openlane/designs/Tensor/src/systolic_block.v:0$12298'.
No latch inferred for signal `$paramod\systolic_block\N=s32'00000000000000000000000000100000.\v_wires[375]' from process `$paramod\systolic_block\N=s32'00000000000000000000000000100000.$proc$/openlane/designs/Tensor/src/systolic_block.v:0$12298'.
No latch inferred for signal `$paramod\systolic_block\N=s32'00000000000000000000000000100000.\v_wires[376]' from process `$paramod\systolic_block\N=s32'00000000000000000000000000100000.$proc$/openlane/designs/Tensor/src/systolic_block.v:0$12298'.
No latch inferred for signal `$paramod\systolic_block\N=s32'00000000000000000000000000100000.\v_wires[377]' from process `$paramod\systolic_block\N=s32'00000000000000000000000000100000.$proc$/openlane/designs/Tensor/src/systolic_block.v:0$12298'.
No latch inferred for signal `$paramod\systolic_block\N=s32'00000000000000000000000000100000.\v_wires[378]' from process `$paramod\systolic_block\N=s32'00000000000000000000000000100000.$proc$/openlane/designs/Tensor/src/systolic_block.v:0$12298'.
No latch inferred for signal `$paramod\systolic_block\N=s32'00000000000000000000000000100000.\v_wires[379]' from process `$paramod\systolic_block\N=s32'00000000000000000000000000100000.$proc$/openlane/designs/Tensor/src/systolic_block.v:0$12298'.
No latch inferred for signal `$paramod\systolic_block\N=s32'00000000000000000000000000100000.\v_wires[380]' from process `$paramod\systolic_block\N=s32'00000000000000000000000000100000.$proc$/openlane/designs/Tensor/src/systolic_block.v:0$12298'.
No latch inferred for signal `$paramod\systolic_block\N=s32'00000000000000000000000000100000.\v_wires[381]' from process `$paramod\systolic_block\N=s32'00000000000000000000000000100000.$proc$/openlane/designs/Tensor/src/systolic_block.v:0$12298'.
No latch inferred for signal `$paramod\systolic_block\N=s32'00000000000000000000000000100000.\v_wires[382]' from process `$paramod\systolic_block\N=s32'00000000000000000000000000100000.$proc$/openlane/designs/Tensor/src/systolic_block.v:0$12298'.
No latch inferred for signal `$paramod\systolic_block\N=s32'00000000000000000000000000100000.\v_wires[383]' from process `$paramod\systolic_block\N=s32'00000000000000000000000000100000.$proc$/openlane/designs/Tensor/src/systolic_block.v:0$12298'.
No latch inferred for signal `$paramod\systolic_block\N=s32'00000000000000000000000000100000.\v_wires[384]' from process `$paramod\systolic_block\N=s32'00000000000000000000000000100000.$proc$/openlane/designs/Tensor/src/systolic_block.v:0$12298'.
No latch inferred for signal `$paramod\systolic_block\N=s32'00000000000000000000000000100000.\v_wires[385]' from process `$paramod\systolic_block\N=s32'00000000000000000000000000100000.$proc$/openlane/designs/Tensor/src/systolic_block.v:0$12298'.
No latch inferred for signal `$paramod\systolic_block\N=s32'00000000000000000000000000100000.\v_wires[386]' from process `$paramod\systolic_block\N=s32'00000000000000000000000000100000.$proc$/openlane/designs/Tensor/src/systolic_block.v:0$12298'.
No latch inferred for signal `$paramod\systolic_block\N=s32'00000000000000000000000000100000.\v_wires[387]' from process `$paramod\systolic_block\N=s32'00000000000000000000000000100000.$proc$/openlane/designs/Tensor/src/systolic_block.v:0$12298'.
No latch inferred for signal `$paramod\systolic_block\N=s32'00000000000000000000000000100000.\v_wires[388]' from process `$paramod\systolic_block\N=s32'00000000000000000000000000100000.$proc$/openlane/designs/Tensor/src/systolic_block.v:0$12298'.
No latch inferred for signal `$paramod\systolic_block\N=s32'00000000000000000000000000100000.\v_wires[389]' from process `$paramod\systolic_block\N=s32'00000000000000000000000000100000.$proc$/openlane/designs/Tensor/src/systolic_block.v:0$12298'.
No latch inferred for signal `$paramod\systolic_block\N=s32'00000000000000000000000000100000.\v_wires[390]' from process `$paramod\systolic_block\N=s32'00000000000000000000000000100000.$proc$/openlane/designs/Tensor/src/systolic_block.v:0$12298'.
No latch inferred for signal `$paramod\systolic_block\N=s32'00000000000000000000000000100000.\v_wires[391]' from process `$paramod\systolic_block\N=s32'00000000000000000000000000100000.$proc$/openlane/designs/Tensor/src/systolic_block.v:0$12298'.
No latch inferred for signal `$paramod\systolic_block\N=s32'00000000000000000000000000100000.\v_wires[392]' from process `$paramod\systolic_block\N=s32'00000000000000000000000000100000.$proc$/openlane/designs/Tensor/src/systolic_block.v:0$12298'.
No latch inferred for signal `$paramod\systolic_block\N=s32'00000000000000000000000000100000.\v_wires[393]' from process `$paramod\systolic_block\N=s32'00000000000000000000000000100000.$proc$/openlane/designs/Tensor/src/systolic_block.v:0$12298'.
No latch inferred for signal `$paramod\systolic_block\N=s32'00000000000000000000000000100000.\v_wires[394]' from process `$paramod\systolic_block\N=s32'00000000000000000000000000100000.$proc$/openlane/designs/Tensor/src/systolic_block.v:0$12298'.
No latch inferred for signal `$paramod\systolic_block\N=s32'00000000000000000000000000100000.\v_wires[396]' from process `$paramod\systolic_block\N=s32'00000000000000000000000000100000.$proc$/openlane/designs/Tensor/src/systolic_block.v:0$12298'.
No latch inferred for signal `$paramod\systolic_block\N=s32'00000000000000000000000000100000.\v_wires[397]' from process `$paramod\systolic_block\N=s32'00000000000000000000000000100000.$proc$/openlane/designs/Tensor/src/systolic_block.v:0$12298'.
No latch inferred for signal `$paramod\systolic_block\N=s32'00000000000000000000000000100000.\v_wires[398]' from process `$paramod\systolic_block\N=s32'00000000000000000000000000100000.$proc$/openlane/designs/Tensor/src/systolic_block.v:0$12298'.
No latch inferred for signal `$paramod\systolic_block\N=s32'00000000000000000000000000100000.\v_wires[399]' from process `$paramod\systolic_block\N=s32'00000000000000000000000000100000.$proc$/openlane/designs/Tensor/src/systolic_block.v:0$12298'.
No latch inferred for signal `$paramod\systolic_block\N=s32'00000000000000000000000000100000.\v_wires[400]' from process `$paramod\systolic_block\N=s32'00000000000000000000000000100000.$proc$/openlane/designs/Tensor/src/systolic_block.v:0$12298'.
No latch inferred for signal `$paramod\systolic_block\N=s32'00000000000000000000000000100000.\v_wires[401]' from process `$paramod\systolic_block\N=s32'00000000000000000000000000100000.$proc$/openlane/designs/Tensor/src/systolic_block.v:0$12298'.
No latch inferred for signal `$paramod\systolic_block\N=s32'00000000000000000000000000100000.\v_wires[402]' from process `$paramod\systolic_block\N=s32'00000000000000000000000000100000.$proc$/openlane/designs/Tensor/src/systolic_block.v:0$12298'.
No latch inferred for signal `$paramod\systolic_block\N=s32'00000000000000000000000000100000.\v_wires[403]' from process `$paramod\systolic_block\N=s32'00000000000000000000000000100000.$proc$/openlane/designs/Tensor/src/systolic_block.v:0$12298'.
No latch inferred for signal `$paramod\systolic_block\N=s32'00000000000000000000000000100000.\v_wires[404]' from process `$paramod\systolic_block\N=s32'00000000000000000000000000100000.$proc$/openlane/designs/Tensor/src/systolic_block.v:0$12298'.
No latch inferred for signal `$paramod\systolic_block\N=s32'00000000000000000000000000100000.\v_wires[405]' from process `$paramod\systolic_block\N=s32'00000000000000000000000000100000.$proc$/openlane/designs/Tensor/src/systolic_block.v:0$12298'.
No latch inferred for signal `$paramod\systolic_block\N=s32'00000000000000000000000000100000.\v_wires[406]' from process `$paramod\systolic_block\N=s32'00000000000000000000000000100000.$proc$/openlane/designs/Tensor/src/systolic_block.v:0$12298'.
No latch inferred for signal `$paramod\systolic_block\N=s32'00000000000000000000000000100000.\v_wires[407]' from process `$paramod\systolic_block\N=s32'00000000000000000000000000100000.$proc$/openlane/designs/Tensor/src/systolic_block.v:0$12298'.
No latch inferred for signal `$paramod\systolic_block\N=s32'00000000000000000000000000100000.\v_wires[408]' from process `$paramod\systolic_block\N=s32'00000000000000000000000000100000.$proc$/openlane/designs/Tensor/src/systolic_block.v:0$12298'.
No latch inferred for signal `$paramod\systolic_block\N=s32'00000000000000000000000000100000.\v_wires[409]' from process `$paramod\systolic_block\N=s32'00000000000000000000000000100000.$proc$/openlane/designs/Tensor/src/systolic_block.v:0$12298'.
No latch inferred for signal `$paramod\systolic_block\N=s32'00000000000000000000000000100000.\v_wires[410]' from process `$paramod\systolic_block\N=s32'00000000000000000000000000100000.$proc$/openlane/designs/Tensor/src/systolic_block.v:0$12298'.
No latch inferred for signal `$paramod\systolic_block\N=s32'00000000000000000000000000100000.\v_wires[411]' from process `$paramod\systolic_block\N=s32'00000000000000000000000000100000.$proc$/openlane/designs/Tensor/src/systolic_block.v:0$12298'.
No latch inferred for signal `$paramod\systolic_block\N=s32'00000000000000000000000000100000.\v_wires[412]' from process `$paramod\systolic_block\N=s32'00000000000000000000000000100000.$proc$/openlane/designs/Tensor/src/systolic_block.v:0$12298'.
No latch inferred for signal `$paramod\systolic_block\N=s32'00000000000000000000000000100000.\v_wires[413]' from process `$paramod\systolic_block\N=s32'00000000000000000000000000100000.$proc$/openlane/designs/Tensor/src/systolic_block.v:0$12298'.
No latch inferred for signal `$paramod\systolic_block\N=s32'00000000000000000000000000100000.\v_wires[414]' from process `$paramod\systolic_block\N=s32'00000000000000000000000000100000.$proc$/openlane/designs/Tensor/src/systolic_block.v:0$12298'.
No latch inferred for signal `$paramod\systolic_block\N=s32'00000000000000000000000000100000.\v_wires[415]' from process `$paramod\systolic_block\N=s32'00000000000000000000000000100000.$proc$/openlane/designs/Tensor/src/systolic_block.v:0$12298'.
No latch inferred for signal `$paramod\systolic_block\N=s32'00000000000000000000000000100000.\v_wires[416]' from process `$paramod\systolic_block\N=s32'00000000000000000000000000100000.$proc$/openlane/designs/Tensor/src/systolic_block.v:0$12298'.
No latch inferred for signal `$paramod\systolic_block\N=s32'00000000000000000000000000100000.\v_wires[417]' from process `$paramod\systolic_block\N=s32'00000000000000000000000000100000.$proc$/openlane/designs/Tensor/src/systolic_block.v:0$12298'.
No latch inferred for signal `$paramod\systolic_block\N=s32'00000000000000000000000000100000.\v_wires[418]' from process `$paramod\systolic_block\N=s32'00000000000000000000000000100000.$proc$/openlane/designs/Tensor/src/systolic_block.v:0$12298'.
No latch inferred for signal `$paramod\systolic_block\N=s32'00000000000000000000000000100000.\v_wires[419]' from process `$paramod\systolic_block\N=s32'00000000000000000000000000100000.$proc$/openlane/designs/Tensor/src/systolic_block.v:0$12298'.
No latch inferred for signal `$paramod\systolic_block\N=s32'00000000000000000000000000100000.\v_wires[420]' from process `$paramod\systolic_block\N=s32'00000000000000000000000000100000.$proc$/openlane/designs/Tensor/src/systolic_block.v:0$12298'.
No latch inferred for signal `$paramod\systolic_block\N=s32'00000000000000000000000000100000.\v_wires[421]' from process `$paramod\systolic_block\N=s32'00000000000000000000000000100000.$proc$/openlane/designs/Tensor/src/systolic_block.v:0$12298'.
No latch inferred for signal `$paramod\systolic_block\N=s32'00000000000000000000000000100000.\v_wires[422]' from process `$paramod\systolic_block\N=s32'00000000000000000000000000100000.$proc$/openlane/designs/Tensor/src/systolic_block.v:0$12298'.
No latch inferred for signal `$paramod\systolic_block\N=s32'00000000000000000000000000100000.\v_wires[423]' from process `$paramod\systolic_block\N=s32'00000000000000000000000000100000.$proc$/openlane/designs/Tensor/src/systolic_block.v:0$12298'.
No latch inferred for signal `$paramod\systolic_block\N=s32'00000000000000000000000000100000.\v_wires[424]' from process `$paramod\systolic_block\N=s32'00000000000000000000000000100000.$proc$/openlane/designs/Tensor/src/systolic_block.v:0$12298'.
No latch inferred for signal `$paramod\systolic_block\N=s32'00000000000000000000000000100000.\v_wires[425]' from process `$paramod\systolic_block\N=s32'00000000000000000000000000100000.$proc$/openlane/designs/Tensor/src/systolic_block.v:0$12298'.
No latch inferred for signal `$paramod\systolic_block\N=s32'00000000000000000000000000100000.\v_wires[426]' from process `$paramod\systolic_block\N=s32'00000000000000000000000000100000.$proc$/openlane/designs/Tensor/src/systolic_block.v:0$12298'.
No latch inferred for signal `$paramod\systolic_block\N=s32'00000000000000000000000000100000.\v_wires[427]' from process `$paramod\systolic_block\N=s32'00000000000000000000000000100000.$proc$/openlane/designs/Tensor/src/systolic_block.v:0$12298'.
No latch inferred for signal `$paramod\systolic_block\N=s32'00000000000000000000000000100000.\v_wires[429]' from process `$paramod\systolic_block\N=s32'00000000000000000000000000100000.$proc$/openlane/designs/Tensor/src/systolic_block.v:0$12298'.
No latch inferred for signal `$paramod\systolic_block\N=s32'00000000000000000000000000100000.\v_wires[430]' from process `$paramod\systolic_block\N=s32'00000000000000000000000000100000.$proc$/openlane/designs/Tensor/src/systolic_block.v:0$12298'.
No latch inferred for signal `$paramod\systolic_block\N=s32'00000000000000000000000000100000.\v_wires[431]' from process `$paramod\systolic_block\N=s32'00000000000000000000000000100000.$proc$/openlane/designs/Tensor/src/systolic_block.v:0$12298'.
No latch inferred for signal `$paramod\systolic_block\N=s32'00000000000000000000000000100000.\v_wires[432]' from process `$paramod\systolic_block\N=s32'00000000000000000000000000100000.$proc$/openlane/designs/Tensor/src/systolic_block.v:0$12298'.
No latch inferred for signal `$paramod\systolic_block\N=s32'00000000000000000000000000100000.\v_wires[433]' from process `$paramod\systolic_block\N=s32'00000000000000000000000000100000.$proc$/openlane/designs/Tensor/src/systolic_block.v:0$12298'.
No latch inferred for signal `$paramod\systolic_block\N=s32'00000000000000000000000000100000.\v_wires[434]' from process `$paramod\systolic_block\N=s32'00000000000000000000000000100000.$proc$/openlane/designs/Tensor/src/systolic_block.v:0$12298'.
No latch inferred for signal `$paramod\systolic_block\N=s32'00000000000000000000000000100000.\v_wires[435]' from process `$paramod\systolic_block\N=s32'00000000000000000000000000100000.$proc$/openlane/designs/Tensor/src/systolic_block.v:0$12298'.
No latch inferred for signal `$paramod\systolic_block\N=s32'00000000000000000000000000100000.\v_wires[436]' from process `$paramod\systolic_block\N=s32'00000000000000000000000000100000.$proc$/openlane/designs/Tensor/src/systolic_block.v:0$12298'.
No latch inferred for signal `$paramod\systolic_block\N=s32'00000000000000000000000000100000.\v_wires[437]' from process `$paramod\systolic_block\N=s32'00000000000000000000000000100000.$proc$/openlane/designs/Tensor/src/systolic_block.v:0$12298'.
No latch inferred for signal `$paramod\systolic_block\N=s32'00000000000000000000000000100000.\v_wires[438]' from process `$paramod\systolic_block\N=s32'00000000000000000000000000100000.$proc$/openlane/designs/Tensor/src/systolic_block.v:0$12298'.
No latch inferred for signal `$paramod\systolic_block\N=s32'00000000000000000000000000100000.\v_wires[439]' from process `$paramod\systolic_block\N=s32'00000000000000000000000000100000.$proc$/openlane/designs/Tensor/src/systolic_block.v:0$12298'.
No latch inferred for signal `$paramod\systolic_block\N=s32'00000000000000000000000000100000.\v_wires[440]' from process `$paramod\systolic_block\N=s32'00000000000000000000000000100000.$proc$/openlane/designs/Tensor/src/systolic_block.v:0$12298'.
No latch inferred for signal `$paramod\systolic_block\N=s32'00000000000000000000000000100000.\v_wires[441]' from process `$paramod\systolic_block\N=s32'00000000000000000000000000100000.$proc$/openlane/designs/Tensor/src/systolic_block.v:0$12298'.
No latch inferred for signal `$paramod\systolic_block\N=s32'00000000000000000000000000100000.\v_wires[442]' from process `$paramod\systolic_block\N=s32'00000000000000000000000000100000.$proc$/openlane/designs/Tensor/src/systolic_block.v:0$12298'.
No latch inferred for signal `$paramod\systolic_block\N=s32'00000000000000000000000000100000.\v_wires[443]' from process `$paramod\systolic_block\N=s32'00000000000000000000000000100000.$proc$/openlane/designs/Tensor/src/systolic_block.v:0$12298'.
No latch inferred for signal `$paramod\systolic_block\N=s32'00000000000000000000000000100000.\v_wires[444]' from process `$paramod\systolic_block\N=s32'00000000000000000000000000100000.$proc$/openlane/designs/Tensor/src/systolic_block.v:0$12298'.
No latch inferred for signal `$paramod\systolic_block\N=s32'00000000000000000000000000100000.\v_wires[445]' from process `$paramod\systolic_block\N=s32'00000000000000000000000000100000.$proc$/openlane/designs/Tensor/src/systolic_block.v:0$12298'.
No latch inferred for signal `$paramod\systolic_block\N=s32'00000000000000000000000000100000.\v_wires[446]' from process `$paramod\systolic_block\N=s32'00000000000000000000000000100000.$proc$/openlane/designs/Tensor/src/systolic_block.v:0$12298'.
No latch inferred for signal `$paramod\systolic_block\N=s32'00000000000000000000000000100000.\v_wires[447]' from process `$paramod\systolic_block\N=s32'00000000000000000000000000100000.$proc$/openlane/designs/Tensor/src/systolic_block.v:0$12298'.
No latch inferred for signal `$paramod\systolic_block\N=s32'00000000000000000000000000100000.\v_wires[448]' from process `$paramod\systolic_block\N=s32'00000000000000000000000000100000.$proc$/openlane/designs/Tensor/src/systolic_block.v:0$12298'.
No latch inferred for signal `$paramod\systolic_block\N=s32'00000000000000000000000000100000.\v_wires[449]' from process `$paramod\systolic_block\N=s32'00000000000000000000000000100000.$proc$/openlane/designs/Tensor/src/systolic_block.v:0$12298'.
No latch inferred for signal `$paramod\systolic_block\N=s32'00000000000000000000000000100000.\v_wires[450]' from process `$paramod\systolic_block\N=s32'00000000000000000000000000100000.$proc$/openlane/designs/Tensor/src/systolic_block.v:0$12298'.
No latch inferred for signal `$paramod\systolic_block\N=s32'00000000000000000000000000100000.\v_wires[451]' from process `$paramod\systolic_block\N=s32'00000000000000000000000000100000.$proc$/openlane/designs/Tensor/src/systolic_block.v:0$12298'.
No latch inferred for signal `$paramod\systolic_block\N=s32'00000000000000000000000000100000.\v_wires[452]' from process `$paramod\systolic_block\N=s32'00000000000000000000000000100000.$proc$/openlane/designs/Tensor/src/systolic_block.v:0$12298'.
No latch inferred for signal `$paramod\systolic_block\N=s32'00000000000000000000000000100000.\v_wires[453]' from process `$paramod\systolic_block\N=s32'00000000000000000000000000100000.$proc$/openlane/designs/Tensor/src/systolic_block.v:0$12298'.
No latch inferred for signal `$paramod\systolic_block\N=s32'00000000000000000000000000100000.\v_wires[454]' from process `$paramod\systolic_block\N=s32'00000000000000000000000000100000.$proc$/openlane/designs/Tensor/src/systolic_block.v:0$12298'.
No latch inferred for signal `$paramod\systolic_block\N=s32'00000000000000000000000000100000.\v_wires[455]' from process `$paramod\systolic_block\N=s32'00000000000000000000000000100000.$proc$/openlane/designs/Tensor/src/systolic_block.v:0$12298'.
No latch inferred for signal `$paramod\systolic_block\N=s32'00000000000000000000000000100000.\v_wires[456]' from process `$paramod\systolic_block\N=s32'00000000000000000000000000100000.$proc$/openlane/designs/Tensor/src/systolic_block.v:0$12298'.
No latch inferred for signal `$paramod\systolic_block\N=s32'00000000000000000000000000100000.\v_wires[457]' from process `$paramod\systolic_block\N=s32'00000000000000000000000000100000.$proc$/openlane/designs/Tensor/src/systolic_block.v:0$12298'.
No latch inferred for signal `$paramod\systolic_block\N=s32'00000000000000000000000000100000.\v_wires[458]' from process `$paramod\systolic_block\N=s32'00000000000000000000000000100000.$proc$/openlane/designs/Tensor/src/systolic_block.v:0$12298'.
No latch inferred for signal `$paramod\systolic_block\N=s32'00000000000000000000000000100000.\v_wires[459]' from process `$paramod\systolic_block\N=s32'00000000000000000000000000100000.$proc$/openlane/designs/Tensor/src/systolic_block.v:0$12298'.
No latch inferred for signal `$paramod\systolic_block\N=s32'00000000000000000000000000100000.\v_wires[460]' from process `$paramod\systolic_block\N=s32'00000000000000000000000000100000.$proc$/openlane/designs/Tensor/src/systolic_block.v:0$12298'.
No latch inferred for signal `$paramod\systolic_block\N=s32'00000000000000000000000000100000.\v_wires[462]' from process `$paramod\systolic_block\N=s32'00000000000000000000000000100000.$proc$/openlane/designs/Tensor/src/systolic_block.v:0$12298'.
No latch inferred for signal `$paramod\systolic_block\N=s32'00000000000000000000000000100000.\v_wires[463]' from process `$paramod\systolic_block\N=s32'00000000000000000000000000100000.$proc$/openlane/designs/Tensor/src/systolic_block.v:0$12298'.
No latch inferred for signal `$paramod\systolic_block\N=s32'00000000000000000000000000100000.\v_wires[464]' from process `$paramod\systolic_block\N=s32'00000000000000000000000000100000.$proc$/openlane/designs/Tensor/src/systolic_block.v:0$12298'.
No latch inferred for signal `$paramod\systolic_block\N=s32'00000000000000000000000000100000.\v_wires[465]' from process `$paramod\systolic_block\N=s32'00000000000000000000000000100000.$proc$/openlane/designs/Tensor/src/systolic_block.v:0$12298'.
No latch inferred for signal `$paramod\systolic_block\N=s32'00000000000000000000000000100000.\v_wires[466]' from process `$paramod\systolic_block\N=s32'00000000000000000000000000100000.$proc$/openlane/designs/Tensor/src/systolic_block.v:0$12298'.
No latch inferred for signal `$paramod\systolic_block\N=s32'00000000000000000000000000100000.\v_wires[467]' from process `$paramod\systolic_block\N=s32'00000000000000000000000000100000.$proc$/openlane/designs/Tensor/src/systolic_block.v:0$12298'.
No latch inferred for signal `$paramod\systolic_block\N=s32'00000000000000000000000000100000.\v_wires[468]' from process `$paramod\systolic_block\N=s32'00000000000000000000000000100000.$proc$/openlane/designs/Tensor/src/systolic_block.v:0$12298'.
No latch inferred for signal `$paramod\systolic_block\N=s32'00000000000000000000000000100000.\v_wires[469]' from process `$paramod\systolic_block\N=s32'00000000000000000000000000100000.$proc$/openlane/designs/Tensor/src/systolic_block.v:0$12298'.
No latch inferred for signal `$paramod\systolic_block\N=s32'00000000000000000000000000100000.\v_wires[470]' from process `$paramod\systolic_block\N=s32'00000000000000000000000000100000.$proc$/openlane/designs/Tensor/src/systolic_block.v:0$12298'.
No latch inferred for signal `$paramod\systolic_block\N=s32'00000000000000000000000000100000.\v_wires[471]' from process `$paramod\systolic_block\N=s32'00000000000000000000000000100000.$proc$/openlane/designs/Tensor/src/systolic_block.v:0$12298'.
No latch inferred for signal `$paramod\systolic_block\N=s32'00000000000000000000000000100000.\v_wires[472]' from process `$paramod\systolic_block\N=s32'00000000000000000000000000100000.$proc$/openlane/designs/Tensor/src/systolic_block.v:0$12298'.
No latch inferred for signal `$paramod\systolic_block\N=s32'00000000000000000000000000100000.\v_wires[473]' from process `$paramod\systolic_block\N=s32'00000000000000000000000000100000.$proc$/openlane/designs/Tensor/src/systolic_block.v:0$12298'.
No latch inferred for signal `$paramod\systolic_block\N=s32'00000000000000000000000000100000.\v_wires[474]' from process `$paramod\systolic_block\N=s32'00000000000000000000000000100000.$proc$/openlane/designs/Tensor/src/systolic_block.v:0$12298'.
No latch inferred for signal `$paramod\systolic_block\N=s32'00000000000000000000000000100000.\v_wires[475]' from process `$paramod\systolic_block\N=s32'00000000000000000000000000100000.$proc$/openlane/designs/Tensor/src/systolic_block.v:0$12298'.
No latch inferred for signal `$paramod\systolic_block\N=s32'00000000000000000000000000100000.\v_wires[476]' from process `$paramod\systolic_block\N=s32'00000000000000000000000000100000.$proc$/openlane/designs/Tensor/src/systolic_block.v:0$12298'.
No latch inferred for signal `$paramod\systolic_block\N=s32'00000000000000000000000000100000.\v_wires[477]' from process `$paramod\systolic_block\N=s32'00000000000000000000000000100000.$proc$/openlane/designs/Tensor/src/systolic_block.v:0$12298'.
No latch inferred for signal `$paramod\systolic_block\N=s32'00000000000000000000000000100000.\v_wires[478]' from process `$paramod\systolic_block\N=s32'00000000000000000000000000100000.$proc$/openlane/designs/Tensor/src/systolic_block.v:0$12298'.
No latch inferred for signal `$paramod\systolic_block\N=s32'00000000000000000000000000100000.\v_wires[479]' from process `$paramod\systolic_block\N=s32'00000000000000000000000000100000.$proc$/openlane/designs/Tensor/src/systolic_block.v:0$12298'.
No latch inferred for signal `$paramod\systolic_block\N=s32'00000000000000000000000000100000.\v_wires[480]' from process `$paramod\systolic_block\N=s32'00000000000000000000000000100000.$proc$/openlane/designs/Tensor/src/systolic_block.v:0$12298'.
No latch inferred for signal `$paramod\systolic_block\N=s32'00000000000000000000000000100000.\v_wires[481]' from process `$paramod\systolic_block\N=s32'00000000000000000000000000100000.$proc$/openlane/designs/Tensor/src/systolic_block.v:0$12298'.
No latch inferred for signal `$paramod\systolic_block\N=s32'00000000000000000000000000100000.\v_wires[482]' from process `$paramod\systolic_block\N=s32'00000000000000000000000000100000.$proc$/openlane/designs/Tensor/src/systolic_block.v:0$12298'.
No latch inferred for signal `$paramod\systolic_block\N=s32'00000000000000000000000000100000.\v_wires[483]' from process `$paramod\systolic_block\N=s32'00000000000000000000000000100000.$proc$/openlane/designs/Tensor/src/systolic_block.v:0$12298'.
No latch inferred for signal `$paramod\systolic_block\N=s32'00000000000000000000000000100000.\v_wires[484]' from process `$paramod\systolic_block\N=s32'00000000000000000000000000100000.$proc$/openlane/designs/Tensor/src/systolic_block.v:0$12298'.
No latch inferred for signal `$paramod\systolic_block\N=s32'00000000000000000000000000100000.\v_wires[485]' from process `$paramod\systolic_block\N=s32'00000000000000000000000000100000.$proc$/openlane/designs/Tensor/src/systolic_block.v:0$12298'.
No latch inferred for signal `$paramod\systolic_block\N=s32'00000000000000000000000000100000.\v_wires[486]' from process `$paramod\systolic_block\N=s32'00000000000000000000000000100000.$proc$/openlane/designs/Tensor/src/systolic_block.v:0$12298'.
No latch inferred for signal `$paramod\systolic_block\N=s32'00000000000000000000000000100000.\v_wires[487]' from process `$paramod\systolic_block\N=s32'00000000000000000000000000100000.$proc$/openlane/designs/Tensor/src/systolic_block.v:0$12298'.
No latch inferred for signal `$paramod\systolic_block\N=s32'00000000000000000000000000100000.\v_wires[488]' from process `$paramod\systolic_block\N=s32'00000000000000000000000000100000.$proc$/openlane/designs/Tensor/src/systolic_block.v:0$12298'.
No latch inferred for signal `$paramod\systolic_block\N=s32'00000000000000000000000000100000.\v_wires[489]' from process `$paramod\systolic_block\N=s32'00000000000000000000000000100000.$proc$/openlane/designs/Tensor/src/systolic_block.v:0$12298'.
No latch inferred for signal `$paramod\systolic_block\N=s32'00000000000000000000000000100000.\v_wires[490]' from process `$paramod\systolic_block\N=s32'00000000000000000000000000100000.$proc$/openlane/designs/Tensor/src/systolic_block.v:0$12298'.
No latch inferred for signal `$paramod\systolic_block\N=s32'00000000000000000000000000100000.\v_wires[491]' from process `$paramod\systolic_block\N=s32'00000000000000000000000000100000.$proc$/openlane/designs/Tensor/src/systolic_block.v:0$12298'.
No latch inferred for signal `$paramod\systolic_block\N=s32'00000000000000000000000000100000.\v_wires[492]' from process `$paramod\systolic_block\N=s32'00000000000000000000000000100000.$proc$/openlane/designs/Tensor/src/systolic_block.v:0$12298'.
No latch inferred for signal `$paramod\systolic_block\N=s32'00000000000000000000000000100000.\v_wires[493]' from process `$paramod\systolic_block\N=s32'00000000000000000000000000100000.$proc$/openlane/designs/Tensor/src/systolic_block.v:0$12298'.
No latch inferred for signal `$paramod\systolic_block\N=s32'00000000000000000000000000100000.\v_wires[495]' from process `$paramod\systolic_block\N=s32'00000000000000000000000000100000.$proc$/openlane/designs/Tensor/src/systolic_block.v:0$12298'.
No latch inferred for signal `$paramod\systolic_block\N=s32'00000000000000000000000000100000.\v_wires[496]' from process `$paramod\systolic_block\N=s32'00000000000000000000000000100000.$proc$/openlane/designs/Tensor/src/systolic_block.v:0$12298'.
No latch inferred for signal `$paramod\systolic_block\N=s32'00000000000000000000000000100000.\v_wires[497]' from process `$paramod\systolic_block\N=s32'00000000000000000000000000100000.$proc$/openlane/designs/Tensor/src/systolic_block.v:0$12298'.
No latch inferred for signal `$paramod\systolic_block\N=s32'00000000000000000000000000100000.\v_wires[498]' from process `$paramod\systolic_block\N=s32'00000000000000000000000000100000.$proc$/openlane/designs/Tensor/src/systolic_block.v:0$12298'.
No latch inferred for signal `$paramod\systolic_block\N=s32'00000000000000000000000000100000.\v_wires[499]' from process `$paramod\systolic_block\N=s32'00000000000000000000000000100000.$proc$/openlane/designs/Tensor/src/systolic_block.v:0$12298'.
No latch inferred for signal `$paramod\systolic_block\N=s32'00000000000000000000000000100000.\v_wires[500]' from process `$paramod\systolic_block\N=s32'00000000000000000000000000100000.$proc$/openlane/designs/Tensor/src/systolic_block.v:0$12298'.
No latch inferred for signal `$paramod\systolic_block\N=s32'00000000000000000000000000100000.\v_wires[501]' from process `$paramod\systolic_block\N=s32'00000000000000000000000000100000.$proc$/openlane/designs/Tensor/src/systolic_block.v:0$12298'.
No latch inferred for signal `$paramod\systolic_block\N=s32'00000000000000000000000000100000.\v_wires[502]' from process `$paramod\systolic_block\N=s32'00000000000000000000000000100000.$proc$/openlane/designs/Tensor/src/systolic_block.v:0$12298'.
No latch inferred for signal `$paramod\systolic_block\N=s32'00000000000000000000000000100000.\v_wires[503]' from process `$paramod\systolic_block\N=s32'00000000000000000000000000100000.$proc$/openlane/designs/Tensor/src/systolic_block.v:0$12298'.
No latch inferred for signal `$paramod\systolic_block\N=s32'00000000000000000000000000100000.\v_wires[504]' from process `$paramod\systolic_block\N=s32'00000000000000000000000000100000.$proc$/openlane/designs/Tensor/src/systolic_block.v:0$12298'.
No latch inferred for signal `$paramod\systolic_block\N=s32'00000000000000000000000000100000.\v_wires[505]' from process `$paramod\systolic_block\N=s32'00000000000000000000000000100000.$proc$/openlane/designs/Tensor/src/systolic_block.v:0$12298'.
No latch inferred for signal `$paramod\systolic_block\N=s32'00000000000000000000000000100000.\v_wires[506]' from process `$paramod\systolic_block\N=s32'00000000000000000000000000100000.$proc$/openlane/designs/Tensor/src/systolic_block.v:0$12298'.
No latch inferred for signal `$paramod\systolic_block\N=s32'00000000000000000000000000100000.\v_wires[507]' from process `$paramod\systolic_block\N=s32'00000000000000000000000000100000.$proc$/openlane/designs/Tensor/src/systolic_block.v:0$12298'.
No latch inferred for signal `$paramod\systolic_block\N=s32'00000000000000000000000000100000.\v_wires[508]' from process `$paramod\systolic_block\N=s32'00000000000000000000000000100000.$proc$/openlane/designs/Tensor/src/systolic_block.v:0$12298'.
No latch inferred for signal `$paramod\systolic_block\N=s32'00000000000000000000000000100000.\v_wires[509]' from process `$paramod\systolic_block\N=s32'00000000000000000000000000100000.$proc$/openlane/designs/Tensor/src/systolic_block.v:0$12298'.
No latch inferred for signal `$paramod\systolic_block\N=s32'00000000000000000000000000100000.\v_wires[510]' from process `$paramod\systolic_block\N=s32'00000000000000000000000000100000.$proc$/openlane/designs/Tensor/src/systolic_block.v:0$12298'.
No latch inferred for signal `$paramod\systolic_block\N=s32'00000000000000000000000000100000.\v_wires[511]' from process `$paramod\systolic_block\N=s32'00000000000000000000000000100000.$proc$/openlane/designs/Tensor/src/systolic_block.v:0$12298'.
No latch inferred for signal `$paramod\systolic_block\N=s32'00000000000000000000000000100000.\v_wires[512]' from process `$paramod\systolic_block\N=s32'00000000000000000000000000100000.$proc$/openlane/designs/Tensor/src/systolic_block.v:0$12298'.
No latch inferred for signal `$paramod\systolic_block\N=s32'00000000000000000000000000100000.\v_wires[513]' from process `$paramod\systolic_block\N=s32'00000000000000000000000000100000.$proc$/openlane/designs/Tensor/src/systolic_block.v:0$12298'.
No latch inferred for signal `$paramod\systolic_block\N=s32'00000000000000000000000000100000.\v_wires[514]' from process `$paramod\systolic_block\N=s32'00000000000000000000000000100000.$proc$/openlane/designs/Tensor/src/systolic_block.v:0$12298'.
No latch inferred for signal `$paramod\systolic_block\N=s32'00000000000000000000000000100000.\v_wires[515]' from process `$paramod\systolic_block\N=s32'00000000000000000000000000100000.$proc$/openlane/designs/Tensor/src/systolic_block.v:0$12298'.
No latch inferred for signal `$paramod\systolic_block\N=s32'00000000000000000000000000100000.\v_wires[516]' from process `$paramod\systolic_block\N=s32'00000000000000000000000000100000.$proc$/openlane/designs/Tensor/src/systolic_block.v:0$12298'.
No latch inferred for signal `$paramod\systolic_block\N=s32'00000000000000000000000000100000.\v_wires[517]' from process `$paramod\systolic_block\N=s32'00000000000000000000000000100000.$proc$/openlane/designs/Tensor/src/systolic_block.v:0$12298'.
No latch inferred for signal `$paramod\systolic_block\N=s32'00000000000000000000000000100000.\v_wires[518]' from process `$paramod\systolic_block\N=s32'00000000000000000000000000100000.$proc$/openlane/designs/Tensor/src/systolic_block.v:0$12298'.
No latch inferred for signal `$paramod\systolic_block\N=s32'00000000000000000000000000100000.\v_wires[519]' from process `$paramod\systolic_block\N=s32'00000000000000000000000000100000.$proc$/openlane/designs/Tensor/src/systolic_block.v:0$12298'.
No latch inferred for signal `$paramod\systolic_block\N=s32'00000000000000000000000000100000.\v_wires[520]' from process `$paramod\systolic_block\N=s32'00000000000000000000000000100000.$proc$/openlane/designs/Tensor/src/systolic_block.v:0$12298'.
No latch inferred for signal `$paramod\systolic_block\N=s32'00000000000000000000000000100000.\v_wires[521]' from process `$paramod\systolic_block\N=s32'00000000000000000000000000100000.$proc$/openlane/designs/Tensor/src/systolic_block.v:0$12298'.
No latch inferred for signal `$paramod\systolic_block\N=s32'00000000000000000000000000100000.\v_wires[522]' from process `$paramod\systolic_block\N=s32'00000000000000000000000000100000.$proc$/openlane/designs/Tensor/src/systolic_block.v:0$12298'.
No latch inferred for signal `$paramod\systolic_block\N=s32'00000000000000000000000000100000.\v_wires[523]' from process `$paramod\systolic_block\N=s32'00000000000000000000000000100000.$proc$/openlane/designs/Tensor/src/systolic_block.v:0$12298'.
No latch inferred for signal `$paramod\systolic_block\N=s32'00000000000000000000000000100000.\v_wires[524]' from process `$paramod\systolic_block\N=s32'00000000000000000000000000100000.$proc$/openlane/designs/Tensor/src/systolic_block.v:0$12298'.
No latch inferred for signal `$paramod\systolic_block\N=s32'00000000000000000000000000100000.\v_wires[525]' from process `$paramod\systolic_block\N=s32'00000000000000000000000000100000.$proc$/openlane/designs/Tensor/src/systolic_block.v:0$12298'.
No latch inferred for signal `$paramod\systolic_block\N=s32'00000000000000000000000000100000.\v_wires[526]' from process `$paramod\systolic_block\N=s32'00000000000000000000000000100000.$proc$/openlane/designs/Tensor/src/systolic_block.v:0$12298'.
No latch inferred for signal `$paramod\systolic_block\N=s32'00000000000000000000000000100000.\v_wires[528]' from process `$paramod\systolic_block\N=s32'00000000000000000000000000100000.$proc$/openlane/designs/Tensor/src/systolic_block.v:0$12298'.
No latch inferred for signal `$paramod\systolic_block\N=s32'00000000000000000000000000100000.\v_wires[529]' from process `$paramod\systolic_block\N=s32'00000000000000000000000000100000.$proc$/openlane/designs/Tensor/src/systolic_block.v:0$12298'.
No latch inferred for signal `$paramod\systolic_block\N=s32'00000000000000000000000000100000.\v_wires[530]' from process `$paramod\systolic_block\N=s32'00000000000000000000000000100000.$proc$/openlane/designs/Tensor/src/systolic_block.v:0$12298'.
No latch inferred for signal `$paramod\systolic_block\N=s32'00000000000000000000000000100000.\v_wires[531]' from process `$paramod\systolic_block\N=s32'00000000000000000000000000100000.$proc$/openlane/designs/Tensor/src/systolic_block.v:0$12298'.
No latch inferred for signal `$paramod\systolic_block\N=s32'00000000000000000000000000100000.\v_wires[532]' from process `$paramod\systolic_block\N=s32'00000000000000000000000000100000.$proc$/openlane/designs/Tensor/src/systolic_block.v:0$12298'.
No latch inferred for signal `$paramod\systolic_block\N=s32'00000000000000000000000000100000.\v_wires[533]' from process `$paramod\systolic_block\N=s32'00000000000000000000000000100000.$proc$/openlane/designs/Tensor/src/systolic_block.v:0$12298'.
No latch inferred for signal `$paramod\systolic_block\N=s32'00000000000000000000000000100000.\v_wires[534]' from process `$paramod\systolic_block\N=s32'00000000000000000000000000100000.$proc$/openlane/designs/Tensor/src/systolic_block.v:0$12298'.
No latch inferred for signal `$paramod\systolic_block\N=s32'00000000000000000000000000100000.\v_wires[535]' from process `$paramod\systolic_block\N=s32'00000000000000000000000000100000.$proc$/openlane/designs/Tensor/src/systolic_block.v:0$12298'.
No latch inferred for signal `$paramod\systolic_block\N=s32'00000000000000000000000000100000.\v_wires[536]' from process `$paramod\systolic_block\N=s32'00000000000000000000000000100000.$proc$/openlane/designs/Tensor/src/systolic_block.v:0$12298'.
No latch inferred for signal `$paramod\systolic_block\N=s32'00000000000000000000000000100000.\v_wires[537]' from process `$paramod\systolic_block\N=s32'00000000000000000000000000100000.$proc$/openlane/designs/Tensor/src/systolic_block.v:0$12298'.
No latch inferred for signal `$paramod\systolic_block\N=s32'00000000000000000000000000100000.\v_wires[538]' from process `$paramod\systolic_block\N=s32'00000000000000000000000000100000.$proc$/openlane/designs/Tensor/src/systolic_block.v:0$12298'.
No latch inferred for signal `$paramod\systolic_block\N=s32'00000000000000000000000000100000.\v_wires[539]' from process `$paramod\systolic_block\N=s32'00000000000000000000000000100000.$proc$/openlane/designs/Tensor/src/systolic_block.v:0$12298'.
No latch inferred for signal `$paramod\systolic_block\N=s32'00000000000000000000000000100000.\v_wires[540]' from process `$paramod\systolic_block\N=s32'00000000000000000000000000100000.$proc$/openlane/designs/Tensor/src/systolic_block.v:0$12298'.
No latch inferred for signal `$paramod\systolic_block\N=s32'00000000000000000000000000100000.\v_wires[541]' from process `$paramod\systolic_block\N=s32'00000000000000000000000000100000.$proc$/openlane/designs/Tensor/src/systolic_block.v:0$12298'.
No latch inferred for signal `$paramod\systolic_block\N=s32'00000000000000000000000000100000.\v_wires[542]' from process `$paramod\systolic_block\N=s32'00000000000000000000000000100000.$proc$/openlane/designs/Tensor/src/systolic_block.v:0$12298'.
No latch inferred for signal `$paramod\systolic_block\N=s32'00000000000000000000000000100000.\v_wires[543]' from process `$paramod\systolic_block\N=s32'00000000000000000000000000100000.$proc$/openlane/designs/Tensor/src/systolic_block.v:0$12298'.
No latch inferred for signal `$paramod\systolic_block\N=s32'00000000000000000000000000100000.\v_wires[544]' from process `$paramod\systolic_block\N=s32'00000000000000000000000000100000.$proc$/openlane/designs/Tensor/src/systolic_block.v:0$12298'.
No latch inferred for signal `$paramod\systolic_block\N=s32'00000000000000000000000000100000.\v_wires[545]' from process `$paramod\systolic_block\N=s32'00000000000000000000000000100000.$proc$/openlane/designs/Tensor/src/systolic_block.v:0$12298'.
No latch inferred for signal `$paramod\systolic_block\N=s32'00000000000000000000000000100000.\v_wires[546]' from process `$paramod\systolic_block\N=s32'00000000000000000000000000100000.$proc$/openlane/designs/Tensor/src/systolic_block.v:0$12298'.
No latch inferred for signal `$paramod\systolic_block\N=s32'00000000000000000000000000100000.\v_wires[547]' from process `$paramod\systolic_block\N=s32'00000000000000000000000000100000.$proc$/openlane/designs/Tensor/src/systolic_block.v:0$12298'.
No latch inferred for signal `$paramod\systolic_block\N=s32'00000000000000000000000000100000.\v_wires[548]' from process `$paramod\systolic_block\N=s32'00000000000000000000000000100000.$proc$/openlane/designs/Tensor/src/systolic_block.v:0$12298'.
No latch inferred for signal `$paramod\systolic_block\N=s32'00000000000000000000000000100000.\v_wires[549]' from process `$paramod\systolic_block\N=s32'00000000000000000000000000100000.$proc$/openlane/designs/Tensor/src/systolic_block.v:0$12298'.
No latch inferred for signal `$paramod\systolic_block\N=s32'00000000000000000000000000100000.\v_wires[550]' from process `$paramod\systolic_block\N=s32'00000000000000000000000000100000.$proc$/openlane/designs/Tensor/src/systolic_block.v:0$12298'.
No latch inferred for signal `$paramod\systolic_block\N=s32'00000000000000000000000000100000.\v_wires[551]' from process `$paramod\systolic_block\N=s32'00000000000000000000000000100000.$proc$/openlane/designs/Tensor/src/systolic_block.v:0$12298'.
No latch inferred for signal `$paramod\systolic_block\N=s32'00000000000000000000000000100000.\v_wires[552]' from process `$paramod\systolic_block\N=s32'00000000000000000000000000100000.$proc$/openlane/designs/Tensor/src/systolic_block.v:0$12298'.
No latch inferred for signal `$paramod\systolic_block\N=s32'00000000000000000000000000100000.\v_wires[553]' from process `$paramod\systolic_block\N=s32'00000000000000000000000000100000.$proc$/openlane/designs/Tensor/src/systolic_block.v:0$12298'.
No latch inferred for signal `$paramod\systolic_block\N=s32'00000000000000000000000000100000.\v_wires[554]' from process `$paramod\systolic_block\N=s32'00000000000000000000000000100000.$proc$/openlane/designs/Tensor/src/systolic_block.v:0$12298'.
No latch inferred for signal `$paramod\systolic_block\N=s32'00000000000000000000000000100000.\v_wires[555]' from process `$paramod\systolic_block\N=s32'00000000000000000000000000100000.$proc$/openlane/designs/Tensor/src/systolic_block.v:0$12298'.
No latch inferred for signal `$paramod\systolic_block\N=s32'00000000000000000000000000100000.\v_wires[556]' from process `$paramod\systolic_block\N=s32'00000000000000000000000000100000.$proc$/openlane/designs/Tensor/src/systolic_block.v:0$12298'.
No latch inferred for signal `$paramod\systolic_block\N=s32'00000000000000000000000000100000.\v_wires[557]' from process `$paramod\systolic_block\N=s32'00000000000000000000000000100000.$proc$/openlane/designs/Tensor/src/systolic_block.v:0$12298'.
No latch inferred for signal `$paramod\systolic_block\N=s32'00000000000000000000000000100000.\v_wires[558]' from process `$paramod\systolic_block\N=s32'00000000000000000000000000100000.$proc$/openlane/designs/Tensor/src/systolic_block.v:0$12298'.
No latch inferred for signal `$paramod\systolic_block\N=s32'00000000000000000000000000100000.\v_wires[559]' from process `$paramod\systolic_block\N=s32'00000000000000000000000000100000.$proc$/openlane/designs/Tensor/src/systolic_block.v:0$12298'.
No latch inferred for signal `$paramod\systolic_block\N=s32'00000000000000000000000000100000.\v_wires[561]' from process `$paramod\systolic_block\N=s32'00000000000000000000000000100000.$proc$/openlane/designs/Tensor/src/systolic_block.v:0$12298'.
No latch inferred for signal `$paramod\systolic_block\N=s32'00000000000000000000000000100000.\v_wires[562]' from process `$paramod\systolic_block\N=s32'00000000000000000000000000100000.$proc$/openlane/designs/Tensor/src/systolic_block.v:0$12298'.
No latch inferred for signal `$paramod\systolic_block\N=s32'00000000000000000000000000100000.\v_wires[563]' from process `$paramod\systolic_block\N=s32'00000000000000000000000000100000.$proc$/openlane/designs/Tensor/src/systolic_block.v:0$12298'.
No latch inferred for signal `$paramod\systolic_block\N=s32'00000000000000000000000000100000.\v_wires[564]' from process `$paramod\systolic_block\N=s32'00000000000000000000000000100000.$proc$/openlane/designs/Tensor/src/systolic_block.v:0$12298'.
No latch inferred for signal `$paramod\systolic_block\N=s32'00000000000000000000000000100000.\v_wires[565]' from process `$paramod\systolic_block\N=s32'00000000000000000000000000100000.$proc$/openlane/designs/Tensor/src/systolic_block.v:0$12298'.
No latch inferred for signal `$paramod\systolic_block\N=s32'00000000000000000000000000100000.\v_wires[566]' from process `$paramod\systolic_block\N=s32'00000000000000000000000000100000.$proc$/openlane/designs/Tensor/src/systolic_block.v:0$12298'.
No latch inferred for signal `$paramod\systolic_block\N=s32'00000000000000000000000000100000.\v_wires[567]' from process `$paramod\systolic_block\N=s32'00000000000000000000000000100000.$proc$/openlane/designs/Tensor/src/systolic_block.v:0$12298'.
No latch inferred for signal `$paramod\systolic_block\N=s32'00000000000000000000000000100000.\v_wires[568]' from process `$paramod\systolic_block\N=s32'00000000000000000000000000100000.$proc$/openlane/designs/Tensor/src/systolic_block.v:0$12298'.
No latch inferred for signal `$paramod\systolic_block\N=s32'00000000000000000000000000100000.\v_wires[569]' from process `$paramod\systolic_block\N=s32'00000000000000000000000000100000.$proc$/openlane/designs/Tensor/src/systolic_block.v:0$12298'.
No latch inferred for signal `$paramod\systolic_block\N=s32'00000000000000000000000000100000.\v_wires[570]' from process `$paramod\systolic_block\N=s32'00000000000000000000000000100000.$proc$/openlane/designs/Tensor/src/systolic_block.v:0$12298'.
No latch inferred for signal `$paramod\systolic_block\N=s32'00000000000000000000000000100000.\v_wires[571]' from process `$paramod\systolic_block\N=s32'00000000000000000000000000100000.$proc$/openlane/designs/Tensor/src/systolic_block.v:0$12298'.
No latch inferred for signal `$paramod\systolic_block\N=s32'00000000000000000000000000100000.\v_wires[572]' from process `$paramod\systolic_block\N=s32'00000000000000000000000000100000.$proc$/openlane/designs/Tensor/src/systolic_block.v:0$12298'.
No latch inferred for signal `$paramod\systolic_block\N=s32'00000000000000000000000000100000.\v_wires[573]' from process `$paramod\systolic_block\N=s32'00000000000000000000000000100000.$proc$/openlane/designs/Tensor/src/systolic_block.v:0$12298'.
No latch inferred for signal `$paramod\systolic_block\N=s32'00000000000000000000000000100000.\v_wires[574]' from process `$paramod\systolic_block\N=s32'00000000000000000000000000100000.$proc$/openlane/designs/Tensor/src/systolic_block.v:0$12298'.
No latch inferred for signal `$paramod\systolic_block\N=s32'00000000000000000000000000100000.\v_wires[575]' from process `$paramod\systolic_block\N=s32'00000000000000000000000000100000.$proc$/openlane/designs/Tensor/src/systolic_block.v:0$12298'.
No latch inferred for signal `$paramod\systolic_block\N=s32'00000000000000000000000000100000.\v_wires[576]' from process `$paramod\systolic_block\N=s32'00000000000000000000000000100000.$proc$/openlane/designs/Tensor/src/systolic_block.v:0$12298'.
No latch inferred for signal `$paramod\systolic_block\N=s32'00000000000000000000000000100000.\v_wires[577]' from process `$paramod\systolic_block\N=s32'00000000000000000000000000100000.$proc$/openlane/designs/Tensor/src/systolic_block.v:0$12298'.
No latch inferred for signal `$paramod\systolic_block\N=s32'00000000000000000000000000100000.\v_wires[578]' from process `$paramod\systolic_block\N=s32'00000000000000000000000000100000.$proc$/openlane/designs/Tensor/src/systolic_block.v:0$12298'.
No latch inferred for signal `$paramod\systolic_block\N=s32'00000000000000000000000000100000.\v_wires[579]' from process `$paramod\systolic_block\N=s32'00000000000000000000000000100000.$proc$/openlane/designs/Tensor/src/systolic_block.v:0$12298'.
No latch inferred for signal `$paramod\systolic_block\N=s32'00000000000000000000000000100000.\v_wires[580]' from process `$paramod\systolic_block\N=s32'00000000000000000000000000100000.$proc$/openlane/designs/Tensor/src/systolic_block.v:0$12298'.
No latch inferred for signal `$paramod\systolic_block\N=s32'00000000000000000000000000100000.\v_wires[581]' from process `$paramod\systolic_block\N=s32'00000000000000000000000000100000.$proc$/openlane/designs/Tensor/src/systolic_block.v:0$12298'.
No latch inferred for signal `$paramod\systolic_block\N=s32'00000000000000000000000000100000.\v_wires[582]' from process `$paramod\systolic_block\N=s32'00000000000000000000000000100000.$proc$/openlane/designs/Tensor/src/systolic_block.v:0$12298'.
No latch inferred for signal `$paramod\systolic_block\N=s32'00000000000000000000000000100000.\v_wires[583]' from process `$paramod\systolic_block\N=s32'00000000000000000000000000100000.$proc$/openlane/designs/Tensor/src/systolic_block.v:0$12298'.
No latch inferred for signal `$paramod\systolic_block\N=s32'00000000000000000000000000100000.\v_wires[584]' from process `$paramod\systolic_block\N=s32'00000000000000000000000000100000.$proc$/openlane/designs/Tensor/src/systolic_block.v:0$12298'.
No latch inferred for signal `$paramod\systolic_block\N=s32'00000000000000000000000000100000.\v_wires[585]' from process `$paramod\systolic_block\N=s32'00000000000000000000000000100000.$proc$/openlane/designs/Tensor/src/systolic_block.v:0$12298'.
No latch inferred for signal `$paramod\systolic_block\N=s32'00000000000000000000000000100000.\v_wires[586]' from process `$paramod\systolic_block\N=s32'00000000000000000000000000100000.$proc$/openlane/designs/Tensor/src/systolic_block.v:0$12298'.
No latch inferred for signal `$paramod\systolic_block\N=s32'00000000000000000000000000100000.\v_wires[587]' from process `$paramod\systolic_block\N=s32'00000000000000000000000000100000.$proc$/openlane/designs/Tensor/src/systolic_block.v:0$12298'.
No latch inferred for signal `$paramod\systolic_block\N=s32'00000000000000000000000000100000.\v_wires[588]' from process `$paramod\systolic_block\N=s32'00000000000000000000000000100000.$proc$/openlane/designs/Tensor/src/systolic_block.v:0$12298'.
No latch inferred for signal `$paramod\systolic_block\N=s32'00000000000000000000000000100000.\v_wires[589]' from process `$paramod\systolic_block\N=s32'00000000000000000000000000100000.$proc$/openlane/designs/Tensor/src/systolic_block.v:0$12298'.
No latch inferred for signal `$paramod\systolic_block\N=s32'00000000000000000000000000100000.\v_wires[590]' from process `$paramod\systolic_block\N=s32'00000000000000000000000000100000.$proc$/openlane/designs/Tensor/src/systolic_block.v:0$12298'.
No latch inferred for signal `$paramod\systolic_block\N=s32'00000000000000000000000000100000.\v_wires[591]' from process `$paramod\systolic_block\N=s32'00000000000000000000000000100000.$proc$/openlane/designs/Tensor/src/systolic_block.v:0$12298'.
No latch inferred for signal `$paramod\systolic_block\N=s32'00000000000000000000000000100000.\v_wires[592]' from process `$paramod\systolic_block\N=s32'00000000000000000000000000100000.$proc$/openlane/designs/Tensor/src/systolic_block.v:0$12298'.
No latch inferred for signal `$paramod\systolic_block\N=s32'00000000000000000000000000100000.\v_wires[594]' from process `$paramod\systolic_block\N=s32'00000000000000000000000000100000.$proc$/openlane/designs/Tensor/src/systolic_block.v:0$12298'.
No latch inferred for signal `$paramod\systolic_block\N=s32'00000000000000000000000000100000.\v_wires[595]' from process `$paramod\systolic_block\N=s32'00000000000000000000000000100000.$proc$/openlane/designs/Tensor/src/systolic_block.v:0$12298'.
No latch inferred for signal `$paramod\systolic_block\N=s32'00000000000000000000000000100000.\v_wires[596]' from process `$paramod\systolic_block\N=s32'00000000000000000000000000100000.$proc$/openlane/designs/Tensor/src/systolic_block.v:0$12298'.
No latch inferred for signal `$paramod\systolic_block\N=s32'00000000000000000000000000100000.\v_wires[597]' from process `$paramod\systolic_block\N=s32'00000000000000000000000000100000.$proc$/openlane/designs/Tensor/src/systolic_block.v:0$12298'.
No latch inferred for signal `$paramod\systolic_block\N=s32'00000000000000000000000000100000.\v_wires[598]' from process `$paramod\systolic_block\N=s32'00000000000000000000000000100000.$proc$/openlane/designs/Tensor/src/systolic_block.v:0$12298'.
No latch inferred for signal `$paramod\systolic_block\N=s32'00000000000000000000000000100000.\v_wires[599]' from process `$paramod\systolic_block\N=s32'00000000000000000000000000100000.$proc$/openlane/designs/Tensor/src/systolic_block.v:0$12298'.
No latch inferred for signal `$paramod\systolic_block\N=s32'00000000000000000000000000100000.\v_wires[600]' from process `$paramod\systolic_block\N=s32'00000000000000000000000000100000.$proc$/openlane/designs/Tensor/src/systolic_block.v:0$12298'.
No latch inferred for signal `$paramod\systolic_block\N=s32'00000000000000000000000000100000.\v_wires[601]' from process `$paramod\systolic_block\N=s32'00000000000000000000000000100000.$proc$/openlane/designs/Tensor/src/systolic_block.v:0$12298'.
No latch inferred for signal `$paramod\systolic_block\N=s32'00000000000000000000000000100000.\v_wires[602]' from process `$paramod\systolic_block\N=s32'00000000000000000000000000100000.$proc$/openlane/designs/Tensor/src/systolic_block.v:0$12298'.
No latch inferred for signal `$paramod\systolic_block\N=s32'00000000000000000000000000100000.\v_wires[603]' from process `$paramod\systolic_block\N=s32'00000000000000000000000000100000.$proc$/openlane/designs/Tensor/src/systolic_block.v:0$12298'.
No latch inferred for signal `$paramod\systolic_block\N=s32'00000000000000000000000000100000.\v_wires[604]' from process `$paramod\systolic_block\N=s32'00000000000000000000000000100000.$proc$/openlane/designs/Tensor/src/systolic_block.v:0$12298'.
No latch inferred for signal `$paramod\systolic_block\N=s32'00000000000000000000000000100000.\v_wires[605]' from process `$paramod\systolic_block\N=s32'00000000000000000000000000100000.$proc$/openlane/designs/Tensor/src/systolic_block.v:0$12298'.
No latch inferred for signal `$paramod\systolic_block\N=s32'00000000000000000000000000100000.\v_wires[606]' from process `$paramod\systolic_block\N=s32'00000000000000000000000000100000.$proc$/openlane/designs/Tensor/src/systolic_block.v:0$12298'.
No latch inferred for signal `$paramod\systolic_block\N=s32'00000000000000000000000000100000.\v_wires[607]' from process `$paramod\systolic_block\N=s32'00000000000000000000000000100000.$proc$/openlane/designs/Tensor/src/systolic_block.v:0$12298'.
No latch inferred for signal `$paramod\systolic_block\N=s32'00000000000000000000000000100000.\v_wires[608]' from process `$paramod\systolic_block\N=s32'00000000000000000000000000100000.$proc$/openlane/designs/Tensor/src/systolic_block.v:0$12298'.
No latch inferred for signal `$paramod\systolic_block\N=s32'00000000000000000000000000100000.\v_wires[609]' from process `$paramod\systolic_block\N=s32'00000000000000000000000000100000.$proc$/openlane/designs/Tensor/src/systolic_block.v:0$12298'.
No latch inferred for signal `$paramod\systolic_block\N=s32'00000000000000000000000000100000.\v_wires[610]' from process `$paramod\systolic_block\N=s32'00000000000000000000000000100000.$proc$/openlane/designs/Tensor/src/systolic_block.v:0$12298'.
No latch inferred for signal `$paramod\systolic_block\N=s32'00000000000000000000000000100000.\v_wires[611]' from process `$paramod\systolic_block\N=s32'00000000000000000000000000100000.$proc$/openlane/designs/Tensor/src/systolic_block.v:0$12298'.
No latch inferred for signal `$paramod\systolic_block\N=s32'00000000000000000000000000100000.\v_wires[612]' from process `$paramod\systolic_block\N=s32'00000000000000000000000000100000.$proc$/openlane/designs/Tensor/src/systolic_block.v:0$12298'.
No latch inferred for signal `$paramod\systolic_block\N=s32'00000000000000000000000000100000.\v_wires[613]' from process `$paramod\systolic_block\N=s32'00000000000000000000000000100000.$proc$/openlane/designs/Tensor/src/systolic_block.v:0$12298'.
No latch inferred for signal `$paramod\systolic_block\N=s32'00000000000000000000000000100000.\v_wires[614]' from process `$paramod\systolic_block\N=s32'00000000000000000000000000100000.$proc$/openlane/designs/Tensor/src/systolic_block.v:0$12298'.
No latch inferred for signal `$paramod\systolic_block\N=s32'00000000000000000000000000100000.\v_wires[615]' from process `$paramod\systolic_block\N=s32'00000000000000000000000000100000.$proc$/openlane/designs/Tensor/src/systolic_block.v:0$12298'.
No latch inferred for signal `$paramod\systolic_block\N=s32'00000000000000000000000000100000.\v_wires[616]' from process `$paramod\systolic_block\N=s32'00000000000000000000000000100000.$proc$/openlane/designs/Tensor/src/systolic_block.v:0$12298'.
No latch inferred for signal `$paramod\systolic_block\N=s32'00000000000000000000000000100000.\v_wires[617]' from process `$paramod\systolic_block\N=s32'00000000000000000000000000100000.$proc$/openlane/designs/Tensor/src/systolic_block.v:0$12298'.
No latch inferred for signal `$paramod\systolic_block\N=s32'00000000000000000000000000100000.\v_wires[618]' from process `$paramod\systolic_block\N=s32'00000000000000000000000000100000.$proc$/openlane/designs/Tensor/src/systolic_block.v:0$12298'.
No latch inferred for signal `$paramod\systolic_block\N=s32'00000000000000000000000000100000.\v_wires[619]' from process `$paramod\systolic_block\N=s32'00000000000000000000000000100000.$proc$/openlane/designs/Tensor/src/systolic_block.v:0$12298'.
No latch inferred for signal `$paramod\systolic_block\N=s32'00000000000000000000000000100000.\v_wires[620]' from process `$paramod\systolic_block\N=s32'00000000000000000000000000100000.$proc$/openlane/designs/Tensor/src/systolic_block.v:0$12298'.
No latch inferred for signal `$paramod\systolic_block\N=s32'00000000000000000000000000100000.\v_wires[621]' from process `$paramod\systolic_block\N=s32'00000000000000000000000000100000.$proc$/openlane/designs/Tensor/src/systolic_block.v:0$12298'.
No latch inferred for signal `$paramod\systolic_block\N=s32'00000000000000000000000000100000.\v_wires[622]' from process `$paramod\systolic_block\N=s32'00000000000000000000000000100000.$proc$/openlane/designs/Tensor/src/systolic_block.v:0$12298'.
No latch inferred for signal `$paramod\systolic_block\N=s32'00000000000000000000000000100000.\v_wires[623]' from process `$paramod\systolic_block\N=s32'00000000000000000000000000100000.$proc$/openlane/designs/Tensor/src/systolic_block.v:0$12298'.
No latch inferred for signal `$paramod\systolic_block\N=s32'00000000000000000000000000100000.\v_wires[624]' from process `$paramod\systolic_block\N=s32'00000000000000000000000000100000.$proc$/openlane/designs/Tensor/src/systolic_block.v:0$12298'.
No latch inferred for signal `$paramod\systolic_block\N=s32'00000000000000000000000000100000.\v_wires[625]' from process `$paramod\systolic_block\N=s32'00000000000000000000000000100000.$proc$/openlane/designs/Tensor/src/systolic_block.v:0$12298'.
No latch inferred for signal `$paramod\systolic_block\N=s32'00000000000000000000000000100000.\v_wires[627]' from process `$paramod\systolic_block\N=s32'00000000000000000000000000100000.$proc$/openlane/designs/Tensor/src/systolic_block.v:0$12298'.
No latch inferred for signal `$paramod\systolic_block\N=s32'00000000000000000000000000100000.\v_wires[628]' from process `$paramod\systolic_block\N=s32'00000000000000000000000000100000.$proc$/openlane/designs/Tensor/src/systolic_block.v:0$12298'.
No latch inferred for signal `$paramod\systolic_block\N=s32'00000000000000000000000000100000.\v_wires[629]' from process `$paramod\systolic_block\N=s32'00000000000000000000000000100000.$proc$/openlane/designs/Tensor/src/systolic_block.v:0$12298'.
No latch inferred for signal `$paramod\systolic_block\N=s32'00000000000000000000000000100000.\v_wires[630]' from process `$paramod\systolic_block\N=s32'00000000000000000000000000100000.$proc$/openlane/designs/Tensor/src/systolic_block.v:0$12298'.
No latch inferred for signal `$paramod\systolic_block\N=s32'00000000000000000000000000100000.\v_wires[631]' from process `$paramod\systolic_block\N=s32'00000000000000000000000000100000.$proc$/openlane/designs/Tensor/src/systolic_block.v:0$12298'.
No latch inferred for signal `$paramod\systolic_block\N=s32'00000000000000000000000000100000.\v_wires[632]' from process `$paramod\systolic_block\N=s32'00000000000000000000000000100000.$proc$/openlane/designs/Tensor/src/systolic_block.v:0$12298'.
No latch inferred for signal `$paramod\systolic_block\N=s32'00000000000000000000000000100000.\v_wires[633]' from process `$paramod\systolic_block\N=s32'00000000000000000000000000100000.$proc$/openlane/designs/Tensor/src/systolic_block.v:0$12298'.
No latch inferred for signal `$paramod\systolic_block\N=s32'00000000000000000000000000100000.\v_wires[634]' from process `$paramod\systolic_block\N=s32'00000000000000000000000000100000.$proc$/openlane/designs/Tensor/src/systolic_block.v:0$12298'.
No latch inferred for signal `$paramod\systolic_block\N=s32'00000000000000000000000000100000.\v_wires[635]' from process `$paramod\systolic_block\N=s32'00000000000000000000000000100000.$proc$/openlane/designs/Tensor/src/systolic_block.v:0$12298'.
No latch inferred for signal `$paramod\systolic_block\N=s32'00000000000000000000000000100000.\v_wires[636]' from process `$paramod\systolic_block\N=s32'00000000000000000000000000100000.$proc$/openlane/designs/Tensor/src/systolic_block.v:0$12298'.
No latch inferred for signal `$paramod\systolic_block\N=s32'00000000000000000000000000100000.\v_wires[637]' from process `$paramod\systolic_block\N=s32'00000000000000000000000000100000.$proc$/openlane/designs/Tensor/src/systolic_block.v:0$12298'.
No latch inferred for signal `$paramod\systolic_block\N=s32'00000000000000000000000000100000.\v_wires[638]' from process `$paramod\systolic_block\N=s32'00000000000000000000000000100000.$proc$/openlane/designs/Tensor/src/systolic_block.v:0$12298'.
No latch inferred for signal `$paramod\systolic_block\N=s32'00000000000000000000000000100000.\v_wires[639]' from process `$paramod\systolic_block\N=s32'00000000000000000000000000100000.$proc$/openlane/designs/Tensor/src/systolic_block.v:0$12298'.
No latch inferred for signal `$paramod\systolic_block\N=s32'00000000000000000000000000100000.\v_wires[640]' from process `$paramod\systolic_block\N=s32'00000000000000000000000000100000.$proc$/openlane/designs/Tensor/src/systolic_block.v:0$12298'.
No latch inferred for signal `$paramod\systolic_block\N=s32'00000000000000000000000000100000.\v_wires[641]' from process `$paramod\systolic_block\N=s32'00000000000000000000000000100000.$proc$/openlane/designs/Tensor/src/systolic_block.v:0$12298'.
No latch inferred for signal `$paramod\systolic_block\N=s32'00000000000000000000000000100000.\v_wires[642]' from process `$paramod\systolic_block\N=s32'00000000000000000000000000100000.$proc$/openlane/designs/Tensor/src/systolic_block.v:0$12298'.
No latch inferred for signal `$paramod\systolic_block\N=s32'00000000000000000000000000100000.\v_wires[643]' from process `$paramod\systolic_block\N=s32'00000000000000000000000000100000.$proc$/openlane/designs/Tensor/src/systolic_block.v:0$12298'.
No latch inferred for signal `$paramod\systolic_block\N=s32'00000000000000000000000000100000.\v_wires[644]' from process `$paramod\systolic_block\N=s32'00000000000000000000000000100000.$proc$/openlane/designs/Tensor/src/systolic_block.v:0$12298'.
No latch inferred for signal `$paramod\systolic_block\N=s32'00000000000000000000000000100000.\v_wires[645]' from process `$paramod\systolic_block\N=s32'00000000000000000000000000100000.$proc$/openlane/designs/Tensor/src/systolic_block.v:0$12298'.
No latch inferred for signal `$paramod\systolic_block\N=s32'00000000000000000000000000100000.\v_wires[646]' from process `$paramod\systolic_block\N=s32'00000000000000000000000000100000.$proc$/openlane/designs/Tensor/src/systolic_block.v:0$12298'.
No latch inferred for signal `$paramod\systolic_block\N=s32'00000000000000000000000000100000.\v_wires[647]' from process `$paramod\systolic_block\N=s32'00000000000000000000000000100000.$proc$/openlane/designs/Tensor/src/systolic_block.v:0$12298'.
No latch inferred for signal `$paramod\systolic_block\N=s32'00000000000000000000000000100000.\v_wires[648]' from process `$paramod\systolic_block\N=s32'00000000000000000000000000100000.$proc$/openlane/designs/Tensor/src/systolic_block.v:0$12298'.
No latch inferred for signal `$paramod\systolic_block\N=s32'00000000000000000000000000100000.\v_wires[649]' from process `$paramod\systolic_block\N=s32'00000000000000000000000000100000.$proc$/openlane/designs/Tensor/src/systolic_block.v:0$12298'.
No latch inferred for signal `$paramod\systolic_block\N=s32'00000000000000000000000000100000.\v_wires[650]' from process `$paramod\systolic_block\N=s32'00000000000000000000000000100000.$proc$/openlane/designs/Tensor/src/systolic_block.v:0$12298'.
No latch inferred for signal `$paramod\systolic_block\N=s32'00000000000000000000000000100000.\v_wires[651]' from process `$paramod\systolic_block\N=s32'00000000000000000000000000100000.$proc$/openlane/designs/Tensor/src/systolic_block.v:0$12298'.
No latch inferred for signal `$paramod\systolic_block\N=s32'00000000000000000000000000100000.\v_wires[652]' from process `$paramod\systolic_block\N=s32'00000000000000000000000000100000.$proc$/openlane/designs/Tensor/src/systolic_block.v:0$12298'.
No latch inferred for signal `$paramod\systolic_block\N=s32'00000000000000000000000000100000.\v_wires[653]' from process `$paramod\systolic_block\N=s32'00000000000000000000000000100000.$proc$/openlane/designs/Tensor/src/systolic_block.v:0$12298'.
No latch inferred for signal `$paramod\systolic_block\N=s32'00000000000000000000000000100000.\v_wires[654]' from process `$paramod\systolic_block\N=s32'00000000000000000000000000100000.$proc$/openlane/designs/Tensor/src/systolic_block.v:0$12298'.
No latch inferred for signal `$paramod\systolic_block\N=s32'00000000000000000000000000100000.\v_wires[655]' from process `$paramod\systolic_block\N=s32'00000000000000000000000000100000.$proc$/openlane/designs/Tensor/src/systolic_block.v:0$12298'.
No latch inferred for signal `$paramod\systolic_block\N=s32'00000000000000000000000000100000.\v_wires[656]' from process `$paramod\systolic_block\N=s32'00000000000000000000000000100000.$proc$/openlane/designs/Tensor/src/systolic_block.v:0$12298'.
No latch inferred for signal `$paramod\systolic_block\N=s32'00000000000000000000000000100000.\v_wires[657]' from process `$paramod\systolic_block\N=s32'00000000000000000000000000100000.$proc$/openlane/designs/Tensor/src/systolic_block.v:0$12298'.
No latch inferred for signal `$paramod\systolic_block\N=s32'00000000000000000000000000100000.\v_wires[658]' from process `$paramod\systolic_block\N=s32'00000000000000000000000000100000.$proc$/openlane/designs/Tensor/src/systolic_block.v:0$12298'.
No latch inferred for signal `$paramod\systolic_block\N=s32'00000000000000000000000000100000.\v_wires[660]' from process `$paramod\systolic_block\N=s32'00000000000000000000000000100000.$proc$/openlane/designs/Tensor/src/systolic_block.v:0$12298'.
No latch inferred for signal `$paramod\systolic_block\N=s32'00000000000000000000000000100000.\v_wires[661]' from process `$paramod\systolic_block\N=s32'00000000000000000000000000100000.$proc$/openlane/designs/Tensor/src/systolic_block.v:0$12298'.
No latch inferred for signal `$paramod\systolic_block\N=s32'00000000000000000000000000100000.\v_wires[662]' from process `$paramod\systolic_block\N=s32'00000000000000000000000000100000.$proc$/openlane/designs/Tensor/src/systolic_block.v:0$12298'.
No latch inferred for signal `$paramod\systolic_block\N=s32'00000000000000000000000000100000.\v_wires[663]' from process `$paramod\systolic_block\N=s32'00000000000000000000000000100000.$proc$/openlane/designs/Tensor/src/systolic_block.v:0$12298'.
No latch inferred for signal `$paramod\systolic_block\N=s32'00000000000000000000000000100000.\v_wires[664]' from process `$paramod\systolic_block\N=s32'00000000000000000000000000100000.$proc$/openlane/designs/Tensor/src/systolic_block.v:0$12298'.
No latch inferred for signal `$paramod\systolic_block\N=s32'00000000000000000000000000100000.\v_wires[665]' from process `$paramod\systolic_block\N=s32'00000000000000000000000000100000.$proc$/openlane/designs/Tensor/src/systolic_block.v:0$12298'.
No latch inferred for signal `$paramod\systolic_block\N=s32'00000000000000000000000000100000.\v_wires[666]' from process `$paramod\systolic_block\N=s32'00000000000000000000000000100000.$proc$/openlane/designs/Tensor/src/systolic_block.v:0$12298'.
No latch inferred for signal `$paramod\systolic_block\N=s32'00000000000000000000000000100000.\v_wires[667]' from process `$paramod\systolic_block\N=s32'00000000000000000000000000100000.$proc$/openlane/designs/Tensor/src/systolic_block.v:0$12298'.
No latch inferred for signal `$paramod\systolic_block\N=s32'00000000000000000000000000100000.\v_wires[668]' from process `$paramod\systolic_block\N=s32'00000000000000000000000000100000.$proc$/openlane/designs/Tensor/src/systolic_block.v:0$12298'.
No latch inferred for signal `$paramod\systolic_block\N=s32'00000000000000000000000000100000.\v_wires[669]' from process `$paramod\systolic_block\N=s32'00000000000000000000000000100000.$proc$/openlane/designs/Tensor/src/systolic_block.v:0$12298'.
No latch inferred for signal `$paramod\systolic_block\N=s32'00000000000000000000000000100000.\v_wires[670]' from process `$paramod\systolic_block\N=s32'00000000000000000000000000100000.$proc$/openlane/designs/Tensor/src/systolic_block.v:0$12298'.
No latch inferred for signal `$paramod\systolic_block\N=s32'00000000000000000000000000100000.\v_wires[671]' from process `$paramod\systolic_block\N=s32'00000000000000000000000000100000.$proc$/openlane/designs/Tensor/src/systolic_block.v:0$12298'.
No latch inferred for signal `$paramod\systolic_block\N=s32'00000000000000000000000000100000.\v_wires[672]' from process `$paramod\systolic_block\N=s32'00000000000000000000000000100000.$proc$/openlane/designs/Tensor/src/systolic_block.v:0$12298'.
No latch inferred for signal `$paramod\systolic_block\N=s32'00000000000000000000000000100000.\v_wires[673]' from process `$paramod\systolic_block\N=s32'00000000000000000000000000100000.$proc$/openlane/designs/Tensor/src/systolic_block.v:0$12298'.
No latch inferred for signal `$paramod\systolic_block\N=s32'00000000000000000000000000100000.\v_wires[674]' from process `$paramod\systolic_block\N=s32'00000000000000000000000000100000.$proc$/openlane/designs/Tensor/src/systolic_block.v:0$12298'.
No latch inferred for signal `$paramod\systolic_block\N=s32'00000000000000000000000000100000.\v_wires[675]' from process `$paramod\systolic_block\N=s32'00000000000000000000000000100000.$proc$/openlane/designs/Tensor/src/systolic_block.v:0$12298'.
No latch inferred for signal `$paramod\systolic_block\N=s32'00000000000000000000000000100000.\v_wires[676]' from process `$paramod\systolic_block\N=s32'00000000000000000000000000100000.$proc$/openlane/designs/Tensor/src/systolic_block.v:0$12298'.
No latch inferred for signal `$paramod\systolic_block\N=s32'00000000000000000000000000100000.\v_wires[677]' from process `$paramod\systolic_block\N=s32'00000000000000000000000000100000.$proc$/openlane/designs/Tensor/src/systolic_block.v:0$12298'.
No latch inferred for signal `$paramod\systolic_block\N=s32'00000000000000000000000000100000.\v_wires[678]' from process `$paramod\systolic_block\N=s32'00000000000000000000000000100000.$proc$/openlane/designs/Tensor/src/systolic_block.v:0$12298'.
No latch inferred for signal `$paramod\systolic_block\N=s32'00000000000000000000000000100000.\v_wires[679]' from process `$paramod\systolic_block\N=s32'00000000000000000000000000100000.$proc$/openlane/designs/Tensor/src/systolic_block.v:0$12298'.
No latch inferred for signal `$paramod\systolic_block\N=s32'00000000000000000000000000100000.\v_wires[680]' from process `$paramod\systolic_block\N=s32'00000000000000000000000000100000.$proc$/openlane/designs/Tensor/src/systolic_block.v:0$12298'.
No latch inferred for signal `$paramod\systolic_block\N=s32'00000000000000000000000000100000.\v_wires[681]' from process `$paramod\systolic_block\N=s32'00000000000000000000000000100000.$proc$/openlane/designs/Tensor/src/systolic_block.v:0$12298'.
No latch inferred for signal `$paramod\systolic_block\N=s32'00000000000000000000000000100000.\v_wires[682]' from process `$paramod\systolic_block\N=s32'00000000000000000000000000100000.$proc$/openlane/designs/Tensor/src/systolic_block.v:0$12298'.
No latch inferred for signal `$paramod\systolic_block\N=s32'00000000000000000000000000100000.\v_wires[683]' from process `$paramod\systolic_block\N=s32'00000000000000000000000000100000.$proc$/openlane/designs/Tensor/src/systolic_block.v:0$12298'.
No latch inferred for signal `$paramod\systolic_block\N=s32'00000000000000000000000000100000.\v_wires[684]' from process `$paramod\systolic_block\N=s32'00000000000000000000000000100000.$proc$/openlane/designs/Tensor/src/systolic_block.v:0$12298'.
No latch inferred for signal `$paramod\systolic_block\N=s32'00000000000000000000000000100000.\v_wires[685]' from process `$paramod\systolic_block\N=s32'00000000000000000000000000100000.$proc$/openlane/designs/Tensor/src/systolic_block.v:0$12298'.
No latch inferred for signal `$paramod\systolic_block\N=s32'00000000000000000000000000100000.\v_wires[686]' from process `$paramod\systolic_block\N=s32'00000000000000000000000000100000.$proc$/openlane/designs/Tensor/src/systolic_block.v:0$12298'.
No latch inferred for signal `$paramod\systolic_block\N=s32'00000000000000000000000000100000.\v_wires[687]' from process `$paramod\systolic_block\N=s32'00000000000000000000000000100000.$proc$/openlane/designs/Tensor/src/systolic_block.v:0$12298'.
No latch inferred for signal `$paramod\systolic_block\N=s32'00000000000000000000000000100000.\v_wires[688]' from process `$paramod\systolic_block\N=s32'00000000000000000000000000100000.$proc$/openlane/designs/Tensor/src/systolic_block.v:0$12298'.
No latch inferred for signal `$paramod\systolic_block\N=s32'00000000000000000000000000100000.\v_wires[689]' from process `$paramod\systolic_block\N=s32'00000000000000000000000000100000.$proc$/openlane/designs/Tensor/src/systolic_block.v:0$12298'.
No latch inferred for signal `$paramod\systolic_block\N=s32'00000000000000000000000000100000.\v_wires[690]' from process `$paramod\systolic_block\N=s32'00000000000000000000000000100000.$proc$/openlane/designs/Tensor/src/systolic_block.v:0$12298'.
No latch inferred for signal `$paramod\systolic_block\N=s32'00000000000000000000000000100000.\v_wires[691]' from process `$paramod\systolic_block\N=s32'00000000000000000000000000100000.$proc$/openlane/designs/Tensor/src/systolic_block.v:0$12298'.
No latch inferred for signal `$paramod\systolic_block\N=s32'00000000000000000000000000100000.\v_wires[693]' from process `$paramod\systolic_block\N=s32'00000000000000000000000000100000.$proc$/openlane/designs/Tensor/src/systolic_block.v:0$12298'.
No latch inferred for signal `$paramod\systolic_block\N=s32'00000000000000000000000000100000.\v_wires[694]' from process `$paramod\systolic_block\N=s32'00000000000000000000000000100000.$proc$/openlane/designs/Tensor/src/systolic_block.v:0$12298'.
No latch inferred for signal `$paramod\systolic_block\N=s32'00000000000000000000000000100000.\v_wires[695]' from process `$paramod\systolic_block\N=s32'00000000000000000000000000100000.$proc$/openlane/designs/Tensor/src/systolic_block.v:0$12298'.
No latch inferred for signal `$paramod\systolic_block\N=s32'00000000000000000000000000100000.\v_wires[696]' from process `$paramod\systolic_block\N=s32'00000000000000000000000000100000.$proc$/openlane/designs/Tensor/src/systolic_block.v:0$12298'.
No latch inferred for signal `$paramod\systolic_block\N=s32'00000000000000000000000000100000.\v_wires[697]' from process `$paramod\systolic_block\N=s32'00000000000000000000000000100000.$proc$/openlane/designs/Tensor/src/systolic_block.v:0$12298'.
No latch inferred for signal `$paramod\systolic_block\N=s32'00000000000000000000000000100000.\v_wires[698]' from process `$paramod\systolic_block\N=s32'00000000000000000000000000100000.$proc$/openlane/designs/Tensor/src/systolic_block.v:0$12298'.
No latch inferred for signal `$paramod\systolic_block\N=s32'00000000000000000000000000100000.\v_wires[699]' from process `$paramod\systolic_block\N=s32'00000000000000000000000000100000.$proc$/openlane/designs/Tensor/src/systolic_block.v:0$12298'.
No latch inferred for signal `$paramod\systolic_block\N=s32'00000000000000000000000000100000.\v_wires[700]' from process `$paramod\systolic_block\N=s32'00000000000000000000000000100000.$proc$/openlane/designs/Tensor/src/systolic_block.v:0$12298'.
No latch inferred for signal `$paramod\systolic_block\N=s32'00000000000000000000000000100000.\v_wires[701]' from process `$paramod\systolic_block\N=s32'00000000000000000000000000100000.$proc$/openlane/designs/Tensor/src/systolic_block.v:0$12298'.
No latch inferred for signal `$paramod\systolic_block\N=s32'00000000000000000000000000100000.\v_wires[702]' from process `$paramod\systolic_block\N=s32'00000000000000000000000000100000.$proc$/openlane/designs/Tensor/src/systolic_block.v:0$12298'.
No latch inferred for signal `$paramod\systolic_block\N=s32'00000000000000000000000000100000.\v_wires[703]' from process `$paramod\systolic_block\N=s32'00000000000000000000000000100000.$proc$/openlane/designs/Tensor/src/systolic_block.v:0$12298'.
No latch inferred for signal `$paramod\systolic_block\N=s32'00000000000000000000000000100000.\v_wires[704]' from process `$paramod\systolic_block\N=s32'00000000000000000000000000100000.$proc$/openlane/designs/Tensor/src/systolic_block.v:0$12298'.
No latch inferred for signal `$paramod\systolic_block\N=s32'00000000000000000000000000100000.\v_wires[705]' from process `$paramod\systolic_block\N=s32'00000000000000000000000000100000.$proc$/openlane/designs/Tensor/src/systolic_block.v:0$12298'.
No latch inferred for signal `$paramod\systolic_block\N=s32'00000000000000000000000000100000.\v_wires[706]' from process `$paramod\systolic_block\N=s32'00000000000000000000000000100000.$proc$/openlane/designs/Tensor/src/systolic_block.v:0$12298'.
No latch inferred for signal `$paramod\systolic_block\N=s32'00000000000000000000000000100000.\v_wires[707]' from process `$paramod\systolic_block\N=s32'00000000000000000000000000100000.$proc$/openlane/designs/Tensor/src/systolic_block.v:0$12298'.
No latch inferred for signal `$paramod\systolic_block\N=s32'00000000000000000000000000100000.\v_wires[708]' from process `$paramod\systolic_block\N=s32'00000000000000000000000000100000.$proc$/openlane/designs/Tensor/src/systolic_block.v:0$12298'.
No latch inferred for signal `$paramod\systolic_block\N=s32'00000000000000000000000000100000.\v_wires[709]' from process `$paramod\systolic_block\N=s32'00000000000000000000000000100000.$proc$/openlane/designs/Tensor/src/systolic_block.v:0$12298'.
No latch inferred for signal `$paramod\systolic_block\N=s32'00000000000000000000000000100000.\v_wires[710]' from process `$paramod\systolic_block\N=s32'00000000000000000000000000100000.$proc$/openlane/designs/Tensor/src/systolic_block.v:0$12298'.
No latch inferred for signal `$paramod\systolic_block\N=s32'00000000000000000000000000100000.\v_wires[711]' from process `$paramod\systolic_block\N=s32'00000000000000000000000000100000.$proc$/openlane/designs/Tensor/src/systolic_block.v:0$12298'.
No latch inferred for signal `$paramod\systolic_block\N=s32'00000000000000000000000000100000.\v_wires[712]' from process `$paramod\systolic_block\N=s32'00000000000000000000000000100000.$proc$/openlane/designs/Tensor/src/systolic_block.v:0$12298'.
No latch inferred for signal `$paramod\systolic_block\N=s32'00000000000000000000000000100000.\v_wires[713]' from process `$paramod\systolic_block\N=s32'00000000000000000000000000100000.$proc$/openlane/designs/Tensor/src/systolic_block.v:0$12298'.
No latch inferred for signal `$paramod\systolic_block\N=s32'00000000000000000000000000100000.\v_wires[714]' from process `$paramod\systolic_block\N=s32'00000000000000000000000000100000.$proc$/openlane/designs/Tensor/src/systolic_block.v:0$12298'.
No latch inferred for signal `$paramod\systolic_block\N=s32'00000000000000000000000000100000.\v_wires[715]' from process `$paramod\systolic_block\N=s32'00000000000000000000000000100000.$proc$/openlane/designs/Tensor/src/systolic_block.v:0$12298'.
No latch inferred for signal `$paramod\systolic_block\N=s32'00000000000000000000000000100000.\v_wires[716]' from process `$paramod\systolic_block\N=s32'00000000000000000000000000100000.$proc$/openlane/designs/Tensor/src/systolic_block.v:0$12298'.
No latch inferred for signal `$paramod\systolic_block\N=s32'00000000000000000000000000100000.\v_wires[717]' from process `$paramod\systolic_block\N=s32'00000000000000000000000000100000.$proc$/openlane/designs/Tensor/src/systolic_block.v:0$12298'.
No latch inferred for signal `$paramod\systolic_block\N=s32'00000000000000000000000000100000.\v_wires[718]' from process `$paramod\systolic_block\N=s32'00000000000000000000000000100000.$proc$/openlane/designs/Tensor/src/systolic_block.v:0$12298'.
No latch inferred for signal `$paramod\systolic_block\N=s32'00000000000000000000000000100000.\v_wires[719]' from process `$paramod\systolic_block\N=s32'00000000000000000000000000100000.$proc$/openlane/designs/Tensor/src/systolic_block.v:0$12298'.
No latch inferred for signal `$paramod\systolic_block\N=s32'00000000000000000000000000100000.\v_wires[720]' from process `$paramod\systolic_block\N=s32'00000000000000000000000000100000.$proc$/openlane/designs/Tensor/src/systolic_block.v:0$12298'.
No latch inferred for signal `$paramod\systolic_block\N=s32'00000000000000000000000000100000.\v_wires[721]' from process `$paramod\systolic_block\N=s32'00000000000000000000000000100000.$proc$/openlane/designs/Tensor/src/systolic_block.v:0$12298'.
No latch inferred for signal `$paramod\systolic_block\N=s32'00000000000000000000000000100000.\v_wires[722]' from process `$paramod\systolic_block\N=s32'00000000000000000000000000100000.$proc$/openlane/designs/Tensor/src/systolic_block.v:0$12298'.
No latch inferred for signal `$paramod\systolic_block\N=s32'00000000000000000000000000100000.\v_wires[723]' from process `$paramod\systolic_block\N=s32'00000000000000000000000000100000.$proc$/openlane/designs/Tensor/src/systolic_block.v:0$12298'.
No latch inferred for signal `$paramod\systolic_block\N=s32'00000000000000000000000000100000.\v_wires[724]' from process `$paramod\systolic_block\N=s32'00000000000000000000000000100000.$proc$/openlane/designs/Tensor/src/systolic_block.v:0$12298'.
No latch inferred for signal `$paramod\systolic_block\N=s32'00000000000000000000000000100000.\v_wires[726]' from process `$paramod\systolic_block\N=s32'00000000000000000000000000100000.$proc$/openlane/designs/Tensor/src/systolic_block.v:0$12298'.
No latch inferred for signal `$paramod\systolic_block\N=s32'00000000000000000000000000100000.\v_wires[727]' from process `$paramod\systolic_block\N=s32'00000000000000000000000000100000.$proc$/openlane/designs/Tensor/src/systolic_block.v:0$12298'.
No latch inferred for signal `$paramod\systolic_block\N=s32'00000000000000000000000000100000.\v_wires[728]' from process `$paramod\systolic_block\N=s32'00000000000000000000000000100000.$proc$/openlane/designs/Tensor/src/systolic_block.v:0$12298'.
No latch inferred for signal `$paramod\systolic_block\N=s32'00000000000000000000000000100000.\v_wires[729]' from process `$paramod\systolic_block\N=s32'00000000000000000000000000100000.$proc$/openlane/designs/Tensor/src/systolic_block.v:0$12298'.
No latch inferred for signal `$paramod\systolic_block\N=s32'00000000000000000000000000100000.\v_wires[730]' from process `$paramod\systolic_block\N=s32'00000000000000000000000000100000.$proc$/openlane/designs/Tensor/src/systolic_block.v:0$12298'.
No latch inferred for signal `$paramod\systolic_block\N=s32'00000000000000000000000000100000.\v_wires[731]' from process `$paramod\systolic_block\N=s32'00000000000000000000000000100000.$proc$/openlane/designs/Tensor/src/systolic_block.v:0$12298'.
No latch inferred for signal `$paramod\systolic_block\N=s32'00000000000000000000000000100000.\v_wires[732]' from process `$paramod\systolic_block\N=s32'00000000000000000000000000100000.$proc$/openlane/designs/Tensor/src/systolic_block.v:0$12298'.
No latch inferred for signal `$paramod\systolic_block\N=s32'00000000000000000000000000100000.\v_wires[733]' from process `$paramod\systolic_block\N=s32'00000000000000000000000000100000.$proc$/openlane/designs/Tensor/src/systolic_block.v:0$12298'.
No latch inferred for signal `$paramod\systolic_block\N=s32'00000000000000000000000000100000.\v_wires[734]' from process `$paramod\systolic_block\N=s32'00000000000000000000000000100000.$proc$/openlane/designs/Tensor/src/systolic_block.v:0$12298'.
No latch inferred for signal `$paramod\systolic_block\N=s32'00000000000000000000000000100000.\v_wires[735]' from process `$paramod\systolic_block\N=s32'00000000000000000000000000100000.$proc$/openlane/designs/Tensor/src/systolic_block.v:0$12298'.
No latch inferred for signal `$paramod\systolic_block\N=s32'00000000000000000000000000100000.\v_wires[736]' from process `$paramod\systolic_block\N=s32'00000000000000000000000000100000.$proc$/openlane/designs/Tensor/src/systolic_block.v:0$12298'.
No latch inferred for signal `$paramod\systolic_block\N=s32'00000000000000000000000000100000.\v_wires[737]' from process `$paramod\systolic_block\N=s32'00000000000000000000000000100000.$proc$/openlane/designs/Tensor/src/systolic_block.v:0$12298'.
No latch inferred for signal `$paramod\systolic_block\N=s32'00000000000000000000000000100000.\v_wires[738]' from process `$paramod\systolic_block\N=s32'00000000000000000000000000100000.$proc$/openlane/designs/Tensor/src/systolic_block.v:0$12298'.
No latch inferred for signal `$paramod\systolic_block\N=s32'00000000000000000000000000100000.\v_wires[739]' from process `$paramod\systolic_block\N=s32'00000000000000000000000000100000.$proc$/openlane/designs/Tensor/src/systolic_block.v:0$12298'.
No latch inferred for signal `$paramod\systolic_block\N=s32'00000000000000000000000000100000.\v_wires[740]' from process `$paramod\systolic_block\N=s32'00000000000000000000000000100000.$proc$/openlane/designs/Tensor/src/systolic_block.v:0$12298'.
No latch inferred for signal `$paramod\systolic_block\N=s32'00000000000000000000000000100000.\v_wires[741]' from process `$paramod\systolic_block\N=s32'00000000000000000000000000100000.$proc$/openlane/designs/Tensor/src/systolic_block.v:0$12298'.
No latch inferred for signal `$paramod\systolic_block\N=s32'00000000000000000000000000100000.\v_wires[742]' from process `$paramod\systolic_block\N=s32'00000000000000000000000000100000.$proc$/openlane/designs/Tensor/src/systolic_block.v:0$12298'.
No latch inferred for signal `$paramod\systolic_block\N=s32'00000000000000000000000000100000.\v_wires[743]' from process `$paramod\systolic_block\N=s32'00000000000000000000000000100000.$proc$/openlane/designs/Tensor/src/systolic_block.v:0$12298'.
No latch inferred for signal `$paramod\systolic_block\N=s32'00000000000000000000000000100000.\v_wires[744]' from process `$paramod\systolic_block\N=s32'00000000000000000000000000100000.$proc$/openlane/designs/Tensor/src/systolic_block.v:0$12298'.
No latch inferred for signal `$paramod\systolic_block\N=s32'00000000000000000000000000100000.\v_wires[745]' from process `$paramod\systolic_block\N=s32'00000000000000000000000000100000.$proc$/openlane/designs/Tensor/src/systolic_block.v:0$12298'.
No latch inferred for signal `$paramod\systolic_block\N=s32'00000000000000000000000000100000.\v_wires[746]' from process `$paramod\systolic_block\N=s32'00000000000000000000000000100000.$proc$/openlane/designs/Tensor/src/systolic_block.v:0$12298'.
No latch inferred for signal `$paramod\systolic_block\N=s32'00000000000000000000000000100000.\v_wires[747]' from process `$paramod\systolic_block\N=s32'00000000000000000000000000100000.$proc$/openlane/designs/Tensor/src/systolic_block.v:0$12298'.
No latch inferred for signal `$paramod\systolic_block\N=s32'00000000000000000000000000100000.\v_wires[748]' from process `$paramod\systolic_block\N=s32'00000000000000000000000000100000.$proc$/openlane/designs/Tensor/src/systolic_block.v:0$12298'.
No latch inferred for signal `$paramod\systolic_block\N=s32'00000000000000000000000000100000.\v_wires[749]' from process `$paramod\systolic_block\N=s32'00000000000000000000000000100000.$proc$/openlane/designs/Tensor/src/systolic_block.v:0$12298'.
No latch inferred for signal `$paramod\systolic_block\N=s32'00000000000000000000000000100000.\v_wires[750]' from process `$paramod\systolic_block\N=s32'00000000000000000000000000100000.$proc$/openlane/designs/Tensor/src/systolic_block.v:0$12298'.
No latch inferred for signal `$paramod\systolic_block\N=s32'00000000000000000000000000100000.\v_wires[751]' from process `$paramod\systolic_block\N=s32'00000000000000000000000000100000.$proc$/openlane/designs/Tensor/src/systolic_block.v:0$12298'.
No latch inferred for signal `$paramod\systolic_block\N=s32'00000000000000000000000000100000.\v_wires[752]' from process `$paramod\systolic_block\N=s32'00000000000000000000000000100000.$proc$/openlane/designs/Tensor/src/systolic_block.v:0$12298'.
No latch inferred for signal `$paramod\systolic_block\N=s32'00000000000000000000000000100000.\v_wires[753]' from process `$paramod\systolic_block\N=s32'00000000000000000000000000100000.$proc$/openlane/designs/Tensor/src/systolic_block.v:0$12298'.
No latch inferred for signal `$paramod\systolic_block\N=s32'00000000000000000000000000100000.\v_wires[754]' from process `$paramod\systolic_block\N=s32'00000000000000000000000000100000.$proc$/openlane/designs/Tensor/src/systolic_block.v:0$12298'.
No latch inferred for signal `$paramod\systolic_block\N=s32'00000000000000000000000000100000.\v_wires[755]' from process `$paramod\systolic_block\N=s32'00000000000000000000000000100000.$proc$/openlane/designs/Tensor/src/systolic_block.v:0$12298'.
No latch inferred for signal `$paramod\systolic_block\N=s32'00000000000000000000000000100000.\v_wires[756]' from process `$paramod\systolic_block\N=s32'00000000000000000000000000100000.$proc$/openlane/designs/Tensor/src/systolic_block.v:0$12298'.
No latch inferred for signal `$paramod\systolic_block\N=s32'00000000000000000000000000100000.\v_wires[757]' from process `$paramod\systolic_block\N=s32'00000000000000000000000000100000.$proc$/openlane/designs/Tensor/src/systolic_block.v:0$12298'.
No latch inferred for signal `$paramod\systolic_block\N=s32'00000000000000000000000000100000.\v_wires[759]' from process `$paramod\systolic_block\N=s32'00000000000000000000000000100000.$proc$/openlane/designs/Tensor/src/systolic_block.v:0$12298'.
No latch inferred for signal `$paramod\systolic_block\N=s32'00000000000000000000000000100000.\v_wires[760]' from process `$paramod\systolic_block\N=s32'00000000000000000000000000100000.$proc$/openlane/designs/Tensor/src/systolic_block.v:0$12298'.
No latch inferred for signal `$paramod\systolic_block\N=s32'00000000000000000000000000100000.\v_wires[761]' from process `$paramod\systolic_block\N=s32'00000000000000000000000000100000.$proc$/openlane/designs/Tensor/src/systolic_block.v:0$12298'.
No latch inferred for signal `$paramod\systolic_block\N=s32'00000000000000000000000000100000.\v_wires[762]' from process `$paramod\systolic_block\N=s32'00000000000000000000000000100000.$proc$/openlane/designs/Tensor/src/systolic_block.v:0$12298'.
No latch inferred for signal `$paramod\systolic_block\N=s32'00000000000000000000000000100000.\v_wires[763]' from process `$paramod\systolic_block\N=s32'00000000000000000000000000100000.$proc$/openlane/designs/Tensor/src/systolic_block.v:0$12298'.
No latch inferred for signal `$paramod\systolic_block\N=s32'00000000000000000000000000100000.\v_wires[764]' from process `$paramod\systolic_block\N=s32'00000000000000000000000000100000.$proc$/openlane/designs/Tensor/src/systolic_block.v:0$12298'.
No latch inferred for signal `$paramod\systolic_block\N=s32'00000000000000000000000000100000.\v_wires[765]' from process `$paramod\systolic_block\N=s32'00000000000000000000000000100000.$proc$/openlane/designs/Tensor/src/systolic_block.v:0$12298'.
No latch inferred for signal `$paramod\systolic_block\N=s32'00000000000000000000000000100000.\v_wires[766]' from process `$paramod\systolic_block\N=s32'00000000000000000000000000100000.$proc$/openlane/designs/Tensor/src/systolic_block.v:0$12298'.
No latch inferred for signal `$paramod\systolic_block\N=s32'00000000000000000000000000100000.\v_wires[767]' from process `$paramod\systolic_block\N=s32'00000000000000000000000000100000.$proc$/openlane/designs/Tensor/src/systolic_block.v:0$12298'.
No latch inferred for signal `$paramod\systolic_block\N=s32'00000000000000000000000000100000.\v_wires[768]' from process `$paramod\systolic_block\N=s32'00000000000000000000000000100000.$proc$/openlane/designs/Tensor/src/systolic_block.v:0$12298'.
No latch inferred for signal `$paramod\systolic_block\N=s32'00000000000000000000000000100000.\v_wires[769]' from process `$paramod\systolic_block\N=s32'00000000000000000000000000100000.$proc$/openlane/designs/Tensor/src/systolic_block.v:0$12298'.
No latch inferred for signal `$paramod\systolic_block\N=s32'00000000000000000000000000100000.\v_wires[770]' from process `$paramod\systolic_block\N=s32'00000000000000000000000000100000.$proc$/openlane/designs/Tensor/src/systolic_block.v:0$12298'.
No latch inferred for signal `$paramod\systolic_block\N=s32'00000000000000000000000000100000.\v_wires[771]' from process `$paramod\systolic_block\N=s32'00000000000000000000000000100000.$proc$/openlane/designs/Tensor/src/systolic_block.v:0$12298'.
No latch inferred for signal `$paramod\systolic_block\N=s32'00000000000000000000000000100000.\v_wires[772]' from process `$paramod\systolic_block\N=s32'00000000000000000000000000100000.$proc$/openlane/designs/Tensor/src/systolic_block.v:0$12298'.
No latch inferred for signal `$paramod\systolic_block\N=s32'00000000000000000000000000100000.\v_wires[773]' from process `$paramod\systolic_block\N=s32'00000000000000000000000000100000.$proc$/openlane/designs/Tensor/src/systolic_block.v:0$12298'.
No latch inferred for signal `$paramod\systolic_block\N=s32'00000000000000000000000000100000.\v_wires[774]' from process `$paramod\systolic_block\N=s32'00000000000000000000000000100000.$proc$/openlane/designs/Tensor/src/systolic_block.v:0$12298'.
No latch inferred for signal `$paramod\systolic_block\N=s32'00000000000000000000000000100000.\v_wires[775]' from process `$paramod\systolic_block\N=s32'00000000000000000000000000100000.$proc$/openlane/designs/Tensor/src/systolic_block.v:0$12298'.
No latch inferred for signal `$paramod\systolic_block\N=s32'00000000000000000000000000100000.\v_wires[776]' from process `$paramod\systolic_block\N=s32'00000000000000000000000000100000.$proc$/openlane/designs/Tensor/src/systolic_block.v:0$12298'.
No latch inferred for signal `$paramod\systolic_block\N=s32'00000000000000000000000000100000.\v_wires[777]' from process `$paramod\systolic_block\N=s32'00000000000000000000000000100000.$proc$/openlane/designs/Tensor/src/systolic_block.v:0$12298'.
No latch inferred for signal `$paramod\systolic_block\N=s32'00000000000000000000000000100000.\v_wires[778]' from process `$paramod\systolic_block\N=s32'00000000000000000000000000100000.$proc$/openlane/designs/Tensor/src/systolic_block.v:0$12298'.
No latch inferred for signal `$paramod\systolic_block\N=s32'00000000000000000000000000100000.\v_wires[779]' from process `$paramod\systolic_block\N=s32'00000000000000000000000000100000.$proc$/openlane/designs/Tensor/src/systolic_block.v:0$12298'.
No latch inferred for signal `$paramod\systolic_block\N=s32'00000000000000000000000000100000.\v_wires[780]' from process `$paramod\systolic_block\N=s32'00000000000000000000000000100000.$proc$/openlane/designs/Tensor/src/systolic_block.v:0$12298'.
No latch inferred for signal `$paramod\systolic_block\N=s32'00000000000000000000000000100000.\v_wires[781]' from process `$paramod\systolic_block\N=s32'00000000000000000000000000100000.$proc$/openlane/designs/Tensor/src/systolic_block.v:0$12298'.
No latch inferred for signal `$paramod\systolic_block\N=s32'00000000000000000000000000100000.\v_wires[782]' from process `$paramod\systolic_block\N=s32'00000000000000000000000000100000.$proc$/openlane/designs/Tensor/src/systolic_block.v:0$12298'.
No latch inferred for signal `$paramod\systolic_block\N=s32'00000000000000000000000000100000.\v_wires[783]' from process `$paramod\systolic_block\N=s32'00000000000000000000000000100000.$proc$/openlane/designs/Tensor/src/systolic_block.v:0$12298'.
No latch inferred for signal `$paramod\systolic_block\N=s32'00000000000000000000000000100000.\v_wires[784]' from process `$paramod\systolic_block\N=s32'00000000000000000000000000100000.$proc$/openlane/designs/Tensor/src/systolic_block.v:0$12298'.
No latch inferred for signal `$paramod\systolic_block\N=s32'00000000000000000000000000100000.\v_wires[785]' from process `$paramod\systolic_block\N=s32'00000000000000000000000000100000.$proc$/openlane/designs/Tensor/src/systolic_block.v:0$12298'.
No latch inferred for signal `$paramod\systolic_block\N=s32'00000000000000000000000000100000.\v_wires[786]' from process `$paramod\systolic_block\N=s32'00000000000000000000000000100000.$proc$/openlane/designs/Tensor/src/systolic_block.v:0$12298'.
No latch inferred for signal `$paramod\systolic_block\N=s32'00000000000000000000000000100000.\v_wires[787]' from process `$paramod\systolic_block\N=s32'00000000000000000000000000100000.$proc$/openlane/designs/Tensor/src/systolic_block.v:0$12298'.
No latch inferred for signal `$paramod\systolic_block\N=s32'00000000000000000000000000100000.\v_wires[788]' from process `$paramod\systolic_block\N=s32'00000000000000000000000000100000.$proc$/openlane/designs/Tensor/src/systolic_block.v:0$12298'.
No latch inferred for signal `$paramod\systolic_block\N=s32'00000000000000000000000000100000.\v_wires[789]' from process `$paramod\systolic_block\N=s32'00000000000000000000000000100000.$proc$/openlane/designs/Tensor/src/systolic_block.v:0$12298'.
No latch inferred for signal `$paramod\systolic_block\N=s32'00000000000000000000000000100000.\v_wires[790]' from process `$paramod\systolic_block\N=s32'00000000000000000000000000100000.$proc$/openlane/designs/Tensor/src/systolic_block.v:0$12298'.
No latch inferred for signal `$paramod\systolic_block\N=s32'00000000000000000000000000100000.\v_wires[792]' from process `$paramod\systolic_block\N=s32'00000000000000000000000000100000.$proc$/openlane/designs/Tensor/src/systolic_block.v:0$12298'.
No latch inferred for signal `$paramod\systolic_block\N=s32'00000000000000000000000000100000.\v_wires[793]' from process `$paramod\systolic_block\N=s32'00000000000000000000000000100000.$proc$/openlane/designs/Tensor/src/systolic_block.v:0$12298'.
No latch inferred for signal `$paramod\systolic_block\N=s32'00000000000000000000000000100000.\v_wires[794]' from process `$paramod\systolic_block\N=s32'00000000000000000000000000100000.$proc$/openlane/designs/Tensor/src/systolic_block.v:0$12298'.
No latch inferred for signal `$paramod\systolic_block\N=s32'00000000000000000000000000100000.\v_wires[795]' from process `$paramod\systolic_block\N=s32'00000000000000000000000000100000.$proc$/openlane/designs/Tensor/src/systolic_block.v:0$12298'.
No latch inferred for signal `$paramod\systolic_block\N=s32'00000000000000000000000000100000.\v_wires[796]' from process `$paramod\systolic_block\N=s32'00000000000000000000000000100000.$proc$/openlane/designs/Tensor/src/systolic_block.v:0$12298'.
No latch inferred for signal `$paramod\systolic_block\N=s32'00000000000000000000000000100000.\v_wires[797]' from process `$paramod\systolic_block\N=s32'00000000000000000000000000100000.$proc$/openlane/designs/Tensor/src/systolic_block.v:0$12298'.
No latch inferred for signal `$paramod\systolic_block\N=s32'00000000000000000000000000100000.\v_wires[798]' from process `$paramod\systolic_block\N=s32'00000000000000000000000000100000.$proc$/openlane/designs/Tensor/src/systolic_block.v:0$12298'.
No latch inferred for signal `$paramod\systolic_block\N=s32'00000000000000000000000000100000.\v_wires[799]' from process `$paramod\systolic_block\N=s32'00000000000000000000000000100000.$proc$/openlane/designs/Tensor/src/systolic_block.v:0$12298'.
No latch inferred for signal `$paramod\systolic_block\N=s32'00000000000000000000000000100000.\v_wires[800]' from process `$paramod\systolic_block\N=s32'00000000000000000000000000100000.$proc$/openlane/designs/Tensor/src/systolic_block.v:0$12298'.
No latch inferred for signal `$paramod\systolic_block\N=s32'00000000000000000000000000100000.\v_wires[801]' from process `$paramod\systolic_block\N=s32'00000000000000000000000000100000.$proc$/openlane/designs/Tensor/src/systolic_block.v:0$12298'.
No latch inferred for signal `$paramod\systolic_block\N=s32'00000000000000000000000000100000.\v_wires[802]' from process `$paramod\systolic_block\N=s32'00000000000000000000000000100000.$proc$/openlane/designs/Tensor/src/systolic_block.v:0$12298'.
No latch inferred for signal `$paramod\systolic_block\N=s32'00000000000000000000000000100000.\v_wires[803]' from process `$paramod\systolic_block\N=s32'00000000000000000000000000100000.$proc$/openlane/designs/Tensor/src/systolic_block.v:0$12298'.
No latch inferred for signal `$paramod\systolic_block\N=s32'00000000000000000000000000100000.\v_wires[804]' from process `$paramod\systolic_block\N=s32'00000000000000000000000000100000.$proc$/openlane/designs/Tensor/src/systolic_block.v:0$12298'.
No latch inferred for signal `$paramod\systolic_block\N=s32'00000000000000000000000000100000.\v_wires[805]' from process `$paramod\systolic_block\N=s32'00000000000000000000000000100000.$proc$/openlane/designs/Tensor/src/systolic_block.v:0$12298'.
No latch inferred for signal `$paramod\systolic_block\N=s32'00000000000000000000000000100000.\v_wires[806]' from process `$paramod\systolic_block\N=s32'00000000000000000000000000100000.$proc$/openlane/designs/Tensor/src/systolic_block.v:0$12298'.
No latch inferred for signal `$paramod\systolic_block\N=s32'00000000000000000000000000100000.\v_wires[807]' from process `$paramod\systolic_block\N=s32'00000000000000000000000000100000.$proc$/openlane/designs/Tensor/src/systolic_block.v:0$12298'.
No latch inferred for signal `$paramod\systolic_block\N=s32'00000000000000000000000000100000.\v_wires[808]' from process `$paramod\systolic_block\N=s32'00000000000000000000000000100000.$proc$/openlane/designs/Tensor/src/systolic_block.v:0$12298'.
No latch inferred for signal `$paramod\systolic_block\N=s32'00000000000000000000000000100000.\v_wires[809]' from process `$paramod\systolic_block\N=s32'00000000000000000000000000100000.$proc$/openlane/designs/Tensor/src/systolic_block.v:0$12298'.
No latch inferred for signal `$paramod\systolic_block\N=s32'00000000000000000000000000100000.\v_wires[810]' from process `$paramod\systolic_block\N=s32'00000000000000000000000000100000.$proc$/openlane/designs/Tensor/src/systolic_block.v:0$12298'.
No latch inferred for signal `$paramod\systolic_block\N=s32'00000000000000000000000000100000.\v_wires[811]' from process `$paramod\systolic_block\N=s32'00000000000000000000000000100000.$proc$/openlane/designs/Tensor/src/systolic_block.v:0$12298'.
No latch inferred for signal `$paramod\systolic_block\N=s32'00000000000000000000000000100000.\v_wires[812]' from process `$paramod\systolic_block\N=s32'00000000000000000000000000100000.$proc$/openlane/designs/Tensor/src/systolic_block.v:0$12298'.
No latch inferred for signal `$paramod\systolic_block\N=s32'00000000000000000000000000100000.\v_wires[813]' from process `$paramod\systolic_block\N=s32'00000000000000000000000000100000.$proc$/openlane/designs/Tensor/src/systolic_block.v:0$12298'.
No latch inferred for signal `$paramod\systolic_block\N=s32'00000000000000000000000000100000.\v_wires[814]' from process `$paramod\systolic_block\N=s32'00000000000000000000000000100000.$proc$/openlane/designs/Tensor/src/systolic_block.v:0$12298'.
No latch inferred for signal `$paramod\systolic_block\N=s32'00000000000000000000000000100000.\v_wires[815]' from process `$paramod\systolic_block\N=s32'00000000000000000000000000100000.$proc$/openlane/designs/Tensor/src/systolic_block.v:0$12298'.
No latch inferred for signal `$paramod\systolic_block\N=s32'00000000000000000000000000100000.\v_wires[816]' from process `$paramod\systolic_block\N=s32'00000000000000000000000000100000.$proc$/openlane/designs/Tensor/src/systolic_block.v:0$12298'.
No latch inferred for signal `$paramod\systolic_block\N=s32'00000000000000000000000000100000.\v_wires[817]' from process `$paramod\systolic_block\N=s32'00000000000000000000000000100000.$proc$/openlane/designs/Tensor/src/systolic_block.v:0$12298'.
No latch inferred for signal `$paramod\systolic_block\N=s32'00000000000000000000000000100000.\v_wires[818]' from process `$paramod\systolic_block\N=s32'00000000000000000000000000100000.$proc$/openlane/designs/Tensor/src/systolic_block.v:0$12298'.
No latch inferred for signal `$paramod\systolic_block\N=s32'00000000000000000000000000100000.\v_wires[819]' from process `$paramod\systolic_block\N=s32'00000000000000000000000000100000.$proc$/openlane/designs/Tensor/src/systolic_block.v:0$12298'.
No latch inferred for signal `$paramod\systolic_block\N=s32'00000000000000000000000000100000.\v_wires[820]' from process `$paramod\systolic_block\N=s32'00000000000000000000000000100000.$proc$/openlane/designs/Tensor/src/systolic_block.v:0$12298'.
No latch inferred for signal `$paramod\systolic_block\N=s32'00000000000000000000000000100000.\v_wires[821]' from process `$paramod\systolic_block\N=s32'00000000000000000000000000100000.$proc$/openlane/designs/Tensor/src/systolic_block.v:0$12298'.
No latch inferred for signal `$paramod\systolic_block\N=s32'00000000000000000000000000100000.\v_wires[822]' from process `$paramod\systolic_block\N=s32'00000000000000000000000000100000.$proc$/openlane/designs/Tensor/src/systolic_block.v:0$12298'.
No latch inferred for signal `$paramod\systolic_block\N=s32'00000000000000000000000000100000.\v_wires[823]' from process `$paramod\systolic_block\N=s32'00000000000000000000000000100000.$proc$/openlane/designs/Tensor/src/systolic_block.v:0$12298'.
No latch inferred for signal `$paramod\systolic_block\N=s32'00000000000000000000000000100000.\v_wires[825]' from process `$paramod\systolic_block\N=s32'00000000000000000000000000100000.$proc$/openlane/designs/Tensor/src/systolic_block.v:0$12298'.
No latch inferred for signal `$paramod\systolic_block\N=s32'00000000000000000000000000100000.\v_wires[826]' from process `$paramod\systolic_block\N=s32'00000000000000000000000000100000.$proc$/openlane/designs/Tensor/src/systolic_block.v:0$12298'.
No latch inferred for signal `$paramod\systolic_block\N=s32'00000000000000000000000000100000.\v_wires[827]' from process `$paramod\systolic_block\N=s32'00000000000000000000000000100000.$proc$/openlane/designs/Tensor/src/systolic_block.v:0$12298'.
No latch inferred for signal `$paramod\systolic_block\N=s32'00000000000000000000000000100000.\v_wires[828]' from process `$paramod\systolic_block\N=s32'00000000000000000000000000100000.$proc$/openlane/designs/Tensor/src/systolic_block.v:0$12298'.
No latch inferred for signal `$paramod\systolic_block\N=s32'00000000000000000000000000100000.\v_wires[829]' from process `$paramod\systolic_block\N=s32'00000000000000000000000000100000.$proc$/openlane/designs/Tensor/src/systolic_block.v:0$12298'.
No latch inferred for signal `$paramod\systolic_block\N=s32'00000000000000000000000000100000.\v_wires[830]' from process `$paramod\systolic_block\N=s32'00000000000000000000000000100000.$proc$/openlane/designs/Tensor/src/systolic_block.v:0$12298'.
No latch inferred for signal `$paramod\systolic_block\N=s32'00000000000000000000000000100000.\v_wires[831]' from process `$paramod\systolic_block\N=s32'00000000000000000000000000100000.$proc$/openlane/designs/Tensor/src/systolic_block.v:0$12298'.
No latch inferred for signal `$paramod\systolic_block\N=s32'00000000000000000000000000100000.\v_wires[832]' from process `$paramod\systolic_block\N=s32'00000000000000000000000000100000.$proc$/openlane/designs/Tensor/src/systolic_block.v:0$12298'.
No latch inferred for signal `$paramod\systolic_block\N=s32'00000000000000000000000000100000.\v_wires[833]' from process `$paramod\systolic_block\N=s32'00000000000000000000000000100000.$proc$/openlane/designs/Tensor/src/systolic_block.v:0$12298'.
No latch inferred for signal `$paramod\systolic_block\N=s32'00000000000000000000000000100000.\v_wires[834]' from process `$paramod\systolic_block\N=s32'00000000000000000000000000100000.$proc$/openlane/designs/Tensor/src/systolic_block.v:0$12298'.
No latch inferred for signal `$paramod\systolic_block\N=s32'00000000000000000000000000100000.\v_wires[835]' from process `$paramod\systolic_block\N=s32'00000000000000000000000000100000.$proc$/openlane/designs/Tensor/src/systolic_block.v:0$12298'.
No latch inferred for signal `$paramod\systolic_block\N=s32'00000000000000000000000000100000.\v_wires[836]' from process `$paramod\systolic_block\N=s32'00000000000000000000000000100000.$proc$/openlane/designs/Tensor/src/systolic_block.v:0$12298'.
No latch inferred for signal `$paramod\systolic_block\N=s32'00000000000000000000000000100000.\v_wires[837]' from process `$paramod\systolic_block\N=s32'00000000000000000000000000100000.$proc$/openlane/designs/Tensor/src/systolic_block.v:0$12298'.
No latch inferred for signal `$paramod\systolic_block\N=s32'00000000000000000000000000100000.\v_wires[838]' from process `$paramod\systolic_block\N=s32'00000000000000000000000000100000.$proc$/openlane/designs/Tensor/src/systolic_block.v:0$12298'.
No latch inferred for signal `$paramod\systolic_block\N=s32'00000000000000000000000000100000.\v_wires[839]' from process `$paramod\systolic_block\N=s32'00000000000000000000000000100000.$proc$/openlane/designs/Tensor/src/systolic_block.v:0$12298'.
No latch inferred for signal `$paramod\systolic_block\N=s32'00000000000000000000000000100000.\v_wires[840]' from process `$paramod\systolic_block\N=s32'00000000000000000000000000100000.$proc$/openlane/designs/Tensor/src/systolic_block.v:0$12298'.
No latch inferred for signal `$paramod\systolic_block\N=s32'00000000000000000000000000100000.\v_wires[841]' from process `$paramod\systolic_block\N=s32'00000000000000000000000000100000.$proc$/openlane/designs/Tensor/src/systolic_block.v:0$12298'.
No latch inferred for signal `$paramod\systolic_block\N=s32'00000000000000000000000000100000.\v_wires[842]' from process `$paramod\systolic_block\N=s32'00000000000000000000000000100000.$proc$/openlane/designs/Tensor/src/systolic_block.v:0$12298'.
No latch inferred for signal `$paramod\systolic_block\N=s32'00000000000000000000000000100000.\v_wires[843]' from process `$paramod\systolic_block\N=s32'00000000000000000000000000100000.$proc$/openlane/designs/Tensor/src/systolic_block.v:0$12298'.
No latch inferred for signal `$paramod\systolic_block\N=s32'00000000000000000000000000100000.\v_wires[844]' from process `$paramod\systolic_block\N=s32'00000000000000000000000000100000.$proc$/openlane/designs/Tensor/src/systolic_block.v:0$12298'.
No latch inferred for signal `$paramod\systolic_block\N=s32'00000000000000000000000000100000.\v_wires[845]' from process `$paramod\systolic_block\N=s32'00000000000000000000000000100000.$proc$/openlane/designs/Tensor/src/systolic_block.v:0$12298'.
No latch inferred for signal `$paramod\systolic_block\N=s32'00000000000000000000000000100000.\v_wires[846]' from process `$paramod\systolic_block\N=s32'00000000000000000000000000100000.$proc$/openlane/designs/Tensor/src/systolic_block.v:0$12298'.
No latch inferred for signal `$paramod\systolic_block\N=s32'00000000000000000000000000100000.\v_wires[847]' from process `$paramod\systolic_block\N=s32'00000000000000000000000000100000.$proc$/openlane/designs/Tensor/src/systolic_block.v:0$12298'.
No latch inferred for signal `$paramod\systolic_block\N=s32'00000000000000000000000000100000.\v_wires[848]' from process `$paramod\systolic_block\N=s32'00000000000000000000000000100000.$proc$/openlane/designs/Tensor/src/systolic_block.v:0$12298'.
No latch inferred for signal `$paramod\systolic_block\N=s32'00000000000000000000000000100000.\v_wires[849]' from process `$paramod\systolic_block\N=s32'00000000000000000000000000100000.$proc$/openlane/designs/Tensor/src/systolic_block.v:0$12298'.
No latch inferred for signal `$paramod\systolic_block\N=s32'00000000000000000000000000100000.\v_wires[850]' from process `$paramod\systolic_block\N=s32'00000000000000000000000000100000.$proc$/openlane/designs/Tensor/src/systolic_block.v:0$12298'.
No latch inferred for signal `$paramod\systolic_block\N=s32'00000000000000000000000000100000.\v_wires[851]' from process `$paramod\systolic_block\N=s32'00000000000000000000000000100000.$proc$/openlane/designs/Tensor/src/systolic_block.v:0$12298'.
No latch inferred for signal `$paramod\systolic_block\N=s32'00000000000000000000000000100000.\v_wires[852]' from process `$paramod\systolic_block\N=s32'00000000000000000000000000100000.$proc$/openlane/designs/Tensor/src/systolic_block.v:0$12298'.
No latch inferred for signal `$paramod\systolic_block\N=s32'00000000000000000000000000100000.\v_wires[853]' from process `$paramod\systolic_block\N=s32'00000000000000000000000000100000.$proc$/openlane/designs/Tensor/src/systolic_block.v:0$12298'.
No latch inferred for signal `$paramod\systolic_block\N=s32'00000000000000000000000000100000.\v_wires[854]' from process `$paramod\systolic_block\N=s32'00000000000000000000000000100000.$proc$/openlane/designs/Tensor/src/systolic_block.v:0$12298'.
No latch inferred for signal `$paramod\systolic_block\N=s32'00000000000000000000000000100000.\v_wires[855]' from process `$paramod\systolic_block\N=s32'00000000000000000000000000100000.$proc$/openlane/designs/Tensor/src/systolic_block.v:0$12298'.
No latch inferred for signal `$paramod\systolic_block\N=s32'00000000000000000000000000100000.\v_wires[856]' from process `$paramod\systolic_block\N=s32'00000000000000000000000000100000.$proc$/openlane/designs/Tensor/src/systolic_block.v:0$12298'.
No latch inferred for signal `$paramod\systolic_block\N=s32'00000000000000000000000000100000.\v_wires[858]' from process `$paramod\systolic_block\N=s32'00000000000000000000000000100000.$proc$/openlane/designs/Tensor/src/systolic_block.v:0$12298'.
No latch inferred for signal `$paramod\systolic_block\N=s32'00000000000000000000000000100000.\v_wires[859]' from process `$paramod\systolic_block\N=s32'00000000000000000000000000100000.$proc$/openlane/designs/Tensor/src/systolic_block.v:0$12298'.
No latch inferred for signal `$paramod\systolic_block\N=s32'00000000000000000000000000100000.\v_wires[860]' from process `$paramod\systolic_block\N=s32'00000000000000000000000000100000.$proc$/openlane/designs/Tensor/src/systolic_block.v:0$12298'.
No latch inferred for signal `$paramod\systolic_block\N=s32'00000000000000000000000000100000.\v_wires[861]' from process `$paramod\systolic_block\N=s32'00000000000000000000000000100000.$proc$/openlane/designs/Tensor/src/systolic_block.v:0$12298'.
No latch inferred for signal `$paramod\systolic_block\N=s32'00000000000000000000000000100000.\v_wires[862]' from process `$paramod\systolic_block\N=s32'00000000000000000000000000100000.$proc$/openlane/designs/Tensor/src/systolic_block.v:0$12298'.
No latch inferred for signal `$paramod\systolic_block\N=s32'00000000000000000000000000100000.\v_wires[863]' from process `$paramod\systolic_block\N=s32'00000000000000000000000000100000.$proc$/openlane/designs/Tensor/src/systolic_block.v:0$12298'.
No latch inferred for signal `$paramod\systolic_block\N=s32'00000000000000000000000000100000.\v_wires[864]' from process `$paramod\systolic_block\N=s32'00000000000000000000000000100000.$proc$/openlane/designs/Tensor/src/systolic_block.v:0$12298'.
No latch inferred for signal `$paramod\systolic_block\N=s32'00000000000000000000000000100000.\v_wires[865]' from process `$paramod\systolic_block\N=s32'00000000000000000000000000100000.$proc$/openlane/designs/Tensor/src/systolic_block.v:0$12298'.
No latch inferred for signal `$paramod\systolic_block\N=s32'00000000000000000000000000100000.\v_wires[866]' from process `$paramod\systolic_block\N=s32'00000000000000000000000000100000.$proc$/openlane/designs/Tensor/src/systolic_block.v:0$12298'.
No latch inferred for signal `$paramod\systolic_block\N=s32'00000000000000000000000000100000.\v_wires[867]' from process `$paramod\systolic_block\N=s32'00000000000000000000000000100000.$proc$/openlane/designs/Tensor/src/systolic_block.v:0$12298'.
No latch inferred for signal `$paramod\systolic_block\N=s32'00000000000000000000000000100000.\v_wires[868]' from process `$paramod\systolic_block\N=s32'00000000000000000000000000100000.$proc$/openlane/designs/Tensor/src/systolic_block.v:0$12298'.
No latch inferred for signal `$paramod\systolic_block\N=s32'00000000000000000000000000100000.\v_wires[869]' from process `$paramod\systolic_block\N=s32'00000000000000000000000000100000.$proc$/openlane/designs/Tensor/src/systolic_block.v:0$12298'.
No latch inferred for signal `$paramod\systolic_block\N=s32'00000000000000000000000000100000.\v_wires[870]' from process `$paramod\systolic_block\N=s32'00000000000000000000000000100000.$proc$/openlane/designs/Tensor/src/systolic_block.v:0$12298'.
No latch inferred for signal `$paramod\systolic_block\N=s32'00000000000000000000000000100000.\v_wires[871]' from process `$paramod\systolic_block\N=s32'00000000000000000000000000100000.$proc$/openlane/designs/Tensor/src/systolic_block.v:0$12298'.
No latch inferred for signal `$paramod\systolic_block\N=s32'00000000000000000000000000100000.\v_wires[872]' from process `$paramod\systolic_block\N=s32'00000000000000000000000000100000.$proc$/openlane/designs/Tensor/src/systolic_block.v:0$12298'.
No latch inferred for signal `$paramod\systolic_block\N=s32'00000000000000000000000000100000.\v_wires[873]' from process `$paramod\systolic_block\N=s32'00000000000000000000000000100000.$proc$/openlane/designs/Tensor/src/systolic_block.v:0$12298'.
No latch inferred for signal `$paramod\systolic_block\N=s32'00000000000000000000000000100000.\v_wires[874]' from process `$paramod\systolic_block\N=s32'00000000000000000000000000100000.$proc$/openlane/designs/Tensor/src/systolic_block.v:0$12298'.
No latch inferred for signal `$paramod\systolic_block\N=s32'00000000000000000000000000100000.\v_wires[875]' from process `$paramod\systolic_block\N=s32'00000000000000000000000000100000.$proc$/openlane/designs/Tensor/src/systolic_block.v:0$12298'.
No latch inferred for signal `$paramod\systolic_block\N=s32'00000000000000000000000000100000.\v_wires[876]' from process `$paramod\systolic_block\N=s32'00000000000000000000000000100000.$proc$/openlane/designs/Tensor/src/systolic_block.v:0$12298'.
No latch inferred for signal `$paramod\systolic_block\N=s32'00000000000000000000000000100000.\v_wires[877]' from process `$paramod\systolic_block\N=s32'00000000000000000000000000100000.$proc$/openlane/designs/Tensor/src/systolic_block.v:0$12298'.
No latch inferred for signal `$paramod\systolic_block\N=s32'00000000000000000000000000100000.\v_wires[878]' from process `$paramod\systolic_block\N=s32'00000000000000000000000000100000.$proc$/openlane/designs/Tensor/src/systolic_block.v:0$12298'.
No latch inferred for signal `$paramod\systolic_block\N=s32'00000000000000000000000000100000.\v_wires[879]' from process `$paramod\systolic_block\N=s32'00000000000000000000000000100000.$proc$/openlane/designs/Tensor/src/systolic_block.v:0$12298'.
No latch inferred for signal `$paramod\systolic_block\N=s32'00000000000000000000000000100000.\v_wires[880]' from process `$paramod\systolic_block\N=s32'00000000000000000000000000100000.$proc$/openlane/designs/Tensor/src/systolic_block.v:0$12298'.
No latch inferred for signal `$paramod\systolic_block\N=s32'00000000000000000000000000100000.\v_wires[881]' from process `$paramod\systolic_block\N=s32'00000000000000000000000000100000.$proc$/openlane/designs/Tensor/src/systolic_block.v:0$12298'.
No latch inferred for signal `$paramod\systolic_block\N=s32'00000000000000000000000000100000.\v_wires[882]' from process `$paramod\systolic_block\N=s32'00000000000000000000000000100000.$proc$/openlane/designs/Tensor/src/systolic_block.v:0$12298'.
No latch inferred for signal `$paramod\systolic_block\N=s32'00000000000000000000000000100000.\v_wires[883]' from process `$paramod\systolic_block\N=s32'00000000000000000000000000100000.$proc$/openlane/designs/Tensor/src/systolic_block.v:0$12298'.
No latch inferred for signal `$paramod\systolic_block\N=s32'00000000000000000000000000100000.\v_wires[884]' from process `$paramod\systolic_block\N=s32'00000000000000000000000000100000.$proc$/openlane/designs/Tensor/src/systolic_block.v:0$12298'.
No latch inferred for signal `$paramod\systolic_block\N=s32'00000000000000000000000000100000.\v_wires[885]' from process `$paramod\systolic_block\N=s32'00000000000000000000000000100000.$proc$/openlane/designs/Tensor/src/systolic_block.v:0$12298'.
No latch inferred for signal `$paramod\systolic_block\N=s32'00000000000000000000000000100000.\v_wires[886]' from process `$paramod\systolic_block\N=s32'00000000000000000000000000100000.$proc$/openlane/designs/Tensor/src/systolic_block.v:0$12298'.
No latch inferred for signal `$paramod\systolic_block\N=s32'00000000000000000000000000100000.\v_wires[887]' from process `$paramod\systolic_block\N=s32'00000000000000000000000000100000.$proc$/openlane/designs/Tensor/src/systolic_block.v:0$12298'.
No latch inferred for signal `$paramod\systolic_block\N=s32'00000000000000000000000000100000.\v_wires[888]' from process `$paramod\systolic_block\N=s32'00000000000000000000000000100000.$proc$/openlane/designs/Tensor/src/systolic_block.v:0$12298'.
No latch inferred for signal `$paramod\systolic_block\N=s32'00000000000000000000000000100000.\v_wires[889]' from process `$paramod\systolic_block\N=s32'00000000000000000000000000100000.$proc$/openlane/designs/Tensor/src/systolic_block.v:0$12298'.
No latch inferred for signal `$paramod\systolic_block\N=s32'00000000000000000000000000100000.\v_wires[891]' from process `$paramod\systolic_block\N=s32'00000000000000000000000000100000.$proc$/openlane/designs/Tensor/src/systolic_block.v:0$12298'.
No latch inferred for signal `$paramod\systolic_block\N=s32'00000000000000000000000000100000.\v_wires[892]' from process `$paramod\systolic_block\N=s32'00000000000000000000000000100000.$proc$/openlane/designs/Tensor/src/systolic_block.v:0$12298'.
No latch inferred for signal `$paramod\systolic_block\N=s32'00000000000000000000000000100000.\v_wires[893]' from process `$paramod\systolic_block\N=s32'00000000000000000000000000100000.$proc$/openlane/designs/Tensor/src/systolic_block.v:0$12298'.
No latch inferred for signal `$paramod\systolic_block\N=s32'00000000000000000000000000100000.\v_wires[894]' from process `$paramod\systolic_block\N=s32'00000000000000000000000000100000.$proc$/openlane/designs/Tensor/src/systolic_block.v:0$12298'.
No latch inferred for signal `$paramod\systolic_block\N=s32'00000000000000000000000000100000.\v_wires[895]' from process `$paramod\systolic_block\N=s32'00000000000000000000000000100000.$proc$/openlane/designs/Tensor/src/systolic_block.v:0$12298'.
No latch inferred for signal `$paramod\systolic_block\N=s32'00000000000000000000000000100000.\v_wires[896]' from process `$paramod\systolic_block\N=s32'00000000000000000000000000100000.$proc$/openlane/designs/Tensor/src/systolic_block.v:0$12298'.
No latch inferred for signal `$paramod\systolic_block\N=s32'00000000000000000000000000100000.\v_wires[897]' from process `$paramod\systolic_block\N=s32'00000000000000000000000000100000.$proc$/openlane/designs/Tensor/src/systolic_block.v:0$12298'.
No latch inferred for signal `$paramod\systolic_block\N=s32'00000000000000000000000000100000.\v_wires[898]' from process `$paramod\systolic_block\N=s32'00000000000000000000000000100000.$proc$/openlane/designs/Tensor/src/systolic_block.v:0$12298'.
No latch inferred for signal `$paramod\systolic_block\N=s32'00000000000000000000000000100000.\v_wires[899]' from process `$paramod\systolic_block\N=s32'00000000000000000000000000100000.$proc$/openlane/designs/Tensor/src/systolic_block.v:0$12298'.
No latch inferred for signal `$paramod\systolic_block\N=s32'00000000000000000000000000100000.\v_wires[900]' from process `$paramod\systolic_block\N=s32'00000000000000000000000000100000.$proc$/openlane/designs/Tensor/src/systolic_block.v:0$12298'.
No latch inferred for signal `$paramod\systolic_block\N=s32'00000000000000000000000000100000.\v_wires[901]' from process `$paramod\systolic_block\N=s32'00000000000000000000000000100000.$proc$/openlane/designs/Tensor/src/systolic_block.v:0$12298'.
No latch inferred for signal `$paramod\systolic_block\N=s32'00000000000000000000000000100000.\v_wires[902]' from process `$paramod\systolic_block\N=s32'00000000000000000000000000100000.$proc$/openlane/designs/Tensor/src/systolic_block.v:0$12298'.
No latch inferred for signal `$paramod\systolic_block\N=s32'00000000000000000000000000100000.\v_wires[903]' from process `$paramod\systolic_block\N=s32'00000000000000000000000000100000.$proc$/openlane/designs/Tensor/src/systolic_block.v:0$12298'.
No latch inferred for signal `$paramod\systolic_block\N=s32'00000000000000000000000000100000.\v_wires[904]' from process `$paramod\systolic_block\N=s32'00000000000000000000000000100000.$proc$/openlane/designs/Tensor/src/systolic_block.v:0$12298'.
No latch inferred for signal `$paramod\systolic_block\N=s32'00000000000000000000000000100000.\v_wires[905]' from process `$paramod\systolic_block\N=s32'00000000000000000000000000100000.$proc$/openlane/designs/Tensor/src/systolic_block.v:0$12298'.
No latch inferred for signal `$paramod\systolic_block\N=s32'00000000000000000000000000100000.\v_wires[906]' from process `$paramod\systolic_block\N=s32'00000000000000000000000000100000.$proc$/openlane/designs/Tensor/src/systolic_block.v:0$12298'.
No latch inferred for signal `$paramod\systolic_block\N=s32'00000000000000000000000000100000.\v_wires[907]' from process `$paramod\systolic_block\N=s32'00000000000000000000000000100000.$proc$/openlane/designs/Tensor/src/systolic_block.v:0$12298'.
No latch inferred for signal `$paramod\systolic_block\N=s32'00000000000000000000000000100000.\v_wires[908]' from process `$paramod\systolic_block\N=s32'00000000000000000000000000100000.$proc$/openlane/designs/Tensor/src/systolic_block.v:0$12298'.
No latch inferred for signal `$paramod\systolic_block\N=s32'00000000000000000000000000100000.\v_wires[909]' from process `$paramod\systolic_block\N=s32'00000000000000000000000000100000.$proc$/openlane/designs/Tensor/src/systolic_block.v:0$12298'.
No latch inferred for signal `$paramod\systolic_block\N=s32'00000000000000000000000000100000.\v_wires[910]' from process `$paramod\systolic_block\N=s32'00000000000000000000000000100000.$proc$/openlane/designs/Tensor/src/systolic_block.v:0$12298'.
No latch inferred for signal `$paramod\systolic_block\N=s32'00000000000000000000000000100000.\v_wires[911]' from process `$paramod\systolic_block\N=s32'00000000000000000000000000100000.$proc$/openlane/designs/Tensor/src/systolic_block.v:0$12298'.
No latch inferred for signal `$paramod\systolic_block\N=s32'00000000000000000000000000100000.\v_wires[912]' from process `$paramod\systolic_block\N=s32'00000000000000000000000000100000.$proc$/openlane/designs/Tensor/src/systolic_block.v:0$12298'.
No latch inferred for signal `$paramod\systolic_block\N=s32'00000000000000000000000000100000.\v_wires[913]' from process `$paramod\systolic_block\N=s32'00000000000000000000000000100000.$proc$/openlane/designs/Tensor/src/systolic_block.v:0$12298'.
No latch inferred for signal `$paramod\systolic_block\N=s32'00000000000000000000000000100000.\v_wires[914]' from process `$paramod\systolic_block\N=s32'00000000000000000000000000100000.$proc$/openlane/designs/Tensor/src/systolic_block.v:0$12298'.
No latch inferred for signal `$paramod\systolic_block\N=s32'00000000000000000000000000100000.\v_wires[915]' from process `$paramod\systolic_block\N=s32'00000000000000000000000000100000.$proc$/openlane/designs/Tensor/src/systolic_block.v:0$12298'.
No latch inferred for signal `$paramod\systolic_block\N=s32'00000000000000000000000000100000.\v_wires[916]' from process `$paramod\systolic_block\N=s32'00000000000000000000000000100000.$proc$/openlane/designs/Tensor/src/systolic_block.v:0$12298'.
No latch inferred for signal `$paramod\systolic_block\N=s32'00000000000000000000000000100000.\v_wires[917]' from process `$paramod\systolic_block\N=s32'00000000000000000000000000100000.$proc$/openlane/designs/Tensor/src/systolic_block.v:0$12298'.
No latch inferred for signal `$paramod\systolic_block\N=s32'00000000000000000000000000100000.\v_wires[918]' from process `$paramod\systolic_block\N=s32'00000000000000000000000000100000.$proc$/openlane/designs/Tensor/src/systolic_block.v:0$12298'.
No latch inferred for signal `$paramod\systolic_block\N=s32'00000000000000000000000000100000.\v_wires[919]' from process `$paramod\systolic_block\N=s32'00000000000000000000000000100000.$proc$/openlane/designs/Tensor/src/systolic_block.v:0$12298'.
No latch inferred for signal `$paramod\systolic_block\N=s32'00000000000000000000000000100000.\v_wires[920]' from process `$paramod\systolic_block\N=s32'00000000000000000000000000100000.$proc$/openlane/designs/Tensor/src/systolic_block.v:0$12298'.
No latch inferred for signal `$paramod\systolic_block\N=s32'00000000000000000000000000100000.\v_wires[921]' from process `$paramod\systolic_block\N=s32'00000000000000000000000000100000.$proc$/openlane/designs/Tensor/src/systolic_block.v:0$12298'.
No latch inferred for signal `$paramod\systolic_block\N=s32'00000000000000000000000000100000.\v_wires[922]' from process `$paramod\systolic_block\N=s32'00000000000000000000000000100000.$proc$/openlane/designs/Tensor/src/systolic_block.v:0$12298'.
No latch inferred for signal `$paramod\systolic_block\N=s32'00000000000000000000000000100000.\v_wires[924]' from process `$paramod\systolic_block\N=s32'00000000000000000000000000100000.$proc$/openlane/designs/Tensor/src/systolic_block.v:0$12298'.
No latch inferred for signal `$paramod\systolic_block\N=s32'00000000000000000000000000100000.\v_wires[925]' from process `$paramod\systolic_block\N=s32'00000000000000000000000000100000.$proc$/openlane/designs/Tensor/src/systolic_block.v:0$12298'.
No latch inferred for signal `$paramod\systolic_block\N=s32'00000000000000000000000000100000.\v_wires[926]' from process `$paramod\systolic_block\N=s32'00000000000000000000000000100000.$proc$/openlane/designs/Tensor/src/systolic_block.v:0$12298'.
No latch inferred for signal `$paramod\systolic_block\N=s32'00000000000000000000000000100000.\v_wires[927]' from process `$paramod\systolic_block\N=s32'00000000000000000000000000100000.$proc$/openlane/designs/Tensor/src/systolic_block.v:0$12298'.
No latch inferred for signal `$paramod\systolic_block\N=s32'00000000000000000000000000100000.\v_wires[928]' from process `$paramod\systolic_block\N=s32'00000000000000000000000000100000.$proc$/openlane/designs/Tensor/src/systolic_block.v:0$12298'.
No latch inferred for signal `$paramod\systolic_block\N=s32'00000000000000000000000000100000.\v_wires[929]' from process `$paramod\systolic_block\N=s32'00000000000000000000000000100000.$proc$/openlane/designs/Tensor/src/systolic_block.v:0$12298'.
No latch inferred for signal `$paramod\systolic_block\N=s32'00000000000000000000000000100000.\v_wires[930]' from process `$paramod\systolic_block\N=s32'00000000000000000000000000100000.$proc$/openlane/designs/Tensor/src/systolic_block.v:0$12298'.
No latch inferred for signal `$paramod\systolic_block\N=s32'00000000000000000000000000100000.\v_wires[931]' from process `$paramod\systolic_block\N=s32'00000000000000000000000000100000.$proc$/openlane/designs/Tensor/src/systolic_block.v:0$12298'.
No latch inferred for signal `$paramod\systolic_block\N=s32'00000000000000000000000000100000.\v_wires[932]' from process `$paramod\systolic_block\N=s32'00000000000000000000000000100000.$proc$/openlane/designs/Tensor/src/systolic_block.v:0$12298'.
No latch inferred for signal `$paramod\systolic_block\N=s32'00000000000000000000000000100000.\v_wires[933]' from process `$paramod\systolic_block\N=s32'00000000000000000000000000100000.$proc$/openlane/designs/Tensor/src/systolic_block.v:0$12298'.
No latch inferred for signal `$paramod\systolic_block\N=s32'00000000000000000000000000100000.\v_wires[934]' from process `$paramod\systolic_block\N=s32'00000000000000000000000000100000.$proc$/openlane/designs/Tensor/src/systolic_block.v:0$12298'.
No latch inferred for signal `$paramod\systolic_block\N=s32'00000000000000000000000000100000.\v_wires[935]' from process `$paramod\systolic_block\N=s32'00000000000000000000000000100000.$proc$/openlane/designs/Tensor/src/systolic_block.v:0$12298'.
No latch inferred for signal `$paramod\systolic_block\N=s32'00000000000000000000000000100000.\v_wires[936]' from process `$paramod\systolic_block\N=s32'00000000000000000000000000100000.$proc$/openlane/designs/Tensor/src/systolic_block.v:0$12298'.
No latch inferred for signal `$paramod\systolic_block\N=s32'00000000000000000000000000100000.\v_wires[937]' from process `$paramod\systolic_block\N=s32'00000000000000000000000000100000.$proc$/openlane/designs/Tensor/src/systolic_block.v:0$12298'.
No latch inferred for signal `$paramod\systolic_block\N=s32'00000000000000000000000000100000.\v_wires[938]' from process `$paramod\systolic_block\N=s32'00000000000000000000000000100000.$proc$/openlane/designs/Tensor/src/systolic_block.v:0$12298'.
No latch inferred for signal `$paramod\systolic_block\N=s32'00000000000000000000000000100000.\v_wires[939]' from process `$paramod\systolic_block\N=s32'00000000000000000000000000100000.$proc$/openlane/designs/Tensor/src/systolic_block.v:0$12298'.
No latch inferred for signal `$paramod\systolic_block\N=s32'00000000000000000000000000100000.\v_wires[940]' from process `$paramod\systolic_block\N=s32'00000000000000000000000000100000.$proc$/openlane/designs/Tensor/src/systolic_block.v:0$12298'.
No latch inferred for signal `$paramod\systolic_block\N=s32'00000000000000000000000000100000.\v_wires[941]' from process `$paramod\systolic_block\N=s32'00000000000000000000000000100000.$proc$/openlane/designs/Tensor/src/systolic_block.v:0$12298'.
No latch inferred for signal `$paramod\systolic_block\N=s32'00000000000000000000000000100000.\v_wires[942]' from process `$paramod\systolic_block\N=s32'00000000000000000000000000100000.$proc$/openlane/designs/Tensor/src/systolic_block.v:0$12298'.
No latch inferred for signal `$paramod\systolic_block\N=s32'00000000000000000000000000100000.\v_wires[943]' from process `$paramod\systolic_block\N=s32'00000000000000000000000000100000.$proc$/openlane/designs/Tensor/src/systolic_block.v:0$12298'.
No latch inferred for signal `$paramod\systolic_block\N=s32'00000000000000000000000000100000.\v_wires[944]' from process `$paramod\systolic_block\N=s32'00000000000000000000000000100000.$proc$/openlane/designs/Tensor/src/systolic_block.v:0$12298'.
No latch inferred for signal `$paramod\systolic_block\N=s32'00000000000000000000000000100000.\v_wires[945]' from process `$paramod\systolic_block\N=s32'00000000000000000000000000100000.$proc$/openlane/designs/Tensor/src/systolic_block.v:0$12298'.
No latch inferred for signal `$paramod\systolic_block\N=s32'00000000000000000000000000100000.\v_wires[946]' from process `$paramod\systolic_block\N=s32'00000000000000000000000000100000.$proc$/openlane/designs/Tensor/src/systolic_block.v:0$12298'.
No latch inferred for signal `$paramod\systolic_block\N=s32'00000000000000000000000000100000.\v_wires[947]' from process `$paramod\systolic_block\N=s32'00000000000000000000000000100000.$proc$/openlane/designs/Tensor/src/systolic_block.v:0$12298'.
No latch inferred for signal `$paramod\systolic_block\N=s32'00000000000000000000000000100000.\v_wires[948]' from process `$paramod\systolic_block\N=s32'00000000000000000000000000100000.$proc$/openlane/designs/Tensor/src/systolic_block.v:0$12298'.
No latch inferred for signal `$paramod\systolic_block\N=s32'00000000000000000000000000100000.\v_wires[949]' from process `$paramod\systolic_block\N=s32'00000000000000000000000000100000.$proc$/openlane/designs/Tensor/src/systolic_block.v:0$12298'.
No latch inferred for signal `$paramod\systolic_block\N=s32'00000000000000000000000000100000.\v_wires[950]' from process `$paramod\systolic_block\N=s32'00000000000000000000000000100000.$proc$/openlane/designs/Tensor/src/systolic_block.v:0$12298'.
No latch inferred for signal `$paramod\systolic_block\N=s32'00000000000000000000000000100000.\v_wires[951]' from process `$paramod\systolic_block\N=s32'00000000000000000000000000100000.$proc$/openlane/designs/Tensor/src/systolic_block.v:0$12298'.
No latch inferred for signal `$paramod\systolic_block\N=s32'00000000000000000000000000100000.\v_wires[952]' from process `$paramod\systolic_block\N=s32'00000000000000000000000000100000.$proc$/openlane/designs/Tensor/src/systolic_block.v:0$12298'.
No latch inferred for signal `$paramod\systolic_block\N=s32'00000000000000000000000000100000.\v_wires[953]' from process `$paramod\systolic_block\N=s32'00000000000000000000000000100000.$proc$/openlane/designs/Tensor/src/systolic_block.v:0$12298'.
No latch inferred for signal `$paramod\systolic_block\N=s32'00000000000000000000000000100000.\v_wires[954]' from process `$paramod\systolic_block\N=s32'00000000000000000000000000100000.$proc$/openlane/designs/Tensor/src/systolic_block.v:0$12298'.
No latch inferred for signal `$paramod\systolic_block\N=s32'00000000000000000000000000100000.\v_wires[955]' from process `$paramod\systolic_block\N=s32'00000000000000000000000000100000.$proc$/openlane/designs/Tensor/src/systolic_block.v:0$12298'.
No latch inferred for signal `$paramod\systolic_block\N=s32'00000000000000000000000000100000.\v_wires[957]' from process `$paramod\systolic_block\N=s32'00000000000000000000000000100000.$proc$/openlane/designs/Tensor/src/systolic_block.v:0$12298'.
No latch inferred for signal `$paramod\systolic_block\N=s32'00000000000000000000000000100000.\v_wires[958]' from process `$paramod\systolic_block\N=s32'00000000000000000000000000100000.$proc$/openlane/designs/Tensor/src/systolic_block.v:0$12298'.
No latch inferred for signal `$paramod\systolic_block\N=s32'00000000000000000000000000100000.\v_wires[959]' from process `$paramod\systolic_block\N=s32'00000000000000000000000000100000.$proc$/openlane/designs/Tensor/src/systolic_block.v:0$12298'.
No latch inferred for signal `$paramod\systolic_block\N=s32'00000000000000000000000000100000.\v_wires[960]' from process `$paramod\systolic_block\N=s32'00000000000000000000000000100000.$proc$/openlane/designs/Tensor/src/systolic_block.v:0$12298'.
No latch inferred for signal `$paramod\systolic_block\N=s32'00000000000000000000000000100000.\v_wires[961]' from process `$paramod\systolic_block\N=s32'00000000000000000000000000100000.$proc$/openlane/designs/Tensor/src/systolic_block.v:0$12298'.
No latch inferred for signal `$paramod\systolic_block\N=s32'00000000000000000000000000100000.\v_wires[962]' from process `$paramod\systolic_block\N=s32'00000000000000000000000000100000.$proc$/openlane/designs/Tensor/src/systolic_block.v:0$12298'.
No latch inferred for signal `$paramod\systolic_block\N=s32'00000000000000000000000000100000.\v_wires[963]' from process `$paramod\systolic_block\N=s32'00000000000000000000000000100000.$proc$/openlane/designs/Tensor/src/systolic_block.v:0$12298'.
No latch inferred for signal `$paramod\systolic_block\N=s32'00000000000000000000000000100000.\v_wires[964]' from process `$paramod\systolic_block\N=s32'00000000000000000000000000100000.$proc$/openlane/designs/Tensor/src/systolic_block.v:0$12298'.
No latch inferred for signal `$paramod\systolic_block\N=s32'00000000000000000000000000100000.\v_wires[965]' from process `$paramod\systolic_block\N=s32'00000000000000000000000000100000.$proc$/openlane/designs/Tensor/src/systolic_block.v:0$12298'.
No latch inferred for signal `$paramod\systolic_block\N=s32'00000000000000000000000000100000.\v_wires[966]' from process `$paramod\systolic_block\N=s32'00000000000000000000000000100000.$proc$/openlane/designs/Tensor/src/systolic_block.v:0$12298'.
No latch inferred for signal `$paramod\systolic_block\N=s32'00000000000000000000000000100000.\v_wires[967]' from process `$paramod\systolic_block\N=s32'00000000000000000000000000100000.$proc$/openlane/designs/Tensor/src/systolic_block.v:0$12298'.
No latch inferred for signal `$paramod\systolic_block\N=s32'00000000000000000000000000100000.\v_wires[968]' from process `$paramod\systolic_block\N=s32'00000000000000000000000000100000.$proc$/openlane/designs/Tensor/src/systolic_block.v:0$12298'.
No latch inferred for signal `$paramod\systolic_block\N=s32'00000000000000000000000000100000.\v_wires[969]' from process `$paramod\systolic_block\N=s32'00000000000000000000000000100000.$proc$/openlane/designs/Tensor/src/systolic_block.v:0$12298'.
No latch inferred for signal `$paramod\systolic_block\N=s32'00000000000000000000000000100000.\v_wires[970]' from process `$paramod\systolic_block\N=s32'00000000000000000000000000100000.$proc$/openlane/designs/Tensor/src/systolic_block.v:0$12298'.
No latch inferred for signal `$paramod\systolic_block\N=s32'00000000000000000000000000100000.\v_wires[971]' from process `$paramod\systolic_block\N=s32'00000000000000000000000000100000.$proc$/openlane/designs/Tensor/src/systolic_block.v:0$12298'.
No latch inferred for signal `$paramod\systolic_block\N=s32'00000000000000000000000000100000.\v_wires[972]' from process `$paramod\systolic_block\N=s32'00000000000000000000000000100000.$proc$/openlane/designs/Tensor/src/systolic_block.v:0$12298'.
No latch inferred for signal `$paramod\systolic_block\N=s32'00000000000000000000000000100000.\v_wires[973]' from process `$paramod\systolic_block\N=s32'00000000000000000000000000100000.$proc$/openlane/designs/Tensor/src/systolic_block.v:0$12298'.
No latch inferred for signal `$paramod\systolic_block\N=s32'00000000000000000000000000100000.\v_wires[974]' from process `$paramod\systolic_block\N=s32'00000000000000000000000000100000.$proc$/openlane/designs/Tensor/src/systolic_block.v:0$12298'.
No latch inferred for signal `$paramod\systolic_block\N=s32'00000000000000000000000000100000.\v_wires[975]' from process `$paramod\systolic_block\N=s32'00000000000000000000000000100000.$proc$/openlane/designs/Tensor/src/systolic_block.v:0$12298'.
No latch inferred for signal `$paramod\systolic_block\N=s32'00000000000000000000000000100000.\v_wires[976]' from process `$paramod\systolic_block\N=s32'00000000000000000000000000100000.$proc$/openlane/designs/Tensor/src/systolic_block.v:0$12298'.
No latch inferred for signal `$paramod\systolic_block\N=s32'00000000000000000000000000100000.\v_wires[977]' from process `$paramod\systolic_block\N=s32'00000000000000000000000000100000.$proc$/openlane/designs/Tensor/src/systolic_block.v:0$12298'.
No latch inferred for signal `$paramod\systolic_block\N=s32'00000000000000000000000000100000.\v_wires[978]' from process `$paramod\systolic_block\N=s32'00000000000000000000000000100000.$proc$/openlane/designs/Tensor/src/systolic_block.v:0$12298'.
No latch inferred for signal `$paramod\systolic_block\N=s32'00000000000000000000000000100000.\v_wires[979]' from process `$paramod\systolic_block\N=s32'00000000000000000000000000100000.$proc$/openlane/designs/Tensor/src/systolic_block.v:0$12298'.
No latch inferred for signal `$paramod\systolic_block\N=s32'00000000000000000000000000100000.\v_wires[980]' from process `$paramod\systolic_block\N=s32'00000000000000000000000000100000.$proc$/openlane/designs/Tensor/src/systolic_block.v:0$12298'.
No latch inferred for signal `$paramod\systolic_block\N=s32'00000000000000000000000000100000.\v_wires[981]' from process `$paramod\systolic_block\N=s32'00000000000000000000000000100000.$proc$/openlane/designs/Tensor/src/systolic_block.v:0$12298'.
No latch inferred for signal `$paramod\systolic_block\N=s32'00000000000000000000000000100000.\v_wires[982]' from process `$paramod\systolic_block\N=s32'00000000000000000000000000100000.$proc$/openlane/designs/Tensor/src/systolic_block.v:0$12298'.
No latch inferred for signal `$paramod\systolic_block\N=s32'00000000000000000000000000100000.\v_wires[983]' from process `$paramod\systolic_block\N=s32'00000000000000000000000000100000.$proc$/openlane/designs/Tensor/src/systolic_block.v:0$12298'.
No latch inferred for signal `$paramod\systolic_block\N=s32'00000000000000000000000000100000.\v_wires[984]' from process `$paramod\systolic_block\N=s32'00000000000000000000000000100000.$proc$/openlane/designs/Tensor/src/systolic_block.v:0$12298'.
No latch inferred for signal `$paramod\systolic_block\N=s32'00000000000000000000000000100000.\v_wires[985]' from process `$paramod\systolic_block\N=s32'00000000000000000000000000100000.$proc$/openlane/designs/Tensor/src/systolic_block.v:0$12298'.
No latch inferred for signal `$paramod\systolic_block\N=s32'00000000000000000000000000100000.\v_wires[986]' from process `$paramod\systolic_block\N=s32'00000000000000000000000000100000.$proc$/openlane/designs/Tensor/src/systolic_block.v:0$12298'.
No latch inferred for signal `$paramod\systolic_block\N=s32'00000000000000000000000000100000.\v_wires[987]' from process `$paramod\systolic_block\N=s32'00000000000000000000000000100000.$proc$/openlane/designs/Tensor/src/systolic_block.v:0$12298'.
No latch inferred for signal `$paramod\systolic_block\N=s32'00000000000000000000000000100000.\v_wires[988]' from process `$paramod\systolic_block\N=s32'00000000000000000000000000100000.$proc$/openlane/designs/Tensor/src/systolic_block.v:0$12298'.
No latch inferred for signal `$paramod\systolic_block\N=s32'00000000000000000000000000100000.\v_wires[990]' from process `$paramod\systolic_block\N=s32'00000000000000000000000000100000.$proc$/openlane/designs/Tensor/src/systolic_block.v:0$12298'.
No latch inferred for signal `$paramod\systolic_block\N=s32'00000000000000000000000000100000.\v_wires[991]' from process `$paramod\systolic_block\N=s32'00000000000000000000000000100000.$proc$/openlane/designs/Tensor/src/systolic_block.v:0$12298'.
No latch inferred for signal `$paramod\systolic_block\N=s32'00000000000000000000000000100000.\v_wires[992]' from process `$paramod\systolic_block\N=s32'00000000000000000000000000100000.$proc$/openlane/designs/Tensor/src/systolic_block.v:0$12298'.
No latch inferred for signal `$paramod\systolic_block\N=s32'00000000000000000000000000100000.\v_wires[993]' from process `$paramod\systolic_block\N=s32'00000000000000000000000000100000.$proc$/openlane/designs/Tensor/src/systolic_block.v:0$12298'.
No latch inferred for signal `$paramod\systolic_block\N=s32'00000000000000000000000000100000.\v_wires[994]' from process `$paramod\systolic_block\N=s32'00000000000000000000000000100000.$proc$/openlane/designs/Tensor/src/systolic_block.v:0$12298'.
No latch inferred for signal `$paramod\systolic_block\N=s32'00000000000000000000000000100000.\v_wires[995]' from process `$paramod\systolic_block\N=s32'00000000000000000000000000100000.$proc$/openlane/designs/Tensor/src/systolic_block.v:0$12298'.
No latch inferred for signal `$paramod\systolic_block\N=s32'00000000000000000000000000100000.\v_wires[996]' from process `$paramod\systolic_block\N=s32'00000000000000000000000000100000.$proc$/openlane/designs/Tensor/src/systolic_block.v:0$12298'.
No latch inferred for signal `$paramod\systolic_block\N=s32'00000000000000000000000000100000.\v_wires[997]' from process `$paramod\systolic_block\N=s32'00000000000000000000000000100000.$proc$/openlane/designs/Tensor/src/systolic_block.v:0$12298'.
No latch inferred for signal `$paramod\systolic_block\N=s32'00000000000000000000000000100000.\v_wires[998]' from process `$paramod\systolic_block\N=s32'00000000000000000000000000100000.$proc$/openlane/designs/Tensor/src/systolic_block.v:0$12298'.
No latch inferred for signal `$paramod\systolic_block\N=s32'00000000000000000000000000100000.\v_wires[999]' from process `$paramod\systolic_block\N=s32'00000000000000000000000000100000.$proc$/openlane/designs/Tensor/src/systolic_block.v:0$12298'.
No latch inferred for signal `$paramod\systolic_block\N=s32'00000000000000000000000000100000.\v_wires[1000]' from process `$paramod\systolic_block\N=s32'00000000000000000000000000100000.$proc$/openlane/designs/Tensor/src/systolic_block.v:0$12298'.
No latch inferred for signal `$paramod\systolic_block\N=s32'00000000000000000000000000100000.\v_wires[1001]' from process `$paramod\systolic_block\N=s32'00000000000000000000000000100000.$proc$/openlane/designs/Tensor/src/systolic_block.v:0$12298'.
No latch inferred for signal `$paramod\systolic_block\N=s32'00000000000000000000000000100000.\v_wires[1002]' from process `$paramod\systolic_block\N=s32'00000000000000000000000000100000.$proc$/openlane/designs/Tensor/src/systolic_block.v:0$12298'.
No latch inferred for signal `$paramod\systolic_block\N=s32'00000000000000000000000000100000.\v_wires[1003]' from process `$paramod\systolic_block\N=s32'00000000000000000000000000100000.$proc$/openlane/designs/Tensor/src/systolic_block.v:0$12298'.
No latch inferred for signal `$paramod\systolic_block\N=s32'00000000000000000000000000100000.\v_wires[1004]' from process `$paramod\systolic_block\N=s32'00000000000000000000000000100000.$proc$/openlane/designs/Tensor/src/systolic_block.v:0$12298'.
No latch inferred for signal `$paramod\systolic_block\N=s32'00000000000000000000000000100000.\v_wires[1005]' from process `$paramod\systolic_block\N=s32'00000000000000000000000000100000.$proc$/openlane/designs/Tensor/src/systolic_block.v:0$12298'.
No latch inferred for signal `$paramod\systolic_block\N=s32'00000000000000000000000000100000.\v_wires[1006]' from process `$paramod\systolic_block\N=s32'00000000000000000000000000100000.$proc$/openlane/designs/Tensor/src/systolic_block.v:0$12298'.
No latch inferred for signal `$paramod\systolic_block\N=s32'00000000000000000000000000100000.\v_wires[1007]' from process `$paramod\systolic_block\N=s32'00000000000000000000000000100000.$proc$/openlane/designs/Tensor/src/systolic_block.v:0$12298'.
No latch inferred for signal `$paramod\systolic_block\N=s32'00000000000000000000000000100000.\v_wires[1008]' from process `$paramod\systolic_block\N=s32'00000000000000000000000000100000.$proc$/openlane/designs/Tensor/src/systolic_block.v:0$12298'.
No latch inferred for signal `$paramod\systolic_block\N=s32'00000000000000000000000000100000.\v_wires[1009]' from process `$paramod\systolic_block\N=s32'00000000000000000000000000100000.$proc$/openlane/designs/Tensor/src/systolic_block.v:0$12298'.
No latch inferred for signal `$paramod\systolic_block\N=s32'00000000000000000000000000100000.\v_wires[1010]' from process `$paramod\systolic_block\N=s32'00000000000000000000000000100000.$proc$/openlane/designs/Tensor/src/systolic_block.v:0$12298'.
No latch inferred for signal `$paramod\systolic_block\N=s32'00000000000000000000000000100000.\v_wires[1011]' from process `$paramod\systolic_block\N=s32'00000000000000000000000000100000.$proc$/openlane/designs/Tensor/src/systolic_block.v:0$12298'.
No latch inferred for signal `$paramod\systolic_block\N=s32'00000000000000000000000000100000.\v_wires[1012]' from process `$paramod\systolic_block\N=s32'00000000000000000000000000100000.$proc$/openlane/designs/Tensor/src/systolic_block.v:0$12298'.
No latch inferred for signal `$paramod\systolic_block\N=s32'00000000000000000000000000100000.\v_wires[1013]' from process `$paramod\systolic_block\N=s32'00000000000000000000000000100000.$proc$/openlane/designs/Tensor/src/systolic_block.v:0$12298'.
No latch inferred for signal `$paramod\systolic_block\N=s32'00000000000000000000000000100000.\v_wires[1014]' from process `$paramod\systolic_block\N=s32'00000000000000000000000000100000.$proc$/openlane/designs/Tensor/src/systolic_block.v:0$12298'.
No latch inferred for signal `$paramod\systolic_block\N=s32'00000000000000000000000000100000.\v_wires[1015]' from process `$paramod\systolic_block\N=s32'00000000000000000000000000100000.$proc$/openlane/designs/Tensor/src/systolic_block.v:0$12298'.
No latch inferred for signal `$paramod\systolic_block\N=s32'00000000000000000000000000100000.\v_wires[1016]' from process `$paramod\systolic_block\N=s32'00000000000000000000000000100000.$proc$/openlane/designs/Tensor/src/systolic_block.v:0$12298'.
No latch inferred for signal `$paramod\systolic_block\N=s32'00000000000000000000000000100000.\v_wires[1017]' from process `$paramod\systolic_block\N=s32'00000000000000000000000000100000.$proc$/openlane/designs/Tensor/src/systolic_block.v:0$12298'.
No latch inferred for signal `$paramod\systolic_block\N=s32'00000000000000000000000000100000.\v_wires[1018]' from process `$paramod\systolic_block\N=s32'00000000000000000000000000100000.$proc$/openlane/designs/Tensor/src/systolic_block.v:0$12298'.
No latch inferred for signal `$paramod\systolic_block\N=s32'00000000000000000000000000100000.\v_wires[1019]' from process `$paramod\systolic_block\N=s32'00000000000000000000000000100000.$proc$/openlane/designs/Tensor/src/systolic_block.v:0$12298'.
No latch inferred for signal `$paramod\systolic_block\N=s32'00000000000000000000000000100000.\v_wires[1020]' from process `$paramod\systolic_block\N=s32'00000000000000000000000000100000.$proc$/openlane/designs/Tensor/src/systolic_block.v:0$12298'.
No latch inferred for signal `$paramod\systolic_block\N=s32'00000000000000000000000000100000.\v_wires[1021]' from process `$paramod\systolic_block\N=s32'00000000000000000000000000100000.$proc$/openlane/designs/Tensor/src/systolic_block.v:0$12298'.
No latch inferred for signal `$paramod\systolic_block\N=s32'00000000000000000000000000100000.\v_wires[1023]' from process `$paramod\systolic_block\N=s32'00000000000000000000000000100000.$proc$/openlane/designs/Tensor/src/systolic_block.v:0$12298'.
No latch inferred for signal `$paramod\systolic_block\N=s32'00000000000000000000000000100000.\v_wires[1024]' from process `$paramod\systolic_block\N=s32'00000000000000000000000000100000.$proc$/openlane/designs/Tensor/src/systolic_block.v:0$12298'.
No latch inferred for signal `$paramod\systolic_block\N=s32'00000000000000000000000000100000.\v_wires[1025]' from process `$paramod\systolic_block\N=s32'00000000000000000000000000100000.$proc$/openlane/designs/Tensor/src/systolic_block.v:0$12298'.
No latch inferred for signal `$paramod\systolic_block\N=s32'00000000000000000000000000100000.\v_wires[1026]' from process `$paramod\systolic_block\N=s32'00000000000000000000000000100000.$proc$/openlane/designs/Tensor/src/systolic_block.v:0$12298'.
No latch inferred for signal `$paramod\systolic_block\N=s32'00000000000000000000000000100000.\v_wires[1027]' from process `$paramod\systolic_block\N=s32'00000000000000000000000000100000.$proc$/openlane/designs/Tensor/src/systolic_block.v:0$12298'.
No latch inferred for signal `$paramod\systolic_block\N=s32'00000000000000000000000000100000.\v_wires[1028]' from process `$paramod\systolic_block\N=s32'00000000000000000000000000100000.$proc$/openlane/designs/Tensor/src/systolic_block.v:0$12298'.
No latch inferred for signal `$paramod\systolic_block\N=s32'00000000000000000000000000100000.\v_wires[1029]' from process `$paramod\systolic_block\N=s32'00000000000000000000000000100000.$proc$/openlane/designs/Tensor/src/systolic_block.v:0$12298'.
No latch inferred for signal `$paramod\systolic_block\N=s32'00000000000000000000000000100000.\v_wires[1030]' from process `$paramod\systolic_block\N=s32'00000000000000000000000000100000.$proc$/openlane/designs/Tensor/src/systolic_block.v:0$12298'.
No latch inferred for signal `$paramod\systolic_block\N=s32'00000000000000000000000000100000.\v_wires[1031]' from process `$paramod\systolic_block\N=s32'00000000000000000000000000100000.$proc$/openlane/designs/Tensor/src/systolic_block.v:0$12298'.
No latch inferred for signal `$paramod\systolic_block\N=s32'00000000000000000000000000100000.\v_wires[1032]' from process `$paramod\systolic_block\N=s32'00000000000000000000000000100000.$proc$/openlane/designs/Tensor/src/systolic_block.v:0$12298'.
No latch inferred for signal `$paramod\systolic_block\N=s32'00000000000000000000000000100000.\v_wires[1033]' from process `$paramod\systolic_block\N=s32'00000000000000000000000000100000.$proc$/openlane/designs/Tensor/src/systolic_block.v:0$12298'.
No latch inferred for signal `$paramod\systolic_block\N=s32'00000000000000000000000000100000.\v_wires[1034]' from process `$paramod\systolic_block\N=s32'00000000000000000000000000100000.$proc$/openlane/designs/Tensor/src/systolic_block.v:0$12298'.
No latch inferred for signal `$paramod\systolic_block\N=s32'00000000000000000000000000100000.\v_wires[1035]' from process `$paramod\systolic_block\N=s32'00000000000000000000000000100000.$proc$/openlane/designs/Tensor/src/systolic_block.v:0$12298'.
No latch inferred for signal `$paramod\systolic_block\N=s32'00000000000000000000000000100000.\v_wires[1036]' from process `$paramod\systolic_block\N=s32'00000000000000000000000000100000.$proc$/openlane/designs/Tensor/src/systolic_block.v:0$12298'.
No latch inferred for signal `$paramod\systolic_block\N=s32'00000000000000000000000000100000.\v_wires[1037]' from process `$paramod\systolic_block\N=s32'00000000000000000000000000100000.$proc$/openlane/designs/Tensor/src/systolic_block.v:0$12298'.
No latch inferred for signal `$paramod\systolic_block\N=s32'00000000000000000000000000100000.\v_wires[1038]' from process `$paramod\systolic_block\N=s32'00000000000000000000000000100000.$proc$/openlane/designs/Tensor/src/systolic_block.v:0$12298'.
No latch inferred for signal `$paramod\systolic_block\N=s32'00000000000000000000000000100000.\v_wires[1039]' from process `$paramod\systolic_block\N=s32'00000000000000000000000000100000.$proc$/openlane/designs/Tensor/src/systolic_block.v:0$12298'.
No latch inferred for signal `$paramod\systolic_block\N=s32'00000000000000000000000000100000.\v_wires[1040]' from process `$paramod\systolic_block\N=s32'00000000000000000000000000100000.$proc$/openlane/designs/Tensor/src/systolic_block.v:0$12298'.
No latch inferred for signal `$paramod\systolic_block\N=s32'00000000000000000000000000100000.\v_wires[1041]' from process `$paramod\systolic_block\N=s32'00000000000000000000000000100000.$proc$/openlane/designs/Tensor/src/systolic_block.v:0$12298'.
No latch inferred for signal `$paramod\systolic_block\N=s32'00000000000000000000000000100000.\v_wires[1042]' from process `$paramod\systolic_block\N=s32'00000000000000000000000000100000.$proc$/openlane/designs/Tensor/src/systolic_block.v:0$12298'.
No latch inferred for signal `$paramod\systolic_block\N=s32'00000000000000000000000000100000.\v_wires[1043]' from process `$paramod\systolic_block\N=s32'00000000000000000000000000100000.$proc$/openlane/designs/Tensor/src/systolic_block.v:0$12298'.
No latch inferred for signal `$paramod\systolic_block\N=s32'00000000000000000000000000100000.\v_wires[1044]' from process `$paramod\systolic_block\N=s32'00000000000000000000000000100000.$proc$/openlane/designs/Tensor/src/systolic_block.v:0$12298'.
No latch inferred for signal `$paramod\systolic_block\N=s32'00000000000000000000000000100000.\v_wires[1045]' from process `$paramod\systolic_block\N=s32'00000000000000000000000000100000.$proc$/openlane/designs/Tensor/src/systolic_block.v:0$12298'.
No latch inferred for signal `$paramod\systolic_block\N=s32'00000000000000000000000000100000.\v_wires[1046]' from process `$paramod\systolic_block\N=s32'00000000000000000000000000100000.$proc$/openlane/designs/Tensor/src/systolic_block.v:0$12298'.
No latch inferred for signal `$paramod\systolic_block\N=s32'00000000000000000000000000100000.\v_wires[1047]' from process `$paramod\systolic_block\N=s32'00000000000000000000000000100000.$proc$/openlane/designs/Tensor/src/systolic_block.v:0$12298'.
No latch inferred for signal `$paramod\systolic_block\N=s32'00000000000000000000000000100000.\v_wires[1048]' from process `$paramod\systolic_block\N=s32'00000000000000000000000000100000.$proc$/openlane/designs/Tensor/src/systolic_block.v:0$12298'.
No latch inferred for signal `$paramod\systolic_block\N=s32'00000000000000000000000000100000.\v_wires[1049]' from process `$paramod\systolic_block\N=s32'00000000000000000000000000100000.$proc$/openlane/designs/Tensor/src/systolic_block.v:0$12298'.
No latch inferred for signal `$paramod\systolic_block\N=s32'00000000000000000000000000100000.\v_wires[1050]' from process `$paramod\systolic_block\N=s32'00000000000000000000000000100000.$proc$/openlane/designs/Tensor/src/systolic_block.v:0$12298'.
No latch inferred for signal `$paramod\systolic_block\N=s32'00000000000000000000000000100000.\v_wires[1051]' from process `$paramod\systolic_block\N=s32'00000000000000000000000000100000.$proc$/openlane/designs/Tensor/src/systolic_block.v:0$12298'.
No latch inferred for signal `$paramod\systolic_block\N=s32'00000000000000000000000000100000.\v_wires[1052]' from process `$paramod\systolic_block\N=s32'00000000000000000000000000100000.$proc$/openlane/designs/Tensor/src/systolic_block.v:0$12298'.
No latch inferred for signal `$paramod\systolic_block\N=s32'00000000000000000000000000100000.\v_wires[1053]' from process `$paramod\systolic_block\N=s32'00000000000000000000000000100000.$proc$/openlane/designs/Tensor/src/systolic_block.v:0$12298'.
No latch inferred for signal `$paramod\systolic_block\N=s32'00000000000000000000000000100000.\v_wires[1054]' from process `$paramod\systolic_block\N=s32'00000000000000000000000000100000.$proc$/openlane/designs/Tensor/src/systolic_block.v:0$12298'.
No latch inferred for signal `$paramod\systolic_block\N=s32'00000000000000000000000000100000.\v_wires[1056]' from process `$paramod\systolic_block\N=s32'00000000000000000000000000100000.$proc$/openlane/designs/Tensor/src/systolic_block.v:0$12298'.
No latch inferred for signal `$paramod\systolic_block\N=s32'00000000000000000000000000100000.\v_wires[1057]' from process `$paramod\systolic_block\N=s32'00000000000000000000000000100000.$proc$/openlane/designs/Tensor/src/systolic_block.v:0$12298'.
No latch inferred for signal `$paramod\systolic_block\N=s32'00000000000000000000000000100000.\v_wires[1058]' from process `$paramod\systolic_block\N=s32'00000000000000000000000000100000.$proc$/openlane/designs/Tensor/src/systolic_block.v:0$12298'.
No latch inferred for signal `$paramod\systolic_block\N=s32'00000000000000000000000000100000.\v_wires[1059]' from process `$paramod\systolic_block\N=s32'00000000000000000000000000100000.$proc$/openlane/designs/Tensor/src/systolic_block.v:0$12298'.
No latch inferred for signal `$paramod\systolic_block\N=s32'00000000000000000000000000100000.\v_wires[1060]' from process `$paramod\systolic_block\N=s32'00000000000000000000000000100000.$proc$/openlane/designs/Tensor/src/systolic_block.v:0$12298'.
No latch inferred for signal `$paramod\systolic_block\N=s32'00000000000000000000000000100000.\v_wires[1061]' from process `$paramod\systolic_block\N=s32'00000000000000000000000000100000.$proc$/openlane/designs/Tensor/src/systolic_block.v:0$12298'.
No latch inferred for signal `$paramod\systolic_block\N=s32'00000000000000000000000000100000.\v_wires[1062]' from process `$paramod\systolic_block\N=s32'00000000000000000000000000100000.$proc$/openlane/designs/Tensor/src/systolic_block.v:0$12298'.
No latch inferred for signal `$paramod\systolic_block\N=s32'00000000000000000000000000100000.\v_wires[1063]' from process `$paramod\systolic_block\N=s32'00000000000000000000000000100000.$proc$/openlane/designs/Tensor/src/systolic_block.v:0$12298'.
No latch inferred for signal `$paramod\systolic_block\N=s32'00000000000000000000000000100000.\v_wires[1064]' from process `$paramod\systolic_block\N=s32'00000000000000000000000000100000.$proc$/openlane/designs/Tensor/src/systolic_block.v:0$12298'.
No latch inferred for signal `$paramod\systolic_block\N=s32'00000000000000000000000000100000.\v_wires[1065]' from process `$paramod\systolic_block\N=s32'00000000000000000000000000100000.$proc$/openlane/designs/Tensor/src/systolic_block.v:0$12298'.
No latch inferred for signal `$paramod\systolic_block\N=s32'00000000000000000000000000100000.\v_wires[1066]' from process `$paramod\systolic_block\N=s32'00000000000000000000000000100000.$proc$/openlane/designs/Tensor/src/systolic_block.v:0$12298'.
No latch inferred for signal `$paramod\systolic_block\N=s32'00000000000000000000000000100000.\v_wires[1067]' from process `$paramod\systolic_block\N=s32'00000000000000000000000000100000.$proc$/openlane/designs/Tensor/src/systolic_block.v:0$12298'.
No latch inferred for signal `$paramod\systolic_block\N=s32'00000000000000000000000000100000.\v_wires[1068]' from process `$paramod\systolic_block\N=s32'00000000000000000000000000100000.$proc$/openlane/designs/Tensor/src/systolic_block.v:0$12298'.
No latch inferred for signal `$paramod\systolic_block\N=s32'00000000000000000000000000100000.\v_wires[1069]' from process `$paramod\systolic_block\N=s32'00000000000000000000000000100000.$proc$/openlane/designs/Tensor/src/systolic_block.v:0$12298'.
No latch inferred for signal `$paramod\systolic_block\N=s32'00000000000000000000000000100000.\v_wires[1070]' from process `$paramod\systolic_block\N=s32'00000000000000000000000000100000.$proc$/openlane/designs/Tensor/src/systolic_block.v:0$12298'.
No latch inferred for signal `$paramod\systolic_block\N=s32'00000000000000000000000000100000.\v_wires[1071]' from process `$paramod\systolic_block\N=s32'00000000000000000000000000100000.$proc$/openlane/designs/Tensor/src/systolic_block.v:0$12298'.
No latch inferred for signal `$paramod\systolic_block\N=s32'00000000000000000000000000100000.\v_wires[1072]' from process `$paramod\systolic_block\N=s32'00000000000000000000000000100000.$proc$/openlane/designs/Tensor/src/systolic_block.v:0$12298'.
No latch inferred for signal `$paramod\systolic_block\N=s32'00000000000000000000000000100000.\v_wires[1073]' from process `$paramod\systolic_block\N=s32'00000000000000000000000000100000.$proc$/openlane/designs/Tensor/src/systolic_block.v:0$12298'.
No latch inferred for signal `$paramod\systolic_block\N=s32'00000000000000000000000000100000.\v_wires[1074]' from process `$paramod\systolic_block\N=s32'00000000000000000000000000100000.$proc$/openlane/designs/Tensor/src/systolic_block.v:0$12298'.
No latch inferred for signal `$paramod\systolic_block\N=s32'00000000000000000000000000100000.\v_wires[1075]' from process `$paramod\systolic_block\N=s32'00000000000000000000000000100000.$proc$/openlane/designs/Tensor/src/systolic_block.v:0$12298'.
No latch inferred for signal `$paramod\systolic_block\N=s32'00000000000000000000000000100000.\v_wires[1076]' from process `$paramod\systolic_block\N=s32'00000000000000000000000000100000.$proc$/openlane/designs/Tensor/src/systolic_block.v:0$12298'.
No latch inferred for signal `$paramod\systolic_block\N=s32'00000000000000000000000000100000.\v_wires[1077]' from process `$paramod\systolic_block\N=s32'00000000000000000000000000100000.$proc$/openlane/designs/Tensor/src/systolic_block.v:0$12298'.
No latch inferred for signal `$paramod\systolic_block\N=s32'00000000000000000000000000100000.\v_wires[1078]' from process `$paramod\systolic_block\N=s32'00000000000000000000000000100000.$proc$/openlane/designs/Tensor/src/systolic_block.v:0$12298'.
No latch inferred for signal `$paramod\systolic_block\N=s32'00000000000000000000000000100000.\v_wires[1079]' from process `$paramod\systolic_block\N=s32'00000000000000000000000000100000.$proc$/openlane/designs/Tensor/src/systolic_block.v:0$12298'.
No latch inferred for signal `$paramod\systolic_block\N=s32'00000000000000000000000000100000.\v_wires[1080]' from process `$paramod\systolic_block\N=s32'00000000000000000000000000100000.$proc$/openlane/designs/Tensor/src/systolic_block.v:0$12298'.
No latch inferred for signal `$paramod\systolic_block\N=s32'00000000000000000000000000100000.\v_wires[1081]' from process `$paramod\systolic_block\N=s32'00000000000000000000000000100000.$proc$/openlane/designs/Tensor/src/systolic_block.v:0$12298'.
No latch inferred for signal `$paramod\systolic_block\N=s32'00000000000000000000000000100000.\v_wires[1082]' from process `$paramod\systolic_block\N=s32'00000000000000000000000000100000.$proc$/openlane/designs/Tensor/src/systolic_block.v:0$12298'.
No latch inferred for signal `$paramod\systolic_block\N=s32'00000000000000000000000000100000.\v_wires[1083]' from process `$paramod\systolic_block\N=s32'00000000000000000000000000100000.$proc$/openlane/designs/Tensor/src/systolic_block.v:0$12298'.
No latch inferred for signal `$paramod\systolic_block\N=s32'00000000000000000000000000100000.\v_wires[1084]' from process `$paramod\systolic_block\N=s32'00000000000000000000000000100000.$proc$/openlane/designs/Tensor/src/systolic_block.v:0$12298'.
No latch inferred for signal `$paramod\systolic_block\N=s32'00000000000000000000000000100000.\v_wires[1085]' from process `$paramod\systolic_block\N=s32'00000000000000000000000000100000.$proc$/openlane/designs/Tensor/src/systolic_block.v:0$12298'.
No latch inferred for signal `$paramod\systolic_block\N=s32'00000000000000000000000000100000.\v_wires[1086]' from process `$paramod\systolic_block\N=s32'00000000000000000000000000100000.$proc$/openlane/designs/Tensor/src/systolic_block.v:0$12298'.
No latch inferred for signal `$paramod\systolic_block\N=s32'00000000000000000000000000100000.\v_wires[1087]' from process `$paramod\systolic_block\N=s32'00000000000000000000000000100000.$proc$/openlane/designs/Tensor/src/systolic_block.v:0$12298'.
No latch inferred for signal `$paramod\systolic_block\N=s32'00000000000000000000000000100000.\s_wires[0]' from process `$paramod\systolic_block\N=s32'00000000000000000000000000100000.$proc$/openlane/designs/Tensor/src/systolic_block.v:0$12298'.
No latch inferred for signal `$paramod\systolic_block\N=s32'00000000000000000000000000100000.\s_wires[1]' from process `$paramod\systolic_block\N=s32'00000000000000000000000000100000.$proc$/openlane/designs/Tensor/src/systolic_block.v:0$12298'.
No latch inferred for signal `$paramod\systolic_block\N=s32'00000000000000000000000000100000.\s_wires[2]' from process `$paramod\systolic_block\N=s32'00000000000000000000000000100000.$proc$/openlane/designs/Tensor/src/systolic_block.v:0$12298'.
No latch inferred for signal `$paramod\systolic_block\N=s32'00000000000000000000000000100000.\s_wires[3]' from process `$paramod\systolic_block\N=s32'00000000000000000000000000100000.$proc$/openlane/designs/Tensor/src/systolic_block.v:0$12298'.
No latch inferred for signal `$paramod\systolic_block\N=s32'00000000000000000000000000100000.\s_wires[4]' from process `$paramod\systolic_block\N=s32'00000000000000000000000000100000.$proc$/openlane/designs/Tensor/src/systolic_block.v:0$12298'.
No latch inferred for signal `$paramod\systolic_block\N=s32'00000000000000000000000000100000.\s_wires[5]' from process `$paramod\systolic_block\N=s32'00000000000000000000000000100000.$proc$/openlane/designs/Tensor/src/systolic_block.v:0$12298'.
No latch inferred for signal `$paramod\systolic_block\N=s32'00000000000000000000000000100000.\s_wires[6]' from process `$paramod\systolic_block\N=s32'00000000000000000000000000100000.$proc$/openlane/designs/Tensor/src/systolic_block.v:0$12298'.
No latch inferred for signal `$paramod\systolic_block\N=s32'00000000000000000000000000100000.\s_wires[7]' from process `$paramod\systolic_block\N=s32'00000000000000000000000000100000.$proc$/openlane/designs/Tensor/src/systolic_block.v:0$12298'.
No latch inferred for signal `$paramod\systolic_block\N=s32'00000000000000000000000000100000.\s_wires[8]' from process `$paramod\systolic_block\N=s32'00000000000000000000000000100000.$proc$/openlane/designs/Tensor/src/systolic_block.v:0$12298'.
No latch inferred for signal `$paramod\systolic_block\N=s32'00000000000000000000000000100000.\s_wires[9]' from process `$paramod\systolic_block\N=s32'00000000000000000000000000100000.$proc$/openlane/designs/Tensor/src/systolic_block.v:0$12298'.
No latch inferred for signal `$paramod\systolic_block\N=s32'00000000000000000000000000100000.\s_wires[10]' from process `$paramod\systolic_block\N=s32'00000000000000000000000000100000.$proc$/openlane/designs/Tensor/src/systolic_block.v:0$12298'.
No latch inferred for signal `$paramod\systolic_block\N=s32'00000000000000000000000000100000.\s_wires[11]' from process `$paramod\systolic_block\N=s32'00000000000000000000000000100000.$proc$/openlane/designs/Tensor/src/systolic_block.v:0$12298'.
No latch inferred for signal `$paramod\systolic_block\N=s32'00000000000000000000000000100000.\s_wires[12]' from process `$paramod\systolic_block\N=s32'00000000000000000000000000100000.$proc$/openlane/designs/Tensor/src/systolic_block.v:0$12298'.
No latch inferred for signal `$paramod\systolic_block\N=s32'00000000000000000000000000100000.\s_wires[13]' from process `$paramod\systolic_block\N=s32'00000000000000000000000000100000.$proc$/openlane/designs/Tensor/src/systolic_block.v:0$12298'.
No latch inferred for signal `$paramod\systolic_block\N=s32'00000000000000000000000000100000.\s_wires[14]' from process `$paramod\systolic_block\N=s32'00000000000000000000000000100000.$proc$/openlane/designs/Tensor/src/systolic_block.v:0$12298'.
No latch inferred for signal `$paramod\systolic_block\N=s32'00000000000000000000000000100000.\s_wires[15]' from process `$paramod\systolic_block\N=s32'00000000000000000000000000100000.$proc$/openlane/designs/Tensor/src/systolic_block.v:0$12298'.
No latch inferred for signal `$paramod\systolic_block\N=s32'00000000000000000000000000100000.\s_wires[16]' from process `$paramod\systolic_block\N=s32'00000000000000000000000000100000.$proc$/openlane/designs/Tensor/src/systolic_block.v:0$12298'.
No latch inferred for signal `$paramod\systolic_block\N=s32'00000000000000000000000000100000.\s_wires[17]' from process `$paramod\systolic_block\N=s32'00000000000000000000000000100000.$proc$/openlane/designs/Tensor/src/systolic_block.v:0$12298'.
No latch inferred for signal `$paramod\systolic_block\N=s32'00000000000000000000000000100000.\s_wires[18]' from process `$paramod\systolic_block\N=s32'00000000000000000000000000100000.$proc$/openlane/designs/Tensor/src/systolic_block.v:0$12298'.
No latch inferred for signal `$paramod\systolic_block\N=s32'00000000000000000000000000100000.\s_wires[19]' from process `$paramod\systolic_block\N=s32'00000000000000000000000000100000.$proc$/openlane/designs/Tensor/src/systolic_block.v:0$12298'.
No latch inferred for signal `$paramod\systolic_block\N=s32'00000000000000000000000000100000.\s_wires[20]' from process `$paramod\systolic_block\N=s32'00000000000000000000000000100000.$proc$/openlane/designs/Tensor/src/systolic_block.v:0$12298'.
No latch inferred for signal `$paramod\systolic_block\N=s32'00000000000000000000000000100000.\s_wires[21]' from process `$paramod\systolic_block\N=s32'00000000000000000000000000100000.$proc$/openlane/designs/Tensor/src/systolic_block.v:0$12298'.
No latch inferred for signal `$paramod\systolic_block\N=s32'00000000000000000000000000100000.\s_wires[22]' from process `$paramod\systolic_block\N=s32'00000000000000000000000000100000.$proc$/openlane/designs/Tensor/src/systolic_block.v:0$12298'.
No latch inferred for signal `$paramod\systolic_block\N=s32'00000000000000000000000000100000.\s_wires[23]' from process `$paramod\systolic_block\N=s32'00000000000000000000000000100000.$proc$/openlane/designs/Tensor/src/systolic_block.v:0$12298'.
No latch inferred for signal `$paramod\systolic_block\N=s32'00000000000000000000000000100000.\s_wires[24]' from process `$paramod\systolic_block\N=s32'00000000000000000000000000100000.$proc$/openlane/designs/Tensor/src/systolic_block.v:0$12298'.
No latch inferred for signal `$paramod\systolic_block\N=s32'00000000000000000000000000100000.\s_wires[25]' from process `$paramod\systolic_block\N=s32'00000000000000000000000000100000.$proc$/openlane/designs/Tensor/src/systolic_block.v:0$12298'.
No latch inferred for signal `$paramod\systolic_block\N=s32'00000000000000000000000000100000.\s_wires[26]' from process `$paramod\systolic_block\N=s32'00000000000000000000000000100000.$proc$/openlane/designs/Tensor/src/systolic_block.v:0$12298'.
No latch inferred for signal `$paramod\systolic_block\N=s32'00000000000000000000000000100000.\s_wires[27]' from process `$paramod\systolic_block\N=s32'00000000000000000000000000100000.$proc$/openlane/designs/Tensor/src/systolic_block.v:0$12298'.
No latch inferred for signal `$paramod\systolic_block\N=s32'00000000000000000000000000100000.\s_wires[28]' from process `$paramod\systolic_block\N=s32'00000000000000000000000000100000.$proc$/openlane/designs/Tensor/src/systolic_block.v:0$12298'.
No latch inferred for signal `$paramod\systolic_block\N=s32'00000000000000000000000000100000.\s_wires[29]' from process `$paramod\systolic_block\N=s32'00000000000000000000000000100000.$proc$/openlane/designs/Tensor/src/systolic_block.v:0$12298'.
No latch inferred for signal `$paramod\systolic_block\N=s32'00000000000000000000000000100000.\s_wires[30]' from process `$paramod\systolic_block\N=s32'00000000000000000000000000100000.$proc$/openlane/designs/Tensor/src/systolic_block.v:0$12298'.
No latch inferred for signal `$paramod\systolic_block\N=s32'00000000000000000000000000100000.\s_wires[31]' from process `$paramod\systolic_block\N=s32'00000000000000000000000000100000.$proc$/openlane/designs/Tensor/src/systolic_block.v:0$12298'.
No latch inferred for signal `$paramod\systolic_block\N=s32'00000000000000000000000000100000.\s_wires[33]' from process `$paramod\systolic_block\N=s32'00000000000000000000000000100000.$proc$/openlane/designs/Tensor/src/systolic_block.v:0$12298'.
No latch inferred for signal `$paramod\systolic_block\N=s32'00000000000000000000000000100000.\s_wires[34]' from process `$paramod\systolic_block\N=s32'00000000000000000000000000100000.$proc$/openlane/designs/Tensor/src/systolic_block.v:0$12298'.
No latch inferred for signal `$paramod\systolic_block\N=s32'00000000000000000000000000100000.\s_wires[35]' from process `$paramod\systolic_block\N=s32'00000000000000000000000000100000.$proc$/openlane/designs/Tensor/src/systolic_block.v:0$12298'.
No latch inferred for signal `$paramod\systolic_block\N=s32'00000000000000000000000000100000.\s_wires[36]' from process `$paramod\systolic_block\N=s32'00000000000000000000000000100000.$proc$/openlane/designs/Tensor/src/systolic_block.v:0$12298'.
No latch inferred for signal `$paramod\systolic_block\N=s32'00000000000000000000000000100000.\s_wires[37]' from process `$paramod\systolic_block\N=s32'00000000000000000000000000100000.$proc$/openlane/designs/Tensor/src/systolic_block.v:0$12298'.
No latch inferred for signal `$paramod\systolic_block\N=s32'00000000000000000000000000100000.\s_wires[38]' from process `$paramod\systolic_block\N=s32'00000000000000000000000000100000.$proc$/openlane/designs/Tensor/src/systolic_block.v:0$12298'.
No latch inferred for signal `$paramod\systolic_block\N=s32'00000000000000000000000000100000.\s_wires[39]' from process `$paramod\systolic_block\N=s32'00000000000000000000000000100000.$proc$/openlane/designs/Tensor/src/systolic_block.v:0$12298'.
No latch inferred for signal `$paramod\systolic_block\N=s32'00000000000000000000000000100000.\s_wires[40]' from process `$paramod\systolic_block\N=s32'00000000000000000000000000100000.$proc$/openlane/designs/Tensor/src/systolic_block.v:0$12298'.
No latch inferred for signal `$paramod\systolic_block\N=s32'00000000000000000000000000100000.\s_wires[41]' from process `$paramod\systolic_block\N=s32'00000000000000000000000000100000.$proc$/openlane/designs/Tensor/src/systolic_block.v:0$12298'.
No latch inferred for signal `$paramod\systolic_block\N=s32'00000000000000000000000000100000.\s_wires[42]' from process `$paramod\systolic_block\N=s32'00000000000000000000000000100000.$proc$/openlane/designs/Tensor/src/systolic_block.v:0$12298'.
No latch inferred for signal `$paramod\systolic_block\N=s32'00000000000000000000000000100000.\s_wires[43]' from process `$paramod\systolic_block\N=s32'00000000000000000000000000100000.$proc$/openlane/designs/Tensor/src/systolic_block.v:0$12298'.
No latch inferred for signal `$paramod\systolic_block\N=s32'00000000000000000000000000100000.\s_wires[44]' from process `$paramod\systolic_block\N=s32'00000000000000000000000000100000.$proc$/openlane/designs/Tensor/src/systolic_block.v:0$12298'.
No latch inferred for signal `$paramod\systolic_block\N=s32'00000000000000000000000000100000.\s_wires[45]' from process `$paramod\systolic_block\N=s32'00000000000000000000000000100000.$proc$/openlane/designs/Tensor/src/systolic_block.v:0$12298'.
No latch inferred for signal `$paramod\systolic_block\N=s32'00000000000000000000000000100000.\s_wires[46]' from process `$paramod\systolic_block\N=s32'00000000000000000000000000100000.$proc$/openlane/designs/Tensor/src/systolic_block.v:0$12298'.
No latch inferred for signal `$paramod\systolic_block\N=s32'00000000000000000000000000100000.\s_wires[47]' from process `$paramod\systolic_block\N=s32'00000000000000000000000000100000.$proc$/openlane/designs/Tensor/src/systolic_block.v:0$12298'.
No latch inferred for signal `$paramod\systolic_block\N=s32'00000000000000000000000000100000.\s_wires[48]' from process `$paramod\systolic_block\N=s32'00000000000000000000000000100000.$proc$/openlane/designs/Tensor/src/systolic_block.v:0$12298'.
No latch inferred for signal `$paramod\systolic_block\N=s32'00000000000000000000000000100000.\s_wires[49]' from process `$paramod\systolic_block\N=s32'00000000000000000000000000100000.$proc$/openlane/designs/Tensor/src/systolic_block.v:0$12298'.
No latch inferred for signal `$paramod\systolic_block\N=s32'00000000000000000000000000100000.\s_wires[50]' from process `$paramod\systolic_block\N=s32'00000000000000000000000000100000.$proc$/openlane/designs/Tensor/src/systolic_block.v:0$12298'.
No latch inferred for signal `$paramod\systolic_block\N=s32'00000000000000000000000000100000.\s_wires[51]' from process `$paramod\systolic_block\N=s32'00000000000000000000000000100000.$proc$/openlane/designs/Tensor/src/systolic_block.v:0$12298'.
No latch inferred for signal `$paramod\systolic_block\N=s32'00000000000000000000000000100000.\s_wires[52]' from process `$paramod\systolic_block\N=s32'00000000000000000000000000100000.$proc$/openlane/designs/Tensor/src/systolic_block.v:0$12298'.
No latch inferred for signal `$paramod\systolic_block\N=s32'00000000000000000000000000100000.\s_wires[53]' from process `$paramod\systolic_block\N=s32'00000000000000000000000000100000.$proc$/openlane/designs/Tensor/src/systolic_block.v:0$12298'.
No latch inferred for signal `$paramod\systolic_block\N=s32'00000000000000000000000000100000.\s_wires[54]' from process `$paramod\systolic_block\N=s32'00000000000000000000000000100000.$proc$/openlane/designs/Tensor/src/systolic_block.v:0$12298'.
No latch inferred for signal `$paramod\systolic_block\N=s32'00000000000000000000000000100000.\s_wires[55]' from process `$paramod\systolic_block\N=s32'00000000000000000000000000100000.$proc$/openlane/designs/Tensor/src/systolic_block.v:0$12298'.
No latch inferred for signal `$paramod\systolic_block\N=s32'00000000000000000000000000100000.\s_wires[56]' from process `$paramod\systolic_block\N=s32'00000000000000000000000000100000.$proc$/openlane/designs/Tensor/src/systolic_block.v:0$12298'.
No latch inferred for signal `$paramod\systolic_block\N=s32'00000000000000000000000000100000.\s_wires[57]' from process `$paramod\systolic_block\N=s32'00000000000000000000000000100000.$proc$/openlane/designs/Tensor/src/systolic_block.v:0$12298'.
No latch inferred for signal `$paramod\systolic_block\N=s32'00000000000000000000000000100000.\s_wires[58]' from process `$paramod\systolic_block\N=s32'00000000000000000000000000100000.$proc$/openlane/designs/Tensor/src/systolic_block.v:0$12298'.
No latch inferred for signal `$paramod\systolic_block\N=s32'00000000000000000000000000100000.\s_wires[59]' from process `$paramod\systolic_block\N=s32'00000000000000000000000000100000.$proc$/openlane/designs/Tensor/src/systolic_block.v:0$12298'.
No latch inferred for signal `$paramod\systolic_block\N=s32'00000000000000000000000000100000.\s_wires[60]' from process `$paramod\systolic_block\N=s32'00000000000000000000000000100000.$proc$/openlane/designs/Tensor/src/systolic_block.v:0$12298'.
No latch inferred for signal `$paramod\systolic_block\N=s32'00000000000000000000000000100000.\s_wires[61]' from process `$paramod\systolic_block\N=s32'00000000000000000000000000100000.$proc$/openlane/designs/Tensor/src/systolic_block.v:0$12298'.
No latch inferred for signal `$paramod\systolic_block\N=s32'00000000000000000000000000100000.\s_wires[62]' from process `$paramod\systolic_block\N=s32'00000000000000000000000000100000.$proc$/openlane/designs/Tensor/src/systolic_block.v:0$12298'.
No latch inferred for signal `$paramod\systolic_block\N=s32'00000000000000000000000000100000.\s_wires[63]' from process `$paramod\systolic_block\N=s32'00000000000000000000000000100000.$proc$/openlane/designs/Tensor/src/systolic_block.v:0$12298'.
No latch inferred for signal `$paramod\systolic_block\N=s32'00000000000000000000000000100000.\s_wires[64]' from process `$paramod\systolic_block\N=s32'00000000000000000000000000100000.$proc$/openlane/designs/Tensor/src/systolic_block.v:0$12298'.
No latch inferred for signal `$paramod\systolic_block\N=s32'00000000000000000000000000100000.\s_wires[66]' from process `$paramod\systolic_block\N=s32'00000000000000000000000000100000.$proc$/openlane/designs/Tensor/src/systolic_block.v:0$12298'.
No latch inferred for signal `$paramod\systolic_block\N=s32'00000000000000000000000000100000.\s_wires[67]' from process `$paramod\systolic_block\N=s32'00000000000000000000000000100000.$proc$/openlane/designs/Tensor/src/systolic_block.v:0$12298'.
No latch inferred for signal `$paramod\systolic_block\N=s32'00000000000000000000000000100000.\s_wires[68]' from process `$paramod\systolic_block\N=s32'00000000000000000000000000100000.$proc$/openlane/designs/Tensor/src/systolic_block.v:0$12298'.
No latch inferred for signal `$paramod\systolic_block\N=s32'00000000000000000000000000100000.\s_wires[69]' from process `$paramod\systolic_block\N=s32'00000000000000000000000000100000.$proc$/openlane/designs/Tensor/src/systolic_block.v:0$12298'.
No latch inferred for signal `$paramod\systolic_block\N=s32'00000000000000000000000000100000.\s_wires[70]' from process `$paramod\systolic_block\N=s32'00000000000000000000000000100000.$proc$/openlane/designs/Tensor/src/systolic_block.v:0$12298'.
No latch inferred for signal `$paramod\systolic_block\N=s32'00000000000000000000000000100000.\s_wires[71]' from process `$paramod\systolic_block\N=s32'00000000000000000000000000100000.$proc$/openlane/designs/Tensor/src/systolic_block.v:0$12298'.
No latch inferred for signal `$paramod\systolic_block\N=s32'00000000000000000000000000100000.\s_wires[72]' from process `$paramod\systolic_block\N=s32'00000000000000000000000000100000.$proc$/openlane/designs/Tensor/src/systolic_block.v:0$12298'.
No latch inferred for signal `$paramod\systolic_block\N=s32'00000000000000000000000000100000.\s_wires[73]' from process `$paramod\systolic_block\N=s32'00000000000000000000000000100000.$proc$/openlane/designs/Tensor/src/systolic_block.v:0$12298'.
No latch inferred for signal `$paramod\systolic_block\N=s32'00000000000000000000000000100000.\s_wires[74]' from process `$paramod\systolic_block\N=s32'00000000000000000000000000100000.$proc$/openlane/designs/Tensor/src/systolic_block.v:0$12298'.
No latch inferred for signal `$paramod\systolic_block\N=s32'00000000000000000000000000100000.\s_wires[75]' from process `$paramod\systolic_block\N=s32'00000000000000000000000000100000.$proc$/openlane/designs/Tensor/src/systolic_block.v:0$12298'.
No latch inferred for signal `$paramod\systolic_block\N=s32'00000000000000000000000000100000.\s_wires[76]' from process `$paramod\systolic_block\N=s32'00000000000000000000000000100000.$proc$/openlane/designs/Tensor/src/systolic_block.v:0$12298'.
No latch inferred for signal `$paramod\systolic_block\N=s32'00000000000000000000000000100000.\s_wires[77]' from process `$paramod\systolic_block\N=s32'00000000000000000000000000100000.$proc$/openlane/designs/Tensor/src/systolic_block.v:0$12298'.
No latch inferred for signal `$paramod\systolic_block\N=s32'00000000000000000000000000100000.\s_wires[78]' from process `$paramod\systolic_block\N=s32'00000000000000000000000000100000.$proc$/openlane/designs/Tensor/src/systolic_block.v:0$12298'.
No latch inferred for signal `$paramod\systolic_block\N=s32'00000000000000000000000000100000.\s_wires[79]' from process `$paramod\systolic_block\N=s32'00000000000000000000000000100000.$proc$/openlane/designs/Tensor/src/systolic_block.v:0$12298'.
No latch inferred for signal `$paramod\systolic_block\N=s32'00000000000000000000000000100000.\s_wires[80]' from process `$paramod\systolic_block\N=s32'00000000000000000000000000100000.$proc$/openlane/designs/Tensor/src/systolic_block.v:0$12298'.
No latch inferred for signal `$paramod\systolic_block\N=s32'00000000000000000000000000100000.\s_wires[81]' from process `$paramod\systolic_block\N=s32'00000000000000000000000000100000.$proc$/openlane/designs/Tensor/src/systolic_block.v:0$12298'.
No latch inferred for signal `$paramod\systolic_block\N=s32'00000000000000000000000000100000.\s_wires[82]' from process `$paramod\systolic_block\N=s32'00000000000000000000000000100000.$proc$/openlane/designs/Tensor/src/systolic_block.v:0$12298'.
No latch inferred for signal `$paramod\systolic_block\N=s32'00000000000000000000000000100000.\s_wires[83]' from process `$paramod\systolic_block\N=s32'00000000000000000000000000100000.$proc$/openlane/designs/Tensor/src/systolic_block.v:0$12298'.
No latch inferred for signal `$paramod\systolic_block\N=s32'00000000000000000000000000100000.\s_wires[84]' from process `$paramod\systolic_block\N=s32'00000000000000000000000000100000.$proc$/openlane/designs/Tensor/src/systolic_block.v:0$12298'.
No latch inferred for signal `$paramod\systolic_block\N=s32'00000000000000000000000000100000.\s_wires[85]' from process `$paramod\systolic_block\N=s32'00000000000000000000000000100000.$proc$/openlane/designs/Tensor/src/systolic_block.v:0$12298'.
No latch inferred for signal `$paramod\systolic_block\N=s32'00000000000000000000000000100000.\s_wires[86]' from process `$paramod\systolic_block\N=s32'00000000000000000000000000100000.$proc$/openlane/designs/Tensor/src/systolic_block.v:0$12298'.
No latch inferred for signal `$paramod\systolic_block\N=s32'00000000000000000000000000100000.\s_wires[87]' from process `$paramod\systolic_block\N=s32'00000000000000000000000000100000.$proc$/openlane/designs/Tensor/src/systolic_block.v:0$12298'.
No latch inferred for signal `$paramod\systolic_block\N=s32'00000000000000000000000000100000.\s_wires[88]' from process `$paramod\systolic_block\N=s32'00000000000000000000000000100000.$proc$/openlane/designs/Tensor/src/systolic_block.v:0$12298'.
No latch inferred for signal `$paramod\systolic_block\N=s32'00000000000000000000000000100000.\s_wires[89]' from process `$paramod\systolic_block\N=s32'00000000000000000000000000100000.$proc$/openlane/designs/Tensor/src/systolic_block.v:0$12298'.
No latch inferred for signal `$paramod\systolic_block\N=s32'00000000000000000000000000100000.\s_wires[90]' from process `$paramod\systolic_block\N=s32'00000000000000000000000000100000.$proc$/openlane/designs/Tensor/src/systolic_block.v:0$12298'.
No latch inferred for signal `$paramod\systolic_block\N=s32'00000000000000000000000000100000.\s_wires[91]' from process `$paramod\systolic_block\N=s32'00000000000000000000000000100000.$proc$/openlane/designs/Tensor/src/systolic_block.v:0$12298'.
No latch inferred for signal `$paramod\systolic_block\N=s32'00000000000000000000000000100000.\s_wires[92]' from process `$paramod\systolic_block\N=s32'00000000000000000000000000100000.$proc$/openlane/designs/Tensor/src/systolic_block.v:0$12298'.
No latch inferred for signal `$paramod\systolic_block\N=s32'00000000000000000000000000100000.\s_wires[93]' from process `$paramod\systolic_block\N=s32'00000000000000000000000000100000.$proc$/openlane/designs/Tensor/src/systolic_block.v:0$12298'.
No latch inferred for signal `$paramod\systolic_block\N=s32'00000000000000000000000000100000.\s_wires[94]' from process `$paramod\systolic_block\N=s32'00000000000000000000000000100000.$proc$/openlane/designs/Tensor/src/systolic_block.v:0$12298'.
No latch inferred for signal `$paramod\systolic_block\N=s32'00000000000000000000000000100000.\s_wires[95]' from process `$paramod\systolic_block\N=s32'00000000000000000000000000100000.$proc$/openlane/designs/Tensor/src/systolic_block.v:0$12298'.
No latch inferred for signal `$paramod\systolic_block\N=s32'00000000000000000000000000100000.\s_wires[96]' from process `$paramod\systolic_block\N=s32'00000000000000000000000000100000.$proc$/openlane/designs/Tensor/src/systolic_block.v:0$12298'.
No latch inferred for signal `$paramod\systolic_block\N=s32'00000000000000000000000000100000.\s_wires[97]' from process `$paramod\systolic_block\N=s32'00000000000000000000000000100000.$proc$/openlane/designs/Tensor/src/systolic_block.v:0$12298'.
No latch inferred for signal `$paramod\systolic_block\N=s32'00000000000000000000000000100000.\s_wires[99]' from process `$paramod\systolic_block\N=s32'00000000000000000000000000100000.$proc$/openlane/designs/Tensor/src/systolic_block.v:0$12298'.
No latch inferred for signal `$paramod\systolic_block\N=s32'00000000000000000000000000100000.\s_wires[100]' from process `$paramod\systolic_block\N=s32'00000000000000000000000000100000.$proc$/openlane/designs/Tensor/src/systolic_block.v:0$12298'.
No latch inferred for signal `$paramod\systolic_block\N=s32'00000000000000000000000000100000.\s_wires[101]' from process `$paramod\systolic_block\N=s32'00000000000000000000000000100000.$proc$/openlane/designs/Tensor/src/systolic_block.v:0$12298'.
No latch inferred for signal `$paramod\systolic_block\N=s32'00000000000000000000000000100000.\s_wires[102]' from process `$paramod\systolic_block\N=s32'00000000000000000000000000100000.$proc$/openlane/designs/Tensor/src/systolic_block.v:0$12298'.
No latch inferred for signal `$paramod\systolic_block\N=s32'00000000000000000000000000100000.\s_wires[103]' from process `$paramod\systolic_block\N=s32'00000000000000000000000000100000.$proc$/openlane/designs/Tensor/src/systolic_block.v:0$12298'.
No latch inferred for signal `$paramod\systolic_block\N=s32'00000000000000000000000000100000.\s_wires[104]' from process `$paramod\systolic_block\N=s32'00000000000000000000000000100000.$proc$/openlane/designs/Tensor/src/systolic_block.v:0$12298'.
No latch inferred for signal `$paramod\systolic_block\N=s32'00000000000000000000000000100000.\s_wires[105]' from process `$paramod\systolic_block\N=s32'00000000000000000000000000100000.$proc$/openlane/designs/Tensor/src/systolic_block.v:0$12298'.
No latch inferred for signal `$paramod\systolic_block\N=s32'00000000000000000000000000100000.\s_wires[106]' from process `$paramod\systolic_block\N=s32'00000000000000000000000000100000.$proc$/openlane/designs/Tensor/src/systolic_block.v:0$12298'.
No latch inferred for signal `$paramod\systolic_block\N=s32'00000000000000000000000000100000.\s_wires[107]' from process `$paramod\systolic_block\N=s32'00000000000000000000000000100000.$proc$/openlane/designs/Tensor/src/systolic_block.v:0$12298'.
No latch inferred for signal `$paramod\systolic_block\N=s32'00000000000000000000000000100000.\s_wires[108]' from process `$paramod\systolic_block\N=s32'00000000000000000000000000100000.$proc$/openlane/designs/Tensor/src/systolic_block.v:0$12298'.
No latch inferred for signal `$paramod\systolic_block\N=s32'00000000000000000000000000100000.\s_wires[109]' from process `$paramod\systolic_block\N=s32'00000000000000000000000000100000.$proc$/openlane/designs/Tensor/src/systolic_block.v:0$12298'.
No latch inferred for signal `$paramod\systolic_block\N=s32'00000000000000000000000000100000.\s_wires[110]' from process `$paramod\systolic_block\N=s32'00000000000000000000000000100000.$proc$/openlane/designs/Tensor/src/systolic_block.v:0$12298'.
No latch inferred for signal `$paramod\systolic_block\N=s32'00000000000000000000000000100000.\s_wires[111]' from process `$paramod\systolic_block\N=s32'00000000000000000000000000100000.$proc$/openlane/designs/Tensor/src/systolic_block.v:0$12298'.
No latch inferred for signal `$paramod\systolic_block\N=s32'00000000000000000000000000100000.\s_wires[112]' from process `$paramod\systolic_block\N=s32'00000000000000000000000000100000.$proc$/openlane/designs/Tensor/src/systolic_block.v:0$12298'.
No latch inferred for signal `$paramod\systolic_block\N=s32'00000000000000000000000000100000.\s_wires[113]' from process `$paramod\systolic_block\N=s32'00000000000000000000000000100000.$proc$/openlane/designs/Tensor/src/systolic_block.v:0$12298'.
No latch inferred for signal `$paramod\systolic_block\N=s32'00000000000000000000000000100000.\s_wires[114]' from process `$paramod\systolic_block\N=s32'00000000000000000000000000100000.$proc$/openlane/designs/Tensor/src/systolic_block.v:0$12298'.
No latch inferred for signal `$paramod\systolic_block\N=s32'00000000000000000000000000100000.\s_wires[115]' from process `$paramod\systolic_block\N=s32'00000000000000000000000000100000.$proc$/openlane/designs/Tensor/src/systolic_block.v:0$12298'.
No latch inferred for signal `$paramod\systolic_block\N=s32'00000000000000000000000000100000.\s_wires[116]' from process `$paramod\systolic_block\N=s32'00000000000000000000000000100000.$proc$/openlane/designs/Tensor/src/systolic_block.v:0$12298'.
No latch inferred for signal `$paramod\systolic_block\N=s32'00000000000000000000000000100000.\s_wires[117]' from process `$paramod\systolic_block\N=s32'00000000000000000000000000100000.$proc$/openlane/designs/Tensor/src/systolic_block.v:0$12298'.
No latch inferred for signal `$paramod\systolic_block\N=s32'00000000000000000000000000100000.\s_wires[118]' from process `$paramod\systolic_block\N=s32'00000000000000000000000000100000.$proc$/openlane/designs/Tensor/src/systolic_block.v:0$12298'.
No latch inferred for signal `$paramod\systolic_block\N=s32'00000000000000000000000000100000.\s_wires[119]' from process `$paramod\systolic_block\N=s32'00000000000000000000000000100000.$proc$/openlane/designs/Tensor/src/systolic_block.v:0$12298'.
No latch inferred for signal `$paramod\systolic_block\N=s32'00000000000000000000000000100000.\s_wires[120]' from process `$paramod\systolic_block\N=s32'00000000000000000000000000100000.$proc$/openlane/designs/Tensor/src/systolic_block.v:0$12298'.
No latch inferred for signal `$paramod\systolic_block\N=s32'00000000000000000000000000100000.\s_wires[121]' from process `$paramod\systolic_block\N=s32'00000000000000000000000000100000.$proc$/openlane/designs/Tensor/src/systolic_block.v:0$12298'.
No latch inferred for signal `$paramod\systolic_block\N=s32'00000000000000000000000000100000.\s_wires[122]' from process `$paramod\systolic_block\N=s32'00000000000000000000000000100000.$proc$/openlane/designs/Tensor/src/systolic_block.v:0$12298'.
No latch inferred for signal `$paramod\systolic_block\N=s32'00000000000000000000000000100000.\s_wires[123]' from process `$paramod\systolic_block\N=s32'00000000000000000000000000100000.$proc$/openlane/designs/Tensor/src/systolic_block.v:0$12298'.
No latch inferred for signal `$paramod\systolic_block\N=s32'00000000000000000000000000100000.\s_wires[124]' from process `$paramod\systolic_block\N=s32'00000000000000000000000000100000.$proc$/openlane/designs/Tensor/src/systolic_block.v:0$12298'.
No latch inferred for signal `$paramod\systolic_block\N=s32'00000000000000000000000000100000.\s_wires[125]' from process `$paramod\systolic_block\N=s32'00000000000000000000000000100000.$proc$/openlane/designs/Tensor/src/systolic_block.v:0$12298'.
No latch inferred for signal `$paramod\systolic_block\N=s32'00000000000000000000000000100000.\s_wires[126]' from process `$paramod\systolic_block\N=s32'00000000000000000000000000100000.$proc$/openlane/designs/Tensor/src/systolic_block.v:0$12298'.
No latch inferred for signal `$paramod\systolic_block\N=s32'00000000000000000000000000100000.\s_wires[127]' from process `$paramod\systolic_block\N=s32'00000000000000000000000000100000.$proc$/openlane/designs/Tensor/src/systolic_block.v:0$12298'.
No latch inferred for signal `$paramod\systolic_block\N=s32'00000000000000000000000000100000.\s_wires[128]' from process `$paramod\systolic_block\N=s32'00000000000000000000000000100000.$proc$/openlane/designs/Tensor/src/systolic_block.v:0$12298'.
No latch inferred for signal `$paramod\systolic_block\N=s32'00000000000000000000000000100000.\s_wires[129]' from process `$paramod\systolic_block\N=s32'00000000000000000000000000100000.$proc$/openlane/designs/Tensor/src/systolic_block.v:0$12298'.
No latch inferred for signal `$paramod\systolic_block\N=s32'00000000000000000000000000100000.\s_wires[130]' from process `$paramod\systolic_block\N=s32'00000000000000000000000000100000.$proc$/openlane/designs/Tensor/src/systolic_block.v:0$12298'.
No latch inferred for signal `$paramod\systolic_block\N=s32'00000000000000000000000000100000.\s_wires[132]' from process `$paramod\systolic_block\N=s32'00000000000000000000000000100000.$proc$/openlane/designs/Tensor/src/systolic_block.v:0$12298'.
No latch inferred for signal `$paramod\systolic_block\N=s32'00000000000000000000000000100000.\s_wires[133]' from process `$paramod\systolic_block\N=s32'00000000000000000000000000100000.$proc$/openlane/designs/Tensor/src/systolic_block.v:0$12298'.
No latch inferred for signal `$paramod\systolic_block\N=s32'00000000000000000000000000100000.\s_wires[134]' from process `$paramod\systolic_block\N=s32'00000000000000000000000000100000.$proc$/openlane/designs/Tensor/src/systolic_block.v:0$12298'.
No latch inferred for signal `$paramod\systolic_block\N=s32'00000000000000000000000000100000.\s_wires[135]' from process `$paramod\systolic_block\N=s32'00000000000000000000000000100000.$proc$/openlane/designs/Tensor/src/systolic_block.v:0$12298'.
No latch inferred for signal `$paramod\systolic_block\N=s32'00000000000000000000000000100000.\s_wires[136]' from process `$paramod\systolic_block\N=s32'00000000000000000000000000100000.$proc$/openlane/designs/Tensor/src/systolic_block.v:0$12298'.
No latch inferred for signal `$paramod\systolic_block\N=s32'00000000000000000000000000100000.\s_wires[137]' from process `$paramod\systolic_block\N=s32'00000000000000000000000000100000.$proc$/openlane/designs/Tensor/src/systolic_block.v:0$12298'.
No latch inferred for signal `$paramod\systolic_block\N=s32'00000000000000000000000000100000.\s_wires[138]' from process `$paramod\systolic_block\N=s32'00000000000000000000000000100000.$proc$/openlane/designs/Tensor/src/systolic_block.v:0$12298'.
No latch inferred for signal `$paramod\systolic_block\N=s32'00000000000000000000000000100000.\s_wires[139]' from process `$paramod\systolic_block\N=s32'00000000000000000000000000100000.$proc$/openlane/designs/Tensor/src/systolic_block.v:0$12298'.
No latch inferred for signal `$paramod\systolic_block\N=s32'00000000000000000000000000100000.\s_wires[140]' from process `$paramod\systolic_block\N=s32'00000000000000000000000000100000.$proc$/openlane/designs/Tensor/src/systolic_block.v:0$12298'.
No latch inferred for signal `$paramod\systolic_block\N=s32'00000000000000000000000000100000.\s_wires[141]' from process `$paramod\systolic_block\N=s32'00000000000000000000000000100000.$proc$/openlane/designs/Tensor/src/systolic_block.v:0$12298'.
No latch inferred for signal `$paramod\systolic_block\N=s32'00000000000000000000000000100000.\s_wires[142]' from process `$paramod\systolic_block\N=s32'00000000000000000000000000100000.$proc$/openlane/designs/Tensor/src/systolic_block.v:0$12298'.
No latch inferred for signal `$paramod\systolic_block\N=s32'00000000000000000000000000100000.\s_wires[143]' from process `$paramod\systolic_block\N=s32'00000000000000000000000000100000.$proc$/openlane/designs/Tensor/src/systolic_block.v:0$12298'.
No latch inferred for signal `$paramod\systolic_block\N=s32'00000000000000000000000000100000.\s_wires[144]' from process `$paramod\systolic_block\N=s32'00000000000000000000000000100000.$proc$/openlane/designs/Tensor/src/systolic_block.v:0$12298'.
No latch inferred for signal `$paramod\systolic_block\N=s32'00000000000000000000000000100000.\s_wires[145]' from process `$paramod\systolic_block\N=s32'00000000000000000000000000100000.$proc$/openlane/designs/Tensor/src/systolic_block.v:0$12298'.
No latch inferred for signal `$paramod\systolic_block\N=s32'00000000000000000000000000100000.\s_wires[146]' from process `$paramod\systolic_block\N=s32'00000000000000000000000000100000.$proc$/openlane/designs/Tensor/src/systolic_block.v:0$12298'.
No latch inferred for signal `$paramod\systolic_block\N=s32'00000000000000000000000000100000.\s_wires[147]' from process `$paramod\systolic_block\N=s32'00000000000000000000000000100000.$proc$/openlane/designs/Tensor/src/systolic_block.v:0$12298'.
No latch inferred for signal `$paramod\systolic_block\N=s32'00000000000000000000000000100000.\s_wires[148]' from process `$paramod\systolic_block\N=s32'00000000000000000000000000100000.$proc$/openlane/designs/Tensor/src/systolic_block.v:0$12298'.
No latch inferred for signal `$paramod\systolic_block\N=s32'00000000000000000000000000100000.\s_wires[149]' from process `$paramod\systolic_block\N=s32'00000000000000000000000000100000.$proc$/openlane/designs/Tensor/src/systolic_block.v:0$12298'.
No latch inferred for signal `$paramod\systolic_block\N=s32'00000000000000000000000000100000.\s_wires[150]' from process `$paramod\systolic_block\N=s32'00000000000000000000000000100000.$proc$/openlane/designs/Tensor/src/systolic_block.v:0$12298'.
No latch inferred for signal `$paramod\systolic_block\N=s32'00000000000000000000000000100000.\s_wires[151]' from process `$paramod\systolic_block\N=s32'00000000000000000000000000100000.$proc$/openlane/designs/Tensor/src/systolic_block.v:0$12298'.
No latch inferred for signal `$paramod\systolic_block\N=s32'00000000000000000000000000100000.\s_wires[152]' from process `$paramod\systolic_block\N=s32'00000000000000000000000000100000.$proc$/openlane/designs/Tensor/src/systolic_block.v:0$12298'.
No latch inferred for signal `$paramod\systolic_block\N=s32'00000000000000000000000000100000.\s_wires[153]' from process `$paramod\systolic_block\N=s32'00000000000000000000000000100000.$proc$/openlane/designs/Tensor/src/systolic_block.v:0$12298'.
No latch inferred for signal `$paramod\systolic_block\N=s32'00000000000000000000000000100000.\s_wires[154]' from process `$paramod\systolic_block\N=s32'00000000000000000000000000100000.$proc$/openlane/designs/Tensor/src/systolic_block.v:0$12298'.
No latch inferred for signal `$paramod\systolic_block\N=s32'00000000000000000000000000100000.\s_wires[155]' from process `$paramod\systolic_block\N=s32'00000000000000000000000000100000.$proc$/openlane/designs/Tensor/src/systolic_block.v:0$12298'.
No latch inferred for signal `$paramod\systolic_block\N=s32'00000000000000000000000000100000.\s_wires[156]' from process `$paramod\systolic_block\N=s32'00000000000000000000000000100000.$proc$/openlane/designs/Tensor/src/systolic_block.v:0$12298'.
No latch inferred for signal `$paramod\systolic_block\N=s32'00000000000000000000000000100000.\s_wires[157]' from process `$paramod\systolic_block\N=s32'00000000000000000000000000100000.$proc$/openlane/designs/Tensor/src/systolic_block.v:0$12298'.
No latch inferred for signal `$paramod\systolic_block\N=s32'00000000000000000000000000100000.\s_wires[158]' from process `$paramod\systolic_block\N=s32'00000000000000000000000000100000.$proc$/openlane/designs/Tensor/src/systolic_block.v:0$12298'.
No latch inferred for signal `$paramod\systolic_block\N=s32'00000000000000000000000000100000.\s_wires[159]' from process `$paramod\systolic_block\N=s32'00000000000000000000000000100000.$proc$/openlane/designs/Tensor/src/systolic_block.v:0$12298'.
No latch inferred for signal `$paramod\systolic_block\N=s32'00000000000000000000000000100000.\s_wires[160]' from process `$paramod\systolic_block\N=s32'00000000000000000000000000100000.$proc$/openlane/designs/Tensor/src/systolic_block.v:0$12298'.
No latch inferred for signal `$paramod\systolic_block\N=s32'00000000000000000000000000100000.\s_wires[161]' from process `$paramod\systolic_block\N=s32'00000000000000000000000000100000.$proc$/openlane/designs/Tensor/src/systolic_block.v:0$12298'.
No latch inferred for signal `$paramod\systolic_block\N=s32'00000000000000000000000000100000.\s_wires[162]' from process `$paramod\systolic_block\N=s32'00000000000000000000000000100000.$proc$/openlane/designs/Tensor/src/systolic_block.v:0$12298'.
No latch inferred for signal `$paramod\systolic_block\N=s32'00000000000000000000000000100000.\s_wires[163]' from process `$paramod\systolic_block\N=s32'00000000000000000000000000100000.$proc$/openlane/designs/Tensor/src/systolic_block.v:0$12298'.
No latch inferred for signal `$paramod\systolic_block\N=s32'00000000000000000000000000100000.\s_wires[165]' from process `$paramod\systolic_block\N=s32'00000000000000000000000000100000.$proc$/openlane/designs/Tensor/src/systolic_block.v:0$12298'.
No latch inferred for signal `$paramod\systolic_block\N=s32'00000000000000000000000000100000.\s_wires[166]' from process `$paramod\systolic_block\N=s32'00000000000000000000000000100000.$proc$/openlane/designs/Tensor/src/systolic_block.v:0$12298'.
No latch inferred for signal `$paramod\systolic_block\N=s32'00000000000000000000000000100000.\s_wires[167]' from process `$paramod\systolic_block\N=s32'00000000000000000000000000100000.$proc$/openlane/designs/Tensor/src/systolic_block.v:0$12298'.
No latch inferred for signal `$paramod\systolic_block\N=s32'00000000000000000000000000100000.\s_wires[168]' from process `$paramod\systolic_block\N=s32'00000000000000000000000000100000.$proc$/openlane/designs/Tensor/src/systolic_block.v:0$12298'.
No latch inferred for signal `$paramod\systolic_block\N=s32'00000000000000000000000000100000.\s_wires[169]' from process `$paramod\systolic_block\N=s32'00000000000000000000000000100000.$proc$/openlane/designs/Tensor/src/systolic_block.v:0$12298'.
No latch inferred for signal `$paramod\systolic_block\N=s32'00000000000000000000000000100000.\s_wires[170]' from process `$paramod\systolic_block\N=s32'00000000000000000000000000100000.$proc$/openlane/designs/Tensor/src/systolic_block.v:0$12298'.
No latch inferred for signal `$paramod\systolic_block\N=s32'00000000000000000000000000100000.\s_wires[171]' from process `$paramod\systolic_block\N=s32'00000000000000000000000000100000.$proc$/openlane/designs/Tensor/src/systolic_block.v:0$12298'.
No latch inferred for signal `$paramod\systolic_block\N=s32'00000000000000000000000000100000.\s_wires[172]' from process `$paramod\systolic_block\N=s32'00000000000000000000000000100000.$proc$/openlane/designs/Tensor/src/systolic_block.v:0$12298'.
No latch inferred for signal `$paramod\systolic_block\N=s32'00000000000000000000000000100000.\s_wires[173]' from process `$paramod\systolic_block\N=s32'00000000000000000000000000100000.$proc$/openlane/designs/Tensor/src/systolic_block.v:0$12298'.
No latch inferred for signal `$paramod\systolic_block\N=s32'00000000000000000000000000100000.\s_wires[174]' from process `$paramod\systolic_block\N=s32'00000000000000000000000000100000.$proc$/openlane/designs/Tensor/src/systolic_block.v:0$12298'.
No latch inferred for signal `$paramod\systolic_block\N=s32'00000000000000000000000000100000.\s_wires[175]' from process `$paramod\systolic_block\N=s32'00000000000000000000000000100000.$proc$/openlane/designs/Tensor/src/systolic_block.v:0$12298'.
No latch inferred for signal `$paramod\systolic_block\N=s32'00000000000000000000000000100000.\s_wires[176]' from process `$paramod\systolic_block\N=s32'00000000000000000000000000100000.$proc$/openlane/designs/Tensor/src/systolic_block.v:0$12298'.
No latch inferred for signal `$paramod\systolic_block\N=s32'00000000000000000000000000100000.\s_wires[177]' from process `$paramod\systolic_block\N=s32'00000000000000000000000000100000.$proc$/openlane/designs/Tensor/src/systolic_block.v:0$12298'.
No latch inferred for signal `$paramod\systolic_block\N=s32'00000000000000000000000000100000.\s_wires[178]' from process `$paramod\systolic_block\N=s32'00000000000000000000000000100000.$proc$/openlane/designs/Tensor/src/systolic_block.v:0$12298'.
No latch inferred for signal `$paramod\systolic_block\N=s32'00000000000000000000000000100000.\s_wires[179]' from process `$paramod\systolic_block\N=s32'00000000000000000000000000100000.$proc$/openlane/designs/Tensor/src/systolic_block.v:0$12298'.
No latch inferred for signal `$paramod\systolic_block\N=s32'00000000000000000000000000100000.\s_wires[180]' from process `$paramod\systolic_block\N=s32'00000000000000000000000000100000.$proc$/openlane/designs/Tensor/src/systolic_block.v:0$12298'.
No latch inferred for signal `$paramod\systolic_block\N=s32'00000000000000000000000000100000.\s_wires[181]' from process `$paramod\systolic_block\N=s32'00000000000000000000000000100000.$proc$/openlane/designs/Tensor/src/systolic_block.v:0$12298'.
No latch inferred for signal `$paramod\systolic_block\N=s32'00000000000000000000000000100000.\s_wires[182]' from process `$paramod\systolic_block\N=s32'00000000000000000000000000100000.$proc$/openlane/designs/Tensor/src/systolic_block.v:0$12298'.
No latch inferred for signal `$paramod\systolic_block\N=s32'00000000000000000000000000100000.\s_wires[183]' from process `$paramod\systolic_block\N=s32'00000000000000000000000000100000.$proc$/openlane/designs/Tensor/src/systolic_block.v:0$12298'.
No latch inferred for signal `$paramod\systolic_block\N=s32'00000000000000000000000000100000.\s_wires[184]' from process `$paramod\systolic_block\N=s32'00000000000000000000000000100000.$proc$/openlane/designs/Tensor/src/systolic_block.v:0$12298'.
No latch inferred for signal `$paramod\systolic_block\N=s32'00000000000000000000000000100000.\s_wires[185]' from process `$paramod\systolic_block\N=s32'00000000000000000000000000100000.$proc$/openlane/designs/Tensor/src/systolic_block.v:0$12298'.
No latch inferred for signal `$paramod\systolic_block\N=s32'00000000000000000000000000100000.\s_wires[186]' from process `$paramod\systolic_block\N=s32'00000000000000000000000000100000.$proc$/openlane/designs/Tensor/src/systolic_block.v:0$12298'.
No latch inferred for signal `$paramod\systolic_block\N=s32'00000000000000000000000000100000.\s_wires[187]' from process `$paramod\systolic_block\N=s32'00000000000000000000000000100000.$proc$/openlane/designs/Tensor/src/systolic_block.v:0$12298'.
No latch inferred for signal `$paramod\systolic_block\N=s32'00000000000000000000000000100000.\s_wires[188]' from process `$paramod\systolic_block\N=s32'00000000000000000000000000100000.$proc$/openlane/designs/Tensor/src/systolic_block.v:0$12298'.
No latch inferred for signal `$paramod\systolic_block\N=s32'00000000000000000000000000100000.\s_wires[189]' from process `$paramod\systolic_block\N=s32'00000000000000000000000000100000.$proc$/openlane/designs/Tensor/src/systolic_block.v:0$12298'.
No latch inferred for signal `$paramod\systolic_block\N=s32'00000000000000000000000000100000.\s_wires[190]' from process `$paramod\systolic_block\N=s32'00000000000000000000000000100000.$proc$/openlane/designs/Tensor/src/systolic_block.v:0$12298'.
No latch inferred for signal `$paramod\systolic_block\N=s32'00000000000000000000000000100000.\s_wires[191]' from process `$paramod\systolic_block\N=s32'00000000000000000000000000100000.$proc$/openlane/designs/Tensor/src/systolic_block.v:0$12298'.
No latch inferred for signal `$paramod\systolic_block\N=s32'00000000000000000000000000100000.\s_wires[192]' from process `$paramod\systolic_block\N=s32'00000000000000000000000000100000.$proc$/openlane/designs/Tensor/src/systolic_block.v:0$12298'.
No latch inferred for signal `$paramod\systolic_block\N=s32'00000000000000000000000000100000.\s_wires[193]' from process `$paramod\systolic_block\N=s32'00000000000000000000000000100000.$proc$/openlane/designs/Tensor/src/systolic_block.v:0$12298'.
No latch inferred for signal `$paramod\systolic_block\N=s32'00000000000000000000000000100000.\s_wires[194]' from process `$paramod\systolic_block\N=s32'00000000000000000000000000100000.$proc$/openlane/designs/Tensor/src/systolic_block.v:0$12298'.
No latch inferred for signal `$paramod\systolic_block\N=s32'00000000000000000000000000100000.\s_wires[195]' from process `$paramod\systolic_block\N=s32'00000000000000000000000000100000.$proc$/openlane/designs/Tensor/src/systolic_block.v:0$12298'.
No latch inferred for signal `$paramod\systolic_block\N=s32'00000000000000000000000000100000.\s_wires[196]' from process `$paramod\systolic_block\N=s32'00000000000000000000000000100000.$proc$/openlane/designs/Tensor/src/systolic_block.v:0$12298'.
No latch inferred for signal `$paramod\systolic_block\N=s32'00000000000000000000000000100000.\s_wires[198]' from process `$paramod\systolic_block\N=s32'00000000000000000000000000100000.$proc$/openlane/designs/Tensor/src/systolic_block.v:0$12298'.
No latch inferred for signal `$paramod\systolic_block\N=s32'00000000000000000000000000100000.\s_wires[199]' from process `$paramod\systolic_block\N=s32'00000000000000000000000000100000.$proc$/openlane/designs/Tensor/src/systolic_block.v:0$12298'.
No latch inferred for signal `$paramod\systolic_block\N=s32'00000000000000000000000000100000.\s_wires[200]' from process `$paramod\systolic_block\N=s32'00000000000000000000000000100000.$proc$/openlane/designs/Tensor/src/systolic_block.v:0$12298'.
No latch inferred for signal `$paramod\systolic_block\N=s32'00000000000000000000000000100000.\s_wires[201]' from process `$paramod\systolic_block\N=s32'00000000000000000000000000100000.$proc$/openlane/designs/Tensor/src/systolic_block.v:0$12298'.
No latch inferred for signal `$paramod\systolic_block\N=s32'00000000000000000000000000100000.\s_wires[202]' from process `$paramod\systolic_block\N=s32'00000000000000000000000000100000.$proc$/openlane/designs/Tensor/src/systolic_block.v:0$12298'.
No latch inferred for signal `$paramod\systolic_block\N=s32'00000000000000000000000000100000.\s_wires[203]' from process `$paramod\systolic_block\N=s32'00000000000000000000000000100000.$proc$/openlane/designs/Tensor/src/systolic_block.v:0$12298'.
No latch inferred for signal `$paramod\systolic_block\N=s32'00000000000000000000000000100000.\s_wires[204]' from process `$paramod\systolic_block\N=s32'00000000000000000000000000100000.$proc$/openlane/designs/Tensor/src/systolic_block.v:0$12298'.
No latch inferred for signal `$paramod\systolic_block\N=s32'00000000000000000000000000100000.\s_wires[205]' from process `$paramod\systolic_block\N=s32'00000000000000000000000000100000.$proc$/openlane/designs/Tensor/src/systolic_block.v:0$12298'.
No latch inferred for signal `$paramod\systolic_block\N=s32'00000000000000000000000000100000.\s_wires[206]' from process `$paramod\systolic_block\N=s32'00000000000000000000000000100000.$proc$/openlane/designs/Tensor/src/systolic_block.v:0$12298'.
No latch inferred for signal `$paramod\systolic_block\N=s32'00000000000000000000000000100000.\s_wires[207]' from process `$paramod\systolic_block\N=s32'00000000000000000000000000100000.$proc$/openlane/designs/Tensor/src/systolic_block.v:0$12298'.
No latch inferred for signal `$paramod\systolic_block\N=s32'00000000000000000000000000100000.\s_wires[208]' from process `$paramod\systolic_block\N=s32'00000000000000000000000000100000.$proc$/openlane/designs/Tensor/src/systolic_block.v:0$12298'.
No latch inferred for signal `$paramod\systolic_block\N=s32'00000000000000000000000000100000.\s_wires[209]' from process `$paramod\systolic_block\N=s32'00000000000000000000000000100000.$proc$/openlane/designs/Tensor/src/systolic_block.v:0$12298'.
No latch inferred for signal `$paramod\systolic_block\N=s32'00000000000000000000000000100000.\s_wires[210]' from process `$paramod\systolic_block\N=s32'00000000000000000000000000100000.$proc$/openlane/designs/Tensor/src/systolic_block.v:0$12298'.
No latch inferred for signal `$paramod\systolic_block\N=s32'00000000000000000000000000100000.\s_wires[211]' from process `$paramod\systolic_block\N=s32'00000000000000000000000000100000.$proc$/openlane/designs/Tensor/src/systolic_block.v:0$12298'.
No latch inferred for signal `$paramod\systolic_block\N=s32'00000000000000000000000000100000.\s_wires[212]' from process `$paramod\systolic_block\N=s32'00000000000000000000000000100000.$proc$/openlane/designs/Tensor/src/systolic_block.v:0$12298'.
No latch inferred for signal `$paramod\systolic_block\N=s32'00000000000000000000000000100000.\s_wires[213]' from process `$paramod\systolic_block\N=s32'00000000000000000000000000100000.$proc$/openlane/designs/Tensor/src/systolic_block.v:0$12298'.
No latch inferred for signal `$paramod\systolic_block\N=s32'00000000000000000000000000100000.\s_wires[214]' from process `$paramod\systolic_block\N=s32'00000000000000000000000000100000.$proc$/openlane/designs/Tensor/src/systolic_block.v:0$12298'.
No latch inferred for signal `$paramod\systolic_block\N=s32'00000000000000000000000000100000.\s_wires[215]' from process `$paramod\systolic_block\N=s32'00000000000000000000000000100000.$proc$/openlane/designs/Tensor/src/systolic_block.v:0$12298'.
No latch inferred for signal `$paramod\systolic_block\N=s32'00000000000000000000000000100000.\s_wires[216]' from process `$paramod\systolic_block\N=s32'00000000000000000000000000100000.$proc$/openlane/designs/Tensor/src/systolic_block.v:0$12298'.
No latch inferred for signal `$paramod\systolic_block\N=s32'00000000000000000000000000100000.\s_wires[217]' from process `$paramod\systolic_block\N=s32'00000000000000000000000000100000.$proc$/openlane/designs/Tensor/src/systolic_block.v:0$12298'.
No latch inferred for signal `$paramod\systolic_block\N=s32'00000000000000000000000000100000.\s_wires[218]' from process `$paramod\systolic_block\N=s32'00000000000000000000000000100000.$proc$/openlane/designs/Tensor/src/systolic_block.v:0$12298'.
No latch inferred for signal `$paramod\systolic_block\N=s32'00000000000000000000000000100000.\s_wires[219]' from process `$paramod\systolic_block\N=s32'00000000000000000000000000100000.$proc$/openlane/designs/Tensor/src/systolic_block.v:0$12298'.
No latch inferred for signal `$paramod\systolic_block\N=s32'00000000000000000000000000100000.\s_wires[220]' from process `$paramod\systolic_block\N=s32'00000000000000000000000000100000.$proc$/openlane/designs/Tensor/src/systolic_block.v:0$12298'.
No latch inferred for signal `$paramod\systolic_block\N=s32'00000000000000000000000000100000.\s_wires[221]' from process `$paramod\systolic_block\N=s32'00000000000000000000000000100000.$proc$/openlane/designs/Tensor/src/systolic_block.v:0$12298'.
No latch inferred for signal `$paramod\systolic_block\N=s32'00000000000000000000000000100000.\s_wires[222]' from process `$paramod\systolic_block\N=s32'00000000000000000000000000100000.$proc$/openlane/designs/Tensor/src/systolic_block.v:0$12298'.
No latch inferred for signal `$paramod\systolic_block\N=s32'00000000000000000000000000100000.\s_wires[223]' from process `$paramod\systolic_block\N=s32'00000000000000000000000000100000.$proc$/openlane/designs/Tensor/src/systolic_block.v:0$12298'.
No latch inferred for signal `$paramod\systolic_block\N=s32'00000000000000000000000000100000.\s_wires[224]' from process `$paramod\systolic_block\N=s32'00000000000000000000000000100000.$proc$/openlane/designs/Tensor/src/systolic_block.v:0$12298'.
No latch inferred for signal `$paramod\systolic_block\N=s32'00000000000000000000000000100000.\s_wires[225]' from process `$paramod\systolic_block\N=s32'00000000000000000000000000100000.$proc$/openlane/designs/Tensor/src/systolic_block.v:0$12298'.
No latch inferred for signal `$paramod\systolic_block\N=s32'00000000000000000000000000100000.\s_wires[226]' from process `$paramod\systolic_block\N=s32'00000000000000000000000000100000.$proc$/openlane/designs/Tensor/src/systolic_block.v:0$12298'.
No latch inferred for signal `$paramod\systolic_block\N=s32'00000000000000000000000000100000.\s_wires[227]' from process `$paramod\systolic_block\N=s32'00000000000000000000000000100000.$proc$/openlane/designs/Tensor/src/systolic_block.v:0$12298'.
No latch inferred for signal `$paramod\systolic_block\N=s32'00000000000000000000000000100000.\s_wires[228]' from process `$paramod\systolic_block\N=s32'00000000000000000000000000100000.$proc$/openlane/designs/Tensor/src/systolic_block.v:0$12298'.
No latch inferred for signal `$paramod\systolic_block\N=s32'00000000000000000000000000100000.\s_wires[229]' from process `$paramod\systolic_block\N=s32'00000000000000000000000000100000.$proc$/openlane/designs/Tensor/src/systolic_block.v:0$12298'.
No latch inferred for signal `$paramod\systolic_block\N=s32'00000000000000000000000000100000.\s_wires[231]' from process `$paramod\systolic_block\N=s32'00000000000000000000000000100000.$proc$/openlane/designs/Tensor/src/systolic_block.v:0$12298'.
No latch inferred for signal `$paramod\systolic_block\N=s32'00000000000000000000000000100000.\s_wires[232]' from process `$paramod\systolic_block\N=s32'00000000000000000000000000100000.$proc$/openlane/designs/Tensor/src/systolic_block.v:0$12298'.
No latch inferred for signal `$paramod\systolic_block\N=s32'00000000000000000000000000100000.\s_wires[233]' from process `$paramod\systolic_block\N=s32'00000000000000000000000000100000.$proc$/openlane/designs/Tensor/src/systolic_block.v:0$12298'.
No latch inferred for signal `$paramod\systolic_block\N=s32'00000000000000000000000000100000.\s_wires[234]' from process `$paramod\systolic_block\N=s32'00000000000000000000000000100000.$proc$/openlane/designs/Tensor/src/systolic_block.v:0$12298'.
No latch inferred for signal `$paramod\systolic_block\N=s32'00000000000000000000000000100000.\s_wires[235]' from process `$paramod\systolic_block\N=s32'00000000000000000000000000100000.$proc$/openlane/designs/Tensor/src/systolic_block.v:0$12298'.
No latch inferred for signal `$paramod\systolic_block\N=s32'00000000000000000000000000100000.\s_wires[236]' from process `$paramod\systolic_block\N=s32'00000000000000000000000000100000.$proc$/openlane/designs/Tensor/src/systolic_block.v:0$12298'.
No latch inferred for signal `$paramod\systolic_block\N=s32'00000000000000000000000000100000.\s_wires[237]' from process `$paramod\systolic_block\N=s32'00000000000000000000000000100000.$proc$/openlane/designs/Tensor/src/systolic_block.v:0$12298'.
No latch inferred for signal `$paramod\systolic_block\N=s32'00000000000000000000000000100000.\s_wires[238]' from process `$paramod\systolic_block\N=s32'00000000000000000000000000100000.$proc$/openlane/designs/Tensor/src/systolic_block.v:0$12298'.
No latch inferred for signal `$paramod\systolic_block\N=s32'00000000000000000000000000100000.\s_wires[239]' from process `$paramod\systolic_block\N=s32'00000000000000000000000000100000.$proc$/openlane/designs/Tensor/src/systolic_block.v:0$12298'.
No latch inferred for signal `$paramod\systolic_block\N=s32'00000000000000000000000000100000.\s_wires[240]' from process `$paramod\systolic_block\N=s32'00000000000000000000000000100000.$proc$/openlane/designs/Tensor/src/systolic_block.v:0$12298'.
No latch inferred for signal `$paramod\systolic_block\N=s32'00000000000000000000000000100000.\s_wires[241]' from process `$paramod\systolic_block\N=s32'00000000000000000000000000100000.$proc$/openlane/designs/Tensor/src/systolic_block.v:0$12298'.
No latch inferred for signal `$paramod\systolic_block\N=s32'00000000000000000000000000100000.\s_wires[242]' from process `$paramod\systolic_block\N=s32'00000000000000000000000000100000.$proc$/openlane/designs/Tensor/src/systolic_block.v:0$12298'.
No latch inferred for signal `$paramod\systolic_block\N=s32'00000000000000000000000000100000.\s_wires[243]' from process `$paramod\systolic_block\N=s32'00000000000000000000000000100000.$proc$/openlane/designs/Tensor/src/systolic_block.v:0$12298'.
No latch inferred for signal `$paramod\systolic_block\N=s32'00000000000000000000000000100000.\s_wires[244]' from process `$paramod\systolic_block\N=s32'00000000000000000000000000100000.$proc$/openlane/designs/Tensor/src/systolic_block.v:0$12298'.
No latch inferred for signal `$paramod\systolic_block\N=s32'00000000000000000000000000100000.\s_wires[245]' from process `$paramod\systolic_block\N=s32'00000000000000000000000000100000.$proc$/openlane/designs/Tensor/src/systolic_block.v:0$12298'.
No latch inferred for signal `$paramod\systolic_block\N=s32'00000000000000000000000000100000.\s_wires[246]' from process `$paramod\systolic_block\N=s32'00000000000000000000000000100000.$proc$/openlane/designs/Tensor/src/systolic_block.v:0$12298'.
No latch inferred for signal `$paramod\systolic_block\N=s32'00000000000000000000000000100000.\s_wires[247]' from process `$paramod\systolic_block\N=s32'00000000000000000000000000100000.$proc$/openlane/designs/Tensor/src/systolic_block.v:0$12298'.
No latch inferred for signal `$paramod\systolic_block\N=s32'00000000000000000000000000100000.\s_wires[248]' from process `$paramod\systolic_block\N=s32'00000000000000000000000000100000.$proc$/openlane/designs/Tensor/src/systolic_block.v:0$12298'.
No latch inferred for signal `$paramod\systolic_block\N=s32'00000000000000000000000000100000.\s_wires[249]' from process `$paramod\systolic_block\N=s32'00000000000000000000000000100000.$proc$/openlane/designs/Tensor/src/systolic_block.v:0$12298'.
No latch inferred for signal `$paramod\systolic_block\N=s32'00000000000000000000000000100000.\s_wires[250]' from process `$paramod\systolic_block\N=s32'00000000000000000000000000100000.$proc$/openlane/designs/Tensor/src/systolic_block.v:0$12298'.
No latch inferred for signal `$paramod\systolic_block\N=s32'00000000000000000000000000100000.\s_wires[251]' from process `$paramod\systolic_block\N=s32'00000000000000000000000000100000.$proc$/openlane/designs/Tensor/src/systolic_block.v:0$12298'.
No latch inferred for signal `$paramod\systolic_block\N=s32'00000000000000000000000000100000.\s_wires[252]' from process `$paramod\systolic_block\N=s32'00000000000000000000000000100000.$proc$/openlane/designs/Tensor/src/systolic_block.v:0$12298'.
No latch inferred for signal `$paramod\systolic_block\N=s32'00000000000000000000000000100000.\s_wires[253]' from process `$paramod\systolic_block\N=s32'00000000000000000000000000100000.$proc$/openlane/designs/Tensor/src/systolic_block.v:0$12298'.
No latch inferred for signal `$paramod\systolic_block\N=s32'00000000000000000000000000100000.\s_wires[254]' from process `$paramod\systolic_block\N=s32'00000000000000000000000000100000.$proc$/openlane/designs/Tensor/src/systolic_block.v:0$12298'.
No latch inferred for signal `$paramod\systolic_block\N=s32'00000000000000000000000000100000.\s_wires[255]' from process `$paramod\systolic_block\N=s32'00000000000000000000000000100000.$proc$/openlane/designs/Tensor/src/systolic_block.v:0$12298'.
No latch inferred for signal `$paramod\systolic_block\N=s32'00000000000000000000000000100000.\s_wires[256]' from process `$paramod\systolic_block\N=s32'00000000000000000000000000100000.$proc$/openlane/designs/Tensor/src/systolic_block.v:0$12298'.
No latch inferred for signal `$paramod\systolic_block\N=s32'00000000000000000000000000100000.\s_wires[257]' from process `$paramod\systolic_block\N=s32'00000000000000000000000000100000.$proc$/openlane/designs/Tensor/src/systolic_block.v:0$12298'.
No latch inferred for signal `$paramod\systolic_block\N=s32'00000000000000000000000000100000.\s_wires[258]' from process `$paramod\systolic_block\N=s32'00000000000000000000000000100000.$proc$/openlane/designs/Tensor/src/systolic_block.v:0$12298'.
No latch inferred for signal `$paramod\systolic_block\N=s32'00000000000000000000000000100000.\s_wires[259]' from process `$paramod\systolic_block\N=s32'00000000000000000000000000100000.$proc$/openlane/designs/Tensor/src/systolic_block.v:0$12298'.
No latch inferred for signal `$paramod\systolic_block\N=s32'00000000000000000000000000100000.\s_wires[260]' from process `$paramod\systolic_block\N=s32'00000000000000000000000000100000.$proc$/openlane/designs/Tensor/src/systolic_block.v:0$12298'.
No latch inferred for signal `$paramod\systolic_block\N=s32'00000000000000000000000000100000.\s_wires[261]' from process `$paramod\systolic_block\N=s32'00000000000000000000000000100000.$proc$/openlane/designs/Tensor/src/systolic_block.v:0$12298'.
No latch inferred for signal `$paramod\systolic_block\N=s32'00000000000000000000000000100000.\s_wires[262]' from process `$paramod\systolic_block\N=s32'00000000000000000000000000100000.$proc$/openlane/designs/Tensor/src/systolic_block.v:0$12298'.
No latch inferred for signal `$paramod\systolic_block\N=s32'00000000000000000000000000100000.\s_wires[264]' from process `$paramod\systolic_block\N=s32'00000000000000000000000000100000.$proc$/openlane/designs/Tensor/src/systolic_block.v:0$12298'.
No latch inferred for signal `$paramod\systolic_block\N=s32'00000000000000000000000000100000.\s_wires[265]' from process `$paramod\systolic_block\N=s32'00000000000000000000000000100000.$proc$/openlane/designs/Tensor/src/systolic_block.v:0$12298'.
No latch inferred for signal `$paramod\systolic_block\N=s32'00000000000000000000000000100000.\s_wires[266]' from process `$paramod\systolic_block\N=s32'00000000000000000000000000100000.$proc$/openlane/designs/Tensor/src/systolic_block.v:0$12298'.
No latch inferred for signal `$paramod\systolic_block\N=s32'00000000000000000000000000100000.\s_wires[267]' from process `$paramod\systolic_block\N=s32'00000000000000000000000000100000.$proc$/openlane/designs/Tensor/src/systolic_block.v:0$12298'.
No latch inferred for signal `$paramod\systolic_block\N=s32'00000000000000000000000000100000.\s_wires[268]' from process `$paramod\systolic_block\N=s32'00000000000000000000000000100000.$proc$/openlane/designs/Tensor/src/systolic_block.v:0$12298'.
No latch inferred for signal `$paramod\systolic_block\N=s32'00000000000000000000000000100000.\s_wires[269]' from process `$paramod\systolic_block\N=s32'00000000000000000000000000100000.$proc$/openlane/designs/Tensor/src/systolic_block.v:0$12298'.
No latch inferred for signal `$paramod\systolic_block\N=s32'00000000000000000000000000100000.\s_wires[270]' from process `$paramod\systolic_block\N=s32'00000000000000000000000000100000.$proc$/openlane/designs/Tensor/src/systolic_block.v:0$12298'.
No latch inferred for signal `$paramod\systolic_block\N=s32'00000000000000000000000000100000.\s_wires[271]' from process `$paramod\systolic_block\N=s32'00000000000000000000000000100000.$proc$/openlane/designs/Tensor/src/systolic_block.v:0$12298'.
No latch inferred for signal `$paramod\systolic_block\N=s32'00000000000000000000000000100000.\s_wires[272]' from process `$paramod\systolic_block\N=s32'00000000000000000000000000100000.$proc$/openlane/designs/Tensor/src/systolic_block.v:0$12298'.
No latch inferred for signal `$paramod\systolic_block\N=s32'00000000000000000000000000100000.\s_wires[273]' from process `$paramod\systolic_block\N=s32'00000000000000000000000000100000.$proc$/openlane/designs/Tensor/src/systolic_block.v:0$12298'.
No latch inferred for signal `$paramod\systolic_block\N=s32'00000000000000000000000000100000.\s_wires[274]' from process `$paramod\systolic_block\N=s32'00000000000000000000000000100000.$proc$/openlane/designs/Tensor/src/systolic_block.v:0$12298'.
No latch inferred for signal `$paramod\systolic_block\N=s32'00000000000000000000000000100000.\s_wires[275]' from process `$paramod\systolic_block\N=s32'00000000000000000000000000100000.$proc$/openlane/designs/Tensor/src/systolic_block.v:0$12298'.
No latch inferred for signal `$paramod\systolic_block\N=s32'00000000000000000000000000100000.\s_wires[276]' from process `$paramod\systolic_block\N=s32'00000000000000000000000000100000.$proc$/openlane/designs/Tensor/src/systolic_block.v:0$12298'.
No latch inferred for signal `$paramod\systolic_block\N=s32'00000000000000000000000000100000.\s_wires[277]' from process `$paramod\systolic_block\N=s32'00000000000000000000000000100000.$proc$/openlane/designs/Tensor/src/systolic_block.v:0$12298'.
No latch inferred for signal `$paramod\systolic_block\N=s32'00000000000000000000000000100000.\s_wires[278]' from process `$paramod\systolic_block\N=s32'00000000000000000000000000100000.$proc$/openlane/designs/Tensor/src/systolic_block.v:0$12298'.
No latch inferred for signal `$paramod\systolic_block\N=s32'00000000000000000000000000100000.\s_wires[279]' from process `$paramod\systolic_block\N=s32'00000000000000000000000000100000.$proc$/openlane/designs/Tensor/src/systolic_block.v:0$12298'.
No latch inferred for signal `$paramod\systolic_block\N=s32'00000000000000000000000000100000.\s_wires[280]' from process `$paramod\systolic_block\N=s32'00000000000000000000000000100000.$proc$/openlane/designs/Tensor/src/systolic_block.v:0$12298'.
No latch inferred for signal `$paramod\systolic_block\N=s32'00000000000000000000000000100000.\s_wires[281]' from process `$paramod\systolic_block\N=s32'00000000000000000000000000100000.$proc$/openlane/designs/Tensor/src/systolic_block.v:0$12298'.
No latch inferred for signal `$paramod\systolic_block\N=s32'00000000000000000000000000100000.\s_wires[282]' from process `$paramod\systolic_block\N=s32'00000000000000000000000000100000.$proc$/openlane/designs/Tensor/src/systolic_block.v:0$12298'.
No latch inferred for signal `$paramod\systolic_block\N=s32'00000000000000000000000000100000.\s_wires[283]' from process `$paramod\systolic_block\N=s32'00000000000000000000000000100000.$proc$/openlane/designs/Tensor/src/systolic_block.v:0$12298'.
No latch inferred for signal `$paramod\systolic_block\N=s32'00000000000000000000000000100000.\s_wires[284]' from process `$paramod\systolic_block\N=s32'00000000000000000000000000100000.$proc$/openlane/designs/Tensor/src/systolic_block.v:0$12298'.
No latch inferred for signal `$paramod\systolic_block\N=s32'00000000000000000000000000100000.\s_wires[285]' from process `$paramod\systolic_block\N=s32'00000000000000000000000000100000.$proc$/openlane/designs/Tensor/src/systolic_block.v:0$12298'.
No latch inferred for signal `$paramod\systolic_block\N=s32'00000000000000000000000000100000.\s_wires[286]' from process `$paramod\systolic_block\N=s32'00000000000000000000000000100000.$proc$/openlane/designs/Tensor/src/systolic_block.v:0$12298'.
No latch inferred for signal `$paramod\systolic_block\N=s32'00000000000000000000000000100000.\s_wires[287]' from process `$paramod\systolic_block\N=s32'00000000000000000000000000100000.$proc$/openlane/designs/Tensor/src/systolic_block.v:0$12298'.
No latch inferred for signal `$paramod\systolic_block\N=s32'00000000000000000000000000100000.\s_wires[288]' from process `$paramod\systolic_block\N=s32'00000000000000000000000000100000.$proc$/openlane/designs/Tensor/src/systolic_block.v:0$12298'.
No latch inferred for signal `$paramod\systolic_block\N=s32'00000000000000000000000000100000.\s_wires[289]' from process `$paramod\systolic_block\N=s32'00000000000000000000000000100000.$proc$/openlane/designs/Tensor/src/systolic_block.v:0$12298'.
No latch inferred for signal `$paramod\systolic_block\N=s32'00000000000000000000000000100000.\s_wires[290]' from process `$paramod\systolic_block\N=s32'00000000000000000000000000100000.$proc$/openlane/designs/Tensor/src/systolic_block.v:0$12298'.
No latch inferred for signal `$paramod\systolic_block\N=s32'00000000000000000000000000100000.\s_wires[291]' from process `$paramod\systolic_block\N=s32'00000000000000000000000000100000.$proc$/openlane/designs/Tensor/src/systolic_block.v:0$12298'.
No latch inferred for signal `$paramod\systolic_block\N=s32'00000000000000000000000000100000.\s_wires[292]' from process `$paramod\systolic_block\N=s32'00000000000000000000000000100000.$proc$/openlane/designs/Tensor/src/systolic_block.v:0$12298'.
No latch inferred for signal `$paramod\systolic_block\N=s32'00000000000000000000000000100000.\s_wires[293]' from process `$paramod\systolic_block\N=s32'00000000000000000000000000100000.$proc$/openlane/designs/Tensor/src/systolic_block.v:0$12298'.
No latch inferred for signal `$paramod\systolic_block\N=s32'00000000000000000000000000100000.\s_wires[294]' from process `$paramod\systolic_block\N=s32'00000000000000000000000000100000.$proc$/openlane/designs/Tensor/src/systolic_block.v:0$12298'.
No latch inferred for signal `$paramod\systolic_block\N=s32'00000000000000000000000000100000.\s_wires[295]' from process `$paramod\systolic_block\N=s32'00000000000000000000000000100000.$proc$/openlane/designs/Tensor/src/systolic_block.v:0$12298'.
No latch inferred for signal `$paramod\systolic_block\N=s32'00000000000000000000000000100000.\s_wires[297]' from process `$paramod\systolic_block\N=s32'00000000000000000000000000100000.$proc$/openlane/designs/Tensor/src/systolic_block.v:0$12298'.
No latch inferred for signal `$paramod\systolic_block\N=s32'00000000000000000000000000100000.\s_wires[298]' from process `$paramod\systolic_block\N=s32'00000000000000000000000000100000.$proc$/openlane/designs/Tensor/src/systolic_block.v:0$12298'.
No latch inferred for signal `$paramod\systolic_block\N=s32'00000000000000000000000000100000.\s_wires[299]' from process `$paramod\systolic_block\N=s32'00000000000000000000000000100000.$proc$/openlane/designs/Tensor/src/systolic_block.v:0$12298'.
No latch inferred for signal `$paramod\systolic_block\N=s32'00000000000000000000000000100000.\s_wires[300]' from process `$paramod\systolic_block\N=s32'00000000000000000000000000100000.$proc$/openlane/designs/Tensor/src/systolic_block.v:0$12298'.
No latch inferred for signal `$paramod\systolic_block\N=s32'00000000000000000000000000100000.\s_wires[301]' from process `$paramod\systolic_block\N=s32'00000000000000000000000000100000.$proc$/openlane/designs/Tensor/src/systolic_block.v:0$12298'.
No latch inferred for signal `$paramod\systolic_block\N=s32'00000000000000000000000000100000.\s_wires[302]' from process `$paramod\systolic_block\N=s32'00000000000000000000000000100000.$proc$/openlane/designs/Tensor/src/systolic_block.v:0$12298'.
No latch inferred for signal `$paramod\systolic_block\N=s32'00000000000000000000000000100000.\s_wires[303]' from process `$paramod\systolic_block\N=s32'00000000000000000000000000100000.$proc$/openlane/designs/Tensor/src/systolic_block.v:0$12298'.
No latch inferred for signal `$paramod\systolic_block\N=s32'00000000000000000000000000100000.\s_wires[304]' from process `$paramod\systolic_block\N=s32'00000000000000000000000000100000.$proc$/openlane/designs/Tensor/src/systolic_block.v:0$12298'.
No latch inferred for signal `$paramod\systolic_block\N=s32'00000000000000000000000000100000.\s_wires[305]' from process `$paramod\systolic_block\N=s32'00000000000000000000000000100000.$proc$/openlane/designs/Tensor/src/systolic_block.v:0$12298'.
No latch inferred for signal `$paramod\systolic_block\N=s32'00000000000000000000000000100000.\s_wires[306]' from process `$paramod\systolic_block\N=s32'00000000000000000000000000100000.$proc$/openlane/designs/Tensor/src/systolic_block.v:0$12298'.
No latch inferred for signal `$paramod\systolic_block\N=s32'00000000000000000000000000100000.\s_wires[307]' from process `$paramod\systolic_block\N=s32'00000000000000000000000000100000.$proc$/openlane/designs/Tensor/src/systolic_block.v:0$12298'.
No latch inferred for signal `$paramod\systolic_block\N=s32'00000000000000000000000000100000.\s_wires[308]' from process `$paramod\systolic_block\N=s32'00000000000000000000000000100000.$proc$/openlane/designs/Tensor/src/systolic_block.v:0$12298'.
No latch inferred for signal `$paramod\systolic_block\N=s32'00000000000000000000000000100000.\s_wires[309]' from process `$paramod\systolic_block\N=s32'00000000000000000000000000100000.$proc$/openlane/designs/Tensor/src/systolic_block.v:0$12298'.
No latch inferred for signal `$paramod\systolic_block\N=s32'00000000000000000000000000100000.\s_wires[310]' from process `$paramod\systolic_block\N=s32'00000000000000000000000000100000.$proc$/openlane/designs/Tensor/src/systolic_block.v:0$12298'.
No latch inferred for signal `$paramod\systolic_block\N=s32'00000000000000000000000000100000.\s_wires[311]' from process `$paramod\systolic_block\N=s32'00000000000000000000000000100000.$proc$/openlane/designs/Tensor/src/systolic_block.v:0$12298'.
No latch inferred for signal `$paramod\systolic_block\N=s32'00000000000000000000000000100000.\s_wires[312]' from process `$paramod\systolic_block\N=s32'00000000000000000000000000100000.$proc$/openlane/designs/Tensor/src/systolic_block.v:0$12298'.
No latch inferred for signal `$paramod\systolic_block\N=s32'00000000000000000000000000100000.\s_wires[313]' from process `$paramod\systolic_block\N=s32'00000000000000000000000000100000.$proc$/openlane/designs/Tensor/src/systolic_block.v:0$12298'.
No latch inferred for signal `$paramod\systolic_block\N=s32'00000000000000000000000000100000.\s_wires[314]' from process `$paramod\systolic_block\N=s32'00000000000000000000000000100000.$proc$/openlane/designs/Tensor/src/systolic_block.v:0$12298'.
No latch inferred for signal `$paramod\systolic_block\N=s32'00000000000000000000000000100000.\s_wires[315]' from process `$paramod\systolic_block\N=s32'00000000000000000000000000100000.$proc$/openlane/designs/Tensor/src/systolic_block.v:0$12298'.
No latch inferred for signal `$paramod\systolic_block\N=s32'00000000000000000000000000100000.\s_wires[316]' from process `$paramod\systolic_block\N=s32'00000000000000000000000000100000.$proc$/openlane/designs/Tensor/src/systolic_block.v:0$12298'.
No latch inferred for signal `$paramod\systolic_block\N=s32'00000000000000000000000000100000.\s_wires[317]' from process `$paramod\systolic_block\N=s32'00000000000000000000000000100000.$proc$/openlane/designs/Tensor/src/systolic_block.v:0$12298'.
No latch inferred for signal `$paramod\systolic_block\N=s32'00000000000000000000000000100000.\s_wires[318]' from process `$paramod\systolic_block\N=s32'00000000000000000000000000100000.$proc$/openlane/designs/Tensor/src/systolic_block.v:0$12298'.
No latch inferred for signal `$paramod\systolic_block\N=s32'00000000000000000000000000100000.\s_wires[319]' from process `$paramod\systolic_block\N=s32'00000000000000000000000000100000.$proc$/openlane/designs/Tensor/src/systolic_block.v:0$12298'.
No latch inferred for signal `$paramod\systolic_block\N=s32'00000000000000000000000000100000.\s_wires[320]' from process `$paramod\systolic_block\N=s32'00000000000000000000000000100000.$proc$/openlane/designs/Tensor/src/systolic_block.v:0$12298'.
No latch inferred for signal `$paramod\systolic_block\N=s32'00000000000000000000000000100000.\s_wires[321]' from process `$paramod\systolic_block\N=s32'00000000000000000000000000100000.$proc$/openlane/designs/Tensor/src/systolic_block.v:0$12298'.
No latch inferred for signal `$paramod\systolic_block\N=s32'00000000000000000000000000100000.\s_wires[322]' from process `$paramod\systolic_block\N=s32'00000000000000000000000000100000.$proc$/openlane/designs/Tensor/src/systolic_block.v:0$12298'.
No latch inferred for signal `$paramod\systolic_block\N=s32'00000000000000000000000000100000.\s_wires[323]' from process `$paramod\systolic_block\N=s32'00000000000000000000000000100000.$proc$/openlane/designs/Tensor/src/systolic_block.v:0$12298'.
No latch inferred for signal `$paramod\systolic_block\N=s32'00000000000000000000000000100000.\s_wires[324]' from process `$paramod\systolic_block\N=s32'00000000000000000000000000100000.$proc$/openlane/designs/Tensor/src/systolic_block.v:0$12298'.
No latch inferred for signal `$paramod\systolic_block\N=s32'00000000000000000000000000100000.\s_wires[325]' from process `$paramod\systolic_block\N=s32'00000000000000000000000000100000.$proc$/openlane/designs/Tensor/src/systolic_block.v:0$12298'.
No latch inferred for signal `$paramod\systolic_block\N=s32'00000000000000000000000000100000.\s_wires[326]' from process `$paramod\systolic_block\N=s32'00000000000000000000000000100000.$proc$/openlane/designs/Tensor/src/systolic_block.v:0$12298'.
No latch inferred for signal `$paramod\systolic_block\N=s32'00000000000000000000000000100000.\s_wires[327]' from process `$paramod\systolic_block\N=s32'00000000000000000000000000100000.$proc$/openlane/designs/Tensor/src/systolic_block.v:0$12298'.
No latch inferred for signal `$paramod\systolic_block\N=s32'00000000000000000000000000100000.\s_wires[328]' from process `$paramod\systolic_block\N=s32'00000000000000000000000000100000.$proc$/openlane/designs/Tensor/src/systolic_block.v:0$12298'.
No latch inferred for signal `$paramod\systolic_block\N=s32'00000000000000000000000000100000.\s_wires[330]' from process `$paramod\systolic_block\N=s32'00000000000000000000000000100000.$proc$/openlane/designs/Tensor/src/systolic_block.v:0$12298'.
No latch inferred for signal `$paramod\systolic_block\N=s32'00000000000000000000000000100000.\s_wires[331]' from process `$paramod\systolic_block\N=s32'00000000000000000000000000100000.$proc$/openlane/designs/Tensor/src/systolic_block.v:0$12298'.
No latch inferred for signal `$paramod\systolic_block\N=s32'00000000000000000000000000100000.\s_wires[332]' from process `$paramod\systolic_block\N=s32'00000000000000000000000000100000.$proc$/openlane/designs/Tensor/src/systolic_block.v:0$12298'.
No latch inferred for signal `$paramod\systolic_block\N=s32'00000000000000000000000000100000.\s_wires[333]' from process `$paramod\systolic_block\N=s32'00000000000000000000000000100000.$proc$/openlane/designs/Tensor/src/systolic_block.v:0$12298'.
No latch inferred for signal `$paramod\systolic_block\N=s32'00000000000000000000000000100000.\s_wires[334]' from process `$paramod\systolic_block\N=s32'00000000000000000000000000100000.$proc$/openlane/designs/Tensor/src/systolic_block.v:0$12298'.
No latch inferred for signal `$paramod\systolic_block\N=s32'00000000000000000000000000100000.\s_wires[335]' from process `$paramod\systolic_block\N=s32'00000000000000000000000000100000.$proc$/openlane/designs/Tensor/src/systolic_block.v:0$12298'.
No latch inferred for signal `$paramod\systolic_block\N=s32'00000000000000000000000000100000.\s_wires[336]' from process `$paramod\systolic_block\N=s32'00000000000000000000000000100000.$proc$/openlane/designs/Tensor/src/systolic_block.v:0$12298'.
No latch inferred for signal `$paramod\systolic_block\N=s32'00000000000000000000000000100000.\s_wires[337]' from process `$paramod\systolic_block\N=s32'00000000000000000000000000100000.$proc$/openlane/designs/Tensor/src/systolic_block.v:0$12298'.
No latch inferred for signal `$paramod\systolic_block\N=s32'00000000000000000000000000100000.\s_wires[338]' from process `$paramod\systolic_block\N=s32'00000000000000000000000000100000.$proc$/openlane/designs/Tensor/src/systolic_block.v:0$12298'.
No latch inferred for signal `$paramod\systolic_block\N=s32'00000000000000000000000000100000.\s_wires[339]' from process `$paramod\systolic_block\N=s32'00000000000000000000000000100000.$proc$/openlane/designs/Tensor/src/systolic_block.v:0$12298'.
No latch inferred for signal `$paramod\systolic_block\N=s32'00000000000000000000000000100000.\s_wires[340]' from process `$paramod\systolic_block\N=s32'00000000000000000000000000100000.$proc$/openlane/designs/Tensor/src/systolic_block.v:0$12298'.
No latch inferred for signal `$paramod\systolic_block\N=s32'00000000000000000000000000100000.\s_wires[341]' from process `$paramod\systolic_block\N=s32'00000000000000000000000000100000.$proc$/openlane/designs/Tensor/src/systolic_block.v:0$12298'.
No latch inferred for signal `$paramod\systolic_block\N=s32'00000000000000000000000000100000.\s_wires[342]' from process `$paramod\systolic_block\N=s32'00000000000000000000000000100000.$proc$/openlane/designs/Tensor/src/systolic_block.v:0$12298'.
No latch inferred for signal `$paramod\systolic_block\N=s32'00000000000000000000000000100000.\s_wires[343]' from process `$paramod\systolic_block\N=s32'00000000000000000000000000100000.$proc$/openlane/designs/Tensor/src/systolic_block.v:0$12298'.
No latch inferred for signal `$paramod\systolic_block\N=s32'00000000000000000000000000100000.\s_wires[344]' from process `$paramod\systolic_block\N=s32'00000000000000000000000000100000.$proc$/openlane/designs/Tensor/src/systolic_block.v:0$12298'.
No latch inferred for signal `$paramod\systolic_block\N=s32'00000000000000000000000000100000.\s_wires[345]' from process `$paramod\systolic_block\N=s32'00000000000000000000000000100000.$proc$/openlane/designs/Tensor/src/systolic_block.v:0$12298'.
No latch inferred for signal `$paramod\systolic_block\N=s32'00000000000000000000000000100000.\s_wires[346]' from process `$paramod\systolic_block\N=s32'00000000000000000000000000100000.$proc$/openlane/designs/Tensor/src/systolic_block.v:0$12298'.
No latch inferred for signal `$paramod\systolic_block\N=s32'00000000000000000000000000100000.\s_wires[347]' from process `$paramod\systolic_block\N=s32'00000000000000000000000000100000.$proc$/openlane/designs/Tensor/src/systolic_block.v:0$12298'.
No latch inferred for signal `$paramod\systolic_block\N=s32'00000000000000000000000000100000.\s_wires[348]' from process `$paramod\systolic_block\N=s32'00000000000000000000000000100000.$proc$/openlane/designs/Tensor/src/systolic_block.v:0$12298'.
No latch inferred for signal `$paramod\systolic_block\N=s32'00000000000000000000000000100000.\s_wires[349]' from process `$paramod\systolic_block\N=s32'00000000000000000000000000100000.$proc$/openlane/designs/Tensor/src/systolic_block.v:0$12298'.
No latch inferred for signal `$paramod\systolic_block\N=s32'00000000000000000000000000100000.\s_wires[350]' from process `$paramod\systolic_block\N=s32'00000000000000000000000000100000.$proc$/openlane/designs/Tensor/src/systolic_block.v:0$12298'.
No latch inferred for signal `$paramod\systolic_block\N=s32'00000000000000000000000000100000.\s_wires[351]' from process `$paramod\systolic_block\N=s32'00000000000000000000000000100000.$proc$/openlane/designs/Tensor/src/systolic_block.v:0$12298'.
No latch inferred for signal `$paramod\systolic_block\N=s32'00000000000000000000000000100000.\s_wires[352]' from process `$paramod\systolic_block\N=s32'00000000000000000000000000100000.$proc$/openlane/designs/Tensor/src/systolic_block.v:0$12298'.
No latch inferred for signal `$paramod\systolic_block\N=s32'00000000000000000000000000100000.\s_wires[353]' from process `$paramod\systolic_block\N=s32'00000000000000000000000000100000.$proc$/openlane/designs/Tensor/src/systolic_block.v:0$12298'.
No latch inferred for signal `$paramod\systolic_block\N=s32'00000000000000000000000000100000.\s_wires[354]' from process `$paramod\systolic_block\N=s32'00000000000000000000000000100000.$proc$/openlane/designs/Tensor/src/systolic_block.v:0$12298'.
No latch inferred for signal `$paramod\systolic_block\N=s32'00000000000000000000000000100000.\s_wires[355]' from process `$paramod\systolic_block\N=s32'00000000000000000000000000100000.$proc$/openlane/designs/Tensor/src/systolic_block.v:0$12298'.
No latch inferred for signal `$paramod\systolic_block\N=s32'00000000000000000000000000100000.\s_wires[356]' from process `$paramod\systolic_block\N=s32'00000000000000000000000000100000.$proc$/openlane/designs/Tensor/src/systolic_block.v:0$12298'.
No latch inferred for signal `$paramod\systolic_block\N=s32'00000000000000000000000000100000.\s_wires[357]' from process `$paramod\systolic_block\N=s32'00000000000000000000000000100000.$proc$/openlane/designs/Tensor/src/systolic_block.v:0$12298'.
No latch inferred for signal `$paramod\systolic_block\N=s32'00000000000000000000000000100000.\s_wires[358]' from process `$paramod\systolic_block\N=s32'00000000000000000000000000100000.$proc$/openlane/designs/Tensor/src/systolic_block.v:0$12298'.
No latch inferred for signal `$paramod\systolic_block\N=s32'00000000000000000000000000100000.\s_wires[359]' from process `$paramod\systolic_block\N=s32'00000000000000000000000000100000.$proc$/openlane/designs/Tensor/src/systolic_block.v:0$12298'.
No latch inferred for signal `$paramod\systolic_block\N=s32'00000000000000000000000000100000.\s_wires[360]' from process `$paramod\systolic_block\N=s32'00000000000000000000000000100000.$proc$/openlane/designs/Tensor/src/systolic_block.v:0$12298'.
No latch inferred for signal `$paramod\systolic_block\N=s32'00000000000000000000000000100000.\s_wires[361]' from process `$paramod\systolic_block\N=s32'00000000000000000000000000100000.$proc$/openlane/designs/Tensor/src/systolic_block.v:0$12298'.
No latch inferred for signal `$paramod\systolic_block\N=s32'00000000000000000000000000100000.\s_wires[363]' from process `$paramod\systolic_block\N=s32'00000000000000000000000000100000.$proc$/openlane/designs/Tensor/src/systolic_block.v:0$12298'.
No latch inferred for signal `$paramod\systolic_block\N=s32'00000000000000000000000000100000.\s_wires[364]' from process `$paramod\systolic_block\N=s32'00000000000000000000000000100000.$proc$/openlane/designs/Tensor/src/systolic_block.v:0$12298'.
No latch inferred for signal `$paramod\systolic_block\N=s32'00000000000000000000000000100000.\s_wires[365]' from process `$paramod\systolic_block\N=s32'00000000000000000000000000100000.$proc$/openlane/designs/Tensor/src/systolic_block.v:0$12298'.
No latch inferred for signal `$paramod\systolic_block\N=s32'00000000000000000000000000100000.\s_wires[366]' from process `$paramod\systolic_block\N=s32'00000000000000000000000000100000.$proc$/openlane/designs/Tensor/src/systolic_block.v:0$12298'.
No latch inferred for signal `$paramod\systolic_block\N=s32'00000000000000000000000000100000.\s_wires[367]' from process `$paramod\systolic_block\N=s32'00000000000000000000000000100000.$proc$/openlane/designs/Tensor/src/systolic_block.v:0$12298'.
No latch inferred for signal `$paramod\systolic_block\N=s32'00000000000000000000000000100000.\s_wires[368]' from process `$paramod\systolic_block\N=s32'00000000000000000000000000100000.$proc$/openlane/designs/Tensor/src/systolic_block.v:0$12298'.
No latch inferred for signal `$paramod\systolic_block\N=s32'00000000000000000000000000100000.\s_wires[369]' from process `$paramod\systolic_block\N=s32'00000000000000000000000000100000.$proc$/openlane/designs/Tensor/src/systolic_block.v:0$12298'.
No latch inferred for signal `$paramod\systolic_block\N=s32'00000000000000000000000000100000.\s_wires[370]' from process `$paramod\systolic_block\N=s32'00000000000000000000000000100000.$proc$/openlane/designs/Tensor/src/systolic_block.v:0$12298'.
No latch inferred for signal `$paramod\systolic_block\N=s32'00000000000000000000000000100000.\s_wires[371]' from process `$paramod\systolic_block\N=s32'00000000000000000000000000100000.$proc$/openlane/designs/Tensor/src/systolic_block.v:0$12298'.
No latch inferred for signal `$paramod\systolic_block\N=s32'00000000000000000000000000100000.\s_wires[372]' from process `$paramod\systolic_block\N=s32'00000000000000000000000000100000.$proc$/openlane/designs/Tensor/src/systolic_block.v:0$12298'.
No latch inferred for signal `$paramod\systolic_block\N=s32'00000000000000000000000000100000.\s_wires[373]' from process `$paramod\systolic_block\N=s32'00000000000000000000000000100000.$proc$/openlane/designs/Tensor/src/systolic_block.v:0$12298'.
No latch inferred for signal `$paramod\systolic_block\N=s32'00000000000000000000000000100000.\s_wires[374]' from process `$paramod\systolic_block\N=s32'00000000000000000000000000100000.$proc$/openlane/designs/Tensor/src/systolic_block.v:0$12298'.
No latch inferred for signal `$paramod\systolic_block\N=s32'00000000000000000000000000100000.\s_wires[375]' from process `$paramod\systolic_block\N=s32'00000000000000000000000000100000.$proc$/openlane/designs/Tensor/src/systolic_block.v:0$12298'.
No latch inferred for signal `$paramod\systolic_block\N=s32'00000000000000000000000000100000.\s_wires[376]' from process `$paramod\systolic_block\N=s32'00000000000000000000000000100000.$proc$/openlane/designs/Tensor/src/systolic_block.v:0$12298'.
No latch inferred for signal `$paramod\systolic_block\N=s32'00000000000000000000000000100000.\s_wires[377]' from process `$paramod\systolic_block\N=s32'00000000000000000000000000100000.$proc$/openlane/designs/Tensor/src/systolic_block.v:0$12298'.
No latch inferred for signal `$paramod\systolic_block\N=s32'00000000000000000000000000100000.\s_wires[378]' from process `$paramod\systolic_block\N=s32'00000000000000000000000000100000.$proc$/openlane/designs/Tensor/src/systolic_block.v:0$12298'.
No latch inferred for signal `$paramod\systolic_block\N=s32'00000000000000000000000000100000.\s_wires[379]' from process `$paramod\systolic_block\N=s32'00000000000000000000000000100000.$proc$/openlane/designs/Tensor/src/systolic_block.v:0$12298'.
No latch inferred for signal `$paramod\systolic_block\N=s32'00000000000000000000000000100000.\s_wires[380]' from process `$paramod\systolic_block\N=s32'00000000000000000000000000100000.$proc$/openlane/designs/Tensor/src/systolic_block.v:0$12298'.
No latch inferred for signal `$paramod\systolic_block\N=s32'00000000000000000000000000100000.\s_wires[381]' from process `$paramod\systolic_block\N=s32'00000000000000000000000000100000.$proc$/openlane/designs/Tensor/src/systolic_block.v:0$12298'.
No latch inferred for signal `$paramod\systolic_block\N=s32'00000000000000000000000000100000.\s_wires[382]' from process `$paramod\systolic_block\N=s32'00000000000000000000000000100000.$proc$/openlane/designs/Tensor/src/systolic_block.v:0$12298'.
No latch inferred for signal `$paramod\systolic_block\N=s32'00000000000000000000000000100000.\s_wires[383]' from process `$paramod\systolic_block\N=s32'00000000000000000000000000100000.$proc$/openlane/designs/Tensor/src/systolic_block.v:0$12298'.
No latch inferred for signal `$paramod\systolic_block\N=s32'00000000000000000000000000100000.\s_wires[384]' from process `$paramod\systolic_block\N=s32'00000000000000000000000000100000.$proc$/openlane/designs/Tensor/src/systolic_block.v:0$12298'.
No latch inferred for signal `$paramod\systolic_block\N=s32'00000000000000000000000000100000.\s_wires[385]' from process `$paramod\systolic_block\N=s32'00000000000000000000000000100000.$proc$/openlane/designs/Tensor/src/systolic_block.v:0$12298'.
No latch inferred for signal `$paramod\systolic_block\N=s32'00000000000000000000000000100000.\s_wires[386]' from process `$paramod\systolic_block\N=s32'00000000000000000000000000100000.$proc$/openlane/designs/Tensor/src/systolic_block.v:0$12298'.
No latch inferred for signal `$paramod\systolic_block\N=s32'00000000000000000000000000100000.\s_wires[387]' from process `$paramod\systolic_block\N=s32'00000000000000000000000000100000.$proc$/openlane/designs/Tensor/src/systolic_block.v:0$12298'.
No latch inferred for signal `$paramod\systolic_block\N=s32'00000000000000000000000000100000.\s_wires[388]' from process `$paramod\systolic_block\N=s32'00000000000000000000000000100000.$proc$/openlane/designs/Tensor/src/systolic_block.v:0$12298'.
No latch inferred for signal `$paramod\systolic_block\N=s32'00000000000000000000000000100000.\s_wires[389]' from process `$paramod\systolic_block\N=s32'00000000000000000000000000100000.$proc$/openlane/designs/Tensor/src/systolic_block.v:0$12298'.
No latch inferred for signal `$paramod\systolic_block\N=s32'00000000000000000000000000100000.\s_wires[390]' from process `$paramod\systolic_block\N=s32'00000000000000000000000000100000.$proc$/openlane/designs/Tensor/src/systolic_block.v:0$12298'.
No latch inferred for signal `$paramod\systolic_block\N=s32'00000000000000000000000000100000.\s_wires[391]' from process `$paramod\systolic_block\N=s32'00000000000000000000000000100000.$proc$/openlane/designs/Tensor/src/systolic_block.v:0$12298'.
No latch inferred for signal `$paramod\systolic_block\N=s32'00000000000000000000000000100000.\s_wires[392]' from process `$paramod\systolic_block\N=s32'00000000000000000000000000100000.$proc$/openlane/designs/Tensor/src/systolic_block.v:0$12298'.
No latch inferred for signal `$paramod\systolic_block\N=s32'00000000000000000000000000100000.\s_wires[393]' from process `$paramod\systolic_block\N=s32'00000000000000000000000000100000.$proc$/openlane/designs/Tensor/src/systolic_block.v:0$12298'.
No latch inferred for signal `$paramod\systolic_block\N=s32'00000000000000000000000000100000.\s_wires[394]' from process `$paramod\systolic_block\N=s32'00000000000000000000000000100000.$proc$/openlane/designs/Tensor/src/systolic_block.v:0$12298'.
No latch inferred for signal `$paramod\systolic_block\N=s32'00000000000000000000000000100000.\s_wires[396]' from process `$paramod\systolic_block\N=s32'00000000000000000000000000100000.$proc$/openlane/designs/Tensor/src/systolic_block.v:0$12298'.
No latch inferred for signal `$paramod\systolic_block\N=s32'00000000000000000000000000100000.\s_wires[397]' from process `$paramod\systolic_block\N=s32'00000000000000000000000000100000.$proc$/openlane/designs/Tensor/src/systolic_block.v:0$12298'.
No latch inferred for signal `$paramod\systolic_block\N=s32'00000000000000000000000000100000.\s_wires[398]' from process `$paramod\systolic_block\N=s32'00000000000000000000000000100000.$proc$/openlane/designs/Tensor/src/systolic_block.v:0$12298'.
No latch inferred for signal `$paramod\systolic_block\N=s32'00000000000000000000000000100000.\s_wires[399]' from process `$paramod\systolic_block\N=s32'00000000000000000000000000100000.$proc$/openlane/designs/Tensor/src/systolic_block.v:0$12298'.
No latch inferred for signal `$paramod\systolic_block\N=s32'00000000000000000000000000100000.\s_wires[400]' from process `$paramod\systolic_block\N=s32'00000000000000000000000000100000.$proc$/openlane/designs/Tensor/src/systolic_block.v:0$12298'.
No latch inferred for signal `$paramod\systolic_block\N=s32'00000000000000000000000000100000.\s_wires[401]' from process `$paramod\systolic_block\N=s32'00000000000000000000000000100000.$proc$/openlane/designs/Tensor/src/systolic_block.v:0$12298'.
No latch inferred for signal `$paramod\systolic_block\N=s32'00000000000000000000000000100000.\s_wires[402]' from process `$paramod\systolic_block\N=s32'00000000000000000000000000100000.$proc$/openlane/designs/Tensor/src/systolic_block.v:0$12298'.
No latch inferred for signal `$paramod\systolic_block\N=s32'00000000000000000000000000100000.\s_wires[403]' from process `$paramod\systolic_block\N=s32'00000000000000000000000000100000.$proc$/openlane/designs/Tensor/src/systolic_block.v:0$12298'.
No latch inferred for signal `$paramod\systolic_block\N=s32'00000000000000000000000000100000.\s_wires[404]' from process `$paramod\systolic_block\N=s32'00000000000000000000000000100000.$proc$/openlane/designs/Tensor/src/systolic_block.v:0$12298'.
No latch inferred for signal `$paramod\systolic_block\N=s32'00000000000000000000000000100000.\s_wires[405]' from process `$paramod\systolic_block\N=s32'00000000000000000000000000100000.$proc$/openlane/designs/Tensor/src/systolic_block.v:0$12298'.
No latch inferred for signal `$paramod\systolic_block\N=s32'00000000000000000000000000100000.\s_wires[406]' from process `$paramod\systolic_block\N=s32'00000000000000000000000000100000.$proc$/openlane/designs/Tensor/src/systolic_block.v:0$12298'.
No latch inferred for signal `$paramod\systolic_block\N=s32'00000000000000000000000000100000.\s_wires[407]' from process `$paramod\systolic_block\N=s32'00000000000000000000000000100000.$proc$/openlane/designs/Tensor/src/systolic_block.v:0$12298'.
No latch inferred for signal `$paramod\systolic_block\N=s32'00000000000000000000000000100000.\s_wires[408]' from process `$paramod\systolic_block\N=s32'00000000000000000000000000100000.$proc$/openlane/designs/Tensor/src/systolic_block.v:0$12298'.
No latch inferred for signal `$paramod\systolic_block\N=s32'00000000000000000000000000100000.\s_wires[409]' from process `$paramod\systolic_block\N=s32'00000000000000000000000000100000.$proc$/openlane/designs/Tensor/src/systolic_block.v:0$12298'.
No latch inferred for signal `$paramod\systolic_block\N=s32'00000000000000000000000000100000.\s_wires[410]' from process `$paramod\systolic_block\N=s32'00000000000000000000000000100000.$proc$/openlane/designs/Tensor/src/systolic_block.v:0$12298'.
No latch inferred for signal `$paramod\systolic_block\N=s32'00000000000000000000000000100000.\s_wires[411]' from process `$paramod\systolic_block\N=s32'00000000000000000000000000100000.$proc$/openlane/designs/Tensor/src/systolic_block.v:0$12298'.
No latch inferred for signal `$paramod\systolic_block\N=s32'00000000000000000000000000100000.\s_wires[412]' from process `$paramod\systolic_block\N=s32'00000000000000000000000000100000.$proc$/openlane/designs/Tensor/src/systolic_block.v:0$12298'.
No latch inferred for signal `$paramod\systolic_block\N=s32'00000000000000000000000000100000.\s_wires[413]' from process `$paramod\systolic_block\N=s32'00000000000000000000000000100000.$proc$/openlane/designs/Tensor/src/systolic_block.v:0$12298'.
No latch inferred for signal `$paramod\systolic_block\N=s32'00000000000000000000000000100000.\s_wires[414]' from process `$paramod\systolic_block\N=s32'00000000000000000000000000100000.$proc$/openlane/designs/Tensor/src/systolic_block.v:0$12298'.
No latch inferred for signal `$paramod\systolic_block\N=s32'00000000000000000000000000100000.\s_wires[415]' from process `$paramod\systolic_block\N=s32'00000000000000000000000000100000.$proc$/openlane/designs/Tensor/src/systolic_block.v:0$12298'.
No latch inferred for signal `$paramod\systolic_block\N=s32'00000000000000000000000000100000.\s_wires[416]' from process `$paramod\systolic_block\N=s32'00000000000000000000000000100000.$proc$/openlane/designs/Tensor/src/systolic_block.v:0$12298'.
No latch inferred for signal `$paramod\systolic_block\N=s32'00000000000000000000000000100000.\s_wires[417]' from process `$paramod\systolic_block\N=s32'00000000000000000000000000100000.$proc$/openlane/designs/Tensor/src/systolic_block.v:0$12298'.
No latch inferred for signal `$paramod\systolic_block\N=s32'00000000000000000000000000100000.\s_wires[418]' from process `$paramod\systolic_block\N=s32'00000000000000000000000000100000.$proc$/openlane/designs/Tensor/src/systolic_block.v:0$12298'.
No latch inferred for signal `$paramod\systolic_block\N=s32'00000000000000000000000000100000.\s_wires[419]' from process `$paramod\systolic_block\N=s32'00000000000000000000000000100000.$proc$/openlane/designs/Tensor/src/systolic_block.v:0$12298'.
No latch inferred for signal `$paramod\systolic_block\N=s32'00000000000000000000000000100000.\s_wires[420]' from process `$paramod\systolic_block\N=s32'00000000000000000000000000100000.$proc$/openlane/designs/Tensor/src/systolic_block.v:0$12298'.
No latch inferred for signal `$paramod\systolic_block\N=s32'00000000000000000000000000100000.\s_wires[421]' from process `$paramod\systolic_block\N=s32'00000000000000000000000000100000.$proc$/openlane/designs/Tensor/src/systolic_block.v:0$12298'.
No latch inferred for signal `$paramod\systolic_block\N=s32'00000000000000000000000000100000.\s_wires[422]' from process `$paramod\systolic_block\N=s32'00000000000000000000000000100000.$proc$/openlane/designs/Tensor/src/systolic_block.v:0$12298'.
No latch inferred for signal `$paramod\systolic_block\N=s32'00000000000000000000000000100000.\s_wires[423]' from process `$paramod\systolic_block\N=s32'00000000000000000000000000100000.$proc$/openlane/designs/Tensor/src/systolic_block.v:0$12298'.
No latch inferred for signal `$paramod\systolic_block\N=s32'00000000000000000000000000100000.\s_wires[424]' from process `$paramod\systolic_block\N=s32'00000000000000000000000000100000.$proc$/openlane/designs/Tensor/src/systolic_block.v:0$12298'.
No latch inferred for signal `$paramod\systolic_block\N=s32'00000000000000000000000000100000.\s_wires[425]' from process `$paramod\systolic_block\N=s32'00000000000000000000000000100000.$proc$/openlane/designs/Tensor/src/systolic_block.v:0$12298'.
No latch inferred for signal `$paramod\systolic_block\N=s32'00000000000000000000000000100000.\s_wires[426]' from process `$paramod\systolic_block\N=s32'00000000000000000000000000100000.$proc$/openlane/designs/Tensor/src/systolic_block.v:0$12298'.
No latch inferred for signal `$paramod\systolic_block\N=s32'00000000000000000000000000100000.\s_wires[427]' from process `$paramod\systolic_block\N=s32'00000000000000000000000000100000.$proc$/openlane/designs/Tensor/src/systolic_block.v:0$12298'.
No latch inferred for signal `$paramod\systolic_block\N=s32'00000000000000000000000000100000.\s_wires[429]' from process `$paramod\systolic_block\N=s32'00000000000000000000000000100000.$proc$/openlane/designs/Tensor/src/systolic_block.v:0$12298'.
No latch inferred for signal `$paramod\systolic_block\N=s32'00000000000000000000000000100000.\s_wires[430]' from process `$paramod\systolic_block\N=s32'00000000000000000000000000100000.$proc$/openlane/designs/Tensor/src/systolic_block.v:0$12298'.
No latch inferred for signal `$paramod\systolic_block\N=s32'00000000000000000000000000100000.\s_wires[431]' from process `$paramod\systolic_block\N=s32'00000000000000000000000000100000.$proc$/openlane/designs/Tensor/src/systolic_block.v:0$12298'.
No latch inferred for signal `$paramod\systolic_block\N=s32'00000000000000000000000000100000.\s_wires[432]' from process `$paramod\systolic_block\N=s32'00000000000000000000000000100000.$proc$/openlane/designs/Tensor/src/systolic_block.v:0$12298'.
No latch inferred for signal `$paramod\systolic_block\N=s32'00000000000000000000000000100000.\s_wires[433]' from process `$paramod\systolic_block\N=s32'00000000000000000000000000100000.$proc$/openlane/designs/Tensor/src/systolic_block.v:0$12298'.
No latch inferred for signal `$paramod\systolic_block\N=s32'00000000000000000000000000100000.\s_wires[434]' from process `$paramod\systolic_block\N=s32'00000000000000000000000000100000.$proc$/openlane/designs/Tensor/src/systolic_block.v:0$12298'.
No latch inferred for signal `$paramod\systolic_block\N=s32'00000000000000000000000000100000.\s_wires[435]' from process `$paramod\systolic_block\N=s32'00000000000000000000000000100000.$proc$/openlane/designs/Tensor/src/systolic_block.v:0$12298'.
No latch inferred for signal `$paramod\systolic_block\N=s32'00000000000000000000000000100000.\s_wires[436]' from process `$paramod\systolic_block\N=s32'00000000000000000000000000100000.$proc$/openlane/designs/Tensor/src/systolic_block.v:0$12298'.
No latch inferred for signal `$paramod\systolic_block\N=s32'00000000000000000000000000100000.\s_wires[437]' from process `$paramod\systolic_block\N=s32'00000000000000000000000000100000.$proc$/openlane/designs/Tensor/src/systolic_block.v:0$12298'.
No latch inferred for signal `$paramod\systolic_block\N=s32'00000000000000000000000000100000.\s_wires[438]' from process `$paramod\systolic_block\N=s32'00000000000000000000000000100000.$proc$/openlane/designs/Tensor/src/systolic_block.v:0$12298'.
No latch inferred for signal `$paramod\systolic_block\N=s32'00000000000000000000000000100000.\s_wires[439]' from process `$paramod\systolic_block\N=s32'00000000000000000000000000100000.$proc$/openlane/designs/Tensor/src/systolic_block.v:0$12298'.
No latch inferred for signal `$paramod\systolic_block\N=s32'00000000000000000000000000100000.\s_wires[440]' from process `$paramod\systolic_block\N=s32'00000000000000000000000000100000.$proc$/openlane/designs/Tensor/src/systolic_block.v:0$12298'.
No latch inferred for signal `$paramod\systolic_block\N=s32'00000000000000000000000000100000.\s_wires[441]' from process `$paramod\systolic_block\N=s32'00000000000000000000000000100000.$proc$/openlane/designs/Tensor/src/systolic_block.v:0$12298'.
No latch inferred for signal `$paramod\systolic_block\N=s32'00000000000000000000000000100000.\s_wires[442]' from process `$paramod\systolic_block\N=s32'00000000000000000000000000100000.$proc$/openlane/designs/Tensor/src/systolic_block.v:0$12298'.
No latch inferred for signal `$paramod\systolic_block\N=s32'00000000000000000000000000100000.\s_wires[443]' from process `$paramod\systolic_block\N=s32'00000000000000000000000000100000.$proc$/openlane/designs/Tensor/src/systolic_block.v:0$12298'.
No latch inferred for signal `$paramod\systolic_block\N=s32'00000000000000000000000000100000.\s_wires[444]' from process `$paramod\systolic_block\N=s32'00000000000000000000000000100000.$proc$/openlane/designs/Tensor/src/systolic_block.v:0$12298'.
No latch inferred for signal `$paramod\systolic_block\N=s32'00000000000000000000000000100000.\s_wires[445]' from process `$paramod\systolic_block\N=s32'00000000000000000000000000100000.$proc$/openlane/designs/Tensor/src/systolic_block.v:0$12298'.
No latch inferred for signal `$paramod\systolic_block\N=s32'00000000000000000000000000100000.\s_wires[446]' from process `$paramod\systolic_block\N=s32'00000000000000000000000000100000.$proc$/openlane/designs/Tensor/src/systolic_block.v:0$12298'.
No latch inferred for signal `$paramod\systolic_block\N=s32'00000000000000000000000000100000.\s_wires[447]' from process `$paramod\systolic_block\N=s32'00000000000000000000000000100000.$proc$/openlane/designs/Tensor/src/systolic_block.v:0$12298'.
No latch inferred for signal `$paramod\systolic_block\N=s32'00000000000000000000000000100000.\s_wires[448]' from process `$paramod\systolic_block\N=s32'00000000000000000000000000100000.$proc$/openlane/designs/Tensor/src/systolic_block.v:0$12298'.
No latch inferred for signal `$paramod\systolic_block\N=s32'00000000000000000000000000100000.\s_wires[449]' from process `$paramod\systolic_block\N=s32'00000000000000000000000000100000.$proc$/openlane/designs/Tensor/src/systolic_block.v:0$12298'.
No latch inferred for signal `$paramod\systolic_block\N=s32'00000000000000000000000000100000.\s_wires[450]' from process `$paramod\systolic_block\N=s32'00000000000000000000000000100000.$proc$/openlane/designs/Tensor/src/systolic_block.v:0$12298'.
No latch inferred for signal `$paramod\systolic_block\N=s32'00000000000000000000000000100000.\s_wires[451]' from process `$paramod\systolic_block\N=s32'00000000000000000000000000100000.$proc$/openlane/designs/Tensor/src/systolic_block.v:0$12298'.
No latch inferred for signal `$paramod\systolic_block\N=s32'00000000000000000000000000100000.\s_wires[452]' from process `$paramod\systolic_block\N=s32'00000000000000000000000000100000.$proc$/openlane/designs/Tensor/src/systolic_block.v:0$12298'.
No latch inferred for signal `$paramod\systolic_block\N=s32'00000000000000000000000000100000.\s_wires[453]' from process `$paramod\systolic_block\N=s32'00000000000000000000000000100000.$proc$/openlane/designs/Tensor/src/systolic_block.v:0$12298'.
No latch inferred for signal `$paramod\systolic_block\N=s32'00000000000000000000000000100000.\s_wires[454]' from process `$paramod\systolic_block\N=s32'00000000000000000000000000100000.$proc$/openlane/designs/Tensor/src/systolic_block.v:0$12298'.
No latch inferred for signal `$paramod\systolic_block\N=s32'00000000000000000000000000100000.\s_wires[455]' from process `$paramod\systolic_block\N=s32'00000000000000000000000000100000.$proc$/openlane/designs/Tensor/src/systolic_block.v:0$12298'.
No latch inferred for signal `$paramod\systolic_block\N=s32'00000000000000000000000000100000.\s_wires[456]' from process `$paramod\systolic_block\N=s32'00000000000000000000000000100000.$proc$/openlane/designs/Tensor/src/systolic_block.v:0$12298'.
No latch inferred for signal `$paramod\systolic_block\N=s32'00000000000000000000000000100000.\s_wires[457]' from process `$paramod\systolic_block\N=s32'00000000000000000000000000100000.$proc$/openlane/designs/Tensor/src/systolic_block.v:0$12298'.
No latch inferred for signal `$paramod\systolic_block\N=s32'00000000000000000000000000100000.\s_wires[458]' from process `$paramod\systolic_block\N=s32'00000000000000000000000000100000.$proc$/openlane/designs/Tensor/src/systolic_block.v:0$12298'.
No latch inferred for signal `$paramod\systolic_block\N=s32'00000000000000000000000000100000.\s_wires[459]' from process `$paramod\systolic_block\N=s32'00000000000000000000000000100000.$proc$/openlane/designs/Tensor/src/systolic_block.v:0$12298'.
No latch inferred for signal `$paramod\systolic_block\N=s32'00000000000000000000000000100000.\s_wires[460]' from process `$paramod\systolic_block\N=s32'00000000000000000000000000100000.$proc$/openlane/designs/Tensor/src/systolic_block.v:0$12298'.
No latch inferred for signal `$paramod\systolic_block\N=s32'00000000000000000000000000100000.\s_wires[462]' from process `$paramod\systolic_block\N=s32'00000000000000000000000000100000.$proc$/openlane/designs/Tensor/src/systolic_block.v:0$12298'.
No latch inferred for signal `$paramod\systolic_block\N=s32'00000000000000000000000000100000.\s_wires[463]' from process `$paramod\systolic_block\N=s32'00000000000000000000000000100000.$proc$/openlane/designs/Tensor/src/systolic_block.v:0$12298'.
No latch inferred for signal `$paramod\systolic_block\N=s32'00000000000000000000000000100000.\s_wires[464]' from process `$paramod\systolic_block\N=s32'00000000000000000000000000100000.$proc$/openlane/designs/Tensor/src/systolic_block.v:0$12298'.
No latch inferred for signal `$paramod\systolic_block\N=s32'00000000000000000000000000100000.\s_wires[465]' from process `$paramod\systolic_block\N=s32'00000000000000000000000000100000.$proc$/openlane/designs/Tensor/src/systolic_block.v:0$12298'.
No latch inferred for signal `$paramod\systolic_block\N=s32'00000000000000000000000000100000.\s_wires[466]' from process `$paramod\systolic_block\N=s32'00000000000000000000000000100000.$proc$/openlane/designs/Tensor/src/systolic_block.v:0$12298'.
No latch inferred for signal `$paramod\systolic_block\N=s32'00000000000000000000000000100000.\s_wires[467]' from process `$paramod\systolic_block\N=s32'00000000000000000000000000100000.$proc$/openlane/designs/Tensor/src/systolic_block.v:0$12298'.
No latch inferred for signal `$paramod\systolic_block\N=s32'00000000000000000000000000100000.\s_wires[468]' from process `$paramod\systolic_block\N=s32'00000000000000000000000000100000.$proc$/openlane/designs/Tensor/src/systolic_block.v:0$12298'.
No latch inferred for signal `$paramod\systolic_block\N=s32'00000000000000000000000000100000.\s_wires[469]' from process `$paramod\systolic_block\N=s32'00000000000000000000000000100000.$proc$/openlane/designs/Tensor/src/systolic_block.v:0$12298'.
No latch inferred for signal `$paramod\systolic_block\N=s32'00000000000000000000000000100000.\s_wires[470]' from process `$paramod\systolic_block\N=s32'00000000000000000000000000100000.$proc$/openlane/designs/Tensor/src/systolic_block.v:0$12298'.
No latch inferred for signal `$paramod\systolic_block\N=s32'00000000000000000000000000100000.\s_wires[471]' from process `$paramod\systolic_block\N=s32'00000000000000000000000000100000.$proc$/openlane/designs/Tensor/src/systolic_block.v:0$12298'.
No latch inferred for signal `$paramod\systolic_block\N=s32'00000000000000000000000000100000.\s_wires[472]' from process `$paramod\systolic_block\N=s32'00000000000000000000000000100000.$proc$/openlane/designs/Tensor/src/systolic_block.v:0$12298'.
No latch inferred for signal `$paramod\systolic_block\N=s32'00000000000000000000000000100000.\s_wires[473]' from process `$paramod\systolic_block\N=s32'00000000000000000000000000100000.$proc$/openlane/designs/Tensor/src/systolic_block.v:0$12298'.
No latch inferred for signal `$paramod\systolic_block\N=s32'00000000000000000000000000100000.\s_wires[474]' from process `$paramod\systolic_block\N=s32'00000000000000000000000000100000.$proc$/openlane/designs/Tensor/src/systolic_block.v:0$12298'.
No latch inferred for signal `$paramod\systolic_block\N=s32'00000000000000000000000000100000.\s_wires[475]' from process `$paramod\systolic_block\N=s32'00000000000000000000000000100000.$proc$/openlane/designs/Tensor/src/systolic_block.v:0$12298'.
No latch inferred for signal `$paramod\systolic_block\N=s32'00000000000000000000000000100000.\s_wires[476]' from process `$paramod\systolic_block\N=s32'00000000000000000000000000100000.$proc$/openlane/designs/Tensor/src/systolic_block.v:0$12298'.
No latch inferred for signal `$paramod\systolic_block\N=s32'00000000000000000000000000100000.\s_wires[477]' from process `$paramod\systolic_block\N=s32'00000000000000000000000000100000.$proc$/openlane/designs/Tensor/src/systolic_block.v:0$12298'.
No latch inferred for signal `$paramod\systolic_block\N=s32'00000000000000000000000000100000.\s_wires[478]' from process `$paramod\systolic_block\N=s32'00000000000000000000000000100000.$proc$/openlane/designs/Tensor/src/systolic_block.v:0$12298'.
No latch inferred for signal `$paramod\systolic_block\N=s32'00000000000000000000000000100000.\s_wires[479]' from process `$paramod\systolic_block\N=s32'00000000000000000000000000100000.$proc$/openlane/designs/Tensor/src/systolic_block.v:0$12298'.
No latch inferred for signal `$paramod\systolic_block\N=s32'00000000000000000000000000100000.\s_wires[480]' from process `$paramod\systolic_block\N=s32'00000000000000000000000000100000.$proc$/openlane/designs/Tensor/src/systolic_block.v:0$12298'.
No latch inferred for signal `$paramod\systolic_block\N=s32'00000000000000000000000000100000.\s_wires[481]' from process `$paramod\systolic_block\N=s32'00000000000000000000000000100000.$proc$/openlane/designs/Tensor/src/systolic_block.v:0$12298'.
No latch inferred for signal `$paramod\systolic_block\N=s32'00000000000000000000000000100000.\s_wires[482]' from process `$paramod\systolic_block\N=s32'00000000000000000000000000100000.$proc$/openlane/designs/Tensor/src/systolic_block.v:0$12298'.
No latch inferred for signal `$paramod\systolic_block\N=s32'00000000000000000000000000100000.\s_wires[483]' from process `$paramod\systolic_block\N=s32'00000000000000000000000000100000.$proc$/openlane/designs/Tensor/src/systolic_block.v:0$12298'.
No latch inferred for signal `$paramod\systolic_block\N=s32'00000000000000000000000000100000.\s_wires[484]' from process `$paramod\systolic_block\N=s32'00000000000000000000000000100000.$proc$/openlane/designs/Tensor/src/systolic_block.v:0$12298'.
No latch inferred for signal `$paramod\systolic_block\N=s32'00000000000000000000000000100000.\s_wires[485]' from process `$paramod\systolic_block\N=s32'00000000000000000000000000100000.$proc$/openlane/designs/Tensor/src/systolic_block.v:0$12298'.
No latch inferred for signal `$paramod\systolic_block\N=s32'00000000000000000000000000100000.\s_wires[486]' from process `$paramod\systolic_block\N=s32'00000000000000000000000000100000.$proc$/openlane/designs/Tensor/src/systolic_block.v:0$12298'.
No latch inferred for signal `$paramod\systolic_block\N=s32'00000000000000000000000000100000.\s_wires[487]' from process `$paramod\systolic_block\N=s32'00000000000000000000000000100000.$proc$/openlane/designs/Tensor/src/systolic_block.v:0$12298'.
No latch inferred for signal `$paramod\systolic_block\N=s32'00000000000000000000000000100000.\s_wires[488]' from process `$paramod\systolic_block\N=s32'00000000000000000000000000100000.$proc$/openlane/designs/Tensor/src/systolic_block.v:0$12298'.
No latch inferred for signal `$paramod\systolic_block\N=s32'00000000000000000000000000100000.\s_wires[489]' from process `$paramod\systolic_block\N=s32'00000000000000000000000000100000.$proc$/openlane/designs/Tensor/src/systolic_block.v:0$12298'.
No latch inferred for signal `$paramod\systolic_block\N=s32'00000000000000000000000000100000.\s_wires[490]' from process `$paramod\systolic_block\N=s32'00000000000000000000000000100000.$proc$/openlane/designs/Tensor/src/systolic_block.v:0$12298'.
No latch inferred for signal `$paramod\systolic_block\N=s32'00000000000000000000000000100000.\s_wires[491]' from process `$paramod\systolic_block\N=s32'00000000000000000000000000100000.$proc$/openlane/designs/Tensor/src/systolic_block.v:0$12298'.
No latch inferred for signal `$paramod\systolic_block\N=s32'00000000000000000000000000100000.\s_wires[492]' from process `$paramod\systolic_block\N=s32'00000000000000000000000000100000.$proc$/openlane/designs/Tensor/src/systolic_block.v:0$12298'.
No latch inferred for signal `$paramod\systolic_block\N=s32'00000000000000000000000000100000.\s_wires[493]' from process `$paramod\systolic_block\N=s32'00000000000000000000000000100000.$proc$/openlane/designs/Tensor/src/systolic_block.v:0$12298'.
No latch inferred for signal `$paramod\systolic_block\N=s32'00000000000000000000000000100000.\s_wires[495]' from process `$paramod\systolic_block\N=s32'00000000000000000000000000100000.$proc$/openlane/designs/Tensor/src/systolic_block.v:0$12298'.
No latch inferred for signal `$paramod\systolic_block\N=s32'00000000000000000000000000100000.\s_wires[496]' from process `$paramod\systolic_block\N=s32'00000000000000000000000000100000.$proc$/openlane/designs/Tensor/src/systolic_block.v:0$12298'.
No latch inferred for signal `$paramod\systolic_block\N=s32'00000000000000000000000000100000.\s_wires[497]' from process `$paramod\systolic_block\N=s32'00000000000000000000000000100000.$proc$/openlane/designs/Tensor/src/systolic_block.v:0$12298'.
No latch inferred for signal `$paramod\systolic_block\N=s32'00000000000000000000000000100000.\s_wires[498]' from process `$paramod\systolic_block\N=s32'00000000000000000000000000100000.$proc$/openlane/designs/Tensor/src/systolic_block.v:0$12298'.
No latch inferred for signal `$paramod\systolic_block\N=s32'00000000000000000000000000100000.\s_wires[499]' from process `$paramod\systolic_block\N=s32'00000000000000000000000000100000.$proc$/openlane/designs/Tensor/src/systolic_block.v:0$12298'.
No latch inferred for signal `$paramod\systolic_block\N=s32'00000000000000000000000000100000.\s_wires[500]' from process `$paramod\systolic_block\N=s32'00000000000000000000000000100000.$proc$/openlane/designs/Tensor/src/systolic_block.v:0$12298'.
No latch inferred for signal `$paramod\systolic_block\N=s32'00000000000000000000000000100000.\s_wires[501]' from process `$paramod\systolic_block\N=s32'00000000000000000000000000100000.$proc$/openlane/designs/Tensor/src/systolic_block.v:0$12298'.
No latch inferred for signal `$paramod\systolic_block\N=s32'00000000000000000000000000100000.\s_wires[502]' from process `$paramod\systolic_block\N=s32'00000000000000000000000000100000.$proc$/openlane/designs/Tensor/src/systolic_block.v:0$12298'.
No latch inferred for signal `$paramod\systolic_block\N=s32'00000000000000000000000000100000.\s_wires[503]' from process `$paramod\systolic_block\N=s32'00000000000000000000000000100000.$proc$/openlane/designs/Tensor/src/systolic_block.v:0$12298'.
No latch inferred for signal `$paramod\systolic_block\N=s32'00000000000000000000000000100000.\s_wires[504]' from process `$paramod\systolic_block\N=s32'00000000000000000000000000100000.$proc$/openlane/designs/Tensor/src/systolic_block.v:0$12298'.
No latch inferred for signal `$paramod\systolic_block\N=s32'00000000000000000000000000100000.\s_wires[505]' from process `$paramod\systolic_block\N=s32'00000000000000000000000000100000.$proc$/openlane/designs/Tensor/src/systolic_block.v:0$12298'.
No latch inferred for signal `$paramod\systolic_block\N=s32'00000000000000000000000000100000.\s_wires[506]' from process `$paramod\systolic_block\N=s32'00000000000000000000000000100000.$proc$/openlane/designs/Tensor/src/systolic_block.v:0$12298'.
No latch inferred for signal `$paramod\systolic_block\N=s32'00000000000000000000000000100000.\s_wires[507]' from process `$paramod\systolic_block\N=s32'00000000000000000000000000100000.$proc$/openlane/designs/Tensor/src/systolic_block.v:0$12298'.
No latch inferred for signal `$paramod\systolic_block\N=s32'00000000000000000000000000100000.\s_wires[508]' from process `$paramod\systolic_block\N=s32'00000000000000000000000000100000.$proc$/openlane/designs/Tensor/src/systolic_block.v:0$12298'.
No latch inferred for signal `$paramod\systolic_block\N=s32'00000000000000000000000000100000.\s_wires[509]' from process `$paramod\systolic_block\N=s32'00000000000000000000000000100000.$proc$/openlane/designs/Tensor/src/systolic_block.v:0$12298'.
No latch inferred for signal `$paramod\systolic_block\N=s32'00000000000000000000000000100000.\s_wires[510]' from process `$paramod\systolic_block\N=s32'00000000000000000000000000100000.$proc$/openlane/designs/Tensor/src/systolic_block.v:0$12298'.
No latch inferred for signal `$paramod\systolic_block\N=s32'00000000000000000000000000100000.\s_wires[511]' from process `$paramod\systolic_block\N=s32'00000000000000000000000000100000.$proc$/openlane/designs/Tensor/src/systolic_block.v:0$12298'.
No latch inferred for signal `$paramod\systolic_block\N=s32'00000000000000000000000000100000.\s_wires[512]' from process `$paramod\systolic_block\N=s32'00000000000000000000000000100000.$proc$/openlane/designs/Tensor/src/systolic_block.v:0$12298'.
No latch inferred for signal `$paramod\systolic_block\N=s32'00000000000000000000000000100000.\s_wires[513]' from process `$paramod\systolic_block\N=s32'00000000000000000000000000100000.$proc$/openlane/designs/Tensor/src/systolic_block.v:0$12298'.
No latch inferred for signal `$paramod\systolic_block\N=s32'00000000000000000000000000100000.\s_wires[514]' from process `$paramod\systolic_block\N=s32'00000000000000000000000000100000.$proc$/openlane/designs/Tensor/src/systolic_block.v:0$12298'.
No latch inferred for signal `$paramod\systolic_block\N=s32'00000000000000000000000000100000.\s_wires[515]' from process `$paramod\systolic_block\N=s32'00000000000000000000000000100000.$proc$/openlane/designs/Tensor/src/systolic_block.v:0$12298'.
No latch inferred for signal `$paramod\systolic_block\N=s32'00000000000000000000000000100000.\s_wires[516]' from process `$paramod\systolic_block\N=s32'00000000000000000000000000100000.$proc$/openlane/designs/Tensor/src/systolic_block.v:0$12298'.
No latch inferred for signal `$paramod\systolic_block\N=s32'00000000000000000000000000100000.\s_wires[517]' from process `$paramod\systolic_block\N=s32'00000000000000000000000000100000.$proc$/openlane/designs/Tensor/src/systolic_block.v:0$12298'.
No latch inferred for signal `$paramod\systolic_block\N=s32'00000000000000000000000000100000.\s_wires[518]' from process `$paramod\systolic_block\N=s32'00000000000000000000000000100000.$proc$/openlane/designs/Tensor/src/systolic_block.v:0$12298'.
No latch inferred for signal `$paramod\systolic_block\N=s32'00000000000000000000000000100000.\s_wires[519]' from process `$paramod\systolic_block\N=s32'00000000000000000000000000100000.$proc$/openlane/designs/Tensor/src/systolic_block.v:0$12298'.
No latch inferred for signal `$paramod\systolic_block\N=s32'00000000000000000000000000100000.\s_wires[520]' from process `$paramod\systolic_block\N=s32'00000000000000000000000000100000.$proc$/openlane/designs/Tensor/src/systolic_block.v:0$12298'.
No latch inferred for signal `$paramod\systolic_block\N=s32'00000000000000000000000000100000.\s_wires[521]' from process `$paramod\systolic_block\N=s32'00000000000000000000000000100000.$proc$/openlane/designs/Tensor/src/systolic_block.v:0$12298'.
No latch inferred for signal `$paramod\systolic_block\N=s32'00000000000000000000000000100000.\s_wires[522]' from process `$paramod\systolic_block\N=s32'00000000000000000000000000100000.$proc$/openlane/designs/Tensor/src/systolic_block.v:0$12298'.
No latch inferred for signal `$paramod\systolic_block\N=s32'00000000000000000000000000100000.\s_wires[523]' from process `$paramod\systolic_block\N=s32'00000000000000000000000000100000.$proc$/openlane/designs/Tensor/src/systolic_block.v:0$12298'.
No latch inferred for signal `$paramod\systolic_block\N=s32'00000000000000000000000000100000.\s_wires[524]' from process `$paramod\systolic_block\N=s32'00000000000000000000000000100000.$proc$/openlane/designs/Tensor/src/systolic_block.v:0$12298'.
No latch inferred for signal `$paramod\systolic_block\N=s32'00000000000000000000000000100000.\s_wires[525]' from process `$paramod\systolic_block\N=s32'00000000000000000000000000100000.$proc$/openlane/designs/Tensor/src/systolic_block.v:0$12298'.
No latch inferred for signal `$paramod\systolic_block\N=s32'00000000000000000000000000100000.\s_wires[526]' from process `$paramod\systolic_block\N=s32'00000000000000000000000000100000.$proc$/openlane/designs/Tensor/src/systolic_block.v:0$12298'.
No latch inferred for signal `$paramod\systolic_block\N=s32'00000000000000000000000000100000.\s_wires[528]' from process `$paramod\systolic_block\N=s32'00000000000000000000000000100000.$proc$/openlane/designs/Tensor/src/systolic_block.v:0$12298'.
No latch inferred for signal `$paramod\systolic_block\N=s32'00000000000000000000000000100000.\s_wires[529]' from process `$paramod\systolic_block\N=s32'00000000000000000000000000100000.$proc$/openlane/designs/Tensor/src/systolic_block.v:0$12298'.
No latch inferred for signal `$paramod\systolic_block\N=s32'00000000000000000000000000100000.\s_wires[530]' from process `$paramod\systolic_block\N=s32'00000000000000000000000000100000.$proc$/openlane/designs/Tensor/src/systolic_block.v:0$12298'.
No latch inferred for signal `$paramod\systolic_block\N=s32'00000000000000000000000000100000.\s_wires[531]' from process `$paramod\systolic_block\N=s32'00000000000000000000000000100000.$proc$/openlane/designs/Tensor/src/systolic_block.v:0$12298'.
No latch inferred for signal `$paramod\systolic_block\N=s32'00000000000000000000000000100000.\s_wires[532]' from process `$paramod\systolic_block\N=s32'00000000000000000000000000100000.$proc$/openlane/designs/Tensor/src/systolic_block.v:0$12298'.
No latch inferred for signal `$paramod\systolic_block\N=s32'00000000000000000000000000100000.\s_wires[533]' from process `$paramod\systolic_block\N=s32'00000000000000000000000000100000.$proc$/openlane/designs/Tensor/src/systolic_block.v:0$12298'.
No latch inferred for signal `$paramod\systolic_block\N=s32'00000000000000000000000000100000.\s_wires[534]' from process `$paramod\systolic_block\N=s32'00000000000000000000000000100000.$proc$/openlane/designs/Tensor/src/systolic_block.v:0$12298'.
No latch inferred for signal `$paramod\systolic_block\N=s32'00000000000000000000000000100000.\s_wires[535]' from process `$paramod\systolic_block\N=s32'00000000000000000000000000100000.$proc$/openlane/designs/Tensor/src/systolic_block.v:0$12298'.
No latch inferred for signal `$paramod\systolic_block\N=s32'00000000000000000000000000100000.\s_wires[536]' from process `$paramod\systolic_block\N=s32'00000000000000000000000000100000.$proc$/openlane/designs/Tensor/src/systolic_block.v:0$12298'.
No latch inferred for signal `$paramod\systolic_block\N=s32'00000000000000000000000000100000.\s_wires[537]' from process `$paramod\systolic_block\N=s32'00000000000000000000000000100000.$proc$/openlane/designs/Tensor/src/systolic_block.v:0$12298'.
No latch inferred for signal `$paramod\systolic_block\N=s32'00000000000000000000000000100000.\s_wires[538]' from process `$paramod\systolic_block\N=s32'00000000000000000000000000100000.$proc$/openlane/designs/Tensor/src/systolic_block.v:0$12298'.
No latch inferred for signal `$paramod\systolic_block\N=s32'00000000000000000000000000100000.\s_wires[539]' from process `$paramod\systolic_block\N=s32'00000000000000000000000000100000.$proc$/openlane/designs/Tensor/src/systolic_block.v:0$12298'.
No latch inferred for signal `$paramod\systolic_block\N=s32'00000000000000000000000000100000.\s_wires[540]' from process `$paramod\systolic_block\N=s32'00000000000000000000000000100000.$proc$/openlane/designs/Tensor/src/systolic_block.v:0$12298'.
No latch inferred for signal `$paramod\systolic_block\N=s32'00000000000000000000000000100000.\s_wires[541]' from process `$paramod\systolic_block\N=s32'00000000000000000000000000100000.$proc$/openlane/designs/Tensor/src/systolic_block.v:0$12298'.
No latch inferred for signal `$paramod\systolic_block\N=s32'00000000000000000000000000100000.\s_wires[542]' from process `$paramod\systolic_block\N=s32'00000000000000000000000000100000.$proc$/openlane/designs/Tensor/src/systolic_block.v:0$12298'.
No latch inferred for signal `$paramod\systolic_block\N=s32'00000000000000000000000000100000.\s_wires[543]' from process `$paramod\systolic_block\N=s32'00000000000000000000000000100000.$proc$/openlane/designs/Tensor/src/systolic_block.v:0$12298'.
No latch inferred for signal `$paramod\systolic_block\N=s32'00000000000000000000000000100000.\s_wires[544]' from process `$paramod\systolic_block\N=s32'00000000000000000000000000100000.$proc$/openlane/designs/Tensor/src/systolic_block.v:0$12298'.
No latch inferred for signal `$paramod\systolic_block\N=s32'00000000000000000000000000100000.\s_wires[545]' from process `$paramod\systolic_block\N=s32'00000000000000000000000000100000.$proc$/openlane/designs/Tensor/src/systolic_block.v:0$12298'.
No latch inferred for signal `$paramod\systolic_block\N=s32'00000000000000000000000000100000.\s_wires[546]' from process `$paramod\systolic_block\N=s32'00000000000000000000000000100000.$proc$/openlane/designs/Tensor/src/systolic_block.v:0$12298'.
No latch inferred for signal `$paramod\systolic_block\N=s32'00000000000000000000000000100000.\s_wires[547]' from process `$paramod\systolic_block\N=s32'00000000000000000000000000100000.$proc$/openlane/designs/Tensor/src/systolic_block.v:0$12298'.
No latch inferred for signal `$paramod\systolic_block\N=s32'00000000000000000000000000100000.\s_wires[548]' from process `$paramod\systolic_block\N=s32'00000000000000000000000000100000.$proc$/openlane/designs/Tensor/src/systolic_block.v:0$12298'.
No latch inferred for signal `$paramod\systolic_block\N=s32'00000000000000000000000000100000.\s_wires[549]' from process `$paramod\systolic_block\N=s32'00000000000000000000000000100000.$proc$/openlane/designs/Tensor/src/systolic_block.v:0$12298'.
No latch inferred for signal `$paramod\systolic_block\N=s32'00000000000000000000000000100000.\s_wires[550]' from process `$paramod\systolic_block\N=s32'00000000000000000000000000100000.$proc$/openlane/designs/Tensor/src/systolic_block.v:0$12298'.
No latch inferred for signal `$paramod\systolic_block\N=s32'00000000000000000000000000100000.\s_wires[551]' from process `$paramod\systolic_block\N=s32'00000000000000000000000000100000.$proc$/openlane/designs/Tensor/src/systolic_block.v:0$12298'.
No latch inferred for signal `$paramod\systolic_block\N=s32'00000000000000000000000000100000.\s_wires[552]' from process `$paramod\systolic_block\N=s32'00000000000000000000000000100000.$proc$/openlane/designs/Tensor/src/systolic_block.v:0$12298'.
No latch inferred for signal `$paramod\systolic_block\N=s32'00000000000000000000000000100000.\s_wires[553]' from process `$paramod\systolic_block\N=s32'00000000000000000000000000100000.$proc$/openlane/designs/Tensor/src/systolic_block.v:0$12298'.
No latch inferred for signal `$paramod\systolic_block\N=s32'00000000000000000000000000100000.\s_wires[554]' from process `$paramod\systolic_block\N=s32'00000000000000000000000000100000.$proc$/openlane/designs/Tensor/src/systolic_block.v:0$12298'.
No latch inferred for signal `$paramod\systolic_block\N=s32'00000000000000000000000000100000.\s_wires[555]' from process `$paramod\systolic_block\N=s32'00000000000000000000000000100000.$proc$/openlane/designs/Tensor/src/systolic_block.v:0$12298'.
No latch inferred for signal `$paramod\systolic_block\N=s32'00000000000000000000000000100000.\s_wires[556]' from process `$paramod\systolic_block\N=s32'00000000000000000000000000100000.$proc$/openlane/designs/Tensor/src/systolic_block.v:0$12298'.
No latch inferred for signal `$paramod\systolic_block\N=s32'00000000000000000000000000100000.\s_wires[557]' from process `$paramod\systolic_block\N=s32'00000000000000000000000000100000.$proc$/openlane/designs/Tensor/src/systolic_block.v:0$12298'.
No latch inferred for signal `$paramod\systolic_block\N=s32'00000000000000000000000000100000.\s_wires[558]' from process `$paramod\systolic_block\N=s32'00000000000000000000000000100000.$proc$/openlane/designs/Tensor/src/systolic_block.v:0$12298'.
No latch inferred for signal `$paramod\systolic_block\N=s32'00000000000000000000000000100000.\s_wires[559]' from process `$paramod\systolic_block\N=s32'00000000000000000000000000100000.$proc$/openlane/designs/Tensor/src/systolic_block.v:0$12298'.
No latch inferred for signal `$paramod\systolic_block\N=s32'00000000000000000000000000100000.\s_wires[561]' from process `$paramod\systolic_block\N=s32'00000000000000000000000000100000.$proc$/openlane/designs/Tensor/src/systolic_block.v:0$12298'.
No latch inferred for signal `$paramod\systolic_block\N=s32'00000000000000000000000000100000.\s_wires[562]' from process `$paramod\systolic_block\N=s32'00000000000000000000000000100000.$proc$/openlane/designs/Tensor/src/systolic_block.v:0$12298'.
No latch inferred for signal `$paramod\systolic_block\N=s32'00000000000000000000000000100000.\s_wires[563]' from process `$paramod\systolic_block\N=s32'00000000000000000000000000100000.$proc$/openlane/designs/Tensor/src/systolic_block.v:0$12298'.
No latch inferred for signal `$paramod\systolic_block\N=s32'00000000000000000000000000100000.\s_wires[564]' from process `$paramod\systolic_block\N=s32'00000000000000000000000000100000.$proc$/openlane/designs/Tensor/src/systolic_block.v:0$12298'.
No latch inferred for signal `$paramod\systolic_block\N=s32'00000000000000000000000000100000.\s_wires[565]' from process `$paramod\systolic_block\N=s32'00000000000000000000000000100000.$proc$/openlane/designs/Tensor/src/systolic_block.v:0$12298'.
No latch inferred for signal `$paramod\systolic_block\N=s32'00000000000000000000000000100000.\s_wires[566]' from process `$paramod\systolic_block\N=s32'00000000000000000000000000100000.$proc$/openlane/designs/Tensor/src/systolic_block.v:0$12298'.
No latch inferred for signal `$paramod\systolic_block\N=s32'00000000000000000000000000100000.\s_wires[567]' from process `$paramod\systolic_block\N=s32'00000000000000000000000000100000.$proc$/openlane/designs/Tensor/src/systolic_block.v:0$12298'.
No latch inferred for signal `$paramod\systolic_block\N=s32'00000000000000000000000000100000.\s_wires[568]' from process `$paramod\systolic_block\N=s32'00000000000000000000000000100000.$proc$/openlane/designs/Tensor/src/systolic_block.v:0$12298'.
No latch inferred for signal `$paramod\systolic_block\N=s32'00000000000000000000000000100000.\s_wires[569]' from process `$paramod\systolic_block\N=s32'00000000000000000000000000100000.$proc$/openlane/designs/Tensor/src/systolic_block.v:0$12298'.
No latch inferred for signal `$paramod\systolic_block\N=s32'00000000000000000000000000100000.\s_wires[570]' from process `$paramod\systolic_block\N=s32'00000000000000000000000000100000.$proc$/openlane/designs/Tensor/src/systolic_block.v:0$12298'.
No latch inferred for signal `$paramod\systolic_block\N=s32'00000000000000000000000000100000.\s_wires[571]' from process `$paramod\systolic_block\N=s32'00000000000000000000000000100000.$proc$/openlane/designs/Tensor/src/systolic_block.v:0$12298'.
No latch inferred for signal `$paramod\systolic_block\N=s32'00000000000000000000000000100000.\s_wires[572]' from process `$paramod\systolic_block\N=s32'00000000000000000000000000100000.$proc$/openlane/designs/Tensor/src/systolic_block.v:0$12298'.
No latch inferred for signal `$paramod\systolic_block\N=s32'00000000000000000000000000100000.\s_wires[573]' from process `$paramod\systolic_block\N=s32'00000000000000000000000000100000.$proc$/openlane/designs/Tensor/src/systolic_block.v:0$12298'.
No latch inferred for signal `$paramod\systolic_block\N=s32'00000000000000000000000000100000.\s_wires[574]' from process `$paramod\systolic_block\N=s32'00000000000000000000000000100000.$proc$/openlane/designs/Tensor/src/systolic_block.v:0$12298'.
No latch inferred for signal `$paramod\systolic_block\N=s32'00000000000000000000000000100000.\s_wires[575]' from process `$paramod\systolic_block\N=s32'00000000000000000000000000100000.$proc$/openlane/designs/Tensor/src/systolic_block.v:0$12298'.
No latch inferred for signal `$paramod\systolic_block\N=s32'00000000000000000000000000100000.\s_wires[576]' from process `$paramod\systolic_block\N=s32'00000000000000000000000000100000.$proc$/openlane/designs/Tensor/src/systolic_block.v:0$12298'.
No latch inferred for signal `$paramod\systolic_block\N=s32'00000000000000000000000000100000.\s_wires[577]' from process `$paramod\systolic_block\N=s32'00000000000000000000000000100000.$proc$/openlane/designs/Tensor/src/systolic_block.v:0$12298'.
No latch inferred for signal `$paramod\systolic_block\N=s32'00000000000000000000000000100000.\s_wires[578]' from process `$paramod\systolic_block\N=s32'00000000000000000000000000100000.$proc$/openlane/designs/Tensor/src/systolic_block.v:0$12298'.
No latch inferred for signal `$paramod\systolic_block\N=s32'00000000000000000000000000100000.\s_wires[579]' from process `$paramod\systolic_block\N=s32'00000000000000000000000000100000.$proc$/openlane/designs/Tensor/src/systolic_block.v:0$12298'.
No latch inferred for signal `$paramod\systolic_block\N=s32'00000000000000000000000000100000.\s_wires[580]' from process `$paramod\systolic_block\N=s32'00000000000000000000000000100000.$proc$/openlane/designs/Tensor/src/systolic_block.v:0$12298'.
No latch inferred for signal `$paramod\systolic_block\N=s32'00000000000000000000000000100000.\s_wires[581]' from process `$paramod\systolic_block\N=s32'00000000000000000000000000100000.$proc$/openlane/designs/Tensor/src/systolic_block.v:0$12298'.
No latch inferred for signal `$paramod\systolic_block\N=s32'00000000000000000000000000100000.\s_wires[582]' from process `$paramod\systolic_block\N=s32'00000000000000000000000000100000.$proc$/openlane/designs/Tensor/src/systolic_block.v:0$12298'.
No latch inferred for signal `$paramod\systolic_block\N=s32'00000000000000000000000000100000.\s_wires[583]' from process `$paramod\systolic_block\N=s32'00000000000000000000000000100000.$proc$/openlane/designs/Tensor/src/systolic_block.v:0$12298'.
No latch inferred for signal `$paramod\systolic_block\N=s32'00000000000000000000000000100000.\s_wires[584]' from process `$paramod\systolic_block\N=s32'00000000000000000000000000100000.$proc$/openlane/designs/Tensor/src/systolic_block.v:0$12298'.
No latch inferred for signal `$paramod\systolic_block\N=s32'00000000000000000000000000100000.\s_wires[585]' from process `$paramod\systolic_block\N=s32'00000000000000000000000000100000.$proc$/openlane/designs/Tensor/src/systolic_block.v:0$12298'.
No latch inferred for signal `$paramod\systolic_block\N=s32'00000000000000000000000000100000.\s_wires[586]' from process `$paramod\systolic_block\N=s32'00000000000000000000000000100000.$proc$/openlane/designs/Tensor/src/systolic_block.v:0$12298'.
No latch inferred for signal `$paramod\systolic_block\N=s32'00000000000000000000000000100000.\s_wires[587]' from process `$paramod\systolic_block\N=s32'00000000000000000000000000100000.$proc$/openlane/designs/Tensor/src/systolic_block.v:0$12298'.
No latch inferred for signal `$paramod\systolic_block\N=s32'00000000000000000000000000100000.\s_wires[588]' from process `$paramod\systolic_block\N=s32'00000000000000000000000000100000.$proc$/openlane/designs/Tensor/src/systolic_block.v:0$12298'.
No latch inferred for signal `$paramod\systolic_block\N=s32'00000000000000000000000000100000.\s_wires[589]' from process `$paramod\systolic_block\N=s32'00000000000000000000000000100000.$proc$/openlane/designs/Tensor/src/systolic_block.v:0$12298'.
No latch inferred for signal `$paramod\systolic_block\N=s32'00000000000000000000000000100000.\s_wires[590]' from process `$paramod\systolic_block\N=s32'00000000000000000000000000100000.$proc$/openlane/designs/Tensor/src/systolic_block.v:0$12298'.
No latch inferred for signal `$paramod\systolic_block\N=s32'00000000000000000000000000100000.\s_wires[591]' from process `$paramod\systolic_block\N=s32'00000000000000000000000000100000.$proc$/openlane/designs/Tensor/src/systolic_block.v:0$12298'.
No latch inferred for signal `$paramod\systolic_block\N=s32'00000000000000000000000000100000.\s_wires[592]' from process `$paramod\systolic_block\N=s32'00000000000000000000000000100000.$proc$/openlane/designs/Tensor/src/systolic_block.v:0$12298'.
No latch inferred for signal `$paramod\systolic_block\N=s32'00000000000000000000000000100000.\s_wires[594]' from process `$paramod\systolic_block\N=s32'00000000000000000000000000100000.$proc$/openlane/designs/Tensor/src/systolic_block.v:0$12298'.
No latch inferred for signal `$paramod\systolic_block\N=s32'00000000000000000000000000100000.\s_wires[595]' from process `$paramod\systolic_block\N=s32'00000000000000000000000000100000.$proc$/openlane/designs/Tensor/src/systolic_block.v:0$12298'.
No latch inferred for signal `$paramod\systolic_block\N=s32'00000000000000000000000000100000.\s_wires[596]' from process `$paramod\systolic_block\N=s32'00000000000000000000000000100000.$proc$/openlane/designs/Tensor/src/systolic_block.v:0$12298'.
No latch inferred for signal `$paramod\systolic_block\N=s32'00000000000000000000000000100000.\s_wires[597]' from process `$paramod\systolic_block\N=s32'00000000000000000000000000100000.$proc$/openlane/designs/Tensor/src/systolic_block.v:0$12298'.
No latch inferred for signal `$paramod\systolic_block\N=s32'00000000000000000000000000100000.\s_wires[598]' from process `$paramod\systolic_block\N=s32'00000000000000000000000000100000.$proc$/openlane/designs/Tensor/src/systolic_block.v:0$12298'.
No latch inferred for signal `$paramod\systolic_block\N=s32'00000000000000000000000000100000.\s_wires[599]' from process `$paramod\systolic_block\N=s32'00000000000000000000000000100000.$proc$/openlane/designs/Tensor/src/systolic_block.v:0$12298'.
No latch inferred for signal `$paramod\systolic_block\N=s32'00000000000000000000000000100000.\s_wires[600]' from process `$paramod\systolic_block\N=s32'00000000000000000000000000100000.$proc$/openlane/designs/Tensor/src/systolic_block.v:0$12298'.
No latch inferred for signal `$paramod\systolic_block\N=s32'00000000000000000000000000100000.\s_wires[601]' from process `$paramod\systolic_block\N=s32'00000000000000000000000000100000.$proc$/openlane/designs/Tensor/src/systolic_block.v:0$12298'.
No latch inferred for signal `$paramod\systolic_block\N=s32'00000000000000000000000000100000.\s_wires[602]' from process `$paramod\systolic_block\N=s32'00000000000000000000000000100000.$proc$/openlane/designs/Tensor/src/systolic_block.v:0$12298'.
No latch inferred for signal `$paramod\systolic_block\N=s32'00000000000000000000000000100000.\s_wires[603]' from process `$paramod\systolic_block\N=s32'00000000000000000000000000100000.$proc$/openlane/designs/Tensor/src/systolic_block.v:0$12298'.
No latch inferred for signal `$paramod\systolic_block\N=s32'00000000000000000000000000100000.\s_wires[604]' from process `$paramod\systolic_block\N=s32'00000000000000000000000000100000.$proc$/openlane/designs/Tensor/src/systolic_block.v:0$12298'.
No latch inferred for signal `$paramod\systolic_block\N=s32'00000000000000000000000000100000.\s_wires[605]' from process `$paramod\systolic_block\N=s32'00000000000000000000000000100000.$proc$/openlane/designs/Tensor/src/systolic_block.v:0$12298'.
No latch inferred for signal `$paramod\systolic_block\N=s32'00000000000000000000000000100000.\s_wires[606]' from process `$paramod\systolic_block\N=s32'00000000000000000000000000100000.$proc$/openlane/designs/Tensor/src/systolic_block.v:0$12298'.
No latch inferred for signal `$paramod\systolic_block\N=s32'00000000000000000000000000100000.\s_wires[607]' from process `$paramod\systolic_block\N=s32'00000000000000000000000000100000.$proc$/openlane/designs/Tensor/src/systolic_block.v:0$12298'.
No latch inferred for signal `$paramod\systolic_block\N=s32'00000000000000000000000000100000.\s_wires[608]' from process `$paramod\systolic_block\N=s32'00000000000000000000000000100000.$proc$/openlane/designs/Tensor/src/systolic_block.v:0$12298'.
No latch inferred for signal `$paramod\systolic_block\N=s32'00000000000000000000000000100000.\s_wires[609]' from process `$paramod\systolic_block\N=s32'00000000000000000000000000100000.$proc$/openlane/designs/Tensor/src/systolic_block.v:0$12298'.
No latch inferred for signal `$paramod\systolic_block\N=s32'00000000000000000000000000100000.\s_wires[610]' from process `$paramod\systolic_block\N=s32'00000000000000000000000000100000.$proc$/openlane/designs/Tensor/src/systolic_block.v:0$12298'.
No latch inferred for signal `$paramod\systolic_block\N=s32'00000000000000000000000000100000.\s_wires[611]' from process `$paramod\systolic_block\N=s32'00000000000000000000000000100000.$proc$/openlane/designs/Tensor/src/systolic_block.v:0$12298'.
No latch inferred for signal `$paramod\systolic_block\N=s32'00000000000000000000000000100000.\s_wires[612]' from process `$paramod\systolic_block\N=s32'00000000000000000000000000100000.$proc$/openlane/designs/Tensor/src/systolic_block.v:0$12298'.
No latch inferred for signal `$paramod\systolic_block\N=s32'00000000000000000000000000100000.\s_wires[613]' from process `$paramod\systolic_block\N=s32'00000000000000000000000000100000.$proc$/openlane/designs/Tensor/src/systolic_block.v:0$12298'.
No latch inferred for signal `$paramod\systolic_block\N=s32'00000000000000000000000000100000.\s_wires[614]' from process `$paramod\systolic_block\N=s32'00000000000000000000000000100000.$proc$/openlane/designs/Tensor/src/systolic_block.v:0$12298'.
No latch inferred for signal `$paramod\systolic_block\N=s32'00000000000000000000000000100000.\s_wires[615]' from process `$paramod\systolic_block\N=s32'00000000000000000000000000100000.$proc$/openlane/designs/Tensor/src/systolic_block.v:0$12298'.
No latch inferred for signal `$paramod\systolic_block\N=s32'00000000000000000000000000100000.\s_wires[616]' from process `$paramod\systolic_block\N=s32'00000000000000000000000000100000.$proc$/openlane/designs/Tensor/src/systolic_block.v:0$12298'.
No latch inferred for signal `$paramod\systolic_block\N=s32'00000000000000000000000000100000.\s_wires[617]' from process `$paramod\systolic_block\N=s32'00000000000000000000000000100000.$proc$/openlane/designs/Tensor/src/systolic_block.v:0$12298'.
No latch inferred for signal `$paramod\systolic_block\N=s32'00000000000000000000000000100000.\s_wires[618]' from process `$paramod\systolic_block\N=s32'00000000000000000000000000100000.$proc$/openlane/designs/Tensor/src/systolic_block.v:0$12298'.
No latch inferred for signal `$paramod\systolic_block\N=s32'00000000000000000000000000100000.\s_wires[619]' from process `$paramod\systolic_block\N=s32'00000000000000000000000000100000.$proc$/openlane/designs/Tensor/src/systolic_block.v:0$12298'.
No latch inferred for signal `$paramod\systolic_block\N=s32'00000000000000000000000000100000.\s_wires[620]' from process `$paramod\systolic_block\N=s32'00000000000000000000000000100000.$proc$/openlane/designs/Tensor/src/systolic_block.v:0$12298'.
No latch inferred for signal `$paramod\systolic_block\N=s32'00000000000000000000000000100000.\s_wires[621]' from process `$paramod\systolic_block\N=s32'00000000000000000000000000100000.$proc$/openlane/designs/Tensor/src/systolic_block.v:0$12298'.
No latch inferred for signal `$paramod\systolic_block\N=s32'00000000000000000000000000100000.\s_wires[622]' from process `$paramod\systolic_block\N=s32'00000000000000000000000000100000.$proc$/openlane/designs/Tensor/src/systolic_block.v:0$12298'.
No latch inferred for signal `$paramod\systolic_block\N=s32'00000000000000000000000000100000.\s_wires[623]' from process `$paramod\systolic_block\N=s32'00000000000000000000000000100000.$proc$/openlane/designs/Tensor/src/systolic_block.v:0$12298'.
No latch inferred for signal `$paramod\systolic_block\N=s32'00000000000000000000000000100000.\s_wires[624]' from process `$paramod\systolic_block\N=s32'00000000000000000000000000100000.$proc$/openlane/designs/Tensor/src/systolic_block.v:0$12298'.
No latch inferred for signal `$paramod\systolic_block\N=s32'00000000000000000000000000100000.\s_wires[625]' from process `$paramod\systolic_block\N=s32'00000000000000000000000000100000.$proc$/openlane/designs/Tensor/src/systolic_block.v:0$12298'.
No latch inferred for signal `$paramod\systolic_block\N=s32'00000000000000000000000000100000.\s_wires[627]' from process `$paramod\systolic_block\N=s32'00000000000000000000000000100000.$proc$/openlane/designs/Tensor/src/systolic_block.v:0$12298'.
No latch inferred for signal `$paramod\systolic_block\N=s32'00000000000000000000000000100000.\s_wires[628]' from process `$paramod\systolic_block\N=s32'00000000000000000000000000100000.$proc$/openlane/designs/Tensor/src/systolic_block.v:0$12298'.
No latch inferred for signal `$paramod\systolic_block\N=s32'00000000000000000000000000100000.\s_wires[629]' from process `$paramod\systolic_block\N=s32'00000000000000000000000000100000.$proc$/openlane/designs/Tensor/src/systolic_block.v:0$12298'.
No latch inferred for signal `$paramod\systolic_block\N=s32'00000000000000000000000000100000.\s_wires[630]' from process `$paramod\systolic_block\N=s32'00000000000000000000000000100000.$proc$/openlane/designs/Tensor/src/systolic_block.v:0$12298'.
No latch inferred for signal `$paramod\systolic_block\N=s32'00000000000000000000000000100000.\s_wires[631]' from process `$paramod\systolic_block\N=s32'00000000000000000000000000100000.$proc$/openlane/designs/Tensor/src/systolic_block.v:0$12298'.
No latch inferred for signal `$paramod\systolic_block\N=s32'00000000000000000000000000100000.\s_wires[632]' from process `$paramod\systolic_block\N=s32'00000000000000000000000000100000.$proc$/openlane/designs/Tensor/src/systolic_block.v:0$12298'.
No latch inferred for signal `$paramod\systolic_block\N=s32'00000000000000000000000000100000.\s_wires[633]' from process `$paramod\systolic_block\N=s32'00000000000000000000000000100000.$proc$/openlane/designs/Tensor/src/systolic_block.v:0$12298'.
No latch inferred for signal `$paramod\systolic_block\N=s32'00000000000000000000000000100000.\s_wires[634]' from process `$paramod\systolic_block\N=s32'00000000000000000000000000100000.$proc$/openlane/designs/Tensor/src/systolic_block.v:0$12298'.
No latch inferred for signal `$paramod\systolic_block\N=s32'00000000000000000000000000100000.\s_wires[635]' from process `$paramod\systolic_block\N=s32'00000000000000000000000000100000.$proc$/openlane/designs/Tensor/src/systolic_block.v:0$12298'.
No latch inferred for signal `$paramod\systolic_block\N=s32'00000000000000000000000000100000.\s_wires[636]' from process `$paramod\systolic_block\N=s32'00000000000000000000000000100000.$proc$/openlane/designs/Tensor/src/systolic_block.v:0$12298'.
No latch inferred for signal `$paramod\systolic_block\N=s32'00000000000000000000000000100000.\s_wires[637]' from process `$paramod\systolic_block\N=s32'00000000000000000000000000100000.$proc$/openlane/designs/Tensor/src/systolic_block.v:0$12298'.
No latch inferred for signal `$paramod\systolic_block\N=s32'00000000000000000000000000100000.\s_wires[638]' from process `$paramod\systolic_block\N=s32'00000000000000000000000000100000.$proc$/openlane/designs/Tensor/src/systolic_block.v:0$12298'.
No latch inferred for signal `$paramod\systolic_block\N=s32'00000000000000000000000000100000.\s_wires[639]' from process `$paramod\systolic_block\N=s32'00000000000000000000000000100000.$proc$/openlane/designs/Tensor/src/systolic_block.v:0$12298'.
No latch inferred for signal `$paramod\systolic_block\N=s32'00000000000000000000000000100000.\s_wires[640]' from process `$paramod\systolic_block\N=s32'00000000000000000000000000100000.$proc$/openlane/designs/Tensor/src/systolic_block.v:0$12298'.
No latch inferred for signal `$paramod\systolic_block\N=s32'00000000000000000000000000100000.\s_wires[641]' from process `$paramod\systolic_block\N=s32'00000000000000000000000000100000.$proc$/openlane/designs/Tensor/src/systolic_block.v:0$12298'.
No latch inferred for signal `$paramod\systolic_block\N=s32'00000000000000000000000000100000.\s_wires[642]' from process `$paramod\systolic_block\N=s32'00000000000000000000000000100000.$proc$/openlane/designs/Tensor/src/systolic_block.v:0$12298'.
No latch inferred for signal `$paramod\systolic_block\N=s32'00000000000000000000000000100000.\s_wires[643]' from process `$paramod\systolic_block\N=s32'00000000000000000000000000100000.$proc$/openlane/designs/Tensor/src/systolic_block.v:0$12298'.
No latch inferred for signal `$paramod\systolic_block\N=s32'00000000000000000000000000100000.\s_wires[644]' from process `$paramod\systolic_block\N=s32'00000000000000000000000000100000.$proc$/openlane/designs/Tensor/src/systolic_block.v:0$12298'.
No latch inferred for signal `$paramod\systolic_block\N=s32'00000000000000000000000000100000.\s_wires[645]' from process `$paramod\systolic_block\N=s32'00000000000000000000000000100000.$proc$/openlane/designs/Tensor/src/systolic_block.v:0$12298'.
No latch inferred for signal `$paramod\systolic_block\N=s32'00000000000000000000000000100000.\s_wires[646]' from process `$paramod\systolic_block\N=s32'00000000000000000000000000100000.$proc$/openlane/designs/Tensor/src/systolic_block.v:0$12298'.
No latch inferred for signal `$paramod\systolic_block\N=s32'00000000000000000000000000100000.\s_wires[647]' from process `$paramod\systolic_block\N=s32'00000000000000000000000000100000.$proc$/openlane/designs/Tensor/src/systolic_block.v:0$12298'.
No latch inferred for signal `$paramod\systolic_block\N=s32'00000000000000000000000000100000.\s_wires[648]' from process `$paramod\systolic_block\N=s32'00000000000000000000000000100000.$proc$/openlane/designs/Tensor/src/systolic_block.v:0$12298'.
No latch inferred for signal `$paramod\systolic_block\N=s32'00000000000000000000000000100000.\s_wires[649]' from process `$paramod\systolic_block\N=s32'00000000000000000000000000100000.$proc$/openlane/designs/Tensor/src/systolic_block.v:0$12298'.
No latch inferred for signal `$paramod\systolic_block\N=s32'00000000000000000000000000100000.\s_wires[650]' from process `$paramod\systolic_block\N=s32'00000000000000000000000000100000.$proc$/openlane/designs/Tensor/src/systolic_block.v:0$12298'.
No latch inferred for signal `$paramod\systolic_block\N=s32'00000000000000000000000000100000.\s_wires[651]' from process `$paramod\systolic_block\N=s32'00000000000000000000000000100000.$proc$/openlane/designs/Tensor/src/systolic_block.v:0$12298'.
No latch inferred for signal `$paramod\systolic_block\N=s32'00000000000000000000000000100000.\s_wires[652]' from process `$paramod\systolic_block\N=s32'00000000000000000000000000100000.$proc$/openlane/designs/Tensor/src/systolic_block.v:0$12298'.
No latch inferred for signal `$paramod\systolic_block\N=s32'00000000000000000000000000100000.\s_wires[653]' from process `$paramod\systolic_block\N=s32'00000000000000000000000000100000.$proc$/openlane/designs/Tensor/src/systolic_block.v:0$12298'.
No latch inferred for signal `$paramod\systolic_block\N=s32'00000000000000000000000000100000.\s_wires[654]' from process `$paramod\systolic_block\N=s32'00000000000000000000000000100000.$proc$/openlane/designs/Tensor/src/systolic_block.v:0$12298'.
No latch inferred for signal `$paramod\systolic_block\N=s32'00000000000000000000000000100000.\s_wires[655]' from process `$paramod\systolic_block\N=s32'00000000000000000000000000100000.$proc$/openlane/designs/Tensor/src/systolic_block.v:0$12298'.
No latch inferred for signal `$paramod\systolic_block\N=s32'00000000000000000000000000100000.\s_wires[656]' from process `$paramod\systolic_block\N=s32'00000000000000000000000000100000.$proc$/openlane/designs/Tensor/src/systolic_block.v:0$12298'.
No latch inferred for signal `$paramod\systolic_block\N=s32'00000000000000000000000000100000.\s_wires[657]' from process `$paramod\systolic_block\N=s32'00000000000000000000000000100000.$proc$/openlane/designs/Tensor/src/systolic_block.v:0$12298'.
No latch inferred for signal `$paramod\systolic_block\N=s32'00000000000000000000000000100000.\s_wires[658]' from process `$paramod\systolic_block\N=s32'00000000000000000000000000100000.$proc$/openlane/designs/Tensor/src/systolic_block.v:0$12298'.
No latch inferred for signal `$paramod\systolic_block\N=s32'00000000000000000000000000100000.\s_wires[660]' from process `$paramod\systolic_block\N=s32'00000000000000000000000000100000.$proc$/openlane/designs/Tensor/src/systolic_block.v:0$12298'.
No latch inferred for signal `$paramod\systolic_block\N=s32'00000000000000000000000000100000.\s_wires[661]' from process `$paramod\systolic_block\N=s32'00000000000000000000000000100000.$proc$/openlane/designs/Tensor/src/systolic_block.v:0$12298'.
No latch inferred for signal `$paramod\systolic_block\N=s32'00000000000000000000000000100000.\s_wires[662]' from process `$paramod\systolic_block\N=s32'00000000000000000000000000100000.$proc$/openlane/designs/Tensor/src/systolic_block.v:0$12298'.
No latch inferred for signal `$paramod\systolic_block\N=s32'00000000000000000000000000100000.\s_wires[663]' from process `$paramod\systolic_block\N=s32'00000000000000000000000000100000.$proc$/openlane/designs/Tensor/src/systolic_block.v:0$12298'.
No latch inferred for signal `$paramod\systolic_block\N=s32'00000000000000000000000000100000.\s_wires[664]' from process `$paramod\systolic_block\N=s32'00000000000000000000000000100000.$proc$/openlane/designs/Tensor/src/systolic_block.v:0$12298'.
No latch inferred for signal `$paramod\systolic_block\N=s32'00000000000000000000000000100000.\s_wires[665]' from process `$paramod\systolic_block\N=s32'00000000000000000000000000100000.$proc$/openlane/designs/Tensor/src/systolic_block.v:0$12298'.
No latch inferred for signal `$paramod\systolic_block\N=s32'00000000000000000000000000100000.\s_wires[666]' from process `$paramod\systolic_block\N=s32'00000000000000000000000000100000.$proc$/openlane/designs/Tensor/src/systolic_block.v:0$12298'.
No latch inferred for signal `$paramod\systolic_block\N=s32'00000000000000000000000000100000.\s_wires[667]' from process `$paramod\systolic_block\N=s32'00000000000000000000000000100000.$proc$/openlane/designs/Tensor/src/systolic_block.v:0$12298'.
No latch inferred for signal `$paramod\systolic_block\N=s32'00000000000000000000000000100000.\s_wires[668]' from process `$paramod\systolic_block\N=s32'00000000000000000000000000100000.$proc$/openlane/designs/Tensor/src/systolic_block.v:0$12298'.
No latch inferred for signal `$paramod\systolic_block\N=s32'00000000000000000000000000100000.\s_wires[669]' from process `$paramod\systolic_block\N=s32'00000000000000000000000000100000.$proc$/openlane/designs/Tensor/src/systolic_block.v:0$12298'.
No latch inferred for signal `$paramod\systolic_block\N=s32'00000000000000000000000000100000.\s_wires[670]' from process `$paramod\systolic_block\N=s32'00000000000000000000000000100000.$proc$/openlane/designs/Tensor/src/systolic_block.v:0$12298'.
No latch inferred for signal `$paramod\systolic_block\N=s32'00000000000000000000000000100000.\s_wires[671]' from process `$paramod\systolic_block\N=s32'00000000000000000000000000100000.$proc$/openlane/designs/Tensor/src/systolic_block.v:0$12298'.
No latch inferred for signal `$paramod\systolic_block\N=s32'00000000000000000000000000100000.\s_wires[672]' from process `$paramod\systolic_block\N=s32'00000000000000000000000000100000.$proc$/openlane/designs/Tensor/src/systolic_block.v:0$12298'.
No latch inferred for signal `$paramod\systolic_block\N=s32'00000000000000000000000000100000.\s_wires[673]' from process `$paramod\systolic_block\N=s32'00000000000000000000000000100000.$proc$/openlane/designs/Tensor/src/systolic_block.v:0$12298'.
No latch inferred for signal `$paramod\systolic_block\N=s32'00000000000000000000000000100000.\s_wires[674]' from process `$paramod\systolic_block\N=s32'00000000000000000000000000100000.$proc$/openlane/designs/Tensor/src/systolic_block.v:0$12298'.
No latch inferred for signal `$paramod\systolic_block\N=s32'00000000000000000000000000100000.\s_wires[675]' from process `$paramod\systolic_block\N=s32'00000000000000000000000000100000.$proc$/openlane/designs/Tensor/src/systolic_block.v:0$12298'.
No latch inferred for signal `$paramod\systolic_block\N=s32'00000000000000000000000000100000.\s_wires[676]' from process `$paramod\systolic_block\N=s32'00000000000000000000000000100000.$proc$/openlane/designs/Tensor/src/systolic_block.v:0$12298'.
No latch inferred for signal `$paramod\systolic_block\N=s32'00000000000000000000000000100000.\s_wires[677]' from process `$paramod\systolic_block\N=s32'00000000000000000000000000100000.$proc$/openlane/designs/Tensor/src/systolic_block.v:0$12298'.
No latch inferred for signal `$paramod\systolic_block\N=s32'00000000000000000000000000100000.\s_wires[678]' from process `$paramod\systolic_block\N=s32'00000000000000000000000000100000.$proc$/openlane/designs/Tensor/src/systolic_block.v:0$12298'.
No latch inferred for signal `$paramod\systolic_block\N=s32'00000000000000000000000000100000.\s_wires[679]' from process `$paramod\systolic_block\N=s32'00000000000000000000000000100000.$proc$/openlane/designs/Tensor/src/systolic_block.v:0$12298'.
No latch inferred for signal `$paramod\systolic_block\N=s32'00000000000000000000000000100000.\s_wires[680]' from process `$paramod\systolic_block\N=s32'00000000000000000000000000100000.$proc$/openlane/designs/Tensor/src/systolic_block.v:0$12298'.
No latch inferred for signal `$paramod\systolic_block\N=s32'00000000000000000000000000100000.\s_wires[681]' from process `$paramod\systolic_block\N=s32'00000000000000000000000000100000.$proc$/openlane/designs/Tensor/src/systolic_block.v:0$12298'.
No latch inferred for signal `$paramod\systolic_block\N=s32'00000000000000000000000000100000.\s_wires[682]' from process `$paramod\systolic_block\N=s32'00000000000000000000000000100000.$proc$/openlane/designs/Tensor/src/systolic_block.v:0$12298'.
No latch inferred for signal `$paramod\systolic_block\N=s32'00000000000000000000000000100000.\s_wires[683]' from process `$paramod\systolic_block\N=s32'00000000000000000000000000100000.$proc$/openlane/designs/Tensor/src/systolic_block.v:0$12298'.
No latch inferred for signal `$paramod\systolic_block\N=s32'00000000000000000000000000100000.\s_wires[684]' from process `$paramod\systolic_block\N=s32'00000000000000000000000000100000.$proc$/openlane/designs/Tensor/src/systolic_block.v:0$12298'.
No latch inferred for signal `$paramod\systolic_block\N=s32'00000000000000000000000000100000.\s_wires[685]' from process `$paramod\systolic_block\N=s32'00000000000000000000000000100000.$proc$/openlane/designs/Tensor/src/systolic_block.v:0$12298'.
No latch inferred for signal `$paramod\systolic_block\N=s32'00000000000000000000000000100000.\s_wires[686]' from process `$paramod\systolic_block\N=s32'00000000000000000000000000100000.$proc$/openlane/designs/Tensor/src/systolic_block.v:0$12298'.
No latch inferred for signal `$paramod\systolic_block\N=s32'00000000000000000000000000100000.\s_wires[687]' from process `$paramod\systolic_block\N=s32'00000000000000000000000000100000.$proc$/openlane/designs/Tensor/src/systolic_block.v:0$12298'.
No latch inferred for signal `$paramod\systolic_block\N=s32'00000000000000000000000000100000.\s_wires[688]' from process `$paramod\systolic_block\N=s32'00000000000000000000000000100000.$proc$/openlane/designs/Tensor/src/systolic_block.v:0$12298'.
No latch inferred for signal `$paramod\systolic_block\N=s32'00000000000000000000000000100000.\s_wires[689]' from process `$paramod\systolic_block\N=s32'00000000000000000000000000100000.$proc$/openlane/designs/Tensor/src/systolic_block.v:0$12298'.
No latch inferred for signal `$paramod\systolic_block\N=s32'00000000000000000000000000100000.\s_wires[690]' from process `$paramod\systolic_block\N=s32'00000000000000000000000000100000.$proc$/openlane/designs/Tensor/src/systolic_block.v:0$12298'.
No latch inferred for signal `$paramod\systolic_block\N=s32'00000000000000000000000000100000.\s_wires[691]' from process `$paramod\systolic_block\N=s32'00000000000000000000000000100000.$proc$/openlane/designs/Tensor/src/systolic_block.v:0$12298'.
No latch inferred for signal `$paramod\systolic_block\N=s32'00000000000000000000000000100000.\s_wires[693]' from process `$paramod\systolic_block\N=s32'00000000000000000000000000100000.$proc$/openlane/designs/Tensor/src/systolic_block.v:0$12298'.
No latch inferred for signal `$paramod\systolic_block\N=s32'00000000000000000000000000100000.\s_wires[694]' from process `$paramod\systolic_block\N=s32'00000000000000000000000000100000.$proc$/openlane/designs/Tensor/src/systolic_block.v:0$12298'.
No latch inferred for signal `$paramod\systolic_block\N=s32'00000000000000000000000000100000.\s_wires[695]' from process `$paramod\systolic_block\N=s32'00000000000000000000000000100000.$proc$/openlane/designs/Tensor/src/systolic_block.v:0$12298'.
No latch inferred for signal `$paramod\systolic_block\N=s32'00000000000000000000000000100000.\s_wires[696]' from process `$paramod\systolic_block\N=s32'00000000000000000000000000100000.$proc$/openlane/designs/Tensor/src/systolic_block.v:0$12298'.
No latch inferred for signal `$paramod\systolic_block\N=s32'00000000000000000000000000100000.\s_wires[697]' from process `$paramod\systolic_block\N=s32'00000000000000000000000000100000.$proc$/openlane/designs/Tensor/src/systolic_block.v:0$12298'.
No latch inferred for signal `$paramod\systolic_block\N=s32'00000000000000000000000000100000.\s_wires[698]' from process `$paramod\systolic_block\N=s32'00000000000000000000000000100000.$proc$/openlane/designs/Tensor/src/systolic_block.v:0$12298'.
No latch inferred for signal `$paramod\systolic_block\N=s32'00000000000000000000000000100000.\s_wires[699]' from process `$paramod\systolic_block\N=s32'00000000000000000000000000100000.$proc$/openlane/designs/Tensor/src/systolic_block.v:0$12298'.
No latch inferred for signal `$paramod\systolic_block\N=s32'00000000000000000000000000100000.\s_wires[700]' from process `$paramod\systolic_block\N=s32'00000000000000000000000000100000.$proc$/openlane/designs/Tensor/src/systolic_block.v:0$12298'.
No latch inferred for signal `$paramod\systolic_block\N=s32'00000000000000000000000000100000.\s_wires[701]' from process `$paramod\systolic_block\N=s32'00000000000000000000000000100000.$proc$/openlane/designs/Tensor/src/systolic_block.v:0$12298'.
No latch inferred for signal `$paramod\systolic_block\N=s32'00000000000000000000000000100000.\s_wires[702]' from process `$paramod\systolic_block\N=s32'00000000000000000000000000100000.$proc$/openlane/designs/Tensor/src/systolic_block.v:0$12298'.
No latch inferred for signal `$paramod\systolic_block\N=s32'00000000000000000000000000100000.\s_wires[703]' from process `$paramod\systolic_block\N=s32'00000000000000000000000000100000.$proc$/openlane/designs/Tensor/src/systolic_block.v:0$12298'.
No latch inferred for signal `$paramod\systolic_block\N=s32'00000000000000000000000000100000.\s_wires[704]' from process `$paramod\systolic_block\N=s32'00000000000000000000000000100000.$proc$/openlane/designs/Tensor/src/systolic_block.v:0$12298'.
No latch inferred for signal `$paramod\systolic_block\N=s32'00000000000000000000000000100000.\s_wires[705]' from process `$paramod\systolic_block\N=s32'00000000000000000000000000100000.$proc$/openlane/designs/Tensor/src/systolic_block.v:0$12298'.
No latch inferred for signal `$paramod\systolic_block\N=s32'00000000000000000000000000100000.\s_wires[706]' from process `$paramod\systolic_block\N=s32'00000000000000000000000000100000.$proc$/openlane/designs/Tensor/src/systolic_block.v:0$12298'.
No latch inferred for signal `$paramod\systolic_block\N=s32'00000000000000000000000000100000.\s_wires[707]' from process `$paramod\systolic_block\N=s32'00000000000000000000000000100000.$proc$/openlane/designs/Tensor/src/systolic_block.v:0$12298'.
No latch inferred for signal `$paramod\systolic_block\N=s32'00000000000000000000000000100000.\s_wires[708]' from process `$paramod\systolic_block\N=s32'00000000000000000000000000100000.$proc$/openlane/designs/Tensor/src/systolic_block.v:0$12298'.
No latch inferred for signal `$paramod\systolic_block\N=s32'00000000000000000000000000100000.\s_wires[709]' from process `$paramod\systolic_block\N=s32'00000000000000000000000000100000.$proc$/openlane/designs/Tensor/src/systolic_block.v:0$12298'.
No latch inferred for signal `$paramod\systolic_block\N=s32'00000000000000000000000000100000.\s_wires[710]' from process `$paramod\systolic_block\N=s32'00000000000000000000000000100000.$proc$/openlane/designs/Tensor/src/systolic_block.v:0$12298'.
No latch inferred for signal `$paramod\systolic_block\N=s32'00000000000000000000000000100000.\s_wires[711]' from process `$paramod\systolic_block\N=s32'00000000000000000000000000100000.$proc$/openlane/designs/Tensor/src/systolic_block.v:0$12298'.
No latch inferred for signal `$paramod\systolic_block\N=s32'00000000000000000000000000100000.\s_wires[712]' from process `$paramod\systolic_block\N=s32'00000000000000000000000000100000.$proc$/openlane/designs/Tensor/src/systolic_block.v:0$12298'.
No latch inferred for signal `$paramod\systolic_block\N=s32'00000000000000000000000000100000.\s_wires[713]' from process `$paramod\systolic_block\N=s32'00000000000000000000000000100000.$proc$/openlane/designs/Tensor/src/systolic_block.v:0$12298'.
No latch inferred for signal `$paramod\systolic_block\N=s32'00000000000000000000000000100000.\s_wires[714]' from process `$paramod\systolic_block\N=s32'00000000000000000000000000100000.$proc$/openlane/designs/Tensor/src/systolic_block.v:0$12298'.
No latch inferred for signal `$paramod\systolic_block\N=s32'00000000000000000000000000100000.\s_wires[715]' from process `$paramod\systolic_block\N=s32'00000000000000000000000000100000.$proc$/openlane/designs/Tensor/src/systolic_block.v:0$12298'.
No latch inferred for signal `$paramod\systolic_block\N=s32'00000000000000000000000000100000.\s_wires[716]' from process `$paramod\systolic_block\N=s32'00000000000000000000000000100000.$proc$/openlane/designs/Tensor/src/systolic_block.v:0$12298'.
No latch inferred for signal `$paramod\systolic_block\N=s32'00000000000000000000000000100000.\s_wires[717]' from process `$paramod\systolic_block\N=s32'00000000000000000000000000100000.$proc$/openlane/designs/Tensor/src/systolic_block.v:0$12298'.
No latch inferred for signal `$paramod\systolic_block\N=s32'00000000000000000000000000100000.\s_wires[718]' from process `$paramod\systolic_block\N=s32'00000000000000000000000000100000.$proc$/openlane/designs/Tensor/src/systolic_block.v:0$12298'.
No latch inferred for signal `$paramod\systolic_block\N=s32'00000000000000000000000000100000.\s_wires[719]' from process `$paramod\systolic_block\N=s32'00000000000000000000000000100000.$proc$/openlane/designs/Tensor/src/systolic_block.v:0$12298'.
No latch inferred for signal `$paramod\systolic_block\N=s32'00000000000000000000000000100000.\s_wires[720]' from process `$paramod\systolic_block\N=s32'00000000000000000000000000100000.$proc$/openlane/designs/Tensor/src/systolic_block.v:0$12298'.
No latch inferred for signal `$paramod\systolic_block\N=s32'00000000000000000000000000100000.\s_wires[721]' from process `$paramod\systolic_block\N=s32'00000000000000000000000000100000.$proc$/openlane/designs/Tensor/src/systolic_block.v:0$12298'.
No latch inferred for signal `$paramod\systolic_block\N=s32'00000000000000000000000000100000.\s_wires[722]' from process `$paramod\systolic_block\N=s32'00000000000000000000000000100000.$proc$/openlane/designs/Tensor/src/systolic_block.v:0$12298'.
No latch inferred for signal `$paramod\systolic_block\N=s32'00000000000000000000000000100000.\s_wires[723]' from process `$paramod\systolic_block\N=s32'00000000000000000000000000100000.$proc$/openlane/designs/Tensor/src/systolic_block.v:0$12298'.
No latch inferred for signal `$paramod\systolic_block\N=s32'00000000000000000000000000100000.\s_wires[724]' from process `$paramod\systolic_block\N=s32'00000000000000000000000000100000.$proc$/openlane/designs/Tensor/src/systolic_block.v:0$12298'.
No latch inferred for signal `$paramod\systolic_block\N=s32'00000000000000000000000000100000.\s_wires[726]' from process `$paramod\systolic_block\N=s32'00000000000000000000000000100000.$proc$/openlane/designs/Tensor/src/systolic_block.v:0$12298'.
No latch inferred for signal `$paramod\systolic_block\N=s32'00000000000000000000000000100000.\s_wires[727]' from process `$paramod\systolic_block\N=s32'00000000000000000000000000100000.$proc$/openlane/designs/Tensor/src/systolic_block.v:0$12298'.
No latch inferred for signal `$paramod\systolic_block\N=s32'00000000000000000000000000100000.\s_wires[728]' from process `$paramod\systolic_block\N=s32'00000000000000000000000000100000.$proc$/openlane/designs/Tensor/src/systolic_block.v:0$12298'.
No latch inferred for signal `$paramod\systolic_block\N=s32'00000000000000000000000000100000.\s_wires[729]' from process `$paramod\systolic_block\N=s32'00000000000000000000000000100000.$proc$/openlane/designs/Tensor/src/systolic_block.v:0$12298'.
No latch inferred for signal `$paramod\systolic_block\N=s32'00000000000000000000000000100000.\s_wires[730]' from process `$paramod\systolic_block\N=s32'00000000000000000000000000100000.$proc$/openlane/designs/Tensor/src/systolic_block.v:0$12298'.
No latch inferred for signal `$paramod\systolic_block\N=s32'00000000000000000000000000100000.\s_wires[731]' from process `$paramod\systolic_block\N=s32'00000000000000000000000000100000.$proc$/openlane/designs/Tensor/src/systolic_block.v:0$12298'.
No latch inferred for signal `$paramod\systolic_block\N=s32'00000000000000000000000000100000.\s_wires[732]' from process `$paramod\systolic_block\N=s32'00000000000000000000000000100000.$proc$/openlane/designs/Tensor/src/systolic_block.v:0$12298'.
No latch inferred for signal `$paramod\systolic_block\N=s32'00000000000000000000000000100000.\s_wires[733]' from process `$paramod\systolic_block\N=s32'00000000000000000000000000100000.$proc$/openlane/designs/Tensor/src/systolic_block.v:0$12298'.
No latch inferred for signal `$paramod\systolic_block\N=s32'00000000000000000000000000100000.\s_wires[734]' from process `$paramod\systolic_block\N=s32'00000000000000000000000000100000.$proc$/openlane/designs/Tensor/src/systolic_block.v:0$12298'.
No latch inferred for signal `$paramod\systolic_block\N=s32'00000000000000000000000000100000.\s_wires[735]' from process `$paramod\systolic_block\N=s32'00000000000000000000000000100000.$proc$/openlane/designs/Tensor/src/systolic_block.v:0$12298'.
No latch inferred for signal `$paramod\systolic_block\N=s32'00000000000000000000000000100000.\s_wires[736]' from process `$paramod\systolic_block\N=s32'00000000000000000000000000100000.$proc$/openlane/designs/Tensor/src/systolic_block.v:0$12298'.
No latch inferred for signal `$paramod\systolic_block\N=s32'00000000000000000000000000100000.\s_wires[737]' from process `$paramod\systolic_block\N=s32'00000000000000000000000000100000.$proc$/openlane/designs/Tensor/src/systolic_block.v:0$12298'.
No latch inferred for signal `$paramod\systolic_block\N=s32'00000000000000000000000000100000.\s_wires[738]' from process `$paramod\systolic_block\N=s32'00000000000000000000000000100000.$proc$/openlane/designs/Tensor/src/systolic_block.v:0$12298'.
No latch inferred for signal `$paramod\systolic_block\N=s32'00000000000000000000000000100000.\s_wires[739]' from process `$paramod\systolic_block\N=s32'00000000000000000000000000100000.$proc$/openlane/designs/Tensor/src/systolic_block.v:0$12298'.
No latch inferred for signal `$paramod\systolic_block\N=s32'00000000000000000000000000100000.\s_wires[740]' from process `$paramod\systolic_block\N=s32'00000000000000000000000000100000.$proc$/openlane/designs/Tensor/src/systolic_block.v:0$12298'.
No latch inferred for signal `$paramod\systolic_block\N=s32'00000000000000000000000000100000.\s_wires[741]' from process `$paramod\systolic_block\N=s32'00000000000000000000000000100000.$proc$/openlane/designs/Tensor/src/systolic_block.v:0$12298'.
No latch inferred for signal `$paramod\systolic_block\N=s32'00000000000000000000000000100000.\s_wires[742]' from process `$paramod\systolic_block\N=s32'00000000000000000000000000100000.$proc$/openlane/designs/Tensor/src/systolic_block.v:0$12298'.
No latch inferred for signal `$paramod\systolic_block\N=s32'00000000000000000000000000100000.\s_wires[743]' from process `$paramod\systolic_block\N=s32'00000000000000000000000000100000.$proc$/openlane/designs/Tensor/src/systolic_block.v:0$12298'.
No latch inferred for signal `$paramod\systolic_block\N=s32'00000000000000000000000000100000.\s_wires[744]' from process `$paramod\systolic_block\N=s32'00000000000000000000000000100000.$proc$/openlane/designs/Tensor/src/systolic_block.v:0$12298'.
No latch inferred for signal `$paramod\systolic_block\N=s32'00000000000000000000000000100000.\s_wires[745]' from process `$paramod\systolic_block\N=s32'00000000000000000000000000100000.$proc$/openlane/designs/Tensor/src/systolic_block.v:0$12298'.
No latch inferred for signal `$paramod\systolic_block\N=s32'00000000000000000000000000100000.\s_wires[746]' from process `$paramod\systolic_block\N=s32'00000000000000000000000000100000.$proc$/openlane/designs/Tensor/src/systolic_block.v:0$12298'.
No latch inferred for signal `$paramod\systolic_block\N=s32'00000000000000000000000000100000.\s_wires[747]' from process `$paramod\systolic_block\N=s32'00000000000000000000000000100000.$proc$/openlane/designs/Tensor/src/systolic_block.v:0$12298'.
No latch inferred for signal `$paramod\systolic_block\N=s32'00000000000000000000000000100000.\s_wires[748]' from process `$paramod\systolic_block\N=s32'00000000000000000000000000100000.$proc$/openlane/designs/Tensor/src/systolic_block.v:0$12298'.
No latch inferred for signal `$paramod\systolic_block\N=s32'00000000000000000000000000100000.\s_wires[749]' from process `$paramod\systolic_block\N=s32'00000000000000000000000000100000.$proc$/openlane/designs/Tensor/src/systolic_block.v:0$12298'.
No latch inferred for signal `$paramod\systolic_block\N=s32'00000000000000000000000000100000.\s_wires[750]' from process `$paramod\systolic_block\N=s32'00000000000000000000000000100000.$proc$/openlane/designs/Tensor/src/systolic_block.v:0$12298'.
No latch inferred for signal `$paramod\systolic_block\N=s32'00000000000000000000000000100000.\s_wires[751]' from process `$paramod\systolic_block\N=s32'00000000000000000000000000100000.$proc$/openlane/designs/Tensor/src/systolic_block.v:0$12298'.
No latch inferred for signal `$paramod\systolic_block\N=s32'00000000000000000000000000100000.\s_wires[752]' from process `$paramod\systolic_block\N=s32'00000000000000000000000000100000.$proc$/openlane/designs/Tensor/src/systolic_block.v:0$12298'.
No latch inferred for signal `$paramod\systolic_block\N=s32'00000000000000000000000000100000.\s_wires[753]' from process `$paramod\systolic_block\N=s32'00000000000000000000000000100000.$proc$/openlane/designs/Tensor/src/systolic_block.v:0$12298'.
No latch inferred for signal `$paramod\systolic_block\N=s32'00000000000000000000000000100000.\s_wires[754]' from process `$paramod\systolic_block\N=s32'00000000000000000000000000100000.$proc$/openlane/designs/Tensor/src/systolic_block.v:0$12298'.
No latch inferred for signal `$paramod\systolic_block\N=s32'00000000000000000000000000100000.\s_wires[755]' from process `$paramod\systolic_block\N=s32'00000000000000000000000000100000.$proc$/openlane/designs/Tensor/src/systolic_block.v:0$12298'.
No latch inferred for signal `$paramod\systolic_block\N=s32'00000000000000000000000000100000.\s_wires[756]' from process `$paramod\systolic_block\N=s32'00000000000000000000000000100000.$proc$/openlane/designs/Tensor/src/systolic_block.v:0$12298'.
No latch inferred for signal `$paramod\systolic_block\N=s32'00000000000000000000000000100000.\s_wires[757]' from process `$paramod\systolic_block\N=s32'00000000000000000000000000100000.$proc$/openlane/designs/Tensor/src/systolic_block.v:0$12298'.
No latch inferred for signal `$paramod\systolic_block\N=s32'00000000000000000000000000100000.\s_wires[759]' from process `$paramod\systolic_block\N=s32'00000000000000000000000000100000.$proc$/openlane/designs/Tensor/src/systolic_block.v:0$12298'.
No latch inferred for signal `$paramod\systolic_block\N=s32'00000000000000000000000000100000.\s_wires[760]' from process `$paramod\systolic_block\N=s32'00000000000000000000000000100000.$proc$/openlane/designs/Tensor/src/systolic_block.v:0$12298'.
No latch inferred for signal `$paramod\systolic_block\N=s32'00000000000000000000000000100000.\s_wires[761]' from process `$paramod\systolic_block\N=s32'00000000000000000000000000100000.$proc$/openlane/designs/Tensor/src/systolic_block.v:0$12298'.
No latch inferred for signal `$paramod\systolic_block\N=s32'00000000000000000000000000100000.\s_wires[762]' from process `$paramod\systolic_block\N=s32'00000000000000000000000000100000.$proc$/openlane/designs/Tensor/src/systolic_block.v:0$12298'.
No latch inferred for signal `$paramod\systolic_block\N=s32'00000000000000000000000000100000.\s_wires[763]' from process `$paramod\systolic_block\N=s32'00000000000000000000000000100000.$proc$/openlane/designs/Tensor/src/systolic_block.v:0$12298'.
No latch inferred for signal `$paramod\systolic_block\N=s32'00000000000000000000000000100000.\s_wires[764]' from process `$paramod\systolic_block\N=s32'00000000000000000000000000100000.$proc$/openlane/designs/Tensor/src/systolic_block.v:0$12298'.
No latch inferred for signal `$paramod\systolic_block\N=s32'00000000000000000000000000100000.\s_wires[765]' from process `$paramod\systolic_block\N=s32'00000000000000000000000000100000.$proc$/openlane/designs/Tensor/src/systolic_block.v:0$12298'.
No latch inferred for signal `$paramod\systolic_block\N=s32'00000000000000000000000000100000.\s_wires[766]' from process `$paramod\systolic_block\N=s32'00000000000000000000000000100000.$proc$/openlane/designs/Tensor/src/systolic_block.v:0$12298'.
No latch inferred for signal `$paramod\systolic_block\N=s32'00000000000000000000000000100000.\s_wires[767]' from process `$paramod\systolic_block\N=s32'00000000000000000000000000100000.$proc$/openlane/designs/Tensor/src/systolic_block.v:0$12298'.
No latch inferred for signal `$paramod\systolic_block\N=s32'00000000000000000000000000100000.\s_wires[768]' from process `$paramod\systolic_block\N=s32'00000000000000000000000000100000.$proc$/openlane/designs/Tensor/src/systolic_block.v:0$12298'.
No latch inferred for signal `$paramod\systolic_block\N=s32'00000000000000000000000000100000.\s_wires[769]' from process `$paramod\systolic_block\N=s32'00000000000000000000000000100000.$proc$/openlane/designs/Tensor/src/systolic_block.v:0$12298'.
No latch inferred for signal `$paramod\systolic_block\N=s32'00000000000000000000000000100000.\s_wires[770]' from process `$paramod\systolic_block\N=s32'00000000000000000000000000100000.$proc$/openlane/designs/Tensor/src/systolic_block.v:0$12298'.
No latch inferred for signal `$paramod\systolic_block\N=s32'00000000000000000000000000100000.\s_wires[771]' from process `$paramod\systolic_block\N=s32'00000000000000000000000000100000.$proc$/openlane/designs/Tensor/src/systolic_block.v:0$12298'.
No latch inferred for signal `$paramod\systolic_block\N=s32'00000000000000000000000000100000.\s_wires[772]' from process `$paramod\systolic_block\N=s32'00000000000000000000000000100000.$proc$/openlane/designs/Tensor/src/systolic_block.v:0$12298'.
No latch inferred for signal `$paramod\systolic_block\N=s32'00000000000000000000000000100000.\s_wires[773]' from process `$paramod\systolic_block\N=s32'00000000000000000000000000100000.$proc$/openlane/designs/Tensor/src/systolic_block.v:0$12298'.
No latch inferred for signal `$paramod\systolic_block\N=s32'00000000000000000000000000100000.\s_wires[774]' from process `$paramod\systolic_block\N=s32'00000000000000000000000000100000.$proc$/openlane/designs/Tensor/src/systolic_block.v:0$12298'.
No latch inferred for signal `$paramod\systolic_block\N=s32'00000000000000000000000000100000.\s_wires[775]' from process `$paramod\systolic_block\N=s32'00000000000000000000000000100000.$proc$/openlane/designs/Tensor/src/systolic_block.v:0$12298'.
No latch inferred for signal `$paramod\systolic_block\N=s32'00000000000000000000000000100000.\s_wires[776]' from process `$paramod\systolic_block\N=s32'00000000000000000000000000100000.$proc$/openlane/designs/Tensor/src/systolic_block.v:0$12298'.
No latch inferred for signal `$paramod\systolic_block\N=s32'00000000000000000000000000100000.\s_wires[777]' from process `$paramod\systolic_block\N=s32'00000000000000000000000000100000.$proc$/openlane/designs/Tensor/src/systolic_block.v:0$12298'.
No latch inferred for signal `$paramod\systolic_block\N=s32'00000000000000000000000000100000.\s_wires[778]' from process `$paramod\systolic_block\N=s32'00000000000000000000000000100000.$proc$/openlane/designs/Tensor/src/systolic_block.v:0$12298'.
No latch inferred for signal `$paramod\systolic_block\N=s32'00000000000000000000000000100000.\s_wires[779]' from process `$paramod\systolic_block\N=s32'00000000000000000000000000100000.$proc$/openlane/designs/Tensor/src/systolic_block.v:0$12298'.
No latch inferred for signal `$paramod\systolic_block\N=s32'00000000000000000000000000100000.\s_wires[780]' from process `$paramod\systolic_block\N=s32'00000000000000000000000000100000.$proc$/openlane/designs/Tensor/src/systolic_block.v:0$12298'.
No latch inferred for signal `$paramod\systolic_block\N=s32'00000000000000000000000000100000.\s_wires[781]' from process `$paramod\systolic_block\N=s32'00000000000000000000000000100000.$proc$/openlane/designs/Tensor/src/systolic_block.v:0$12298'.
No latch inferred for signal `$paramod\systolic_block\N=s32'00000000000000000000000000100000.\s_wires[782]' from process `$paramod\systolic_block\N=s32'00000000000000000000000000100000.$proc$/openlane/designs/Tensor/src/systolic_block.v:0$12298'.
No latch inferred for signal `$paramod\systolic_block\N=s32'00000000000000000000000000100000.\s_wires[783]' from process `$paramod\systolic_block\N=s32'00000000000000000000000000100000.$proc$/openlane/designs/Tensor/src/systolic_block.v:0$12298'.
No latch inferred for signal `$paramod\systolic_block\N=s32'00000000000000000000000000100000.\s_wires[784]' from process `$paramod\systolic_block\N=s32'00000000000000000000000000100000.$proc$/openlane/designs/Tensor/src/systolic_block.v:0$12298'.
No latch inferred for signal `$paramod\systolic_block\N=s32'00000000000000000000000000100000.\s_wires[785]' from process `$paramod\systolic_block\N=s32'00000000000000000000000000100000.$proc$/openlane/designs/Tensor/src/systolic_block.v:0$12298'.
No latch inferred for signal `$paramod\systolic_block\N=s32'00000000000000000000000000100000.\s_wires[786]' from process `$paramod\systolic_block\N=s32'00000000000000000000000000100000.$proc$/openlane/designs/Tensor/src/systolic_block.v:0$12298'.
No latch inferred for signal `$paramod\systolic_block\N=s32'00000000000000000000000000100000.\s_wires[787]' from process `$paramod\systolic_block\N=s32'00000000000000000000000000100000.$proc$/openlane/designs/Tensor/src/systolic_block.v:0$12298'.
No latch inferred for signal `$paramod\systolic_block\N=s32'00000000000000000000000000100000.\s_wires[788]' from process `$paramod\systolic_block\N=s32'00000000000000000000000000100000.$proc$/openlane/designs/Tensor/src/systolic_block.v:0$12298'.
No latch inferred for signal `$paramod\systolic_block\N=s32'00000000000000000000000000100000.\s_wires[789]' from process `$paramod\systolic_block\N=s32'00000000000000000000000000100000.$proc$/openlane/designs/Tensor/src/systolic_block.v:0$12298'.
No latch inferred for signal `$paramod\systolic_block\N=s32'00000000000000000000000000100000.\s_wires[790]' from process `$paramod\systolic_block\N=s32'00000000000000000000000000100000.$proc$/openlane/designs/Tensor/src/systolic_block.v:0$12298'.
No latch inferred for signal `$paramod\systolic_block\N=s32'00000000000000000000000000100000.\s_wires[792]' from process `$paramod\systolic_block\N=s32'00000000000000000000000000100000.$proc$/openlane/designs/Tensor/src/systolic_block.v:0$12298'.
No latch inferred for signal `$paramod\systolic_block\N=s32'00000000000000000000000000100000.\s_wires[793]' from process `$paramod\systolic_block\N=s32'00000000000000000000000000100000.$proc$/openlane/designs/Tensor/src/systolic_block.v:0$12298'.
No latch inferred for signal `$paramod\systolic_block\N=s32'00000000000000000000000000100000.\s_wires[794]' from process `$paramod\systolic_block\N=s32'00000000000000000000000000100000.$proc$/openlane/designs/Tensor/src/systolic_block.v:0$12298'.
No latch inferred for signal `$paramod\systolic_block\N=s32'00000000000000000000000000100000.\s_wires[795]' from process `$paramod\systolic_block\N=s32'00000000000000000000000000100000.$proc$/openlane/designs/Tensor/src/systolic_block.v:0$12298'.
No latch inferred for signal `$paramod\systolic_block\N=s32'00000000000000000000000000100000.\s_wires[796]' from process `$paramod\systolic_block\N=s32'00000000000000000000000000100000.$proc$/openlane/designs/Tensor/src/systolic_block.v:0$12298'.
No latch inferred for signal `$paramod\systolic_block\N=s32'00000000000000000000000000100000.\s_wires[797]' from process `$paramod\systolic_block\N=s32'00000000000000000000000000100000.$proc$/openlane/designs/Tensor/src/systolic_block.v:0$12298'.
No latch inferred for signal `$paramod\systolic_block\N=s32'00000000000000000000000000100000.\s_wires[798]' from process `$paramod\systolic_block\N=s32'00000000000000000000000000100000.$proc$/openlane/designs/Tensor/src/systolic_block.v:0$12298'.
No latch inferred for signal `$paramod\systolic_block\N=s32'00000000000000000000000000100000.\s_wires[799]' from process `$paramod\systolic_block\N=s32'00000000000000000000000000100000.$proc$/openlane/designs/Tensor/src/systolic_block.v:0$12298'.
No latch inferred for signal `$paramod\systolic_block\N=s32'00000000000000000000000000100000.\s_wires[800]' from process `$paramod\systolic_block\N=s32'00000000000000000000000000100000.$proc$/openlane/designs/Tensor/src/systolic_block.v:0$12298'.
No latch inferred for signal `$paramod\systolic_block\N=s32'00000000000000000000000000100000.\s_wires[801]' from process `$paramod\systolic_block\N=s32'00000000000000000000000000100000.$proc$/openlane/designs/Tensor/src/systolic_block.v:0$12298'.
No latch inferred for signal `$paramod\systolic_block\N=s32'00000000000000000000000000100000.\s_wires[802]' from process `$paramod\systolic_block\N=s32'00000000000000000000000000100000.$proc$/openlane/designs/Tensor/src/systolic_block.v:0$12298'.
No latch inferred for signal `$paramod\systolic_block\N=s32'00000000000000000000000000100000.\s_wires[803]' from process `$paramod\systolic_block\N=s32'00000000000000000000000000100000.$proc$/openlane/designs/Tensor/src/systolic_block.v:0$12298'.
No latch inferred for signal `$paramod\systolic_block\N=s32'00000000000000000000000000100000.\s_wires[804]' from process `$paramod\systolic_block\N=s32'00000000000000000000000000100000.$proc$/openlane/designs/Tensor/src/systolic_block.v:0$12298'.
No latch inferred for signal `$paramod\systolic_block\N=s32'00000000000000000000000000100000.\s_wires[805]' from process `$paramod\systolic_block\N=s32'00000000000000000000000000100000.$proc$/openlane/designs/Tensor/src/systolic_block.v:0$12298'.
No latch inferred for signal `$paramod\systolic_block\N=s32'00000000000000000000000000100000.\s_wires[806]' from process `$paramod\systolic_block\N=s32'00000000000000000000000000100000.$proc$/openlane/designs/Tensor/src/systolic_block.v:0$12298'.
No latch inferred for signal `$paramod\systolic_block\N=s32'00000000000000000000000000100000.\s_wires[807]' from process `$paramod\systolic_block\N=s32'00000000000000000000000000100000.$proc$/openlane/designs/Tensor/src/systolic_block.v:0$12298'.
No latch inferred for signal `$paramod\systolic_block\N=s32'00000000000000000000000000100000.\s_wires[808]' from process `$paramod\systolic_block\N=s32'00000000000000000000000000100000.$proc$/openlane/designs/Tensor/src/systolic_block.v:0$12298'.
No latch inferred for signal `$paramod\systolic_block\N=s32'00000000000000000000000000100000.\s_wires[809]' from process `$paramod\systolic_block\N=s32'00000000000000000000000000100000.$proc$/openlane/designs/Tensor/src/systolic_block.v:0$12298'.
No latch inferred for signal `$paramod\systolic_block\N=s32'00000000000000000000000000100000.\s_wires[810]' from process `$paramod\systolic_block\N=s32'00000000000000000000000000100000.$proc$/openlane/designs/Tensor/src/systolic_block.v:0$12298'.
No latch inferred for signal `$paramod\systolic_block\N=s32'00000000000000000000000000100000.\s_wires[811]' from process `$paramod\systolic_block\N=s32'00000000000000000000000000100000.$proc$/openlane/designs/Tensor/src/systolic_block.v:0$12298'.
No latch inferred for signal `$paramod\systolic_block\N=s32'00000000000000000000000000100000.\s_wires[812]' from process `$paramod\systolic_block\N=s32'00000000000000000000000000100000.$proc$/openlane/designs/Tensor/src/systolic_block.v:0$12298'.
No latch inferred for signal `$paramod\systolic_block\N=s32'00000000000000000000000000100000.\s_wires[813]' from process `$paramod\systolic_block\N=s32'00000000000000000000000000100000.$proc$/openlane/designs/Tensor/src/systolic_block.v:0$12298'.
No latch inferred for signal `$paramod\systolic_block\N=s32'00000000000000000000000000100000.\s_wires[814]' from process `$paramod\systolic_block\N=s32'00000000000000000000000000100000.$proc$/openlane/designs/Tensor/src/systolic_block.v:0$12298'.
No latch inferred for signal `$paramod\systolic_block\N=s32'00000000000000000000000000100000.\s_wires[815]' from process `$paramod\systolic_block\N=s32'00000000000000000000000000100000.$proc$/openlane/designs/Tensor/src/systolic_block.v:0$12298'.
No latch inferred for signal `$paramod\systolic_block\N=s32'00000000000000000000000000100000.\s_wires[816]' from process `$paramod\systolic_block\N=s32'00000000000000000000000000100000.$proc$/openlane/designs/Tensor/src/systolic_block.v:0$12298'.
No latch inferred for signal `$paramod\systolic_block\N=s32'00000000000000000000000000100000.\s_wires[817]' from process `$paramod\systolic_block\N=s32'00000000000000000000000000100000.$proc$/openlane/designs/Tensor/src/systolic_block.v:0$12298'.
No latch inferred for signal `$paramod\systolic_block\N=s32'00000000000000000000000000100000.\s_wires[818]' from process `$paramod\systolic_block\N=s32'00000000000000000000000000100000.$proc$/openlane/designs/Tensor/src/systolic_block.v:0$12298'.
No latch inferred for signal `$paramod\systolic_block\N=s32'00000000000000000000000000100000.\s_wires[819]' from process `$paramod\systolic_block\N=s32'00000000000000000000000000100000.$proc$/openlane/designs/Tensor/src/systolic_block.v:0$12298'.
No latch inferred for signal `$paramod\systolic_block\N=s32'00000000000000000000000000100000.\s_wires[820]' from process `$paramod\systolic_block\N=s32'00000000000000000000000000100000.$proc$/openlane/designs/Tensor/src/systolic_block.v:0$12298'.
No latch inferred for signal `$paramod\systolic_block\N=s32'00000000000000000000000000100000.\s_wires[821]' from process `$paramod\systolic_block\N=s32'00000000000000000000000000100000.$proc$/openlane/designs/Tensor/src/systolic_block.v:0$12298'.
No latch inferred for signal `$paramod\systolic_block\N=s32'00000000000000000000000000100000.\s_wires[822]' from process `$paramod\systolic_block\N=s32'00000000000000000000000000100000.$proc$/openlane/designs/Tensor/src/systolic_block.v:0$12298'.
No latch inferred for signal `$paramod\systolic_block\N=s32'00000000000000000000000000100000.\s_wires[823]' from process `$paramod\systolic_block\N=s32'00000000000000000000000000100000.$proc$/openlane/designs/Tensor/src/systolic_block.v:0$12298'.
No latch inferred for signal `$paramod\systolic_block\N=s32'00000000000000000000000000100000.\s_wires[825]' from process `$paramod\systolic_block\N=s32'00000000000000000000000000100000.$proc$/openlane/designs/Tensor/src/systolic_block.v:0$12298'.
No latch inferred for signal `$paramod\systolic_block\N=s32'00000000000000000000000000100000.\s_wires[826]' from process `$paramod\systolic_block\N=s32'00000000000000000000000000100000.$proc$/openlane/designs/Tensor/src/systolic_block.v:0$12298'.
No latch inferred for signal `$paramod\systolic_block\N=s32'00000000000000000000000000100000.\s_wires[827]' from process `$paramod\systolic_block\N=s32'00000000000000000000000000100000.$proc$/openlane/designs/Tensor/src/systolic_block.v:0$12298'.
No latch inferred for signal `$paramod\systolic_block\N=s32'00000000000000000000000000100000.\s_wires[828]' from process `$paramod\systolic_block\N=s32'00000000000000000000000000100000.$proc$/openlane/designs/Tensor/src/systolic_block.v:0$12298'.
No latch inferred for signal `$paramod\systolic_block\N=s32'00000000000000000000000000100000.\s_wires[829]' from process `$paramod\systolic_block\N=s32'00000000000000000000000000100000.$proc$/openlane/designs/Tensor/src/systolic_block.v:0$12298'.
No latch inferred for signal `$paramod\systolic_block\N=s32'00000000000000000000000000100000.\s_wires[830]' from process `$paramod\systolic_block\N=s32'00000000000000000000000000100000.$proc$/openlane/designs/Tensor/src/systolic_block.v:0$12298'.
No latch inferred for signal `$paramod\systolic_block\N=s32'00000000000000000000000000100000.\s_wires[831]' from process `$paramod\systolic_block\N=s32'00000000000000000000000000100000.$proc$/openlane/designs/Tensor/src/systolic_block.v:0$12298'.
No latch inferred for signal `$paramod\systolic_block\N=s32'00000000000000000000000000100000.\s_wires[832]' from process `$paramod\systolic_block\N=s32'00000000000000000000000000100000.$proc$/openlane/designs/Tensor/src/systolic_block.v:0$12298'.
No latch inferred for signal `$paramod\systolic_block\N=s32'00000000000000000000000000100000.\s_wires[833]' from process `$paramod\systolic_block\N=s32'00000000000000000000000000100000.$proc$/openlane/designs/Tensor/src/systolic_block.v:0$12298'.
No latch inferred for signal `$paramod\systolic_block\N=s32'00000000000000000000000000100000.\s_wires[834]' from process `$paramod\systolic_block\N=s32'00000000000000000000000000100000.$proc$/openlane/designs/Tensor/src/systolic_block.v:0$12298'.
No latch inferred for signal `$paramod\systolic_block\N=s32'00000000000000000000000000100000.\s_wires[835]' from process `$paramod\systolic_block\N=s32'00000000000000000000000000100000.$proc$/openlane/designs/Tensor/src/systolic_block.v:0$12298'.
No latch inferred for signal `$paramod\systolic_block\N=s32'00000000000000000000000000100000.\s_wires[836]' from process `$paramod\systolic_block\N=s32'00000000000000000000000000100000.$proc$/openlane/designs/Tensor/src/systolic_block.v:0$12298'.
No latch inferred for signal `$paramod\systolic_block\N=s32'00000000000000000000000000100000.\s_wires[837]' from process `$paramod\systolic_block\N=s32'00000000000000000000000000100000.$proc$/openlane/designs/Tensor/src/systolic_block.v:0$12298'.
No latch inferred for signal `$paramod\systolic_block\N=s32'00000000000000000000000000100000.\s_wires[838]' from process `$paramod\systolic_block\N=s32'00000000000000000000000000100000.$proc$/openlane/designs/Tensor/src/systolic_block.v:0$12298'.
No latch inferred for signal `$paramod\systolic_block\N=s32'00000000000000000000000000100000.\s_wires[839]' from process `$paramod\systolic_block\N=s32'00000000000000000000000000100000.$proc$/openlane/designs/Tensor/src/systolic_block.v:0$12298'.
No latch inferred for signal `$paramod\systolic_block\N=s32'00000000000000000000000000100000.\s_wires[840]' from process `$paramod\systolic_block\N=s32'00000000000000000000000000100000.$proc$/openlane/designs/Tensor/src/systolic_block.v:0$12298'.
No latch inferred for signal `$paramod\systolic_block\N=s32'00000000000000000000000000100000.\s_wires[841]' from process `$paramod\systolic_block\N=s32'00000000000000000000000000100000.$proc$/openlane/designs/Tensor/src/systolic_block.v:0$12298'.
No latch inferred for signal `$paramod\systolic_block\N=s32'00000000000000000000000000100000.\s_wires[842]' from process `$paramod\systolic_block\N=s32'00000000000000000000000000100000.$proc$/openlane/designs/Tensor/src/systolic_block.v:0$12298'.
No latch inferred for signal `$paramod\systolic_block\N=s32'00000000000000000000000000100000.\s_wires[843]' from process `$paramod\systolic_block\N=s32'00000000000000000000000000100000.$proc$/openlane/designs/Tensor/src/systolic_block.v:0$12298'.
No latch inferred for signal `$paramod\systolic_block\N=s32'00000000000000000000000000100000.\s_wires[844]' from process `$paramod\systolic_block\N=s32'00000000000000000000000000100000.$proc$/openlane/designs/Tensor/src/systolic_block.v:0$12298'.
No latch inferred for signal `$paramod\systolic_block\N=s32'00000000000000000000000000100000.\s_wires[845]' from process `$paramod\systolic_block\N=s32'00000000000000000000000000100000.$proc$/openlane/designs/Tensor/src/systolic_block.v:0$12298'.
No latch inferred for signal `$paramod\systolic_block\N=s32'00000000000000000000000000100000.\s_wires[846]' from process `$paramod\systolic_block\N=s32'00000000000000000000000000100000.$proc$/openlane/designs/Tensor/src/systolic_block.v:0$12298'.
No latch inferred for signal `$paramod\systolic_block\N=s32'00000000000000000000000000100000.\s_wires[847]' from process `$paramod\systolic_block\N=s32'00000000000000000000000000100000.$proc$/openlane/designs/Tensor/src/systolic_block.v:0$12298'.
No latch inferred for signal `$paramod\systolic_block\N=s32'00000000000000000000000000100000.\s_wires[848]' from process `$paramod\systolic_block\N=s32'00000000000000000000000000100000.$proc$/openlane/designs/Tensor/src/systolic_block.v:0$12298'.
No latch inferred for signal `$paramod\systolic_block\N=s32'00000000000000000000000000100000.\s_wires[849]' from process `$paramod\systolic_block\N=s32'00000000000000000000000000100000.$proc$/openlane/designs/Tensor/src/systolic_block.v:0$12298'.
No latch inferred for signal `$paramod\systolic_block\N=s32'00000000000000000000000000100000.\s_wires[850]' from process `$paramod\systolic_block\N=s32'00000000000000000000000000100000.$proc$/openlane/designs/Tensor/src/systolic_block.v:0$12298'.
No latch inferred for signal `$paramod\systolic_block\N=s32'00000000000000000000000000100000.\s_wires[851]' from process `$paramod\systolic_block\N=s32'00000000000000000000000000100000.$proc$/openlane/designs/Tensor/src/systolic_block.v:0$12298'.
No latch inferred for signal `$paramod\systolic_block\N=s32'00000000000000000000000000100000.\s_wires[852]' from process `$paramod\systolic_block\N=s32'00000000000000000000000000100000.$proc$/openlane/designs/Tensor/src/systolic_block.v:0$12298'.
No latch inferred for signal `$paramod\systolic_block\N=s32'00000000000000000000000000100000.\s_wires[853]' from process `$paramod\systolic_block\N=s32'00000000000000000000000000100000.$proc$/openlane/designs/Tensor/src/systolic_block.v:0$12298'.
No latch inferred for signal `$paramod\systolic_block\N=s32'00000000000000000000000000100000.\s_wires[854]' from process `$paramod\systolic_block\N=s32'00000000000000000000000000100000.$proc$/openlane/designs/Tensor/src/systolic_block.v:0$12298'.
No latch inferred for signal `$paramod\systolic_block\N=s32'00000000000000000000000000100000.\s_wires[855]' from process `$paramod\systolic_block\N=s32'00000000000000000000000000100000.$proc$/openlane/designs/Tensor/src/systolic_block.v:0$12298'.
No latch inferred for signal `$paramod\systolic_block\N=s32'00000000000000000000000000100000.\s_wires[856]' from process `$paramod\systolic_block\N=s32'00000000000000000000000000100000.$proc$/openlane/designs/Tensor/src/systolic_block.v:0$12298'.
No latch inferred for signal `$paramod\systolic_block\N=s32'00000000000000000000000000100000.\s_wires[858]' from process `$paramod\systolic_block\N=s32'00000000000000000000000000100000.$proc$/openlane/designs/Tensor/src/systolic_block.v:0$12298'.
No latch inferred for signal `$paramod\systolic_block\N=s32'00000000000000000000000000100000.\s_wires[859]' from process `$paramod\systolic_block\N=s32'00000000000000000000000000100000.$proc$/openlane/designs/Tensor/src/systolic_block.v:0$12298'.
No latch inferred for signal `$paramod\systolic_block\N=s32'00000000000000000000000000100000.\s_wires[860]' from process `$paramod\systolic_block\N=s32'00000000000000000000000000100000.$proc$/openlane/designs/Tensor/src/systolic_block.v:0$12298'.
No latch inferred for signal `$paramod\systolic_block\N=s32'00000000000000000000000000100000.\s_wires[861]' from process `$paramod\systolic_block\N=s32'00000000000000000000000000100000.$proc$/openlane/designs/Tensor/src/systolic_block.v:0$12298'.
No latch inferred for signal `$paramod\systolic_block\N=s32'00000000000000000000000000100000.\s_wires[862]' from process `$paramod\systolic_block\N=s32'00000000000000000000000000100000.$proc$/openlane/designs/Tensor/src/systolic_block.v:0$12298'.
No latch inferred for signal `$paramod\systolic_block\N=s32'00000000000000000000000000100000.\s_wires[863]' from process `$paramod\systolic_block\N=s32'00000000000000000000000000100000.$proc$/openlane/designs/Tensor/src/systolic_block.v:0$12298'.
No latch inferred for signal `$paramod\systolic_block\N=s32'00000000000000000000000000100000.\s_wires[864]' from process `$paramod\systolic_block\N=s32'00000000000000000000000000100000.$proc$/openlane/designs/Tensor/src/systolic_block.v:0$12298'.
No latch inferred for signal `$paramod\systolic_block\N=s32'00000000000000000000000000100000.\s_wires[865]' from process `$paramod\systolic_block\N=s32'00000000000000000000000000100000.$proc$/openlane/designs/Tensor/src/systolic_block.v:0$12298'.
No latch inferred for signal `$paramod\systolic_block\N=s32'00000000000000000000000000100000.\s_wires[866]' from process `$paramod\systolic_block\N=s32'00000000000000000000000000100000.$proc$/openlane/designs/Tensor/src/systolic_block.v:0$12298'.
No latch inferred for signal `$paramod\systolic_block\N=s32'00000000000000000000000000100000.\s_wires[867]' from process `$paramod\systolic_block\N=s32'00000000000000000000000000100000.$proc$/openlane/designs/Tensor/src/systolic_block.v:0$12298'.
No latch inferred for signal `$paramod\systolic_block\N=s32'00000000000000000000000000100000.\s_wires[868]' from process `$paramod\systolic_block\N=s32'00000000000000000000000000100000.$proc$/openlane/designs/Tensor/src/systolic_block.v:0$12298'.
No latch inferred for signal `$paramod\systolic_block\N=s32'00000000000000000000000000100000.\s_wires[869]' from process `$paramod\systolic_block\N=s32'00000000000000000000000000100000.$proc$/openlane/designs/Tensor/src/systolic_block.v:0$12298'.
No latch inferred for signal `$paramod\systolic_block\N=s32'00000000000000000000000000100000.\s_wires[870]' from process `$paramod\systolic_block\N=s32'00000000000000000000000000100000.$proc$/openlane/designs/Tensor/src/systolic_block.v:0$12298'.
No latch inferred for signal `$paramod\systolic_block\N=s32'00000000000000000000000000100000.\s_wires[871]' from process `$paramod\systolic_block\N=s32'00000000000000000000000000100000.$proc$/openlane/designs/Tensor/src/systolic_block.v:0$12298'.
No latch inferred for signal `$paramod\systolic_block\N=s32'00000000000000000000000000100000.\s_wires[872]' from process `$paramod\systolic_block\N=s32'00000000000000000000000000100000.$proc$/openlane/designs/Tensor/src/systolic_block.v:0$12298'.
No latch inferred for signal `$paramod\systolic_block\N=s32'00000000000000000000000000100000.\s_wires[873]' from process `$paramod\systolic_block\N=s32'00000000000000000000000000100000.$proc$/openlane/designs/Tensor/src/systolic_block.v:0$12298'.
No latch inferred for signal `$paramod\systolic_block\N=s32'00000000000000000000000000100000.\s_wires[874]' from process `$paramod\systolic_block\N=s32'00000000000000000000000000100000.$proc$/openlane/designs/Tensor/src/systolic_block.v:0$12298'.
No latch inferred for signal `$paramod\systolic_block\N=s32'00000000000000000000000000100000.\s_wires[875]' from process `$paramod\systolic_block\N=s32'00000000000000000000000000100000.$proc$/openlane/designs/Tensor/src/systolic_block.v:0$12298'.
No latch inferred for signal `$paramod\systolic_block\N=s32'00000000000000000000000000100000.\s_wires[876]' from process `$paramod\systolic_block\N=s32'00000000000000000000000000100000.$proc$/openlane/designs/Tensor/src/systolic_block.v:0$12298'.
No latch inferred for signal `$paramod\systolic_block\N=s32'00000000000000000000000000100000.\s_wires[877]' from process `$paramod\systolic_block\N=s32'00000000000000000000000000100000.$proc$/openlane/designs/Tensor/src/systolic_block.v:0$12298'.
No latch inferred for signal `$paramod\systolic_block\N=s32'00000000000000000000000000100000.\s_wires[878]' from process `$paramod\systolic_block\N=s32'00000000000000000000000000100000.$proc$/openlane/designs/Tensor/src/systolic_block.v:0$12298'.
No latch inferred for signal `$paramod\systolic_block\N=s32'00000000000000000000000000100000.\s_wires[879]' from process `$paramod\systolic_block\N=s32'00000000000000000000000000100000.$proc$/openlane/designs/Tensor/src/systolic_block.v:0$12298'.
No latch inferred for signal `$paramod\systolic_block\N=s32'00000000000000000000000000100000.\s_wires[880]' from process `$paramod\systolic_block\N=s32'00000000000000000000000000100000.$proc$/openlane/designs/Tensor/src/systolic_block.v:0$12298'.
No latch inferred for signal `$paramod\systolic_block\N=s32'00000000000000000000000000100000.\s_wires[881]' from process `$paramod\systolic_block\N=s32'00000000000000000000000000100000.$proc$/openlane/designs/Tensor/src/systolic_block.v:0$12298'.
No latch inferred for signal `$paramod\systolic_block\N=s32'00000000000000000000000000100000.\s_wires[882]' from process `$paramod\systolic_block\N=s32'00000000000000000000000000100000.$proc$/openlane/designs/Tensor/src/systolic_block.v:0$12298'.
No latch inferred for signal `$paramod\systolic_block\N=s32'00000000000000000000000000100000.\s_wires[883]' from process `$paramod\systolic_block\N=s32'00000000000000000000000000100000.$proc$/openlane/designs/Tensor/src/systolic_block.v:0$12298'.
No latch inferred for signal `$paramod\systolic_block\N=s32'00000000000000000000000000100000.\s_wires[884]' from process `$paramod\systolic_block\N=s32'00000000000000000000000000100000.$proc$/openlane/designs/Tensor/src/systolic_block.v:0$12298'.
No latch inferred for signal `$paramod\systolic_block\N=s32'00000000000000000000000000100000.\s_wires[885]' from process `$paramod\systolic_block\N=s32'00000000000000000000000000100000.$proc$/openlane/designs/Tensor/src/systolic_block.v:0$12298'.
No latch inferred for signal `$paramod\systolic_block\N=s32'00000000000000000000000000100000.\s_wires[886]' from process `$paramod\systolic_block\N=s32'00000000000000000000000000100000.$proc$/openlane/designs/Tensor/src/systolic_block.v:0$12298'.
No latch inferred for signal `$paramod\systolic_block\N=s32'00000000000000000000000000100000.\s_wires[887]' from process `$paramod\systolic_block\N=s32'00000000000000000000000000100000.$proc$/openlane/designs/Tensor/src/systolic_block.v:0$12298'.
No latch inferred for signal `$paramod\systolic_block\N=s32'00000000000000000000000000100000.\s_wires[888]' from process `$paramod\systolic_block\N=s32'00000000000000000000000000100000.$proc$/openlane/designs/Tensor/src/systolic_block.v:0$12298'.
No latch inferred for signal `$paramod\systolic_block\N=s32'00000000000000000000000000100000.\s_wires[889]' from process `$paramod\systolic_block\N=s32'00000000000000000000000000100000.$proc$/openlane/designs/Tensor/src/systolic_block.v:0$12298'.
No latch inferred for signal `$paramod\systolic_block\N=s32'00000000000000000000000000100000.\s_wires[891]' from process `$paramod\systolic_block\N=s32'00000000000000000000000000100000.$proc$/openlane/designs/Tensor/src/systolic_block.v:0$12298'.
No latch inferred for signal `$paramod\systolic_block\N=s32'00000000000000000000000000100000.\s_wires[892]' from process `$paramod\systolic_block\N=s32'00000000000000000000000000100000.$proc$/openlane/designs/Tensor/src/systolic_block.v:0$12298'.
No latch inferred for signal `$paramod\systolic_block\N=s32'00000000000000000000000000100000.\s_wires[893]' from process `$paramod\systolic_block\N=s32'00000000000000000000000000100000.$proc$/openlane/designs/Tensor/src/systolic_block.v:0$12298'.
No latch inferred for signal `$paramod\systolic_block\N=s32'00000000000000000000000000100000.\s_wires[894]' from process `$paramod\systolic_block\N=s32'00000000000000000000000000100000.$proc$/openlane/designs/Tensor/src/systolic_block.v:0$12298'.
No latch inferred for signal `$paramod\systolic_block\N=s32'00000000000000000000000000100000.\s_wires[895]' from process `$paramod\systolic_block\N=s32'00000000000000000000000000100000.$proc$/openlane/designs/Tensor/src/systolic_block.v:0$12298'.
No latch inferred for signal `$paramod\systolic_block\N=s32'00000000000000000000000000100000.\s_wires[896]' from process `$paramod\systolic_block\N=s32'00000000000000000000000000100000.$proc$/openlane/designs/Tensor/src/systolic_block.v:0$12298'.
No latch inferred for signal `$paramod\systolic_block\N=s32'00000000000000000000000000100000.\s_wires[897]' from process `$paramod\systolic_block\N=s32'00000000000000000000000000100000.$proc$/openlane/designs/Tensor/src/systolic_block.v:0$12298'.
No latch inferred for signal `$paramod\systolic_block\N=s32'00000000000000000000000000100000.\s_wires[898]' from process `$paramod\systolic_block\N=s32'00000000000000000000000000100000.$proc$/openlane/designs/Tensor/src/systolic_block.v:0$12298'.
No latch inferred for signal `$paramod\systolic_block\N=s32'00000000000000000000000000100000.\s_wires[899]' from process `$paramod\systolic_block\N=s32'00000000000000000000000000100000.$proc$/openlane/designs/Tensor/src/systolic_block.v:0$12298'.
No latch inferred for signal `$paramod\systolic_block\N=s32'00000000000000000000000000100000.\s_wires[900]' from process `$paramod\systolic_block\N=s32'00000000000000000000000000100000.$proc$/openlane/designs/Tensor/src/systolic_block.v:0$12298'.
No latch inferred for signal `$paramod\systolic_block\N=s32'00000000000000000000000000100000.\s_wires[901]' from process `$paramod\systolic_block\N=s32'00000000000000000000000000100000.$proc$/openlane/designs/Tensor/src/systolic_block.v:0$12298'.
No latch inferred for signal `$paramod\systolic_block\N=s32'00000000000000000000000000100000.\s_wires[902]' from process `$paramod\systolic_block\N=s32'00000000000000000000000000100000.$proc$/openlane/designs/Tensor/src/systolic_block.v:0$12298'.
No latch inferred for signal `$paramod\systolic_block\N=s32'00000000000000000000000000100000.\s_wires[903]' from process `$paramod\systolic_block\N=s32'00000000000000000000000000100000.$proc$/openlane/designs/Tensor/src/systolic_block.v:0$12298'.
No latch inferred for signal `$paramod\systolic_block\N=s32'00000000000000000000000000100000.\s_wires[904]' from process `$paramod\systolic_block\N=s32'00000000000000000000000000100000.$proc$/openlane/designs/Tensor/src/systolic_block.v:0$12298'.
No latch inferred for signal `$paramod\systolic_block\N=s32'00000000000000000000000000100000.\s_wires[905]' from process `$paramod\systolic_block\N=s32'00000000000000000000000000100000.$proc$/openlane/designs/Tensor/src/systolic_block.v:0$12298'.
No latch inferred for signal `$paramod\systolic_block\N=s32'00000000000000000000000000100000.\s_wires[906]' from process `$paramod\systolic_block\N=s32'00000000000000000000000000100000.$proc$/openlane/designs/Tensor/src/systolic_block.v:0$12298'.
No latch inferred for signal `$paramod\systolic_block\N=s32'00000000000000000000000000100000.\s_wires[907]' from process `$paramod\systolic_block\N=s32'00000000000000000000000000100000.$proc$/openlane/designs/Tensor/src/systolic_block.v:0$12298'.
No latch inferred for signal `$paramod\systolic_block\N=s32'00000000000000000000000000100000.\s_wires[908]' from process `$paramod\systolic_block\N=s32'00000000000000000000000000100000.$proc$/openlane/designs/Tensor/src/systolic_block.v:0$12298'.
No latch inferred for signal `$paramod\systolic_block\N=s32'00000000000000000000000000100000.\s_wires[909]' from process `$paramod\systolic_block\N=s32'00000000000000000000000000100000.$proc$/openlane/designs/Tensor/src/systolic_block.v:0$12298'.
No latch inferred for signal `$paramod\systolic_block\N=s32'00000000000000000000000000100000.\s_wires[910]' from process `$paramod\systolic_block\N=s32'00000000000000000000000000100000.$proc$/openlane/designs/Tensor/src/systolic_block.v:0$12298'.
No latch inferred for signal `$paramod\systolic_block\N=s32'00000000000000000000000000100000.\s_wires[911]' from process `$paramod\systolic_block\N=s32'00000000000000000000000000100000.$proc$/openlane/designs/Tensor/src/systolic_block.v:0$12298'.
No latch inferred for signal `$paramod\systolic_block\N=s32'00000000000000000000000000100000.\s_wires[912]' from process `$paramod\systolic_block\N=s32'00000000000000000000000000100000.$proc$/openlane/designs/Tensor/src/systolic_block.v:0$12298'.
No latch inferred for signal `$paramod\systolic_block\N=s32'00000000000000000000000000100000.\s_wires[913]' from process `$paramod\systolic_block\N=s32'00000000000000000000000000100000.$proc$/openlane/designs/Tensor/src/systolic_block.v:0$12298'.
No latch inferred for signal `$paramod\systolic_block\N=s32'00000000000000000000000000100000.\s_wires[914]' from process `$paramod\systolic_block\N=s32'00000000000000000000000000100000.$proc$/openlane/designs/Tensor/src/systolic_block.v:0$12298'.
No latch inferred for signal `$paramod\systolic_block\N=s32'00000000000000000000000000100000.\s_wires[915]' from process `$paramod\systolic_block\N=s32'00000000000000000000000000100000.$proc$/openlane/designs/Tensor/src/systolic_block.v:0$12298'.
No latch inferred for signal `$paramod\systolic_block\N=s32'00000000000000000000000000100000.\s_wires[916]' from process `$paramod\systolic_block\N=s32'00000000000000000000000000100000.$proc$/openlane/designs/Tensor/src/systolic_block.v:0$12298'.
No latch inferred for signal `$paramod\systolic_block\N=s32'00000000000000000000000000100000.\s_wires[917]' from process `$paramod\systolic_block\N=s32'00000000000000000000000000100000.$proc$/openlane/designs/Tensor/src/systolic_block.v:0$12298'.
No latch inferred for signal `$paramod\systolic_block\N=s32'00000000000000000000000000100000.\s_wires[918]' from process `$paramod\systolic_block\N=s32'00000000000000000000000000100000.$proc$/openlane/designs/Tensor/src/systolic_block.v:0$12298'.
No latch inferred for signal `$paramod\systolic_block\N=s32'00000000000000000000000000100000.\s_wires[919]' from process `$paramod\systolic_block\N=s32'00000000000000000000000000100000.$proc$/openlane/designs/Tensor/src/systolic_block.v:0$12298'.
No latch inferred for signal `$paramod\systolic_block\N=s32'00000000000000000000000000100000.\s_wires[920]' from process `$paramod\systolic_block\N=s32'00000000000000000000000000100000.$proc$/openlane/designs/Tensor/src/systolic_block.v:0$12298'.
No latch inferred for signal `$paramod\systolic_block\N=s32'00000000000000000000000000100000.\s_wires[921]' from process `$paramod\systolic_block\N=s32'00000000000000000000000000100000.$proc$/openlane/designs/Tensor/src/systolic_block.v:0$12298'.
No latch inferred for signal `$paramod\systolic_block\N=s32'00000000000000000000000000100000.\s_wires[922]' from process `$paramod\systolic_block\N=s32'00000000000000000000000000100000.$proc$/openlane/designs/Tensor/src/systolic_block.v:0$12298'.
No latch inferred for signal `$paramod\systolic_block\N=s32'00000000000000000000000000100000.\s_wires[924]' from process `$paramod\systolic_block\N=s32'00000000000000000000000000100000.$proc$/openlane/designs/Tensor/src/systolic_block.v:0$12298'.
No latch inferred for signal `$paramod\systolic_block\N=s32'00000000000000000000000000100000.\s_wires[925]' from process `$paramod\systolic_block\N=s32'00000000000000000000000000100000.$proc$/openlane/designs/Tensor/src/systolic_block.v:0$12298'.
No latch inferred for signal `$paramod\systolic_block\N=s32'00000000000000000000000000100000.\s_wires[926]' from process `$paramod\systolic_block\N=s32'00000000000000000000000000100000.$proc$/openlane/designs/Tensor/src/systolic_block.v:0$12298'.
No latch inferred for signal `$paramod\systolic_block\N=s32'00000000000000000000000000100000.\s_wires[927]' from process `$paramod\systolic_block\N=s32'00000000000000000000000000100000.$proc$/openlane/designs/Tensor/src/systolic_block.v:0$12298'.
No latch inferred for signal `$paramod\systolic_block\N=s32'00000000000000000000000000100000.\s_wires[928]' from process `$paramod\systolic_block\N=s32'00000000000000000000000000100000.$proc$/openlane/designs/Tensor/src/systolic_block.v:0$12298'.
No latch inferred for signal `$paramod\systolic_block\N=s32'00000000000000000000000000100000.\s_wires[929]' from process `$paramod\systolic_block\N=s32'00000000000000000000000000100000.$proc$/openlane/designs/Tensor/src/systolic_block.v:0$12298'.
No latch inferred for signal `$paramod\systolic_block\N=s32'00000000000000000000000000100000.\s_wires[930]' from process `$paramod\systolic_block\N=s32'00000000000000000000000000100000.$proc$/openlane/designs/Tensor/src/systolic_block.v:0$12298'.
No latch inferred for signal `$paramod\systolic_block\N=s32'00000000000000000000000000100000.\s_wires[931]' from process `$paramod\systolic_block\N=s32'00000000000000000000000000100000.$proc$/openlane/designs/Tensor/src/systolic_block.v:0$12298'.
No latch inferred for signal `$paramod\systolic_block\N=s32'00000000000000000000000000100000.\s_wires[932]' from process `$paramod\systolic_block\N=s32'00000000000000000000000000100000.$proc$/openlane/designs/Tensor/src/systolic_block.v:0$12298'.
No latch inferred for signal `$paramod\systolic_block\N=s32'00000000000000000000000000100000.\s_wires[933]' from process `$paramod\systolic_block\N=s32'00000000000000000000000000100000.$proc$/openlane/designs/Tensor/src/systolic_block.v:0$12298'.
No latch inferred for signal `$paramod\systolic_block\N=s32'00000000000000000000000000100000.\s_wires[934]' from process `$paramod\systolic_block\N=s32'00000000000000000000000000100000.$proc$/openlane/designs/Tensor/src/systolic_block.v:0$12298'.
No latch inferred for signal `$paramod\systolic_block\N=s32'00000000000000000000000000100000.\s_wires[935]' from process `$paramod\systolic_block\N=s32'00000000000000000000000000100000.$proc$/openlane/designs/Tensor/src/systolic_block.v:0$12298'.
No latch inferred for signal `$paramod\systolic_block\N=s32'00000000000000000000000000100000.\s_wires[936]' from process `$paramod\systolic_block\N=s32'00000000000000000000000000100000.$proc$/openlane/designs/Tensor/src/systolic_block.v:0$12298'.
No latch inferred for signal `$paramod\systolic_block\N=s32'00000000000000000000000000100000.\s_wires[937]' from process `$paramod\systolic_block\N=s32'00000000000000000000000000100000.$proc$/openlane/designs/Tensor/src/systolic_block.v:0$12298'.
No latch inferred for signal `$paramod\systolic_block\N=s32'00000000000000000000000000100000.\s_wires[938]' from process `$paramod\systolic_block\N=s32'00000000000000000000000000100000.$proc$/openlane/designs/Tensor/src/systolic_block.v:0$12298'.
No latch inferred for signal `$paramod\systolic_block\N=s32'00000000000000000000000000100000.\s_wires[939]' from process `$paramod\systolic_block\N=s32'00000000000000000000000000100000.$proc$/openlane/designs/Tensor/src/systolic_block.v:0$12298'.
No latch inferred for signal `$paramod\systolic_block\N=s32'00000000000000000000000000100000.\s_wires[940]' from process `$paramod\systolic_block\N=s32'00000000000000000000000000100000.$proc$/openlane/designs/Tensor/src/systolic_block.v:0$12298'.
No latch inferred for signal `$paramod\systolic_block\N=s32'00000000000000000000000000100000.\s_wires[941]' from process `$paramod\systolic_block\N=s32'00000000000000000000000000100000.$proc$/openlane/designs/Tensor/src/systolic_block.v:0$12298'.
No latch inferred for signal `$paramod\systolic_block\N=s32'00000000000000000000000000100000.\s_wires[942]' from process `$paramod\systolic_block\N=s32'00000000000000000000000000100000.$proc$/openlane/designs/Tensor/src/systolic_block.v:0$12298'.
No latch inferred for signal `$paramod\systolic_block\N=s32'00000000000000000000000000100000.\s_wires[943]' from process `$paramod\systolic_block\N=s32'00000000000000000000000000100000.$proc$/openlane/designs/Tensor/src/systolic_block.v:0$12298'.
No latch inferred for signal `$paramod\systolic_block\N=s32'00000000000000000000000000100000.\s_wires[944]' from process `$paramod\systolic_block\N=s32'00000000000000000000000000100000.$proc$/openlane/designs/Tensor/src/systolic_block.v:0$12298'.
No latch inferred for signal `$paramod\systolic_block\N=s32'00000000000000000000000000100000.\s_wires[945]' from process `$paramod\systolic_block\N=s32'00000000000000000000000000100000.$proc$/openlane/designs/Tensor/src/systolic_block.v:0$12298'.
No latch inferred for signal `$paramod\systolic_block\N=s32'00000000000000000000000000100000.\s_wires[946]' from process `$paramod\systolic_block\N=s32'00000000000000000000000000100000.$proc$/openlane/designs/Tensor/src/systolic_block.v:0$12298'.
No latch inferred for signal `$paramod\systolic_block\N=s32'00000000000000000000000000100000.\s_wires[947]' from process `$paramod\systolic_block\N=s32'00000000000000000000000000100000.$proc$/openlane/designs/Tensor/src/systolic_block.v:0$12298'.
No latch inferred for signal `$paramod\systolic_block\N=s32'00000000000000000000000000100000.\s_wires[948]' from process `$paramod\systolic_block\N=s32'00000000000000000000000000100000.$proc$/openlane/designs/Tensor/src/systolic_block.v:0$12298'.
No latch inferred for signal `$paramod\systolic_block\N=s32'00000000000000000000000000100000.\s_wires[949]' from process `$paramod\systolic_block\N=s32'00000000000000000000000000100000.$proc$/openlane/designs/Tensor/src/systolic_block.v:0$12298'.
No latch inferred for signal `$paramod\systolic_block\N=s32'00000000000000000000000000100000.\s_wires[950]' from process `$paramod\systolic_block\N=s32'00000000000000000000000000100000.$proc$/openlane/designs/Tensor/src/systolic_block.v:0$12298'.
No latch inferred for signal `$paramod\systolic_block\N=s32'00000000000000000000000000100000.\s_wires[951]' from process `$paramod\systolic_block\N=s32'00000000000000000000000000100000.$proc$/openlane/designs/Tensor/src/systolic_block.v:0$12298'.
No latch inferred for signal `$paramod\systolic_block\N=s32'00000000000000000000000000100000.\s_wires[952]' from process `$paramod\systolic_block\N=s32'00000000000000000000000000100000.$proc$/openlane/designs/Tensor/src/systolic_block.v:0$12298'.
No latch inferred for signal `$paramod\systolic_block\N=s32'00000000000000000000000000100000.\s_wires[953]' from process `$paramod\systolic_block\N=s32'00000000000000000000000000100000.$proc$/openlane/designs/Tensor/src/systolic_block.v:0$12298'.
No latch inferred for signal `$paramod\systolic_block\N=s32'00000000000000000000000000100000.\s_wires[954]' from process `$paramod\systolic_block\N=s32'00000000000000000000000000100000.$proc$/openlane/designs/Tensor/src/systolic_block.v:0$12298'.
No latch inferred for signal `$paramod\systolic_block\N=s32'00000000000000000000000000100000.\s_wires[955]' from process `$paramod\systolic_block\N=s32'00000000000000000000000000100000.$proc$/openlane/designs/Tensor/src/systolic_block.v:0$12298'.
No latch inferred for signal `$paramod\systolic_block\N=s32'00000000000000000000000000100000.\s_wires[957]' from process `$paramod\systolic_block\N=s32'00000000000000000000000000100000.$proc$/openlane/designs/Tensor/src/systolic_block.v:0$12298'.
No latch inferred for signal `$paramod\systolic_block\N=s32'00000000000000000000000000100000.\s_wires[958]' from process `$paramod\systolic_block\N=s32'00000000000000000000000000100000.$proc$/openlane/designs/Tensor/src/systolic_block.v:0$12298'.
No latch inferred for signal `$paramod\systolic_block\N=s32'00000000000000000000000000100000.\s_wires[959]' from process `$paramod\systolic_block\N=s32'00000000000000000000000000100000.$proc$/openlane/designs/Tensor/src/systolic_block.v:0$12298'.
No latch inferred for signal `$paramod\systolic_block\N=s32'00000000000000000000000000100000.\s_wires[960]' from process `$paramod\systolic_block\N=s32'00000000000000000000000000100000.$proc$/openlane/designs/Tensor/src/systolic_block.v:0$12298'.
No latch inferred for signal `$paramod\systolic_block\N=s32'00000000000000000000000000100000.\s_wires[961]' from process `$paramod\systolic_block\N=s32'00000000000000000000000000100000.$proc$/openlane/designs/Tensor/src/systolic_block.v:0$12298'.
No latch inferred for signal `$paramod\systolic_block\N=s32'00000000000000000000000000100000.\s_wires[962]' from process `$paramod\systolic_block\N=s32'00000000000000000000000000100000.$proc$/openlane/designs/Tensor/src/systolic_block.v:0$12298'.
No latch inferred for signal `$paramod\systolic_block\N=s32'00000000000000000000000000100000.\s_wires[963]' from process `$paramod\systolic_block\N=s32'00000000000000000000000000100000.$proc$/openlane/designs/Tensor/src/systolic_block.v:0$12298'.
No latch inferred for signal `$paramod\systolic_block\N=s32'00000000000000000000000000100000.\s_wires[964]' from process `$paramod\systolic_block\N=s32'00000000000000000000000000100000.$proc$/openlane/designs/Tensor/src/systolic_block.v:0$12298'.
No latch inferred for signal `$paramod\systolic_block\N=s32'00000000000000000000000000100000.\s_wires[965]' from process `$paramod\systolic_block\N=s32'00000000000000000000000000100000.$proc$/openlane/designs/Tensor/src/systolic_block.v:0$12298'.
No latch inferred for signal `$paramod\systolic_block\N=s32'00000000000000000000000000100000.\s_wires[966]' from process `$paramod\systolic_block\N=s32'00000000000000000000000000100000.$proc$/openlane/designs/Tensor/src/systolic_block.v:0$12298'.
No latch inferred for signal `$paramod\systolic_block\N=s32'00000000000000000000000000100000.\s_wires[967]' from process `$paramod\systolic_block\N=s32'00000000000000000000000000100000.$proc$/openlane/designs/Tensor/src/systolic_block.v:0$12298'.
No latch inferred for signal `$paramod\systolic_block\N=s32'00000000000000000000000000100000.\s_wires[968]' from process `$paramod\systolic_block\N=s32'00000000000000000000000000100000.$proc$/openlane/designs/Tensor/src/systolic_block.v:0$12298'.
No latch inferred for signal `$paramod\systolic_block\N=s32'00000000000000000000000000100000.\s_wires[969]' from process `$paramod\systolic_block\N=s32'00000000000000000000000000100000.$proc$/openlane/designs/Tensor/src/systolic_block.v:0$12298'.
No latch inferred for signal `$paramod\systolic_block\N=s32'00000000000000000000000000100000.\s_wires[970]' from process `$paramod\systolic_block\N=s32'00000000000000000000000000100000.$proc$/openlane/designs/Tensor/src/systolic_block.v:0$12298'.
No latch inferred for signal `$paramod\systolic_block\N=s32'00000000000000000000000000100000.\s_wires[971]' from process `$paramod\systolic_block\N=s32'00000000000000000000000000100000.$proc$/openlane/designs/Tensor/src/systolic_block.v:0$12298'.
No latch inferred for signal `$paramod\systolic_block\N=s32'00000000000000000000000000100000.\s_wires[972]' from process `$paramod\systolic_block\N=s32'00000000000000000000000000100000.$proc$/openlane/designs/Tensor/src/systolic_block.v:0$12298'.
No latch inferred for signal `$paramod\systolic_block\N=s32'00000000000000000000000000100000.\s_wires[973]' from process `$paramod\systolic_block\N=s32'00000000000000000000000000100000.$proc$/openlane/designs/Tensor/src/systolic_block.v:0$12298'.
No latch inferred for signal `$paramod\systolic_block\N=s32'00000000000000000000000000100000.\s_wires[974]' from process `$paramod\systolic_block\N=s32'00000000000000000000000000100000.$proc$/openlane/designs/Tensor/src/systolic_block.v:0$12298'.
No latch inferred for signal `$paramod\systolic_block\N=s32'00000000000000000000000000100000.\s_wires[975]' from process `$paramod\systolic_block\N=s32'00000000000000000000000000100000.$proc$/openlane/designs/Tensor/src/systolic_block.v:0$12298'.
No latch inferred for signal `$paramod\systolic_block\N=s32'00000000000000000000000000100000.\s_wires[976]' from process `$paramod\systolic_block\N=s32'00000000000000000000000000100000.$proc$/openlane/designs/Tensor/src/systolic_block.v:0$12298'.
No latch inferred for signal `$paramod\systolic_block\N=s32'00000000000000000000000000100000.\s_wires[977]' from process `$paramod\systolic_block\N=s32'00000000000000000000000000100000.$proc$/openlane/designs/Tensor/src/systolic_block.v:0$12298'.
No latch inferred for signal `$paramod\systolic_block\N=s32'00000000000000000000000000100000.\s_wires[978]' from process `$paramod\systolic_block\N=s32'00000000000000000000000000100000.$proc$/openlane/designs/Tensor/src/systolic_block.v:0$12298'.
No latch inferred for signal `$paramod\systolic_block\N=s32'00000000000000000000000000100000.\s_wires[979]' from process `$paramod\systolic_block\N=s32'00000000000000000000000000100000.$proc$/openlane/designs/Tensor/src/systolic_block.v:0$12298'.
No latch inferred for signal `$paramod\systolic_block\N=s32'00000000000000000000000000100000.\s_wires[980]' from process `$paramod\systolic_block\N=s32'00000000000000000000000000100000.$proc$/openlane/designs/Tensor/src/systolic_block.v:0$12298'.
No latch inferred for signal `$paramod\systolic_block\N=s32'00000000000000000000000000100000.\s_wires[981]' from process `$paramod\systolic_block\N=s32'00000000000000000000000000100000.$proc$/openlane/designs/Tensor/src/systolic_block.v:0$12298'.
No latch inferred for signal `$paramod\systolic_block\N=s32'00000000000000000000000000100000.\s_wires[982]' from process `$paramod\systolic_block\N=s32'00000000000000000000000000100000.$proc$/openlane/designs/Tensor/src/systolic_block.v:0$12298'.
No latch inferred for signal `$paramod\systolic_block\N=s32'00000000000000000000000000100000.\s_wires[983]' from process `$paramod\systolic_block\N=s32'00000000000000000000000000100000.$proc$/openlane/designs/Tensor/src/systolic_block.v:0$12298'.
No latch inferred for signal `$paramod\systolic_block\N=s32'00000000000000000000000000100000.\s_wires[984]' from process `$paramod\systolic_block\N=s32'00000000000000000000000000100000.$proc$/openlane/designs/Tensor/src/systolic_block.v:0$12298'.
No latch inferred for signal `$paramod\systolic_block\N=s32'00000000000000000000000000100000.\s_wires[985]' from process `$paramod\systolic_block\N=s32'00000000000000000000000000100000.$proc$/openlane/designs/Tensor/src/systolic_block.v:0$12298'.
No latch inferred for signal `$paramod\systolic_block\N=s32'00000000000000000000000000100000.\s_wires[986]' from process `$paramod\systolic_block\N=s32'00000000000000000000000000100000.$proc$/openlane/designs/Tensor/src/systolic_block.v:0$12298'.
No latch inferred for signal `$paramod\systolic_block\N=s32'00000000000000000000000000100000.\s_wires[987]' from process `$paramod\systolic_block\N=s32'00000000000000000000000000100000.$proc$/openlane/designs/Tensor/src/systolic_block.v:0$12298'.
No latch inferred for signal `$paramod\systolic_block\N=s32'00000000000000000000000000100000.\s_wires[988]' from process `$paramod\systolic_block\N=s32'00000000000000000000000000100000.$proc$/openlane/designs/Tensor/src/systolic_block.v:0$12298'.
No latch inferred for signal `$paramod\systolic_block\N=s32'00000000000000000000000000100000.\s_wires[990]' from process `$paramod\systolic_block\N=s32'00000000000000000000000000100000.$proc$/openlane/designs/Tensor/src/systolic_block.v:0$12298'.
No latch inferred for signal `$paramod\systolic_block\N=s32'00000000000000000000000000100000.\s_wires[991]' from process `$paramod\systolic_block\N=s32'00000000000000000000000000100000.$proc$/openlane/designs/Tensor/src/systolic_block.v:0$12298'.
No latch inferred for signal `$paramod\systolic_block\N=s32'00000000000000000000000000100000.\s_wires[992]' from process `$paramod\systolic_block\N=s32'00000000000000000000000000100000.$proc$/openlane/designs/Tensor/src/systolic_block.v:0$12298'.
No latch inferred for signal `$paramod\systolic_block\N=s32'00000000000000000000000000100000.\s_wires[993]' from process `$paramod\systolic_block\N=s32'00000000000000000000000000100000.$proc$/openlane/designs/Tensor/src/systolic_block.v:0$12298'.
No latch inferred for signal `$paramod\systolic_block\N=s32'00000000000000000000000000100000.\s_wires[994]' from process `$paramod\systolic_block\N=s32'00000000000000000000000000100000.$proc$/openlane/designs/Tensor/src/systolic_block.v:0$12298'.
No latch inferred for signal `$paramod\systolic_block\N=s32'00000000000000000000000000100000.\s_wires[995]' from process `$paramod\systolic_block\N=s32'00000000000000000000000000100000.$proc$/openlane/designs/Tensor/src/systolic_block.v:0$12298'.
No latch inferred for signal `$paramod\systolic_block\N=s32'00000000000000000000000000100000.\s_wires[996]' from process `$paramod\systolic_block\N=s32'00000000000000000000000000100000.$proc$/openlane/designs/Tensor/src/systolic_block.v:0$12298'.
No latch inferred for signal `$paramod\systolic_block\N=s32'00000000000000000000000000100000.\s_wires[997]' from process `$paramod\systolic_block\N=s32'00000000000000000000000000100000.$proc$/openlane/designs/Tensor/src/systolic_block.v:0$12298'.
No latch inferred for signal `$paramod\systolic_block\N=s32'00000000000000000000000000100000.\s_wires[998]' from process `$paramod\systolic_block\N=s32'00000000000000000000000000100000.$proc$/openlane/designs/Tensor/src/systolic_block.v:0$12298'.
No latch inferred for signal `$paramod\systolic_block\N=s32'00000000000000000000000000100000.\s_wires[999]' from process `$paramod\systolic_block\N=s32'00000000000000000000000000100000.$proc$/openlane/designs/Tensor/src/systolic_block.v:0$12298'.
No latch inferred for signal `$paramod\systolic_block\N=s32'00000000000000000000000000100000.\s_wires[1000]' from process `$paramod\systolic_block\N=s32'00000000000000000000000000100000.$proc$/openlane/designs/Tensor/src/systolic_block.v:0$12298'.
No latch inferred for signal `$paramod\systolic_block\N=s32'00000000000000000000000000100000.\s_wires[1001]' from process `$paramod\systolic_block\N=s32'00000000000000000000000000100000.$proc$/openlane/designs/Tensor/src/systolic_block.v:0$12298'.
No latch inferred for signal `$paramod\systolic_block\N=s32'00000000000000000000000000100000.\s_wires[1002]' from process `$paramod\systolic_block\N=s32'00000000000000000000000000100000.$proc$/openlane/designs/Tensor/src/systolic_block.v:0$12298'.
No latch inferred for signal `$paramod\systolic_block\N=s32'00000000000000000000000000100000.\s_wires[1003]' from process `$paramod\systolic_block\N=s32'00000000000000000000000000100000.$proc$/openlane/designs/Tensor/src/systolic_block.v:0$12298'.
No latch inferred for signal `$paramod\systolic_block\N=s32'00000000000000000000000000100000.\s_wires[1004]' from process `$paramod\systolic_block\N=s32'00000000000000000000000000100000.$proc$/openlane/designs/Tensor/src/systolic_block.v:0$12298'.
No latch inferred for signal `$paramod\systolic_block\N=s32'00000000000000000000000000100000.\s_wires[1005]' from process `$paramod\systolic_block\N=s32'00000000000000000000000000100000.$proc$/openlane/designs/Tensor/src/systolic_block.v:0$12298'.
No latch inferred for signal `$paramod\systolic_block\N=s32'00000000000000000000000000100000.\s_wires[1006]' from process `$paramod\systolic_block\N=s32'00000000000000000000000000100000.$proc$/openlane/designs/Tensor/src/systolic_block.v:0$12298'.
No latch inferred for signal `$paramod\systolic_block\N=s32'00000000000000000000000000100000.\s_wires[1007]' from process `$paramod\systolic_block\N=s32'00000000000000000000000000100000.$proc$/openlane/designs/Tensor/src/systolic_block.v:0$12298'.
No latch inferred for signal `$paramod\systolic_block\N=s32'00000000000000000000000000100000.\s_wires[1008]' from process `$paramod\systolic_block\N=s32'00000000000000000000000000100000.$proc$/openlane/designs/Tensor/src/systolic_block.v:0$12298'.
No latch inferred for signal `$paramod\systolic_block\N=s32'00000000000000000000000000100000.\s_wires[1009]' from process `$paramod\systolic_block\N=s32'00000000000000000000000000100000.$proc$/openlane/designs/Tensor/src/systolic_block.v:0$12298'.
No latch inferred for signal `$paramod\systolic_block\N=s32'00000000000000000000000000100000.\s_wires[1010]' from process `$paramod\systolic_block\N=s32'00000000000000000000000000100000.$proc$/openlane/designs/Tensor/src/systolic_block.v:0$12298'.
No latch inferred for signal `$paramod\systolic_block\N=s32'00000000000000000000000000100000.\s_wires[1011]' from process `$paramod\systolic_block\N=s32'00000000000000000000000000100000.$proc$/openlane/designs/Tensor/src/systolic_block.v:0$12298'.
No latch inferred for signal `$paramod\systolic_block\N=s32'00000000000000000000000000100000.\s_wires[1012]' from process `$paramod\systolic_block\N=s32'00000000000000000000000000100000.$proc$/openlane/designs/Tensor/src/systolic_block.v:0$12298'.
No latch inferred for signal `$paramod\systolic_block\N=s32'00000000000000000000000000100000.\s_wires[1013]' from process `$paramod\systolic_block\N=s32'00000000000000000000000000100000.$proc$/openlane/designs/Tensor/src/systolic_block.v:0$12298'.
No latch inferred for signal `$paramod\systolic_block\N=s32'00000000000000000000000000100000.\s_wires[1014]' from process `$paramod\systolic_block\N=s32'00000000000000000000000000100000.$proc$/openlane/designs/Tensor/src/systolic_block.v:0$12298'.
No latch inferred for signal `$paramod\systolic_block\N=s32'00000000000000000000000000100000.\s_wires[1015]' from process `$paramod\systolic_block\N=s32'00000000000000000000000000100000.$proc$/openlane/designs/Tensor/src/systolic_block.v:0$12298'.
No latch inferred for signal `$paramod\systolic_block\N=s32'00000000000000000000000000100000.\s_wires[1016]' from process `$paramod\systolic_block\N=s32'00000000000000000000000000100000.$proc$/openlane/designs/Tensor/src/systolic_block.v:0$12298'.
No latch inferred for signal `$paramod\systolic_block\N=s32'00000000000000000000000000100000.\s_wires[1017]' from process `$paramod\systolic_block\N=s32'00000000000000000000000000100000.$proc$/openlane/designs/Tensor/src/systolic_block.v:0$12298'.
No latch inferred for signal `$paramod\systolic_block\N=s32'00000000000000000000000000100000.\s_wires[1018]' from process `$paramod\systolic_block\N=s32'00000000000000000000000000100000.$proc$/openlane/designs/Tensor/src/systolic_block.v:0$12298'.
No latch inferred for signal `$paramod\systolic_block\N=s32'00000000000000000000000000100000.\s_wires[1019]' from process `$paramod\systolic_block\N=s32'00000000000000000000000000100000.$proc$/openlane/designs/Tensor/src/systolic_block.v:0$12298'.
No latch inferred for signal `$paramod\systolic_block\N=s32'00000000000000000000000000100000.\s_wires[1020]' from process `$paramod\systolic_block\N=s32'00000000000000000000000000100000.$proc$/openlane/designs/Tensor/src/systolic_block.v:0$12298'.
No latch inferred for signal `$paramod\systolic_block\N=s32'00000000000000000000000000100000.\s_wires[1021]' from process `$paramod\systolic_block\N=s32'00000000000000000000000000100000.$proc$/openlane/designs/Tensor/src/systolic_block.v:0$12298'.
No latch inferred for signal `$paramod\systolic_block\N=s32'00000000000000000000000000100000.\s_wires[1023]' from process `$paramod\systolic_block\N=s32'00000000000000000000000000100000.$proc$/openlane/designs/Tensor/src/systolic_block.v:0$12298'.
No latch inferred for signal `$paramod\systolic_block\N=s32'00000000000000000000000000100000.\s_wires[1024]' from process `$paramod\systolic_block\N=s32'00000000000000000000000000100000.$proc$/openlane/designs/Tensor/src/systolic_block.v:0$12298'.
No latch inferred for signal `$paramod\systolic_block\N=s32'00000000000000000000000000100000.\s_wires[1025]' from process `$paramod\systolic_block\N=s32'00000000000000000000000000100000.$proc$/openlane/designs/Tensor/src/systolic_block.v:0$12298'.
No latch inferred for signal `$paramod\systolic_block\N=s32'00000000000000000000000000100000.\s_wires[1026]' from process `$paramod\systolic_block\N=s32'00000000000000000000000000100000.$proc$/openlane/designs/Tensor/src/systolic_block.v:0$12298'.
No latch inferred for signal `$paramod\systolic_block\N=s32'00000000000000000000000000100000.\s_wires[1027]' from process `$paramod\systolic_block\N=s32'00000000000000000000000000100000.$proc$/openlane/designs/Tensor/src/systolic_block.v:0$12298'.
No latch inferred for signal `$paramod\systolic_block\N=s32'00000000000000000000000000100000.\s_wires[1028]' from process `$paramod\systolic_block\N=s32'00000000000000000000000000100000.$proc$/openlane/designs/Tensor/src/systolic_block.v:0$12298'.
No latch inferred for signal `$paramod\systolic_block\N=s32'00000000000000000000000000100000.\s_wires[1029]' from process `$paramod\systolic_block\N=s32'00000000000000000000000000100000.$proc$/openlane/designs/Tensor/src/systolic_block.v:0$12298'.
No latch inferred for signal `$paramod\systolic_block\N=s32'00000000000000000000000000100000.\s_wires[1030]' from process `$paramod\systolic_block\N=s32'00000000000000000000000000100000.$proc$/openlane/designs/Tensor/src/systolic_block.v:0$12298'.
No latch inferred for signal `$paramod\systolic_block\N=s32'00000000000000000000000000100000.\s_wires[1031]' from process `$paramod\systolic_block\N=s32'00000000000000000000000000100000.$proc$/openlane/designs/Tensor/src/systolic_block.v:0$12298'.
No latch inferred for signal `$paramod\systolic_block\N=s32'00000000000000000000000000100000.\s_wires[1032]' from process `$paramod\systolic_block\N=s32'00000000000000000000000000100000.$proc$/openlane/designs/Tensor/src/systolic_block.v:0$12298'.
No latch inferred for signal `$paramod\systolic_block\N=s32'00000000000000000000000000100000.\s_wires[1033]' from process `$paramod\systolic_block\N=s32'00000000000000000000000000100000.$proc$/openlane/designs/Tensor/src/systolic_block.v:0$12298'.
No latch inferred for signal `$paramod\systolic_block\N=s32'00000000000000000000000000100000.\s_wires[1034]' from process `$paramod\systolic_block\N=s32'00000000000000000000000000100000.$proc$/openlane/designs/Tensor/src/systolic_block.v:0$12298'.
No latch inferred for signal `$paramod\systolic_block\N=s32'00000000000000000000000000100000.\s_wires[1035]' from process `$paramod\systolic_block\N=s32'00000000000000000000000000100000.$proc$/openlane/designs/Tensor/src/systolic_block.v:0$12298'.
No latch inferred for signal `$paramod\systolic_block\N=s32'00000000000000000000000000100000.\s_wires[1036]' from process `$paramod\systolic_block\N=s32'00000000000000000000000000100000.$proc$/openlane/designs/Tensor/src/systolic_block.v:0$12298'.
No latch inferred for signal `$paramod\systolic_block\N=s32'00000000000000000000000000100000.\s_wires[1037]' from process `$paramod\systolic_block\N=s32'00000000000000000000000000100000.$proc$/openlane/designs/Tensor/src/systolic_block.v:0$12298'.
No latch inferred for signal `$paramod\systolic_block\N=s32'00000000000000000000000000100000.\s_wires[1038]' from process `$paramod\systolic_block\N=s32'00000000000000000000000000100000.$proc$/openlane/designs/Tensor/src/systolic_block.v:0$12298'.
No latch inferred for signal `$paramod\systolic_block\N=s32'00000000000000000000000000100000.\s_wires[1039]' from process `$paramod\systolic_block\N=s32'00000000000000000000000000100000.$proc$/openlane/designs/Tensor/src/systolic_block.v:0$12298'.
No latch inferred for signal `$paramod\systolic_block\N=s32'00000000000000000000000000100000.\s_wires[1040]' from process `$paramod\systolic_block\N=s32'00000000000000000000000000100000.$proc$/openlane/designs/Tensor/src/systolic_block.v:0$12298'.
No latch inferred for signal `$paramod\systolic_block\N=s32'00000000000000000000000000100000.\s_wires[1041]' from process `$paramod\systolic_block\N=s32'00000000000000000000000000100000.$proc$/openlane/designs/Tensor/src/systolic_block.v:0$12298'.
No latch inferred for signal `$paramod\systolic_block\N=s32'00000000000000000000000000100000.\s_wires[1042]' from process `$paramod\systolic_block\N=s32'00000000000000000000000000100000.$proc$/openlane/designs/Tensor/src/systolic_block.v:0$12298'.
No latch inferred for signal `$paramod\systolic_block\N=s32'00000000000000000000000000100000.\s_wires[1043]' from process `$paramod\systolic_block\N=s32'00000000000000000000000000100000.$proc$/openlane/designs/Tensor/src/systolic_block.v:0$12298'.
No latch inferred for signal `$paramod\systolic_block\N=s32'00000000000000000000000000100000.\s_wires[1044]' from process `$paramod\systolic_block\N=s32'00000000000000000000000000100000.$proc$/openlane/designs/Tensor/src/systolic_block.v:0$12298'.
No latch inferred for signal `$paramod\systolic_block\N=s32'00000000000000000000000000100000.\s_wires[1045]' from process `$paramod\systolic_block\N=s32'00000000000000000000000000100000.$proc$/openlane/designs/Tensor/src/systolic_block.v:0$12298'.
No latch inferred for signal `$paramod\systolic_block\N=s32'00000000000000000000000000100000.\s_wires[1046]' from process `$paramod\systolic_block\N=s32'00000000000000000000000000100000.$proc$/openlane/designs/Tensor/src/systolic_block.v:0$12298'.
No latch inferred for signal `$paramod\systolic_block\N=s32'00000000000000000000000000100000.\s_wires[1047]' from process `$paramod\systolic_block\N=s32'00000000000000000000000000100000.$proc$/openlane/designs/Tensor/src/systolic_block.v:0$12298'.
No latch inferred for signal `$paramod\systolic_block\N=s32'00000000000000000000000000100000.\s_wires[1048]' from process `$paramod\systolic_block\N=s32'00000000000000000000000000100000.$proc$/openlane/designs/Tensor/src/systolic_block.v:0$12298'.
No latch inferred for signal `$paramod\systolic_block\N=s32'00000000000000000000000000100000.\s_wires[1049]' from process `$paramod\systolic_block\N=s32'00000000000000000000000000100000.$proc$/openlane/designs/Tensor/src/systolic_block.v:0$12298'.
No latch inferred for signal `$paramod\systolic_block\N=s32'00000000000000000000000000100000.\s_wires[1050]' from process `$paramod\systolic_block\N=s32'00000000000000000000000000100000.$proc$/openlane/designs/Tensor/src/systolic_block.v:0$12298'.
No latch inferred for signal `$paramod\systolic_block\N=s32'00000000000000000000000000100000.\s_wires[1051]' from process `$paramod\systolic_block\N=s32'00000000000000000000000000100000.$proc$/openlane/designs/Tensor/src/systolic_block.v:0$12298'.
No latch inferred for signal `$paramod\systolic_block\N=s32'00000000000000000000000000100000.\s_wires[1052]' from process `$paramod\systolic_block\N=s32'00000000000000000000000000100000.$proc$/openlane/designs/Tensor/src/systolic_block.v:0$12298'.
No latch inferred for signal `$paramod\systolic_block\N=s32'00000000000000000000000000100000.\s_wires[1053]' from process `$paramod\systolic_block\N=s32'00000000000000000000000000100000.$proc$/openlane/designs/Tensor/src/systolic_block.v:0$12298'.
No latch inferred for signal `$paramod\systolic_block\N=s32'00000000000000000000000000100000.\s_wires[1054]' from process `$paramod\systolic_block\N=s32'00000000000000000000000000100000.$proc$/openlane/designs/Tensor/src/systolic_block.v:0$12298'.
No latch inferred for signal `$paramod\systolic_block\N=s32'00000000000000000000000000100000.\s_wires[1056]' from process `$paramod\systolic_block\N=s32'00000000000000000000000000100000.$proc$/openlane/designs/Tensor/src/systolic_block.v:0$12298'.
No latch inferred for signal `$paramod\systolic_block\N=s32'00000000000000000000000000100000.\s_wires[1057]' from process `$paramod\systolic_block\N=s32'00000000000000000000000000100000.$proc$/openlane/designs/Tensor/src/systolic_block.v:0$12298'.
No latch inferred for signal `$paramod\systolic_block\N=s32'00000000000000000000000000100000.\s_wires[1058]' from process `$paramod\systolic_block\N=s32'00000000000000000000000000100000.$proc$/openlane/designs/Tensor/src/systolic_block.v:0$12298'.
No latch inferred for signal `$paramod\systolic_block\N=s32'00000000000000000000000000100000.\s_wires[1059]' from process `$paramod\systolic_block\N=s32'00000000000000000000000000100000.$proc$/openlane/designs/Tensor/src/systolic_block.v:0$12298'.
No latch inferred for signal `$paramod\systolic_block\N=s32'00000000000000000000000000100000.\s_wires[1060]' from process `$paramod\systolic_block\N=s32'00000000000000000000000000100000.$proc$/openlane/designs/Tensor/src/systolic_block.v:0$12298'.
No latch inferred for signal `$paramod\systolic_block\N=s32'00000000000000000000000000100000.\s_wires[1061]' from process `$paramod\systolic_block\N=s32'00000000000000000000000000100000.$proc$/openlane/designs/Tensor/src/systolic_block.v:0$12298'.
No latch inferred for signal `$paramod\systolic_block\N=s32'00000000000000000000000000100000.\s_wires[1062]' from process `$paramod\systolic_block\N=s32'00000000000000000000000000100000.$proc$/openlane/designs/Tensor/src/systolic_block.v:0$12298'.
No latch inferred for signal `$paramod\systolic_block\N=s32'00000000000000000000000000100000.\s_wires[1063]' from process `$paramod\systolic_block\N=s32'00000000000000000000000000100000.$proc$/openlane/designs/Tensor/src/systolic_block.v:0$12298'.
No latch inferred for signal `$paramod\systolic_block\N=s32'00000000000000000000000000100000.\s_wires[1064]' from process `$paramod\systolic_block\N=s32'00000000000000000000000000100000.$proc$/openlane/designs/Tensor/src/systolic_block.v:0$12298'.
No latch inferred for signal `$paramod\systolic_block\N=s32'00000000000000000000000000100000.\s_wires[1065]' from process `$paramod\systolic_block\N=s32'00000000000000000000000000100000.$proc$/openlane/designs/Tensor/src/systolic_block.v:0$12298'.
No latch inferred for signal `$paramod\systolic_block\N=s32'00000000000000000000000000100000.\s_wires[1066]' from process `$paramod\systolic_block\N=s32'00000000000000000000000000100000.$proc$/openlane/designs/Tensor/src/systolic_block.v:0$12298'.
No latch inferred for signal `$paramod\systolic_block\N=s32'00000000000000000000000000100000.\s_wires[1067]' from process `$paramod\systolic_block\N=s32'00000000000000000000000000100000.$proc$/openlane/designs/Tensor/src/systolic_block.v:0$12298'.
No latch inferred for signal `$paramod\systolic_block\N=s32'00000000000000000000000000100000.\s_wires[1068]' from process `$paramod\systolic_block\N=s32'00000000000000000000000000100000.$proc$/openlane/designs/Tensor/src/systolic_block.v:0$12298'.
No latch inferred for signal `$paramod\systolic_block\N=s32'00000000000000000000000000100000.\s_wires[1069]' from process `$paramod\systolic_block\N=s32'00000000000000000000000000100000.$proc$/openlane/designs/Tensor/src/systolic_block.v:0$12298'.
No latch inferred for signal `$paramod\systolic_block\N=s32'00000000000000000000000000100000.\s_wires[1070]' from process `$paramod\systolic_block\N=s32'00000000000000000000000000100000.$proc$/openlane/designs/Tensor/src/systolic_block.v:0$12298'.
No latch inferred for signal `$paramod\systolic_block\N=s32'00000000000000000000000000100000.\s_wires[1071]' from process `$paramod\systolic_block\N=s32'00000000000000000000000000100000.$proc$/openlane/designs/Tensor/src/systolic_block.v:0$12298'.
No latch inferred for signal `$paramod\systolic_block\N=s32'00000000000000000000000000100000.\s_wires[1072]' from process `$paramod\systolic_block\N=s32'00000000000000000000000000100000.$proc$/openlane/designs/Tensor/src/systolic_block.v:0$12298'.
No latch inferred for signal `$paramod\systolic_block\N=s32'00000000000000000000000000100000.\s_wires[1073]' from process `$paramod\systolic_block\N=s32'00000000000000000000000000100000.$proc$/openlane/designs/Tensor/src/systolic_block.v:0$12298'.
No latch inferred for signal `$paramod\systolic_block\N=s32'00000000000000000000000000100000.\s_wires[1074]' from process `$paramod\systolic_block\N=s32'00000000000000000000000000100000.$proc$/openlane/designs/Tensor/src/systolic_block.v:0$12298'.
No latch inferred for signal `$paramod\systolic_block\N=s32'00000000000000000000000000100000.\s_wires[1075]' from process `$paramod\systolic_block\N=s32'00000000000000000000000000100000.$proc$/openlane/designs/Tensor/src/systolic_block.v:0$12298'.
No latch inferred for signal `$paramod\systolic_block\N=s32'00000000000000000000000000100000.\s_wires[1076]' from process `$paramod\systolic_block\N=s32'00000000000000000000000000100000.$proc$/openlane/designs/Tensor/src/systolic_block.v:0$12298'.
No latch inferred for signal `$paramod\systolic_block\N=s32'00000000000000000000000000100000.\s_wires[1077]' from process `$paramod\systolic_block\N=s32'00000000000000000000000000100000.$proc$/openlane/designs/Tensor/src/systolic_block.v:0$12298'.
No latch inferred for signal `$paramod\systolic_block\N=s32'00000000000000000000000000100000.\s_wires[1078]' from process `$paramod\systolic_block\N=s32'00000000000000000000000000100000.$proc$/openlane/designs/Tensor/src/systolic_block.v:0$12298'.
No latch inferred for signal `$paramod\systolic_block\N=s32'00000000000000000000000000100000.\s_wires[1079]' from process `$paramod\systolic_block\N=s32'00000000000000000000000000100000.$proc$/openlane/designs/Tensor/src/systolic_block.v:0$12298'.
No latch inferred for signal `$paramod\systolic_block\N=s32'00000000000000000000000000100000.\s_wires[1080]' from process `$paramod\systolic_block\N=s32'00000000000000000000000000100000.$proc$/openlane/designs/Tensor/src/systolic_block.v:0$12298'.
No latch inferred for signal `$paramod\systolic_block\N=s32'00000000000000000000000000100000.\s_wires[1081]' from process `$paramod\systolic_block\N=s32'00000000000000000000000000100000.$proc$/openlane/designs/Tensor/src/systolic_block.v:0$12298'.
No latch inferred for signal `$paramod\systolic_block\N=s32'00000000000000000000000000100000.\s_wires[1082]' from process `$paramod\systolic_block\N=s32'00000000000000000000000000100000.$proc$/openlane/designs/Tensor/src/systolic_block.v:0$12298'.
No latch inferred for signal `$paramod\systolic_block\N=s32'00000000000000000000000000100000.\s_wires[1083]' from process `$paramod\systolic_block\N=s32'00000000000000000000000000100000.$proc$/openlane/designs/Tensor/src/systolic_block.v:0$12298'.
No latch inferred for signal `$paramod\systolic_block\N=s32'00000000000000000000000000100000.\s_wires[1084]' from process `$paramod\systolic_block\N=s32'00000000000000000000000000100000.$proc$/openlane/designs/Tensor/src/systolic_block.v:0$12298'.
No latch inferred for signal `$paramod\systolic_block\N=s32'00000000000000000000000000100000.\s_wires[1085]' from process `$paramod\systolic_block\N=s32'00000000000000000000000000100000.$proc$/openlane/designs/Tensor/src/systolic_block.v:0$12298'.
No latch inferred for signal `$paramod\systolic_block\N=s32'00000000000000000000000000100000.\s_wires[1086]' from process `$paramod\systolic_block\N=s32'00000000000000000000000000100000.$proc$/openlane/designs/Tensor/src/systolic_block.v:0$12298'.
No latch inferred for signal `$paramod\systolic_block\N=s32'00000000000000000000000000100000.\s_wires[1087]' from process `$paramod\systolic_block\N=s32'00000000000000000000000000100000.$proc$/openlane/designs/Tensor/src/systolic_block.v:0$12298'.

18. Executing PROC_DFF pass (convert process syncs to FFs).
Creating register for signal `\pe.\a_out' using process `\pe.$proc$/openlane/designs/Tensor/src/pe.v:12$6'.
  created $adff cell `$procdff$12299' with positive edge clock and positive level reset.
Creating register for signal `\pe.\b_out' using process `\pe.$proc$/openlane/designs/Tensor/src/pe.v:12$6'.
  created $adff cell `$procdff$12300' with positive edge clock and positive level reset.
Creating register for signal `\pe.\sum_out' using process `\pe.$proc$/openlane/designs/Tensor/src/pe.v:12$6'.
  created $adff cell `$procdff$12301' with positive edge clock and positive level reset.
Creating register for signal `\chip_top.\mem_csb_a' using process `\chip_top.$proc$/openlane/designs/Tensor/src/chip_top.v:96$3'.
  created $adff cell `$procdff$12302' with positive edge clock and negative level reset.
Creating register for signal `\chip_top.\mem_csb_b' using process `\chip_top.$proc$/openlane/designs/Tensor/src/chip_top.v:96$3'.
  created $adff cell `$procdff$12303' with positive edge clock and negative level reset.
Creating register for signal `\chip_top.\mem_csb_c' using process `\chip_top.$proc$/openlane/designs/Tensor/src/chip_top.v:96$3'.
  created $adff cell `$procdff$12304' with positive edge clock and negative level reset.
Creating register for signal `\chip_top.\mem_web_a' using process `\chip_top.$proc$/openlane/designs/Tensor/src/chip_top.v:96$3'.
  created $adff cell `$procdff$12305' with positive edge clock and negative level reset.
Creating register for signal `\chip_top.\mem_web_b' using process `\chip_top.$proc$/openlane/designs/Tensor/src/chip_top.v:96$3'.
  created $adff cell `$procdff$12306' with positive edge clock and negative level reset.
Creating register for signal `\chip_top.\mem_web_c' using process `\chip_top.$proc$/openlane/designs/Tensor/src/chip_top.v:96$3'.
  created $adff cell `$procdff$12307' with positive edge clock and negative level reset.
Creating register for signal `\chip_top.\mem_addr' using process `\chip_top.$proc$/openlane/designs/Tensor/src/chip_top.v:96$3'.
  created $adff cell `$procdff$12308' with positive edge clock and negative level reset.
Creating register for signal `\chip_top.\mem_wdata_a' using process `\chip_top.$proc$/openlane/designs/Tensor/src/chip_top.v:96$3'.
  created $dff cell `$procdff$12311' with positive edge clock.
Creating register for signal `\chip_top.\mem_wdata_b' using process `\chip_top.$proc$/openlane/designs/Tensor/src/chip_top.v:96$3'.
  created $dff cell `$procdff$12314' with positive edge clock.
Creating register for signal `\chip_top.\mem0_rdata_q' using process `\chip_top.$proc$/openlane/designs/Tensor/src/chip_top.v:36$2'.
  created $dff cell `$procdff$12315' with positive edge clock.
Creating register for signal `\chip_top.\mem1_rdata_q' using process `\chip_top.$proc$/openlane/designs/Tensor/src/chip_top.v:36$2'.
  created $dff cell `$procdff$12316' with positive edge clock.

19. Executing PROC_MEMWR pass (convert process memory writes to cells).

20. Executing PROC_CLEAN pass (remove empty switches from decision trees).
Removing empty process `$paramod\systolic_block\N=s32'00000000000000000000000000100000.$proc$/openlane/designs/Tensor/src/systolic_block.v:0$12298'.
Removing empty process `pe.$proc$/openlane/designs/Tensor/src/pe.v:12$6'.
Removing empty process `chip_top.$proc$/openlane/designs/Tensor/src/chip_top.v:96$3'.
Removing empty process `chip_top.$proc$/openlane/designs/Tensor/src/chip_top.v:36$2'.
Cleaned up 0 empty switches.

21. Executing CHECK pass (checking for obvious problems).
Checking module $paramod\systolic_block\N=s32'00000000000000000000000000100000...
Checking module pe...
Checking module chip_top...
Found and reported 0 problems.

22. Executing OPT_EXPR pass (perform const folding).
Optimizing module $paramod\systolic_block\N=s32'00000000000000000000000000100000.
Optimizing module pe.
Optimizing module chip_top.

23. Executing FLATTEN pass (flatten design).
Deleting now unused module $paramod\systolic_block\N=s32'00000000000000000000000000100000.
Deleting now unused module pe.
<suppressed ~1025 debug messages>

24. Executing OPT_EXPR pass (perform const folding).
Optimizing module chip_top.
<suppressed ~3104 debug messages>

25. Executing OPT_CLEAN pass (remove unused cells and wires).
Finding unused cells or wires in module \chip_top..
Removed 4806 unused cells and 19263 unused wires.
<suppressed ~9784 debug messages>

26. Executing OPT pass (performing simple optimizations).

26.1. Executing OPT_EXPR pass (perform const folding).
Optimizing module chip_top.

26.2. Executing OPT_MERGE pass (detect identical cells).
Finding identical cells in module `\chip_top'.
<suppressed ~99 debug messages>
Removed a total of 33 cells.

26.3. Executing OPT_MUXTREE pass (detect dead branches in mux trees).
Running muxtree optimizer on module \chip_top..
  Creating internal representation of mux trees.
  Evaluating internal representation of mux trees.
  Analyzing evaluation results.
Removed 0 multiplexer ports.
<suppressed ~2 debug messages>

26.4. Executing OPT_REDUCE pass (consolidate $*mux and $reduce_* inputs).
  Optimizing cells in module \chip_top.
Performed a total of 0 changes.

26.5. Executing OPT_MERGE pass (detect identical cells).
Finding identical cells in module `\chip_top'.
Removed a total of 0 cells.

26.6. Executing OPT_DFF pass (perform DFF optimizations).

26.7. Executing OPT_CLEAN pass (remove unused cells and wires).
Finding unused cells or wires in module \chip_top..
Removed 0 unused cells and 3792 unused wires.
<suppressed ~3792 debug messages>

26.8. Executing OPT_EXPR pass (perform const folding).
Optimizing module chip_top.

26.9. Rerunning OPT passes. (Maybe there is more to do..)

26.10. Executing OPT_MUXTREE pass (detect dead branches in mux trees).
Running muxtree optimizer on module \chip_top..
  Creating internal representation of mux trees.
  Evaluating internal representation of mux trees.
  Analyzing evaluation results.
Removed 0 multiplexer ports.
<suppressed ~2 debug messages>

26.11. Executing OPT_REDUCE pass (consolidate $*mux and $reduce_* inputs).
  Optimizing cells in module \chip_top.
Performed a total of 0 changes.

26.12. Executing OPT_MERGE pass (detect identical cells).
Finding identical cells in module `\chip_top'.
Removed a total of 0 cells.

26.13. Executing OPT_DFF pass (perform DFF optimizations).

26.14. Executing OPT_CLEAN pass (remove unused cells and wires).
Finding unused cells or wires in module \chip_top..

26.15. Executing OPT_EXPR pass (perform const folding).
Optimizing module chip_top.

26.16. Finished OPT passes. (There is nothing left to do.)

27. Executing FSM pass (extract and optimize FSM).

27.1. Executing FSM_DETECT pass (finding FSMs in design).

27.2. Executing FSM_EXTRACT pass (extracting FSM from design).

27.3. Executing FSM_OPT pass (simple optimizations of FSMs).

27.4. Executing OPT_CLEAN pass (remove unused cells and wires).
Finding unused cells or wires in module \chip_top..

27.5. Executing FSM_OPT pass (simple optimizations of FSMs).

27.6. Executing FSM_RECODE pass (re-assigning FSM state encoding).

27.7. Executing FSM_INFO pass (dumping all available information on FSM cells).

27.8. Executing FSM_MAP pass (mapping FSMs to basic logic).

28. Executing OPT pass (performing simple optimizations).

28.1. Executing OPT_EXPR pass (perform const folding).
Optimizing module chip_top.

28.2. Executing OPT_MERGE pass (detect identical cells).
Finding identical cells in module `\chip_top'.
Removed a total of 0 cells.

28.3. Executing OPT_MUXTREE pass (detect dead branches in mux trees).
Running muxtree optimizer on module \chip_top..
  Creating internal representation of mux trees.
  Evaluating internal representation of mux trees.
  Analyzing evaluation results.
Removed 0 multiplexer ports.
<suppressed ~2 debug messages>

28.4. Executing OPT_REDUCE pass (consolidate $*mux and $reduce_* inputs).
  Optimizing cells in module \chip_top.
Performed a total of 0 changes.

28.5. Executing OPT_MERGE pass (detect identical cells).
Finding identical cells in module `\chip_top'.
Removed a total of 0 cells.

28.6. Executing OPT_DFF pass (perform DFF optimizations).
Adding EN signal on $procdff$12314 ($dff) from module chip_top (D = \data_in_broad, Q = \mem_wdata_b).
Adding EN signal on $procdff$12311 ($dff) from module chip_top (D = \data_in_broad, Q = \mem_wdata_a).

28.7. Executing OPT_CLEAN pass (remove unused cells and wires).
Finding unused cells or wires in module \chip_top..
Removed 2 unused cells and 2 unused wires.
<suppressed ~3 debug messages>

28.8. Executing OPT_EXPR pass (perform const folding).
Optimizing module chip_top.

28.9. Rerunning OPT passes. (Maybe there is more to do..)

28.10. Executing OPT_MUXTREE pass (detect dead branches in mux trees).
Running muxtree optimizer on module \chip_top..
  Creating internal representation of mux trees.
  No muxes found in this module.
Removed 0 multiplexer ports.

28.11. Executing OPT_REDUCE pass (consolidate $*mux and $reduce_* inputs).
  Optimizing cells in module \chip_top.
Performed a total of 0 changes.

28.12. Executing OPT_MERGE pass (detect identical cells).
Finding identical cells in module `\chip_top'.
<suppressed ~3 debug messages>
Removed a total of 1 cells.

28.13. Executing OPT_DFF pass (perform DFF optimizations).

28.14. Executing OPT_CLEAN pass (remove unused cells and wires).
Finding unused cells or wires in module \chip_top..

28.15. Executing OPT_EXPR pass (perform const folding).
Optimizing module chip_top.

28.16. Rerunning OPT passes. (Maybe there is more to do..)

28.17. Executing OPT_MUXTREE pass (detect dead branches in mux trees).
Running muxtree optimizer on module \chip_top..
  Creating internal representation of mux trees.
  No muxes found in this module.
Removed 0 multiplexer ports.

28.18. Executing OPT_REDUCE pass (consolidate $*mux and $reduce_* inputs).
  Optimizing cells in module \chip_top.
Performed a total of 0 changes.

28.19. Executing OPT_MERGE pass (detect identical cells).
Finding identical cells in module `\chip_top'.
Removed a total of 0 cells.

28.20. Executing OPT_DFF pass (perform DFF optimizations).

28.21. Executing OPT_CLEAN pass (remove unused cells and wires).
Finding unused cells or wires in module \chip_top..

28.22. Executing OPT_EXPR pass (perform const folding).
Optimizing module chip_top.

28.23. Finished OPT passes. (There is nothing left to do.)

29. Executing WREDUCE pass (reducing word size of cells).
Removed top 31 bits (of 32) from port B of cell chip_top.$add$/openlane/designs/Tensor/src/chip_top.v:111$5 ($add).
Removed top 24 bits (of 32) from port Y of cell chip_top.$add$/openlane/designs/Tensor/src/chip_top.v:111$5 ($add).
Removed top 16 bits (of 32) from FF cell chip_top.$procdff$12316 ($dff).
Removed top 8 bits (of 20) from FF cell chip_top.$flatten\u_core0.\ROW[31].COL[1].u_pe.$procdff$12301 ($adff).
Removed top 4 bits (of 20) from port Y of cell chip_top.$flatten\u_core0.\ROW[31].COL[1].u_pe.$mul$/openlane/designs/Tensor/src/pe.v:25$7 ($mul).
Removed top 4 bits (of 20) from port Y of cell chip_top.$flatten\u_core0.\ROW[31].COL[0].u_pe.$mul$/openlane/designs/Tensor/src/pe.v:25$7 ($mul).
Removed top 4 bits (of 20) from port Y of cell chip_top.$flatten\u_core0.\ROW[30].COL[1].u_pe.$mul$/openlane/designs/Tensor/src/pe.v:25$7 ($mul).
Removed top 4 bits (of 20) from port Y of cell chip_top.$flatten\u_core0.\ROW[30].COL[0].u_pe.$mul$/openlane/designs/Tensor/src/pe.v:25$7 ($mul).
Removed top 4 bits (of 20) from port Y of cell chip_top.$flatten\u_core0.\ROW[29].COL[1].u_pe.$mul$/openlane/designs/Tensor/src/pe.v:25$7 ($mul).
Removed top 4 bits (of 20) from port Y of cell chip_top.$flatten\u_core0.\ROW[29].COL[0].u_pe.$mul$/openlane/designs/Tensor/src/pe.v:25$7 ($mul).
Removed top 4 bits (of 20) from port Y of cell chip_top.$flatten\u_core0.\ROW[28].COL[1].u_pe.$mul$/openlane/designs/Tensor/src/pe.v:25$7 ($mul).
Removed top 4 bits (of 20) from port Y of cell chip_top.$flatten\u_core0.\ROW[28].COL[0].u_pe.$mul$/openlane/designs/Tensor/src/pe.v:25$7 ($mul).
Removed top 4 bits (of 20) from port Y of cell chip_top.$flatten\u_core0.\ROW[27].COL[1].u_pe.$mul$/openlane/designs/Tensor/src/pe.v:25$7 ($mul).
Removed top 4 bits (of 20) from port Y of cell chip_top.$flatten\u_core0.\ROW[27].COL[0].u_pe.$mul$/openlane/designs/Tensor/src/pe.v:25$7 ($mul).
Removed top 4 bits (of 20) from port Y of cell chip_top.$flatten\u_core0.\ROW[26].COL[1].u_pe.$mul$/openlane/designs/Tensor/src/pe.v:25$7 ($mul).
Removed top 4 bits (of 20) from port Y of cell chip_top.$flatten\u_core0.\ROW[26].COL[0].u_pe.$mul$/openlane/designs/Tensor/src/pe.v:25$7 ($mul).
Removed top 4 bits (of 20) from port Y of cell chip_top.$flatten\u_core0.\ROW[25].COL[1].u_pe.$mul$/openlane/designs/Tensor/src/pe.v:25$7 ($mul).
Removed top 4 bits (of 20) from port Y of cell chip_top.$flatten\u_core0.\ROW[25].COL[0].u_pe.$mul$/openlane/designs/Tensor/src/pe.v:25$7 ($mul).
Removed top 4 bits (of 20) from port Y of cell chip_top.$flatten\u_core0.\ROW[24].COL[1].u_pe.$mul$/openlane/designs/Tensor/src/pe.v:25$7 ($mul).
Removed top 4 bits (of 20) from port Y of cell chip_top.$flatten\u_core0.\ROW[24].COL[0].u_pe.$mul$/openlane/designs/Tensor/src/pe.v:25$7 ($mul).
Removed top 4 bits (of 20) from port Y of cell chip_top.$flatten\u_core0.\ROW[23].COL[1].u_pe.$mul$/openlane/designs/Tensor/src/pe.v:25$7 ($mul).
Removed top 4 bits (of 20) from port Y of cell chip_top.$flatten\u_core0.\ROW[23].COL[0].u_pe.$mul$/openlane/designs/Tensor/src/pe.v:25$7 ($mul).
Removed top 4 bits (of 20) from port Y of cell chip_top.$flatten\u_core0.\ROW[22].COL[1].u_pe.$mul$/openlane/designs/Tensor/src/pe.v:25$7 ($mul).
Removed top 4 bits (of 20) from port Y of cell chip_top.$flatten\u_core0.\ROW[22].COL[0].u_pe.$mul$/openlane/designs/Tensor/src/pe.v:25$7 ($mul).
Removed top 4 bits (of 20) from port Y of cell chip_top.$flatten\u_core0.\ROW[21].COL[1].u_pe.$mul$/openlane/designs/Tensor/src/pe.v:25$7 ($mul).
Removed top 4 bits (of 20) from port Y of cell chip_top.$flatten\u_core0.\ROW[21].COL[0].u_pe.$mul$/openlane/designs/Tensor/src/pe.v:25$7 ($mul).
Removed top 4 bits (of 20) from port Y of cell chip_top.$flatten\u_core0.\ROW[20].COL[1].u_pe.$mul$/openlane/designs/Tensor/src/pe.v:25$7 ($mul).
Removed top 4 bits (of 20) from port Y of cell chip_top.$flatten\u_core0.\ROW[20].COL[0].u_pe.$mul$/openlane/designs/Tensor/src/pe.v:25$7 ($mul).
Removed top 4 bits (of 20) from port Y of cell chip_top.$flatten\u_core0.\ROW[19].COL[1].u_pe.$mul$/openlane/designs/Tensor/src/pe.v:25$7 ($mul).
Removed top 4 bits (of 20) from port Y of cell chip_top.$flatten\u_core0.\ROW[19].COL[0].u_pe.$mul$/openlane/designs/Tensor/src/pe.v:25$7 ($mul).
Removed top 4 bits (of 20) from port Y of cell chip_top.$flatten\u_core0.\ROW[18].COL[1].u_pe.$mul$/openlane/designs/Tensor/src/pe.v:25$7 ($mul).
Removed top 4 bits (of 20) from port Y of cell chip_top.$flatten\u_core0.\ROW[18].COL[0].u_pe.$mul$/openlane/designs/Tensor/src/pe.v:25$7 ($mul).
Removed top 4 bits (of 20) from port Y of cell chip_top.$flatten\u_core0.\ROW[17].COL[1].u_pe.$mul$/openlane/designs/Tensor/src/pe.v:25$7 ($mul).
Removed top 4 bits (of 20) from port Y of cell chip_top.$flatten\u_core0.\ROW[17].COL[0].u_pe.$mul$/openlane/designs/Tensor/src/pe.v:25$7 ($mul).
Removed top 4 bits (of 20) from port Y of cell chip_top.$flatten\u_core0.\ROW[16].COL[1].u_pe.$mul$/openlane/designs/Tensor/src/pe.v:25$7 ($mul).
Removed top 4 bits (of 20) from port Y of cell chip_top.$flatten\u_core0.\ROW[16].COL[0].u_pe.$mul$/openlane/designs/Tensor/src/pe.v:25$7 ($mul).
Removed top 4 bits (of 20) from port Y of cell chip_top.$flatten\u_core0.\ROW[15].COL[1].u_pe.$mul$/openlane/designs/Tensor/src/pe.v:25$7 ($mul).
Removed top 4 bits (of 20) from port Y of cell chip_top.$flatten\u_core0.\ROW[15].COL[0].u_pe.$mul$/openlane/designs/Tensor/src/pe.v:25$7 ($mul).
Removed top 4 bits (of 20) from port Y of cell chip_top.$flatten\u_core0.\ROW[14].COL[1].u_pe.$mul$/openlane/designs/Tensor/src/pe.v:25$7 ($mul).
Removed top 4 bits (of 20) from port Y of cell chip_top.$flatten\u_core0.\ROW[14].COL[0].u_pe.$mul$/openlane/designs/Tensor/src/pe.v:25$7 ($mul).
Removed top 4 bits (of 20) from port Y of cell chip_top.$flatten\u_core0.\ROW[13].COL[1].u_pe.$mul$/openlane/designs/Tensor/src/pe.v:25$7 ($mul).
Removed top 4 bits (of 20) from port Y of cell chip_top.$flatten\u_core0.\ROW[13].COL[0].u_pe.$mul$/openlane/designs/Tensor/src/pe.v:25$7 ($mul).
Removed top 4 bits (of 20) from port Y of cell chip_top.$flatten\u_core0.\ROW[12].COL[1].u_pe.$mul$/openlane/designs/Tensor/src/pe.v:25$7 ($mul).
Removed top 4 bits (of 20) from port Y of cell chip_top.$flatten\u_core0.\ROW[12].COL[0].u_pe.$mul$/openlane/designs/Tensor/src/pe.v:25$7 ($mul).
Removed top 4 bits (of 20) from port Y of cell chip_top.$flatten\u_core0.\ROW[11].COL[1].u_pe.$mul$/openlane/designs/Tensor/src/pe.v:25$7 ($mul).
Removed top 4 bits (of 20) from port Y of cell chip_top.$flatten\u_core0.\ROW[11].COL[0].u_pe.$mul$/openlane/designs/Tensor/src/pe.v:25$7 ($mul).
Removed top 4 bits (of 20) from port Y of cell chip_top.$flatten\u_core0.\ROW[10].COL[1].u_pe.$mul$/openlane/designs/Tensor/src/pe.v:25$7 ($mul).
Removed top 4 bits (of 20) from port Y of cell chip_top.$flatten\u_core0.\ROW[10].COL[0].u_pe.$mul$/openlane/designs/Tensor/src/pe.v:25$7 ($mul).
Removed top 4 bits (of 20) from port Y of cell chip_top.$flatten\u_core0.\ROW[9].COL[1].u_pe.$mul$/openlane/designs/Tensor/src/pe.v:25$7 ($mul).
Removed top 4 bits (of 20) from port Y of cell chip_top.$flatten\u_core0.\ROW[9].COL[0].u_pe.$mul$/openlane/designs/Tensor/src/pe.v:25$7 ($mul).
Removed top 4 bits (of 20) from port Y of cell chip_top.$flatten\u_core0.\ROW[8].COL[1].u_pe.$mul$/openlane/designs/Tensor/src/pe.v:25$7 ($mul).
Removed top 4 bits (of 20) from port Y of cell chip_top.$flatten\u_core0.\ROW[8].COL[0].u_pe.$mul$/openlane/designs/Tensor/src/pe.v:25$7 ($mul).
Removed top 4 bits (of 20) from port Y of cell chip_top.$flatten\u_core0.\ROW[7].COL[1].u_pe.$mul$/openlane/designs/Tensor/src/pe.v:25$7 ($mul).
Removed top 4 bits (of 20) from port Y of cell chip_top.$flatten\u_core0.\ROW[7].COL[0].u_pe.$mul$/openlane/designs/Tensor/src/pe.v:25$7 ($mul).
Removed top 4 bits (of 20) from port Y of cell chip_top.$flatten\u_core0.\ROW[6].COL[1].u_pe.$mul$/openlane/designs/Tensor/src/pe.v:25$7 ($mul).
Removed top 4 bits (of 20) from port Y of cell chip_top.$flatten\u_core0.\ROW[6].COL[0].u_pe.$mul$/openlane/designs/Tensor/src/pe.v:25$7 ($mul).
Removed top 4 bits (of 20) from port Y of cell chip_top.$flatten\u_core0.\ROW[5].COL[1].u_pe.$mul$/openlane/designs/Tensor/src/pe.v:25$7 ($mul).
Removed top 4 bits (of 20) from port Y of cell chip_top.$flatten\u_core0.\ROW[5].COL[0].u_pe.$mul$/openlane/designs/Tensor/src/pe.v:25$7 ($mul).
Removed top 4 bits (of 20) from port Y of cell chip_top.$flatten\u_core0.\ROW[4].COL[1].u_pe.$mul$/openlane/designs/Tensor/src/pe.v:25$7 ($mul).
Removed top 4 bits (of 20) from port Y of cell chip_top.$flatten\u_core0.\ROW[4].COL[0].u_pe.$mul$/openlane/designs/Tensor/src/pe.v:25$7 ($mul).
Removed top 4 bits (of 20) from port Y of cell chip_top.$flatten\u_core0.\ROW[3].COL[1].u_pe.$mul$/openlane/designs/Tensor/src/pe.v:25$7 ($mul).
Removed top 4 bits (of 20) from port Y of cell chip_top.$flatten\u_core0.\ROW[3].COL[0].u_pe.$mul$/openlane/designs/Tensor/src/pe.v:25$7 ($mul).
Removed top 4 bits (of 20) from port Y of cell chip_top.$flatten\u_core0.\ROW[2].COL[1].u_pe.$mul$/openlane/designs/Tensor/src/pe.v:25$7 ($mul).
Removed top 4 bits (of 20) from port Y of cell chip_top.$flatten\u_core0.\ROW[2].COL[0].u_pe.$mul$/openlane/designs/Tensor/src/pe.v:25$7 ($mul).
Removed top 4 bits (of 20) from port Y of cell chip_top.$flatten\u_core0.\ROW[1].COL[1].u_pe.$mul$/openlane/designs/Tensor/src/pe.v:25$7 ($mul).
Removed top 4 bits (of 20) from port Y of cell chip_top.$flatten\u_core0.\ROW[1].COL[0].u_pe.$mul$/openlane/designs/Tensor/src/pe.v:25$7 ($mul).
Removed top 4 bits (of 20) from port Y of cell chip_top.$flatten\u_core0.\ROW[0].COL[1].u_pe.$mul$/openlane/designs/Tensor/src/pe.v:25$7 ($mul).
Removed top 4 bits (of 20) from port Y of cell chip_top.$flatten\u_core0.\ROW[0].COL[0].u_pe.$mul$/openlane/designs/Tensor/src/pe.v:25$7 ($mul).
Removed top 4 bits (of 20) from port B of cell chip_top.$flatten\u_core0.\ROW[31].COL[1].u_pe.$add$/openlane/designs/Tensor/src/pe.v:25$8 ($add).
Removed top 8 bits (of 20) from port Y of cell chip_top.$flatten\u_core0.\ROW[31].COL[1].u_pe.$add$/openlane/designs/Tensor/src/pe.v:25$8 ($add).
Removed top 8 bits (of 20) from port A of cell chip_top.$flatten\u_core0.\ROW[31].COL[1].u_pe.$add$/openlane/designs/Tensor/src/pe.v:25$8 ($add).
Removed top 4 bits (of 16) from port B of cell chip_top.$flatten\u_core0.\ROW[31].COL[1].u_pe.$add$/openlane/designs/Tensor/src/pe.v:25$8 ($add).
Removed top 8 bits (of 20) from FF cell chip_top.$flatten\u_core0.\ROW[30].COL[1].u_pe.$procdff$12301 ($adff).
Removed top 4 bits (of 16) from port Y of cell chip_top.$flatten\u_core0.\ROW[31].COL[1].u_pe.$mul$/openlane/designs/Tensor/src/pe.v:25$7 ($mul).
Removed top 4 bits (of 20) from port B of cell chip_top.$flatten\u_core0.\ROW[30].COL[1].u_pe.$add$/openlane/designs/Tensor/src/pe.v:25$8 ($add).
Removed top 8 bits (of 20) from port Y of cell chip_top.$flatten\u_core0.\ROW[30].COL[1].u_pe.$add$/openlane/designs/Tensor/src/pe.v:25$8 ($add).
Removed top 8 bits (of 20) from port A of cell chip_top.$flatten\u_core0.\ROW[30].COL[1].u_pe.$add$/openlane/designs/Tensor/src/pe.v:25$8 ($add).
Removed top 4 bits (of 16) from port B of cell chip_top.$flatten\u_core0.\ROW[30].COL[1].u_pe.$add$/openlane/designs/Tensor/src/pe.v:25$8 ($add).
Removed top 8 bits (of 20) from FF cell chip_top.$flatten\u_core0.\ROW[29].COL[1].u_pe.$procdff$12301 ($adff).
Removed top 4 bits (of 16) from port Y of cell chip_top.$flatten\u_core0.\ROW[30].COL[1].u_pe.$mul$/openlane/designs/Tensor/src/pe.v:25$7 ($mul).
Removed top 4 bits (of 20) from port B of cell chip_top.$flatten\u_core0.\ROW[29].COL[1].u_pe.$add$/openlane/designs/Tensor/src/pe.v:25$8 ($add).
Removed top 8 bits (of 20) from port Y of cell chip_top.$flatten\u_core0.\ROW[29].COL[1].u_pe.$add$/openlane/designs/Tensor/src/pe.v:25$8 ($add).
Removed top 8 bits (of 20) from port A of cell chip_top.$flatten\u_core0.\ROW[29].COL[1].u_pe.$add$/openlane/designs/Tensor/src/pe.v:25$8 ($add).
Removed top 4 bits (of 16) from port B of cell chip_top.$flatten\u_core0.\ROW[29].COL[1].u_pe.$add$/openlane/designs/Tensor/src/pe.v:25$8 ($add).
Removed top 8 bits (of 20) from FF cell chip_top.$flatten\u_core0.\ROW[28].COL[1].u_pe.$procdff$12301 ($adff).
Removed top 4 bits (of 16) from port Y of cell chip_top.$flatten\u_core0.\ROW[29].COL[1].u_pe.$mul$/openlane/designs/Tensor/src/pe.v:25$7 ($mul).
Removed top 4 bits (of 20) from port B of cell chip_top.$flatten\u_core0.\ROW[28].COL[1].u_pe.$add$/openlane/designs/Tensor/src/pe.v:25$8 ($add).
Removed top 8 bits (of 20) from port Y of cell chip_top.$flatten\u_core0.\ROW[28].COL[1].u_pe.$add$/openlane/designs/Tensor/src/pe.v:25$8 ($add).
Removed top 8 bits (of 20) from port A of cell chip_top.$flatten\u_core0.\ROW[28].COL[1].u_pe.$add$/openlane/designs/Tensor/src/pe.v:25$8 ($add).
Removed top 4 bits (of 16) from port B of cell chip_top.$flatten\u_core0.\ROW[28].COL[1].u_pe.$add$/openlane/designs/Tensor/src/pe.v:25$8 ($add).
Removed top 8 bits (of 20) from FF cell chip_top.$flatten\u_core0.\ROW[27].COL[1].u_pe.$procdff$12301 ($adff).
Removed top 4 bits (of 16) from port Y of cell chip_top.$flatten\u_core0.\ROW[28].COL[1].u_pe.$mul$/openlane/designs/Tensor/src/pe.v:25$7 ($mul).
Removed top 4 bits (of 20) from port B of cell chip_top.$flatten\u_core0.\ROW[27].COL[1].u_pe.$add$/openlane/designs/Tensor/src/pe.v:25$8 ($add).
Removed top 8 bits (of 20) from port Y of cell chip_top.$flatten\u_core0.\ROW[27].COL[1].u_pe.$add$/openlane/designs/Tensor/src/pe.v:25$8 ($add).
Removed top 8 bits (of 20) from port A of cell chip_top.$flatten\u_core0.\ROW[27].COL[1].u_pe.$add$/openlane/designs/Tensor/src/pe.v:25$8 ($add).
Removed top 4 bits (of 16) from port B of cell chip_top.$flatten\u_core0.\ROW[27].COL[1].u_pe.$add$/openlane/designs/Tensor/src/pe.v:25$8 ($add).
Removed top 8 bits (of 20) from FF cell chip_top.$flatten\u_core0.\ROW[26].COL[1].u_pe.$procdff$12301 ($adff).
Removed top 4 bits (of 16) from port Y of cell chip_top.$flatten\u_core0.\ROW[27].COL[1].u_pe.$mul$/openlane/designs/Tensor/src/pe.v:25$7 ($mul).
Removed top 4 bits (of 20) from port B of cell chip_top.$flatten\u_core0.\ROW[26].COL[1].u_pe.$add$/openlane/designs/Tensor/src/pe.v:25$8 ($add).
Removed top 8 bits (of 20) from port Y of cell chip_top.$flatten\u_core0.\ROW[26].COL[1].u_pe.$add$/openlane/designs/Tensor/src/pe.v:25$8 ($add).
Removed top 8 bits (of 20) from port A of cell chip_top.$flatten\u_core0.\ROW[26].COL[1].u_pe.$add$/openlane/designs/Tensor/src/pe.v:25$8 ($add).
Removed top 4 bits (of 16) from port B of cell chip_top.$flatten\u_core0.\ROW[26].COL[1].u_pe.$add$/openlane/designs/Tensor/src/pe.v:25$8 ($add).
Removed top 8 bits (of 20) from FF cell chip_top.$flatten\u_core0.\ROW[25].COL[1].u_pe.$procdff$12301 ($adff).
Removed top 4 bits (of 16) from port Y of cell chip_top.$flatten\u_core0.\ROW[26].COL[1].u_pe.$mul$/openlane/designs/Tensor/src/pe.v:25$7 ($mul).
Removed top 4 bits (of 20) from port B of cell chip_top.$flatten\u_core0.\ROW[25].COL[1].u_pe.$add$/openlane/designs/Tensor/src/pe.v:25$8 ($add).
Removed top 8 bits (of 20) from port Y of cell chip_top.$flatten\u_core0.\ROW[25].COL[1].u_pe.$add$/openlane/designs/Tensor/src/pe.v:25$8 ($add).
Removed top 8 bits (of 20) from port A of cell chip_top.$flatten\u_core0.\ROW[25].COL[1].u_pe.$add$/openlane/designs/Tensor/src/pe.v:25$8 ($add).
Removed top 4 bits (of 16) from port B of cell chip_top.$flatten\u_core0.\ROW[25].COL[1].u_pe.$add$/openlane/designs/Tensor/src/pe.v:25$8 ($add).
Removed top 8 bits (of 20) from FF cell chip_top.$flatten\u_core0.\ROW[24].COL[1].u_pe.$procdff$12301 ($adff).
Removed top 4 bits (of 16) from port Y of cell chip_top.$flatten\u_core0.\ROW[25].COL[1].u_pe.$mul$/openlane/designs/Tensor/src/pe.v:25$7 ($mul).
Removed top 4 bits (of 20) from port B of cell chip_top.$flatten\u_core0.\ROW[24].COL[1].u_pe.$add$/openlane/designs/Tensor/src/pe.v:25$8 ($add).
Removed top 8 bits (of 20) from port Y of cell chip_top.$flatten\u_core0.\ROW[24].COL[1].u_pe.$add$/openlane/designs/Tensor/src/pe.v:25$8 ($add).
Removed top 8 bits (of 20) from port A of cell chip_top.$flatten\u_core0.\ROW[24].COL[1].u_pe.$add$/openlane/designs/Tensor/src/pe.v:25$8 ($add).
Removed top 4 bits (of 16) from port B of cell chip_top.$flatten\u_core0.\ROW[24].COL[1].u_pe.$add$/openlane/designs/Tensor/src/pe.v:25$8 ($add).
Removed top 8 bits (of 20) from FF cell chip_top.$flatten\u_core0.\ROW[23].COL[1].u_pe.$procdff$12301 ($adff).
Removed top 4 bits (of 16) from port Y of cell chip_top.$flatten\u_core0.\ROW[24].COL[1].u_pe.$mul$/openlane/designs/Tensor/src/pe.v:25$7 ($mul).
Removed top 4 bits (of 20) from port B of cell chip_top.$flatten\u_core0.\ROW[23].COL[1].u_pe.$add$/openlane/designs/Tensor/src/pe.v:25$8 ($add).
Removed top 8 bits (of 20) from port Y of cell chip_top.$flatten\u_core0.\ROW[23].COL[1].u_pe.$add$/openlane/designs/Tensor/src/pe.v:25$8 ($add).
Removed top 8 bits (of 20) from port A of cell chip_top.$flatten\u_core0.\ROW[23].COL[1].u_pe.$add$/openlane/designs/Tensor/src/pe.v:25$8 ($add).
Removed top 4 bits (of 16) from port B of cell chip_top.$flatten\u_core0.\ROW[23].COL[1].u_pe.$add$/openlane/designs/Tensor/src/pe.v:25$8 ($add).
Removed top 8 bits (of 20) from FF cell chip_top.$flatten\u_core0.\ROW[22].COL[1].u_pe.$procdff$12301 ($adff).
Removed top 4 bits (of 16) from port Y of cell chip_top.$flatten\u_core0.\ROW[23].COL[1].u_pe.$mul$/openlane/designs/Tensor/src/pe.v:25$7 ($mul).
Removed top 4 bits (of 20) from port B of cell chip_top.$flatten\u_core0.\ROW[22].COL[1].u_pe.$add$/openlane/designs/Tensor/src/pe.v:25$8 ($add).
Removed top 8 bits (of 20) from port Y of cell chip_top.$flatten\u_core0.\ROW[22].COL[1].u_pe.$add$/openlane/designs/Tensor/src/pe.v:25$8 ($add).
Removed top 8 bits (of 20) from port A of cell chip_top.$flatten\u_core0.\ROW[22].COL[1].u_pe.$add$/openlane/designs/Tensor/src/pe.v:25$8 ($add).
Removed top 4 bits (of 16) from port B of cell chip_top.$flatten\u_core0.\ROW[22].COL[1].u_pe.$add$/openlane/designs/Tensor/src/pe.v:25$8 ($add).
Removed top 8 bits (of 20) from FF cell chip_top.$flatten\u_core0.\ROW[21].COL[1].u_pe.$procdff$12301 ($adff).
Removed top 4 bits (of 16) from port Y of cell chip_top.$flatten\u_core0.\ROW[22].COL[1].u_pe.$mul$/openlane/designs/Tensor/src/pe.v:25$7 ($mul).
Removed top 4 bits (of 20) from port B of cell chip_top.$flatten\u_core0.\ROW[21].COL[1].u_pe.$add$/openlane/designs/Tensor/src/pe.v:25$8 ($add).
Removed top 8 bits (of 20) from port Y of cell chip_top.$flatten\u_core0.\ROW[21].COL[1].u_pe.$add$/openlane/designs/Tensor/src/pe.v:25$8 ($add).
Removed top 8 bits (of 20) from port A of cell chip_top.$flatten\u_core0.\ROW[21].COL[1].u_pe.$add$/openlane/designs/Tensor/src/pe.v:25$8 ($add).
Removed top 4 bits (of 16) from port B of cell chip_top.$flatten\u_core0.\ROW[21].COL[1].u_pe.$add$/openlane/designs/Tensor/src/pe.v:25$8 ($add).
Removed top 8 bits (of 20) from FF cell chip_top.$flatten\u_core0.\ROW[20].COL[1].u_pe.$procdff$12301 ($adff).
Removed top 4 bits (of 16) from port Y of cell chip_top.$flatten\u_core0.\ROW[21].COL[1].u_pe.$mul$/openlane/designs/Tensor/src/pe.v:25$7 ($mul).
Removed top 4 bits (of 20) from port B of cell chip_top.$flatten\u_core0.\ROW[20].COL[1].u_pe.$add$/openlane/designs/Tensor/src/pe.v:25$8 ($add).
Removed top 8 bits (of 20) from port Y of cell chip_top.$flatten\u_core0.\ROW[20].COL[1].u_pe.$add$/openlane/designs/Tensor/src/pe.v:25$8 ($add).
Removed top 8 bits (of 20) from port A of cell chip_top.$flatten\u_core0.\ROW[20].COL[1].u_pe.$add$/openlane/designs/Tensor/src/pe.v:25$8 ($add).
Removed top 4 bits (of 16) from port B of cell chip_top.$flatten\u_core0.\ROW[20].COL[1].u_pe.$add$/openlane/designs/Tensor/src/pe.v:25$8 ($add).
Removed top 8 bits (of 20) from FF cell chip_top.$flatten\u_core0.\ROW[19].COL[1].u_pe.$procdff$12301 ($adff).
Removed top 4 bits (of 16) from port Y of cell chip_top.$flatten\u_core0.\ROW[20].COL[1].u_pe.$mul$/openlane/designs/Tensor/src/pe.v:25$7 ($mul).
Removed top 4 bits (of 20) from port B of cell chip_top.$flatten\u_core0.\ROW[19].COL[1].u_pe.$add$/openlane/designs/Tensor/src/pe.v:25$8 ($add).
Removed top 8 bits (of 20) from port Y of cell chip_top.$flatten\u_core0.\ROW[19].COL[1].u_pe.$add$/openlane/designs/Tensor/src/pe.v:25$8 ($add).
Removed top 8 bits (of 20) from port A of cell chip_top.$flatten\u_core0.\ROW[19].COL[1].u_pe.$add$/openlane/designs/Tensor/src/pe.v:25$8 ($add).
Removed top 4 bits (of 16) from port B of cell chip_top.$flatten\u_core0.\ROW[19].COL[1].u_pe.$add$/openlane/designs/Tensor/src/pe.v:25$8 ($add).
Removed top 8 bits (of 20) from FF cell chip_top.$flatten\u_core0.\ROW[18].COL[1].u_pe.$procdff$12301 ($adff).
Removed top 4 bits (of 16) from port Y of cell chip_top.$flatten\u_core0.\ROW[19].COL[1].u_pe.$mul$/openlane/designs/Tensor/src/pe.v:25$7 ($mul).
Removed top 4 bits (of 20) from port B of cell chip_top.$flatten\u_core0.\ROW[18].COL[1].u_pe.$add$/openlane/designs/Tensor/src/pe.v:25$8 ($add).
Removed top 8 bits (of 20) from port Y of cell chip_top.$flatten\u_core0.\ROW[18].COL[1].u_pe.$add$/openlane/designs/Tensor/src/pe.v:25$8 ($add).
Removed top 8 bits (of 20) from port A of cell chip_top.$flatten\u_core0.\ROW[18].COL[1].u_pe.$add$/openlane/designs/Tensor/src/pe.v:25$8 ($add).
Removed top 4 bits (of 16) from port B of cell chip_top.$flatten\u_core0.\ROW[18].COL[1].u_pe.$add$/openlane/designs/Tensor/src/pe.v:25$8 ($add).
Removed top 8 bits (of 20) from FF cell chip_top.$flatten\u_core0.\ROW[17].COL[1].u_pe.$procdff$12301 ($adff).
Removed top 4 bits (of 16) from port Y of cell chip_top.$flatten\u_core0.\ROW[18].COL[1].u_pe.$mul$/openlane/designs/Tensor/src/pe.v:25$7 ($mul).
Removed top 4 bits (of 20) from port B of cell chip_top.$flatten\u_core0.\ROW[17].COL[1].u_pe.$add$/openlane/designs/Tensor/src/pe.v:25$8 ($add).
Removed top 8 bits (of 20) from port Y of cell chip_top.$flatten\u_core0.\ROW[17].COL[1].u_pe.$add$/openlane/designs/Tensor/src/pe.v:25$8 ($add).
Removed top 8 bits (of 20) from port A of cell chip_top.$flatten\u_core0.\ROW[17].COL[1].u_pe.$add$/openlane/designs/Tensor/src/pe.v:25$8 ($add).
Removed top 4 bits (of 16) from port B of cell chip_top.$flatten\u_core0.\ROW[17].COL[1].u_pe.$add$/openlane/designs/Tensor/src/pe.v:25$8 ($add).
Removed top 8 bits (of 20) from FF cell chip_top.$flatten\u_core0.\ROW[16].COL[1].u_pe.$procdff$12301 ($adff).
Removed top 4 bits (of 16) from port Y of cell chip_top.$flatten\u_core0.\ROW[17].COL[1].u_pe.$mul$/openlane/designs/Tensor/src/pe.v:25$7 ($mul).
Removed top 4 bits (of 20) from port B of cell chip_top.$flatten\u_core0.\ROW[16].COL[1].u_pe.$add$/openlane/designs/Tensor/src/pe.v:25$8 ($add).
Removed top 8 bits (of 20) from port Y of cell chip_top.$flatten\u_core0.\ROW[16].COL[1].u_pe.$add$/openlane/designs/Tensor/src/pe.v:25$8 ($add).
Removed top 8 bits (of 20) from port A of cell chip_top.$flatten\u_core0.\ROW[16].COL[1].u_pe.$add$/openlane/designs/Tensor/src/pe.v:25$8 ($add).
Removed top 4 bits (of 16) from port B of cell chip_top.$flatten\u_core0.\ROW[16].COL[1].u_pe.$add$/openlane/designs/Tensor/src/pe.v:25$8 ($add).
Removed top 8 bits (of 20) from FF cell chip_top.$flatten\u_core0.\ROW[15].COL[1].u_pe.$procdff$12301 ($adff).
Removed top 4 bits (of 16) from port Y of cell chip_top.$flatten\u_core0.\ROW[16].COL[1].u_pe.$mul$/openlane/designs/Tensor/src/pe.v:25$7 ($mul).
Removed top 4 bits (of 20) from port B of cell chip_top.$flatten\u_core0.\ROW[15].COL[1].u_pe.$add$/openlane/designs/Tensor/src/pe.v:25$8 ($add).
Removed top 8 bits (of 20) from port Y of cell chip_top.$flatten\u_core0.\ROW[15].COL[1].u_pe.$add$/openlane/designs/Tensor/src/pe.v:25$8 ($add).
Removed top 8 bits (of 20) from port A of cell chip_top.$flatten\u_core0.\ROW[15].COL[1].u_pe.$add$/openlane/designs/Tensor/src/pe.v:25$8 ($add).
Removed top 4 bits (of 16) from port B of cell chip_top.$flatten\u_core0.\ROW[15].COL[1].u_pe.$add$/openlane/designs/Tensor/src/pe.v:25$8 ($add).
Removed top 8 bits (of 20) from FF cell chip_top.$flatten\u_core0.\ROW[14].COL[1].u_pe.$procdff$12301 ($adff).
Removed top 4 bits (of 16) from port Y of cell chip_top.$flatten\u_core0.\ROW[15].COL[1].u_pe.$mul$/openlane/designs/Tensor/src/pe.v:25$7 ($mul).
Removed top 4 bits (of 20) from port B of cell chip_top.$flatten\u_core0.\ROW[14].COL[1].u_pe.$add$/openlane/designs/Tensor/src/pe.v:25$8 ($add).
Removed top 8 bits (of 20) from port Y of cell chip_top.$flatten\u_core0.\ROW[14].COL[1].u_pe.$add$/openlane/designs/Tensor/src/pe.v:25$8 ($add).
Removed top 8 bits (of 20) from port A of cell chip_top.$flatten\u_core0.\ROW[14].COL[1].u_pe.$add$/openlane/designs/Tensor/src/pe.v:25$8 ($add).
Removed top 4 bits (of 16) from port B of cell chip_top.$flatten\u_core0.\ROW[14].COL[1].u_pe.$add$/openlane/designs/Tensor/src/pe.v:25$8 ($add).
Removed top 8 bits (of 20) from FF cell chip_top.$flatten\u_core0.\ROW[13].COL[1].u_pe.$procdff$12301 ($adff).
Removed top 4 bits (of 16) from port Y of cell chip_top.$flatten\u_core0.\ROW[14].COL[1].u_pe.$mul$/openlane/designs/Tensor/src/pe.v:25$7 ($mul).
Removed top 4 bits (of 20) from port B of cell chip_top.$flatten\u_core0.\ROW[13].COL[1].u_pe.$add$/openlane/designs/Tensor/src/pe.v:25$8 ($add).
Removed top 8 bits (of 20) from port Y of cell chip_top.$flatten\u_core0.\ROW[13].COL[1].u_pe.$add$/openlane/designs/Tensor/src/pe.v:25$8 ($add).
Removed top 8 bits (of 20) from port A of cell chip_top.$flatten\u_core0.\ROW[13].COL[1].u_pe.$add$/openlane/designs/Tensor/src/pe.v:25$8 ($add).
Removed top 4 bits (of 16) from port B of cell chip_top.$flatten\u_core0.\ROW[13].COL[1].u_pe.$add$/openlane/designs/Tensor/src/pe.v:25$8 ($add).
Removed top 8 bits (of 20) from FF cell chip_top.$flatten\u_core0.\ROW[12].COL[1].u_pe.$procdff$12301 ($adff).
Removed top 4 bits (of 16) from port Y of cell chip_top.$flatten\u_core0.\ROW[13].COL[1].u_pe.$mul$/openlane/designs/Tensor/src/pe.v:25$7 ($mul).
Removed top 4 bits (of 20) from port B of cell chip_top.$flatten\u_core0.\ROW[12].COL[1].u_pe.$add$/openlane/designs/Tensor/src/pe.v:25$8 ($add).
Removed top 8 bits (of 20) from port Y of cell chip_top.$flatten\u_core0.\ROW[12].COL[1].u_pe.$add$/openlane/designs/Tensor/src/pe.v:25$8 ($add).
Removed top 8 bits (of 20) from port A of cell chip_top.$flatten\u_core0.\ROW[12].COL[1].u_pe.$add$/openlane/designs/Tensor/src/pe.v:25$8 ($add).
Removed top 4 bits (of 16) from port B of cell chip_top.$flatten\u_core0.\ROW[12].COL[1].u_pe.$add$/openlane/designs/Tensor/src/pe.v:25$8 ($add).
Removed top 8 bits (of 20) from FF cell chip_top.$flatten\u_core0.\ROW[11].COL[1].u_pe.$procdff$12301 ($adff).
Removed top 4 bits (of 16) from port Y of cell chip_top.$flatten\u_core0.\ROW[12].COL[1].u_pe.$mul$/openlane/designs/Tensor/src/pe.v:25$7 ($mul).
Removed top 4 bits (of 20) from port B of cell chip_top.$flatten\u_core0.\ROW[11].COL[1].u_pe.$add$/openlane/designs/Tensor/src/pe.v:25$8 ($add).
Removed top 8 bits (of 20) from port Y of cell chip_top.$flatten\u_core0.\ROW[11].COL[1].u_pe.$add$/openlane/designs/Tensor/src/pe.v:25$8 ($add).
Removed top 8 bits (of 20) from port A of cell chip_top.$flatten\u_core0.\ROW[11].COL[1].u_pe.$add$/openlane/designs/Tensor/src/pe.v:25$8 ($add).
Removed top 4 bits (of 16) from port B of cell chip_top.$flatten\u_core0.\ROW[11].COL[1].u_pe.$add$/openlane/designs/Tensor/src/pe.v:25$8 ($add).
Removed top 8 bits (of 20) from FF cell chip_top.$flatten\u_core0.\ROW[10].COL[1].u_pe.$procdff$12301 ($adff).
Removed top 4 bits (of 16) from port Y of cell chip_top.$flatten\u_core0.\ROW[11].COL[1].u_pe.$mul$/openlane/designs/Tensor/src/pe.v:25$7 ($mul).
Removed top 4 bits (of 20) from port B of cell chip_top.$flatten\u_core0.\ROW[10].COL[1].u_pe.$add$/openlane/designs/Tensor/src/pe.v:25$8 ($add).
Removed top 8 bits (of 20) from port Y of cell chip_top.$flatten\u_core0.\ROW[10].COL[1].u_pe.$add$/openlane/designs/Tensor/src/pe.v:25$8 ($add).
Removed top 8 bits (of 20) from port A of cell chip_top.$flatten\u_core0.\ROW[10].COL[1].u_pe.$add$/openlane/designs/Tensor/src/pe.v:25$8 ($add).
Removed top 4 bits (of 16) from port B of cell chip_top.$flatten\u_core0.\ROW[10].COL[1].u_pe.$add$/openlane/designs/Tensor/src/pe.v:25$8 ($add).
Removed top 8 bits (of 20) from FF cell chip_top.$flatten\u_core0.\ROW[9].COL[1].u_pe.$procdff$12301 ($adff).
Removed top 4 bits (of 16) from port Y of cell chip_top.$flatten\u_core0.\ROW[10].COL[1].u_pe.$mul$/openlane/designs/Tensor/src/pe.v:25$7 ($mul).
Removed top 4 bits (of 20) from port B of cell chip_top.$flatten\u_core0.\ROW[9].COL[1].u_pe.$add$/openlane/designs/Tensor/src/pe.v:25$8 ($add).
Removed top 8 bits (of 20) from port Y of cell chip_top.$flatten\u_core0.\ROW[9].COL[1].u_pe.$add$/openlane/designs/Tensor/src/pe.v:25$8 ($add).
Removed top 8 bits (of 20) from port A of cell chip_top.$flatten\u_core0.\ROW[9].COL[1].u_pe.$add$/openlane/designs/Tensor/src/pe.v:25$8 ($add).
Removed top 4 bits (of 16) from port B of cell chip_top.$flatten\u_core0.\ROW[9].COL[1].u_pe.$add$/openlane/designs/Tensor/src/pe.v:25$8 ($add).
Removed top 8 bits (of 20) from FF cell chip_top.$flatten\u_core0.\ROW[8].COL[1].u_pe.$procdff$12301 ($adff).
Removed top 4 bits (of 16) from port Y of cell chip_top.$flatten\u_core0.\ROW[9].COL[1].u_pe.$mul$/openlane/designs/Tensor/src/pe.v:25$7 ($mul).
Removed top 4 bits (of 20) from port B of cell chip_top.$flatten\u_core0.\ROW[8].COL[1].u_pe.$add$/openlane/designs/Tensor/src/pe.v:25$8 ($add).
Removed top 8 bits (of 20) from port Y of cell chip_top.$flatten\u_core0.\ROW[8].COL[1].u_pe.$add$/openlane/designs/Tensor/src/pe.v:25$8 ($add).
Removed top 8 bits (of 20) from port A of cell chip_top.$flatten\u_core0.\ROW[8].COL[1].u_pe.$add$/openlane/designs/Tensor/src/pe.v:25$8 ($add).
Removed top 4 bits (of 16) from port B of cell chip_top.$flatten\u_core0.\ROW[8].COL[1].u_pe.$add$/openlane/designs/Tensor/src/pe.v:25$8 ($add).
Removed top 8 bits (of 20) from FF cell chip_top.$flatten\u_core0.\ROW[7].COL[1].u_pe.$procdff$12301 ($adff).
Removed top 4 bits (of 16) from port Y of cell chip_top.$flatten\u_core0.\ROW[8].COL[1].u_pe.$mul$/openlane/designs/Tensor/src/pe.v:25$7 ($mul).
Removed top 4 bits (of 20) from port B of cell chip_top.$flatten\u_core0.\ROW[7].COL[1].u_pe.$add$/openlane/designs/Tensor/src/pe.v:25$8 ($add).
Removed top 8 bits (of 20) from port Y of cell chip_top.$flatten\u_core0.\ROW[7].COL[1].u_pe.$add$/openlane/designs/Tensor/src/pe.v:25$8 ($add).
Removed top 8 bits (of 20) from port A of cell chip_top.$flatten\u_core0.\ROW[7].COL[1].u_pe.$add$/openlane/designs/Tensor/src/pe.v:25$8 ($add).
Removed top 4 bits (of 16) from port B of cell chip_top.$flatten\u_core0.\ROW[7].COL[1].u_pe.$add$/openlane/designs/Tensor/src/pe.v:25$8 ($add).
Removed top 8 bits (of 20) from FF cell chip_top.$flatten\u_core0.\ROW[6].COL[1].u_pe.$procdff$12301 ($adff).
Removed top 4 bits (of 16) from port Y of cell chip_top.$flatten\u_core0.\ROW[7].COL[1].u_pe.$mul$/openlane/designs/Tensor/src/pe.v:25$7 ($mul).
Removed top 4 bits (of 20) from port B of cell chip_top.$flatten\u_core0.\ROW[6].COL[1].u_pe.$add$/openlane/designs/Tensor/src/pe.v:25$8 ($add).
Removed top 8 bits (of 20) from port Y of cell chip_top.$flatten\u_core0.\ROW[6].COL[1].u_pe.$add$/openlane/designs/Tensor/src/pe.v:25$8 ($add).
Removed top 8 bits (of 20) from port A of cell chip_top.$flatten\u_core0.\ROW[6].COL[1].u_pe.$add$/openlane/designs/Tensor/src/pe.v:25$8 ($add).
Removed top 4 bits (of 16) from port B of cell chip_top.$flatten\u_core0.\ROW[6].COL[1].u_pe.$add$/openlane/designs/Tensor/src/pe.v:25$8 ($add).
Removed top 8 bits (of 20) from FF cell chip_top.$flatten\u_core0.\ROW[5].COL[1].u_pe.$procdff$12301 ($adff).
Removed top 4 bits (of 16) from port Y of cell chip_top.$flatten\u_core0.\ROW[6].COL[1].u_pe.$mul$/openlane/designs/Tensor/src/pe.v:25$7 ($mul).
Removed top 4 bits (of 20) from port B of cell chip_top.$flatten\u_core0.\ROW[5].COL[1].u_pe.$add$/openlane/designs/Tensor/src/pe.v:25$8 ($add).
Removed top 8 bits (of 20) from port Y of cell chip_top.$flatten\u_core0.\ROW[5].COL[1].u_pe.$add$/openlane/designs/Tensor/src/pe.v:25$8 ($add).
Removed top 8 bits (of 20) from port A of cell chip_top.$flatten\u_core0.\ROW[5].COL[1].u_pe.$add$/openlane/designs/Tensor/src/pe.v:25$8 ($add).
Removed top 4 bits (of 16) from port B of cell chip_top.$flatten\u_core0.\ROW[5].COL[1].u_pe.$add$/openlane/designs/Tensor/src/pe.v:25$8 ($add).
Removed top 8 bits (of 20) from FF cell chip_top.$flatten\u_core0.\ROW[4].COL[1].u_pe.$procdff$12301 ($adff).
Removed top 4 bits (of 16) from port Y of cell chip_top.$flatten\u_core0.\ROW[5].COL[1].u_pe.$mul$/openlane/designs/Tensor/src/pe.v:25$7 ($mul).
Removed top 4 bits (of 20) from port B of cell chip_top.$flatten\u_core0.\ROW[4].COL[1].u_pe.$add$/openlane/designs/Tensor/src/pe.v:25$8 ($add).
Removed top 8 bits (of 20) from port Y of cell chip_top.$flatten\u_core0.\ROW[4].COL[1].u_pe.$add$/openlane/designs/Tensor/src/pe.v:25$8 ($add).
Removed top 8 bits (of 20) from port A of cell chip_top.$flatten\u_core0.\ROW[4].COL[1].u_pe.$add$/openlane/designs/Tensor/src/pe.v:25$8 ($add).
Removed top 4 bits (of 16) from port B of cell chip_top.$flatten\u_core0.\ROW[4].COL[1].u_pe.$add$/openlane/designs/Tensor/src/pe.v:25$8 ($add).
Removed top 8 bits (of 20) from FF cell chip_top.$flatten\u_core0.\ROW[3].COL[1].u_pe.$procdff$12301 ($adff).
Removed top 4 bits (of 16) from port Y of cell chip_top.$flatten\u_core0.\ROW[4].COL[1].u_pe.$mul$/openlane/designs/Tensor/src/pe.v:25$7 ($mul).
Removed top 4 bits (of 20) from port B of cell chip_top.$flatten\u_core0.\ROW[3].COL[1].u_pe.$add$/openlane/designs/Tensor/src/pe.v:25$8 ($add).
Removed top 8 bits (of 20) from port Y of cell chip_top.$flatten\u_core0.\ROW[3].COL[1].u_pe.$add$/openlane/designs/Tensor/src/pe.v:25$8 ($add).
Removed top 8 bits (of 20) from port A of cell chip_top.$flatten\u_core0.\ROW[3].COL[1].u_pe.$add$/openlane/designs/Tensor/src/pe.v:25$8 ($add).
Removed top 4 bits (of 16) from port B of cell chip_top.$flatten\u_core0.\ROW[3].COL[1].u_pe.$add$/openlane/designs/Tensor/src/pe.v:25$8 ($add).
Removed top 8 bits (of 20) from FF cell chip_top.$flatten\u_core0.\ROW[2].COL[1].u_pe.$procdff$12301 ($adff).
Removed top 4 bits (of 16) from port Y of cell chip_top.$flatten\u_core0.\ROW[3].COL[1].u_pe.$mul$/openlane/designs/Tensor/src/pe.v:25$7 ($mul).
Removed top 4 bits (of 20) from port B of cell chip_top.$flatten\u_core0.\ROW[2].COL[1].u_pe.$add$/openlane/designs/Tensor/src/pe.v:25$8 ($add).
Removed top 8 bits (of 20) from port Y of cell chip_top.$flatten\u_core0.\ROW[2].COL[1].u_pe.$add$/openlane/designs/Tensor/src/pe.v:25$8 ($add).
Removed top 8 bits (of 20) from port A of cell chip_top.$flatten\u_core0.\ROW[2].COL[1].u_pe.$add$/openlane/designs/Tensor/src/pe.v:25$8 ($add).
Removed top 4 bits (of 16) from port B of cell chip_top.$flatten\u_core0.\ROW[2].COL[1].u_pe.$add$/openlane/designs/Tensor/src/pe.v:25$8 ($add).
Removed top 8 bits (of 20) from FF cell chip_top.$flatten\u_core0.\ROW[1].COL[1].u_pe.$procdff$12301 ($adff).
Removed top 4 bits (of 16) from port Y of cell chip_top.$flatten\u_core0.\ROW[2].COL[1].u_pe.$mul$/openlane/designs/Tensor/src/pe.v:25$7 ($mul).
Removed top 4 bits (of 20) from port B of cell chip_top.$flatten\u_core0.\ROW[1].COL[1].u_pe.$add$/openlane/designs/Tensor/src/pe.v:25$8 ($add).
Removed top 8 bits (of 20) from port Y of cell chip_top.$flatten\u_core0.\ROW[1].COL[1].u_pe.$add$/openlane/designs/Tensor/src/pe.v:25$8 ($add).
Removed top 8 bits (of 20) from port A of cell chip_top.$flatten\u_core0.\ROW[1].COL[1].u_pe.$add$/openlane/designs/Tensor/src/pe.v:25$8 ($add).
Removed top 4 bits (of 16) from port B of cell chip_top.$flatten\u_core0.\ROW[1].COL[1].u_pe.$add$/openlane/designs/Tensor/src/pe.v:25$8 ($add).
Removed top 8 bits (of 20) from FF cell chip_top.$flatten\u_core0.\ROW[0].COL[1].u_pe.$procdff$12301 ($adff).
Removed top 4 bits (of 16) from port Y of cell chip_top.$flatten\u_core0.\ROW[1].COL[1].u_pe.$mul$/openlane/designs/Tensor/src/pe.v:25$7 ($mul).
Removed top 4 bits (of 16) from port Y of cell chip_top.$flatten\u_core0.\ROW[0].COL[1].u_pe.$mul$/openlane/designs/Tensor/src/pe.v:25$7 ($mul).
Removed top 4 bits (of 20) from wire chip_top.$flatten\u_core0.\ROW[0].COL[0].u_pe.$0\sum_out[19:0].
Removed top 8 bits (of 20) from wire chip_top.$flatten\u_core0.\ROW[0].COL[1].u_pe.$0\sum_out[19:0].
Removed top 4 bits (of 20) from wire chip_top.$flatten\u_core0.\ROW[10].COL[0].u_pe.$mul$/openlane/designs/Tensor/src/pe.v:25$7_Y.
Removed top 8 bits (of 20) from wire chip_top.$flatten\u_core0.\ROW[10].COL[1].u_pe.$0\sum_out[19:0].
Removed top 8 bits (of 20) from wire chip_top.$flatten\u_core0.\ROW[10].COL[1].u_pe.$mul$/openlane/designs/Tensor/src/pe.v:25$7_Y.
Removed top 13 bits (of 20) from wire chip_top.$flatten\u_core0.\ROW[11].COL[0].u_pe.$0\sum_out[19:0].
Removed top 8 bits (of 20) from wire chip_top.$flatten\u_core0.\ROW[11].COL[1].u_pe.$0\sum_out[19:0].
Removed top 4 bits (of 20) from wire chip_top.$flatten\u_core0.\ROW[12].COL[0].u_pe.$mul$/openlane/designs/Tensor/src/pe.v:25$7_Y.
Removed top 8 bits (of 20) from wire chip_top.$flatten\u_core0.\ROW[12].COL[1].u_pe.$0\sum_out[19:0].
Removed top 4 bits (of 20) from wire chip_top.$flatten\u_core0.\ROW[13].COL[0].u_pe.$mul$/openlane/designs/Tensor/src/pe.v:25$7_Y.
Removed top 8 bits (of 20) from wire chip_top.$flatten\u_core0.\ROW[13].COL[1].u_pe.$0\sum_out[19:0].
Removed top 4 bits (of 20) from wire chip_top.$flatten\u_core0.\ROW[14].COL[0].u_pe.$mul$/openlane/designs/Tensor/src/pe.v:25$7_Y.
Removed top 8 bits (of 20) from wire chip_top.$flatten\u_core0.\ROW[14].COL[1].u_pe.$0\sum_out[19:0].
Removed top 4 bits (of 20) from wire chip_top.$flatten\u_core0.\ROW[15].COL[0].u_pe.$mul$/openlane/designs/Tensor/src/pe.v:25$7_Y.
Removed top 8 bits (of 20) from wire chip_top.$flatten\u_core0.\ROW[15].COL[1].u_pe.$0\sum_out[19:0].
Removed top 4 bits (of 20) from wire chip_top.$flatten\u_core0.\ROW[16].COL[0].u_pe.$mul$/openlane/designs/Tensor/src/pe.v:25$7_Y.
Removed top 8 bits (of 20) from wire chip_top.$flatten\u_core0.\ROW[16].COL[1].u_pe.$0\sum_out[19:0].
Removed top 4 bits (of 20) from wire chip_top.$flatten\u_core0.\ROW[17].COL[0].u_pe.$mul$/openlane/designs/Tensor/src/pe.v:25$7_Y.
Removed top 8 bits (of 20) from wire chip_top.$flatten\u_core0.\ROW[17].COL[1].u_pe.$0\sum_out[19:0].
Removed top 4 bits (of 20) from wire chip_top.$flatten\u_core0.\ROW[18].COL[0].u_pe.$mul$/openlane/designs/Tensor/src/pe.v:25$7_Y.
Removed top 8 bits (of 20) from wire chip_top.$flatten\u_core0.\ROW[18].COL[1].u_pe.$0\sum_out[19:0].
Removed top 4 bits (of 20) from wire chip_top.$flatten\u_core0.\ROW[19].COL[0].u_pe.$mul$/openlane/designs/Tensor/src/pe.v:25$7_Y.
Removed top 8 bits (of 20) from wire chip_top.$flatten\u_core0.\ROW[19].COL[1].u_pe.$0\sum_out[19:0].
Removed top 4 bits (of 20) from wire chip_top.$flatten\u_core0.\ROW[1].COL[0].u_pe.$mul$/openlane/designs/Tensor/src/pe.v:25$7_Y.
Removed top 8 bits (of 20) from wire chip_top.$flatten\u_core0.\ROW[1].COL[1].u_pe.$0\sum_out[19:0].
Removed top 8 bits (of 20) from wire chip_top.$flatten\u_core0.\ROW[1].COL[1].u_pe.$mul$/openlane/designs/Tensor/src/pe.v:25$7_Y.
Removed top 4 bits (of 20) from wire chip_top.$flatten\u_core0.\ROW[20].COL[0].u_pe.$mul$/openlane/designs/Tensor/src/pe.v:25$7_Y.
Removed top 8 bits (of 20) from wire chip_top.$flatten\u_core0.\ROW[20].COL[1].u_pe.$0\sum_out[19:0].
Removed top 4 bits (of 20) from wire chip_top.$flatten\u_core0.\ROW[21].COL[0].u_pe.$mul$/openlane/designs/Tensor/src/pe.v:25$7_Y.
Removed top 8 bits (of 20) from wire chip_top.$flatten\u_core0.\ROW[21].COL[1].u_pe.$0\sum_out[19:0].
Removed top 4 bits (of 20) from wire chip_top.$flatten\u_core0.\ROW[22].COL[0].u_pe.$mul$/openlane/designs/Tensor/src/pe.v:25$7_Y.
Removed top 8 bits (of 20) from wire chip_top.$flatten\u_core0.\ROW[22].COL[1].u_pe.$0\sum_out[19:0].
Removed top 4 bits (of 20) from wire chip_top.$flatten\u_core0.\ROW[23].COL[0].u_pe.$mul$/openlane/designs/Tensor/src/pe.v:25$7_Y.
Removed top 8 bits (of 20) from wire chip_top.$flatten\u_core0.\ROW[23].COL[1].u_pe.$0\sum_out[19:0].
Removed top 4 bits (of 20) from wire chip_top.$flatten\u_core0.\ROW[24].COL[0].u_pe.$mul$/openlane/designs/Tensor/src/pe.v:25$7_Y.
Removed top 8 bits (of 20) from wire chip_top.$flatten\u_core0.\ROW[24].COL[1].u_pe.$0\sum_out[19:0].
Removed top 4 bits (of 20) from wire chip_top.$flatten\u_core0.\ROW[25].COL[0].u_pe.$mul$/openlane/designs/Tensor/src/pe.v:25$7_Y.
Removed top 8 bits (of 20) from wire chip_top.$flatten\u_core0.\ROW[25].COL[1].u_pe.$0\sum_out[19:0].
Removed top 4 bits (of 20) from wire chip_top.$flatten\u_core0.\ROW[26].COL[0].u_pe.$mul$/openlane/designs/Tensor/src/pe.v:25$7_Y.
Removed top 8 bits (of 20) from wire chip_top.$flatten\u_core0.\ROW[26].COL[1].u_pe.$0\sum_out[19:0].
Removed top 4 bits (of 20) from wire chip_top.$flatten\u_core0.\ROW[27].COL[0].u_pe.$mul$/openlane/designs/Tensor/src/pe.v:25$7_Y.
Removed top 8 bits (of 20) from wire chip_top.$flatten\u_core0.\ROW[27].COL[1].u_pe.$0\sum_out[19:0].
Removed top 4 bits (of 20) from wire chip_top.$flatten\u_core0.\ROW[28].COL[0].u_pe.$mul$/openlane/designs/Tensor/src/pe.v:25$7_Y.
Removed top 8 bits (of 20) from wire chip_top.$flatten\u_core0.\ROW[28].COL[1].u_pe.$0\sum_out[19:0].
Removed top 4 bits (of 20) from wire chip_top.$flatten\u_core0.\ROW[29].COL[0].u_pe.$mul$/openlane/designs/Tensor/src/pe.v:25$7_Y.
Removed top 8 bits (of 20) from wire chip_top.$flatten\u_core0.\ROW[29].COL[1].u_pe.$0\sum_out[19:0].
Removed top 4 bits (of 20) from wire chip_top.$flatten\u_core0.\ROW[2].COL[0].u_pe.$mul$/openlane/designs/Tensor/src/pe.v:25$7_Y.
Removed top 8 bits (of 20) from wire chip_top.$flatten\u_core0.\ROW[2].COL[1].u_pe.$0\sum_out[19:0].
Removed top 8 bits (of 20) from wire chip_top.$flatten\u_core0.\ROW[2].COL[1].u_pe.$mul$/openlane/designs/Tensor/src/pe.v:25$7_Y.
Removed top 4 bits (of 20) from wire chip_top.$flatten\u_core0.\ROW[30].COL[0].u_pe.$mul$/openlane/designs/Tensor/src/pe.v:25$7_Y.
Removed top 8 bits (of 20) from wire chip_top.$flatten\u_core0.\ROW[30].COL[1].u_pe.$0\sum_out[19:0].
Removed top 4 bits (of 20) from wire chip_top.$flatten\u_core0.\ROW[31].COL[0].u_pe.$mul$/openlane/designs/Tensor/src/pe.v:25$7_Y.
Removed top 8 bits (of 20) from wire chip_top.$flatten\u_core0.\ROW[31].COL[1].u_pe.$0\sum_out[19:0].
Removed top 8 bits (of 20) from wire chip_top.$flatten\u_core0.\ROW[31].COL[1].u_pe.$mul$/openlane/designs/Tensor/src/pe.v:25$7_Y.
Removed top 4 bits (of 20) from wire chip_top.$flatten\u_core0.\ROW[3].COL[0].u_pe.$mul$/openlane/designs/Tensor/src/pe.v:25$7_Y.
Removed top 8 bits (of 20) from wire chip_top.$flatten\u_core0.\ROW[3].COL[1].u_pe.$0\sum_out[19:0].
Removed top 8 bits (of 20) from wire chip_top.$flatten\u_core0.\ROW[3].COL[1].u_pe.$mul$/openlane/designs/Tensor/src/pe.v:25$7_Y.
Removed top 4 bits (of 20) from wire chip_top.$flatten\u_core0.\ROW[4].COL[0].u_pe.$mul$/openlane/designs/Tensor/src/pe.v:25$7_Y.
Removed top 8 bits (of 20) from wire chip_top.$flatten\u_core0.\ROW[4].COL[1].u_pe.$0\sum_out[19:0].
Removed top 8 bits (of 20) from wire chip_top.$flatten\u_core0.\ROW[4].COL[1].u_pe.$mul$/openlane/designs/Tensor/src/pe.v:25$7_Y.
Removed top 4 bits (of 20) from wire chip_top.$flatten\u_core0.\ROW[5].COL[0].u_pe.$mul$/openlane/designs/Tensor/src/pe.v:25$7_Y.
Removed top 8 bits (of 20) from wire chip_top.$flatten\u_core0.\ROW[5].COL[1].u_pe.$0\sum_out[19:0].
Removed top 8 bits (of 20) from wire chip_top.$flatten\u_core0.\ROW[5].COL[1].u_pe.$mul$/openlane/designs/Tensor/src/pe.v:25$7_Y.
Removed top 4 bits (of 20) from wire chip_top.$flatten\u_core0.\ROW[6].COL[0].u_pe.$mul$/openlane/designs/Tensor/src/pe.v:25$7_Y.
Removed top 8 bits (of 20) from wire chip_top.$flatten\u_core0.\ROW[6].COL[1].u_pe.$0\sum_out[19:0].
Removed top 8 bits (of 20) from wire chip_top.$flatten\u_core0.\ROW[6].COL[1].u_pe.$mul$/openlane/designs/Tensor/src/pe.v:25$7_Y.
Removed top 4 bits (of 20) from wire chip_top.$flatten\u_core0.\ROW[7].COL[0].u_pe.$mul$/openlane/designs/Tensor/src/pe.v:25$7_Y.
Removed top 8 bits (of 20) from wire chip_top.$flatten\u_core0.\ROW[7].COL[1].u_pe.$0\sum_out[19:0].
Removed top 8 bits (of 20) from wire chip_top.$flatten\u_core0.\ROW[7].COL[1].u_pe.$mul$/openlane/designs/Tensor/src/pe.v:25$7_Y.
Removed top 4 bits (of 20) from wire chip_top.$flatten\u_core0.\ROW[8].COL[0].u_pe.$mul$/openlane/designs/Tensor/src/pe.v:25$7_Y.
Removed top 8 bits (of 20) from wire chip_top.$flatten\u_core0.\ROW[8].COL[1].u_pe.$0\sum_out[19:0].
Removed top 8 bits (of 20) from wire chip_top.$flatten\u_core0.\ROW[8].COL[1].u_pe.$mul$/openlane/designs/Tensor/src/pe.v:25$7_Y.
Removed top 4 bits (of 20) from wire chip_top.$flatten\u_core0.\ROW[9].COL[0].u_pe.$mul$/openlane/designs/Tensor/src/pe.v:25$7_Y.
Removed top 8 bits (of 20) from wire chip_top.$flatten\u_core0.\ROW[9].COL[1].u_pe.$0\sum_out[19:0].
Removed top 8 bits (of 20) from wire chip_top.$flatten\u_core0.\ROW[9].COL[1].u_pe.$mul$/openlane/designs/Tensor/src/pe.v:25$7_Y.
Removed top 16 bits (of 256) from wire chip_top.B_feed.
Removed top 16 bits (of 32) from wire chip_top.mem1_rdata_q.

30. Executing PEEPOPT pass (run peephole optimizers).

31. Executing OPT_CLEAN pass (remove unused cells and wires).
Finding unused cells or wires in module \chip_top..
Removed 0 unused cells and 78 unused wires.
<suppressed ~1 debug messages>

32. Executing ALUMACC pass (create $alu and $macc cells).
Extracting $alu and $macc cells in module chip_top:
  creating $macc model for $add$/openlane/designs/Tensor/src/chip_top.v:111$5 ($add).
  creating $macc model for $flatten\u_core0.\ROW[0].COL[0].u_pe.$mul$/openlane/designs/Tensor/src/pe.v:25$7 ($mul).
  creating $macc model for $flatten\u_core0.\ROW[0].COL[1].u_pe.$mul$/openlane/designs/Tensor/src/pe.v:25$7 ($mul).
  creating $macc model for $flatten\u_core0.\ROW[10].COL[0].u_pe.$add$/openlane/designs/Tensor/src/pe.v:25$8 ($add).
  creating $macc model for $flatten\u_core0.\ROW[10].COL[0].u_pe.$mul$/openlane/designs/Tensor/src/pe.v:25$7 ($mul).
  creating $macc model for $flatten\u_core0.\ROW[10].COL[1].u_pe.$add$/openlane/designs/Tensor/src/pe.v:25$8 ($add).
  creating $macc model for $flatten\u_core0.\ROW[10].COL[1].u_pe.$mul$/openlane/designs/Tensor/src/pe.v:25$7 ($mul).
  creating $macc model for $flatten\u_core0.\ROW[11].COL[0].u_pe.$add$/openlane/designs/Tensor/src/pe.v:25$8 ($add).
  creating $macc model for $flatten\u_core0.\ROW[11].COL[0].u_pe.$mul$/openlane/designs/Tensor/src/pe.v:25$7 ($mul).
  creating $macc model for $flatten\u_core0.\ROW[11].COL[1].u_pe.$add$/openlane/designs/Tensor/src/pe.v:25$8 ($add).
  creating $macc model for $flatten\u_core0.\ROW[11].COL[1].u_pe.$mul$/openlane/designs/Tensor/src/pe.v:25$7 ($mul).
  creating $macc model for $flatten\u_core0.\ROW[12].COL[0].u_pe.$add$/openlane/designs/Tensor/src/pe.v:25$8 ($add).
  creating $macc model for $flatten\u_core0.\ROW[12].COL[0].u_pe.$mul$/openlane/designs/Tensor/src/pe.v:25$7 ($mul).
  creating $macc model for $flatten\u_core0.\ROW[12].COL[1].u_pe.$add$/openlane/designs/Tensor/src/pe.v:25$8 ($add).
  creating $macc model for $flatten\u_core0.\ROW[12].COL[1].u_pe.$mul$/openlane/designs/Tensor/src/pe.v:25$7 ($mul).
  creating $macc model for $flatten\u_core0.\ROW[13].COL[0].u_pe.$add$/openlane/designs/Tensor/src/pe.v:25$8 ($add).
  creating $macc model for $flatten\u_core0.\ROW[13].COL[0].u_pe.$mul$/openlane/designs/Tensor/src/pe.v:25$7 ($mul).
  creating $macc model for $flatten\u_core0.\ROW[13].COL[1].u_pe.$add$/openlane/designs/Tensor/src/pe.v:25$8 ($add).
  creating $macc model for $flatten\u_core0.\ROW[13].COL[1].u_pe.$mul$/openlane/designs/Tensor/src/pe.v:25$7 ($mul).
  creating $macc model for $flatten\u_core0.\ROW[14].COL[0].u_pe.$add$/openlane/designs/Tensor/src/pe.v:25$8 ($add).
  creating $macc model for $flatten\u_core0.\ROW[14].COL[0].u_pe.$mul$/openlane/designs/Tensor/src/pe.v:25$7 ($mul).
  creating $macc model for $flatten\u_core0.\ROW[14].COL[1].u_pe.$add$/openlane/designs/Tensor/src/pe.v:25$8 ($add).
  creating $macc model for $flatten\u_core0.\ROW[14].COL[1].u_pe.$mul$/openlane/designs/Tensor/src/pe.v:25$7 ($mul).
  creating $macc model for $flatten\u_core0.\ROW[15].COL[0].u_pe.$add$/openlane/designs/Tensor/src/pe.v:25$8 ($add).
  creating $macc model for $flatten\u_core0.\ROW[15].COL[0].u_pe.$mul$/openlane/designs/Tensor/src/pe.v:25$7 ($mul).
  creating $macc model for $flatten\u_core0.\ROW[15].COL[1].u_pe.$add$/openlane/designs/Tensor/src/pe.v:25$8 ($add).
  creating $macc model for $flatten\u_core0.\ROW[15].COL[1].u_pe.$mul$/openlane/designs/Tensor/src/pe.v:25$7 ($mul).
  creating $macc model for $flatten\u_core0.\ROW[16].COL[0].u_pe.$add$/openlane/designs/Tensor/src/pe.v:25$8 ($add).
  creating $macc model for $flatten\u_core0.\ROW[16].COL[0].u_pe.$mul$/openlane/designs/Tensor/src/pe.v:25$7 ($mul).
  creating $macc model for $flatten\u_core0.\ROW[16].COL[1].u_pe.$add$/openlane/designs/Tensor/src/pe.v:25$8 ($add).
  creating $macc model for $flatten\u_core0.\ROW[16].COL[1].u_pe.$mul$/openlane/designs/Tensor/src/pe.v:25$7 ($mul).
  creating $macc model for $flatten\u_core0.\ROW[17].COL[0].u_pe.$add$/openlane/designs/Tensor/src/pe.v:25$8 ($add).
  creating $macc model for $flatten\u_core0.\ROW[17].COL[0].u_pe.$mul$/openlane/designs/Tensor/src/pe.v:25$7 ($mul).
  creating $macc model for $flatten\u_core0.\ROW[17].COL[1].u_pe.$add$/openlane/designs/Tensor/src/pe.v:25$8 ($add).
  creating $macc model for $flatten\u_core0.\ROW[17].COL[1].u_pe.$mul$/openlane/designs/Tensor/src/pe.v:25$7 ($mul).
  creating $macc model for $flatten\u_core0.\ROW[18].COL[0].u_pe.$add$/openlane/designs/Tensor/src/pe.v:25$8 ($add).
  creating $macc model for $flatten\u_core0.\ROW[18].COL[0].u_pe.$mul$/openlane/designs/Tensor/src/pe.v:25$7 ($mul).
  creating $macc model for $flatten\u_core0.\ROW[18].COL[1].u_pe.$add$/openlane/designs/Tensor/src/pe.v:25$8 ($add).
  creating $macc model for $flatten\u_core0.\ROW[18].COL[1].u_pe.$mul$/openlane/designs/Tensor/src/pe.v:25$7 ($mul).
  creating $macc model for $flatten\u_core0.\ROW[19].COL[0].u_pe.$add$/openlane/designs/Tensor/src/pe.v:25$8 ($add).
  creating $macc model for $flatten\u_core0.\ROW[19].COL[0].u_pe.$mul$/openlane/designs/Tensor/src/pe.v:25$7 ($mul).
  creating $macc model for $flatten\u_core0.\ROW[19].COL[1].u_pe.$add$/openlane/designs/Tensor/src/pe.v:25$8 ($add).
  creating $macc model for $flatten\u_core0.\ROW[19].COL[1].u_pe.$mul$/openlane/designs/Tensor/src/pe.v:25$7 ($mul).
  creating $macc model for $flatten\u_core0.\ROW[1].COL[0].u_pe.$add$/openlane/designs/Tensor/src/pe.v:25$8 ($add).
  creating $macc model for $flatten\u_core0.\ROW[1].COL[0].u_pe.$mul$/openlane/designs/Tensor/src/pe.v:25$7 ($mul).
  creating $macc model for $flatten\u_core0.\ROW[1].COL[1].u_pe.$add$/openlane/designs/Tensor/src/pe.v:25$8 ($add).
  creating $macc model for $flatten\u_core0.\ROW[1].COL[1].u_pe.$mul$/openlane/designs/Tensor/src/pe.v:25$7 ($mul).
  creating $macc model for $flatten\u_core0.\ROW[20].COL[0].u_pe.$add$/openlane/designs/Tensor/src/pe.v:25$8 ($add).
  creating $macc model for $flatten\u_core0.\ROW[20].COL[0].u_pe.$mul$/openlane/designs/Tensor/src/pe.v:25$7 ($mul).
  creating $macc model for $flatten\u_core0.\ROW[20].COL[1].u_pe.$add$/openlane/designs/Tensor/src/pe.v:25$8 ($add).
  creating $macc model for $flatten\u_core0.\ROW[20].COL[1].u_pe.$mul$/openlane/designs/Tensor/src/pe.v:25$7 ($mul).
  creating $macc model for $flatten\u_core0.\ROW[21].COL[0].u_pe.$add$/openlane/designs/Tensor/src/pe.v:25$8 ($add).
  creating $macc model for $flatten\u_core0.\ROW[21].COL[0].u_pe.$mul$/openlane/designs/Tensor/src/pe.v:25$7 ($mul).
  creating $macc model for $flatten\u_core0.\ROW[21].COL[1].u_pe.$add$/openlane/designs/Tensor/src/pe.v:25$8 ($add).
  creating $macc model for $flatten\u_core0.\ROW[21].COL[1].u_pe.$mul$/openlane/designs/Tensor/src/pe.v:25$7 ($mul).
  creating $macc model for $flatten\u_core0.\ROW[22].COL[0].u_pe.$add$/openlane/designs/Tensor/src/pe.v:25$8 ($add).
  creating $macc model for $flatten\u_core0.\ROW[22].COL[0].u_pe.$mul$/openlane/designs/Tensor/src/pe.v:25$7 ($mul).
  creating $macc model for $flatten\u_core0.\ROW[22].COL[1].u_pe.$add$/openlane/designs/Tensor/src/pe.v:25$8 ($add).
  creating $macc model for $flatten\u_core0.\ROW[22].COL[1].u_pe.$mul$/openlane/designs/Tensor/src/pe.v:25$7 ($mul).
  creating $macc model for $flatten\u_core0.\ROW[23].COL[0].u_pe.$add$/openlane/designs/Tensor/src/pe.v:25$8 ($add).
  creating $macc model for $flatten\u_core0.\ROW[23].COL[0].u_pe.$mul$/openlane/designs/Tensor/src/pe.v:25$7 ($mul).
  creating $macc model for $flatten\u_core0.\ROW[23].COL[1].u_pe.$add$/openlane/designs/Tensor/src/pe.v:25$8 ($add).
  creating $macc model for $flatten\u_core0.\ROW[23].COL[1].u_pe.$mul$/openlane/designs/Tensor/src/pe.v:25$7 ($mul).
  creating $macc model for $flatten\u_core0.\ROW[24].COL[0].u_pe.$add$/openlane/designs/Tensor/src/pe.v:25$8 ($add).
  creating $macc model for $flatten\u_core0.\ROW[24].COL[0].u_pe.$mul$/openlane/designs/Tensor/src/pe.v:25$7 ($mul).
  creating $macc model for $flatten\u_core0.\ROW[24].COL[1].u_pe.$add$/openlane/designs/Tensor/src/pe.v:25$8 ($add).
  creating $macc model for $flatten\u_core0.\ROW[24].COL[1].u_pe.$mul$/openlane/designs/Tensor/src/pe.v:25$7 ($mul).
  creating $macc model for $flatten\u_core0.\ROW[25].COL[0].u_pe.$add$/openlane/designs/Tensor/src/pe.v:25$8 ($add).
  creating $macc model for $flatten\u_core0.\ROW[25].COL[0].u_pe.$mul$/openlane/designs/Tensor/src/pe.v:25$7 ($mul).
  creating $macc model for $flatten\u_core0.\ROW[25].COL[1].u_pe.$add$/openlane/designs/Tensor/src/pe.v:25$8 ($add).
  creating $macc model for $flatten\u_core0.\ROW[25].COL[1].u_pe.$mul$/openlane/designs/Tensor/src/pe.v:25$7 ($mul).
  creating $macc model for $flatten\u_core0.\ROW[26].COL[0].u_pe.$add$/openlane/designs/Tensor/src/pe.v:25$8 ($add).
  creating $macc model for $flatten\u_core0.\ROW[26].COL[0].u_pe.$mul$/openlane/designs/Tensor/src/pe.v:25$7 ($mul).
  creating $macc model for $flatten\u_core0.\ROW[26].COL[1].u_pe.$add$/openlane/designs/Tensor/src/pe.v:25$8 ($add).
  creating $macc model for $flatten\u_core0.\ROW[26].COL[1].u_pe.$mul$/openlane/designs/Tensor/src/pe.v:25$7 ($mul).
  creating $macc model for $flatten\u_core0.\ROW[27].COL[0].u_pe.$add$/openlane/designs/Tensor/src/pe.v:25$8 ($add).
  creating $macc model for $flatten\u_core0.\ROW[27].COL[0].u_pe.$mul$/openlane/designs/Tensor/src/pe.v:25$7 ($mul).
  creating $macc model for $flatten\u_core0.\ROW[27].COL[1].u_pe.$add$/openlane/designs/Tensor/src/pe.v:25$8 ($add).
  creating $macc model for $flatten\u_core0.\ROW[27].COL[1].u_pe.$mul$/openlane/designs/Tensor/src/pe.v:25$7 ($mul).
  creating $macc model for $flatten\u_core0.\ROW[28].COL[0].u_pe.$add$/openlane/designs/Tensor/src/pe.v:25$8 ($add).
  creating $macc model for $flatten\u_core0.\ROW[28].COL[0].u_pe.$mul$/openlane/designs/Tensor/src/pe.v:25$7 ($mul).
  creating $macc model for $flatten\u_core0.\ROW[28].COL[1].u_pe.$add$/openlane/designs/Tensor/src/pe.v:25$8 ($add).
  creating $macc model for $flatten\u_core0.\ROW[28].COL[1].u_pe.$mul$/openlane/designs/Tensor/src/pe.v:25$7 ($mul).
  creating $macc model for $flatten\u_core0.\ROW[29].COL[0].u_pe.$add$/openlane/designs/Tensor/src/pe.v:25$8 ($add).
  creating $macc model for $flatten\u_core0.\ROW[29].COL[0].u_pe.$mul$/openlane/designs/Tensor/src/pe.v:25$7 ($mul).
  creating $macc model for $flatten\u_core0.\ROW[29].COL[1].u_pe.$add$/openlane/designs/Tensor/src/pe.v:25$8 ($add).
  creating $macc model for $flatten\u_core0.\ROW[29].COL[1].u_pe.$mul$/openlane/designs/Tensor/src/pe.v:25$7 ($mul).
  creating $macc model for $flatten\u_core0.\ROW[2].COL[0].u_pe.$add$/openlane/designs/Tensor/src/pe.v:25$8 ($add).
  creating $macc model for $flatten\u_core0.\ROW[2].COL[0].u_pe.$mul$/openlane/designs/Tensor/src/pe.v:25$7 ($mul).
  creating $macc model for $flatten\u_core0.\ROW[2].COL[1].u_pe.$add$/openlane/designs/Tensor/src/pe.v:25$8 ($add).
  creating $macc model for $flatten\u_core0.\ROW[2].COL[1].u_pe.$mul$/openlane/designs/Tensor/src/pe.v:25$7 ($mul).
  creating $macc model for $flatten\u_core0.\ROW[30].COL[0].u_pe.$add$/openlane/designs/Tensor/src/pe.v:25$8 ($add).
  creating $macc model for $flatten\u_core0.\ROW[30].COL[0].u_pe.$mul$/openlane/designs/Tensor/src/pe.v:25$7 ($mul).
  creating $macc model for $flatten\u_core0.\ROW[30].COL[1].u_pe.$add$/openlane/designs/Tensor/src/pe.v:25$8 ($add).
  creating $macc model for $flatten\u_core0.\ROW[30].COL[1].u_pe.$mul$/openlane/designs/Tensor/src/pe.v:25$7 ($mul).
  creating $macc model for $flatten\u_core0.\ROW[31].COL[0].u_pe.$add$/openlane/designs/Tensor/src/pe.v:25$8 ($add).
  creating $macc model for $flatten\u_core0.\ROW[31].COL[0].u_pe.$mul$/openlane/designs/Tensor/src/pe.v:25$7 ($mul).
  creating $macc model for $flatten\u_core0.\ROW[31].COL[1].u_pe.$add$/openlane/designs/Tensor/src/pe.v:25$8 ($add).
  creating $macc model for $flatten\u_core0.\ROW[31].COL[1].u_pe.$mul$/openlane/designs/Tensor/src/pe.v:25$7 ($mul).
  creating $macc model for $flatten\u_core0.\ROW[3].COL[0].u_pe.$add$/openlane/designs/Tensor/src/pe.v:25$8 ($add).
  creating $macc model for $flatten\u_core0.\ROW[3].COL[0].u_pe.$mul$/openlane/designs/Tensor/src/pe.v:25$7 ($mul).
  creating $macc model for $flatten\u_core0.\ROW[3].COL[1].u_pe.$add$/openlane/designs/Tensor/src/pe.v:25$8 ($add).
  creating $macc model for $flatten\u_core0.\ROW[3].COL[1].u_pe.$mul$/openlane/designs/Tensor/src/pe.v:25$7 ($mul).
  creating $macc model for $flatten\u_core0.\ROW[4].COL[0].u_pe.$add$/openlane/designs/Tensor/src/pe.v:25$8 ($add).
  creating $macc model for $flatten\u_core0.\ROW[4].COL[0].u_pe.$mul$/openlane/designs/Tensor/src/pe.v:25$7 ($mul).
  creating $macc model for $flatten\u_core0.\ROW[4].COL[1].u_pe.$add$/openlane/designs/Tensor/src/pe.v:25$8 ($add).
  creating $macc model for $flatten\u_core0.\ROW[4].COL[1].u_pe.$mul$/openlane/designs/Tensor/src/pe.v:25$7 ($mul).
  creating $macc model for $flatten\u_core0.\ROW[5].COL[0].u_pe.$add$/openlane/designs/Tensor/src/pe.v:25$8 ($add).
  creating $macc model for $flatten\u_core0.\ROW[5].COL[0].u_pe.$mul$/openlane/designs/Tensor/src/pe.v:25$7 ($mul).
  creating $macc model for $flatten\u_core0.\ROW[5].COL[1].u_pe.$add$/openlane/designs/Tensor/src/pe.v:25$8 ($add).
  creating $macc model for $flatten\u_core0.\ROW[5].COL[1].u_pe.$mul$/openlane/designs/Tensor/src/pe.v:25$7 ($mul).
  creating $macc model for $flatten\u_core0.\ROW[6].COL[0].u_pe.$add$/openlane/designs/Tensor/src/pe.v:25$8 ($add).
  creating $macc model for $flatten\u_core0.\ROW[6].COL[0].u_pe.$mul$/openlane/designs/Tensor/src/pe.v:25$7 ($mul).
  creating $macc model for $flatten\u_core0.\ROW[6].COL[1].u_pe.$add$/openlane/designs/Tensor/src/pe.v:25$8 ($add).
  creating $macc model for $flatten\u_core0.\ROW[6].COL[1].u_pe.$mul$/openlane/designs/Tensor/src/pe.v:25$7 ($mul).
  creating $macc model for $flatten\u_core0.\ROW[7].COL[0].u_pe.$add$/openlane/designs/Tensor/src/pe.v:25$8 ($add).
  creating $macc model for $flatten\u_core0.\ROW[7].COL[0].u_pe.$mul$/openlane/designs/Tensor/src/pe.v:25$7 ($mul).
  creating $macc model for $flatten\u_core0.\ROW[7].COL[1].u_pe.$add$/openlane/designs/Tensor/src/pe.v:25$8 ($add).
  creating $macc model for $flatten\u_core0.\ROW[7].COL[1].u_pe.$mul$/openlane/designs/Tensor/src/pe.v:25$7 ($mul).
  creating $macc model for $flatten\u_core0.\ROW[8].COL[0].u_pe.$add$/openlane/designs/Tensor/src/pe.v:25$8 ($add).
  creating $macc model for $flatten\u_core0.\ROW[8].COL[0].u_pe.$mul$/openlane/designs/Tensor/src/pe.v:25$7 ($mul).
  creating $macc model for $flatten\u_core0.\ROW[8].COL[1].u_pe.$add$/openlane/designs/Tensor/src/pe.v:25$8 ($add).
  creating $macc model for $flatten\u_core0.\ROW[8].COL[1].u_pe.$mul$/openlane/designs/Tensor/src/pe.v:25$7 ($mul).
  creating $macc model for $flatten\u_core0.\ROW[9].COL[0].u_pe.$add$/openlane/designs/Tensor/src/pe.v:25$8 ($add).
  creating $macc model for $flatten\u_core0.\ROW[9].COL[0].u_pe.$mul$/openlane/designs/Tensor/src/pe.v:25$7 ($mul).
  creating $macc model for $flatten\u_core0.\ROW[9].COL[1].u_pe.$add$/openlane/designs/Tensor/src/pe.v:25$8 ($add).
  creating $macc model for $flatten\u_core0.\ROW[9].COL[1].u_pe.$mul$/openlane/designs/Tensor/src/pe.v:25$7 ($mul).
  merging $macc model for $flatten\u_core0.\ROW[9].COL[1].u_pe.$mul$/openlane/designs/Tensor/src/pe.v:25$7 into $flatten\u_core0.\ROW[9].COL[1].u_pe.$add$/openlane/designs/Tensor/src/pe.v:25$8.
  merging $macc model for $flatten\u_core0.\ROW[8].COL[1].u_pe.$mul$/openlane/designs/Tensor/src/pe.v:25$7 into $flatten\u_core0.\ROW[8].COL[1].u_pe.$add$/openlane/designs/Tensor/src/pe.v:25$8.
  merging $macc model for $flatten\u_core0.\ROW[7].COL[1].u_pe.$mul$/openlane/designs/Tensor/src/pe.v:25$7 into $flatten\u_core0.\ROW[7].COL[1].u_pe.$add$/openlane/designs/Tensor/src/pe.v:25$8.
  merging $macc model for $flatten\u_core0.\ROW[6].COL[1].u_pe.$mul$/openlane/designs/Tensor/src/pe.v:25$7 into $flatten\u_core0.\ROW[6].COL[1].u_pe.$add$/openlane/designs/Tensor/src/pe.v:25$8.
  merging $macc model for $flatten\u_core0.\ROW[5].COL[1].u_pe.$mul$/openlane/designs/Tensor/src/pe.v:25$7 into $flatten\u_core0.\ROW[5].COL[1].u_pe.$add$/openlane/designs/Tensor/src/pe.v:25$8.
  merging $macc model for $flatten\u_core0.\ROW[4].COL[1].u_pe.$mul$/openlane/designs/Tensor/src/pe.v:25$7 into $flatten\u_core0.\ROW[4].COL[1].u_pe.$add$/openlane/designs/Tensor/src/pe.v:25$8.
  merging $macc model for $flatten\u_core0.\ROW[3].COL[1].u_pe.$mul$/openlane/designs/Tensor/src/pe.v:25$7 into $flatten\u_core0.\ROW[3].COL[1].u_pe.$add$/openlane/designs/Tensor/src/pe.v:25$8.
  merging $macc model for $flatten\u_core0.\ROW[31].COL[1].u_pe.$mul$/openlane/designs/Tensor/src/pe.v:25$7 into $flatten\u_core0.\ROW[31].COL[1].u_pe.$add$/openlane/designs/Tensor/src/pe.v:25$8.
  merging $macc model for $flatten\u_core0.\ROW[30].COL[1].u_pe.$mul$/openlane/designs/Tensor/src/pe.v:25$7 into $flatten\u_core0.\ROW[30].COL[1].u_pe.$add$/openlane/designs/Tensor/src/pe.v:25$8.
  merging $macc model for $flatten\u_core0.\ROW[2].COL[1].u_pe.$mul$/openlane/designs/Tensor/src/pe.v:25$7 into $flatten\u_core0.\ROW[2].COL[1].u_pe.$add$/openlane/designs/Tensor/src/pe.v:25$8.
  merging $macc model for $flatten\u_core0.\ROW[29].COL[1].u_pe.$mul$/openlane/designs/Tensor/src/pe.v:25$7 into $flatten\u_core0.\ROW[29].COL[1].u_pe.$add$/openlane/designs/Tensor/src/pe.v:25$8.
  merging $macc model for $flatten\u_core0.\ROW[28].COL[1].u_pe.$mul$/openlane/designs/Tensor/src/pe.v:25$7 into $flatten\u_core0.\ROW[28].COL[1].u_pe.$add$/openlane/designs/Tensor/src/pe.v:25$8.
  merging $macc model for $flatten\u_core0.\ROW[27].COL[1].u_pe.$mul$/openlane/designs/Tensor/src/pe.v:25$7 into $flatten\u_core0.\ROW[27].COL[1].u_pe.$add$/openlane/designs/Tensor/src/pe.v:25$8.
  merging $macc model for $flatten\u_core0.\ROW[26].COL[1].u_pe.$mul$/openlane/designs/Tensor/src/pe.v:25$7 into $flatten\u_core0.\ROW[26].COL[1].u_pe.$add$/openlane/designs/Tensor/src/pe.v:25$8.
  merging $macc model for $flatten\u_core0.\ROW[25].COL[1].u_pe.$mul$/openlane/designs/Tensor/src/pe.v:25$7 into $flatten\u_core0.\ROW[25].COL[1].u_pe.$add$/openlane/designs/Tensor/src/pe.v:25$8.
  merging $macc model for $flatten\u_core0.\ROW[24].COL[1].u_pe.$mul$/openlane/designs/Tensor/src/pe.v:25$7 into $flatten\u_core0.\ROW[24].COL[1].u_pe.$add$/openlane/designs/Tensor/src/pe.v:25$8.
  merging $macc model for $flatten\u_core0.\ROW[23].COL[1].u_pe.$mul$/openlane/designs/Tensor/src/pe.v:25$7 into $flatten\u_core0.\ROW[23].COL[1].u_pe.$add$/openlane/designs/Tensor/src/pe.v:25$8.
  merging $macc model for $flatten\u_core0.\ROW[22].COL[1].u_pe.$mul$/openlane/designs/Tensor/src/pe.v:25$7 into $flatten\u_core0.\ROW[22].COL[1].u_pe.$add$/openlane/designs/Tensor/src/pe.v:25$8.
  merging $macc model for $flatten\u_core0.\ROW[21].COL[1].u_pe.$mul$/openlane/designs/Tensor/src/pe.v:25$7 into $flatten\u_core0.\ROW[21].COL[1].u_pe.$add$/openlane/designs/Tensor/src/pe.v:25$8.
  merging $macc model for $flatten\u_core0.\ROW[20].COL[1].u_pe.$mul$/openlane/designs/Tensor/src/pe.v:25$7 into $flatten\u_core0.\ROW[20].COL[1].u_pe.$add$/openlane/designs/Tensor/src/pe.v:25$8.
  merging $macc model for $flatten\u_core0.\ROW[1].COL[1].u_pe.$mul$/openlane/designs/Tensor/src/pe.v:25$7 into $flatten\u_core0.\ROW[1].COL[1].u_pe.$add$/openlane/designs/Tensor/src/pe.v:25$8.
  merging $macc model for $flatten\u_core0.\ROW[19].COL[1].u_pe.$mul$/openlane/designs/Tensor/src/pe.v:25$7 into $flatten\u_core0.\ROW[19].COL[1].u_pe.$add$/openlane/designs/Tensor/src/pe.v:25$8.
  merging $macc model for $flatten\u_core0.\ROW[18].COL[1].u_pe.$mul$/openlane/designs/Tensor/src/pe.v:25$7 into $flatten\u_core0.\ROW[18].COL[1].u_pe.$add$/openlane/designs/Tensor/src/pe.v:25$8.
  merging $macc model for $flatten\u_core0.\ROW[17].COL[1].u_pe.$mul$/openlane/designs/Tensor/src/pe.v:25$7 into $flatten\u_core0.\ROW[17].COL[1].u_pe.$add$/openlane/designs/Tensor/src/pe.v:25$8.
  merging $macc model for $flatten\u_core0.\ROW[16].COL[1].u_pe.$mul$/openlane/designs/Tensor/src/pe.v:25$7 into $flatten\u_core0.\ROW[16].COL[1].u_pe.$add$/openlane/designs/Tensor/src/pe.v:25$8.
  merging $macc model for $flatten\u_core0.\ROW[15].COL[1].u_pe.$mul$/openlane/designs/Tensor/src/pe.v:25$7 into $flatten\u_core0.\ROW[15].COL[1].u_pe.$add$/openlane/designs/Tensor/src/pe.v:25$8.
  merging $macc model for $flatten\u_core0.\ROW[14].COL[1].u_pe.$mul$/openlane/designs/Tensor/src/pe.v:25$7 into $flatten\u_core0.\ROW[14].COL[1].u_pe.$add$/openlane/designs/Tensor/src/pe.v:25$8.
  merging $macc model for $flatten\u_core0.\ROW[13].COL[1].u_pe.$mul$/openlane/designs/Tensor/src/pe.v:25$7 into $flatten\u_core0.\ROW[13].COL[1].u_pe.$add$/openlane/designs/Tensor/src/pe.v:25$8.
  merging $macc model for $flatten\u_core0.\ROW[12].COL[1].u_pe.$mul$/openlane/designs/Tensor/src/pe.v:25$7 into $flatten\u_core0.\ROW[12].COL[1].u_pe.$add$/openlane/designs/Tensor/src/pe.v:25$8.
  merging $macc model for $flatten\u_core0.\ROW[11].COL[1].u_pe.$mul$/openlane/designs/Tensor/src/pe.v:25$7 into $flatten\u_core0.\ROW[11].COL[1].u_pe.$add$/openlane/designs/Tensor/src/pe.v:25$8.
  merging $macc model for $flatten\u_core0.\ROW[10].COL[1].u_pe.$mul$/openlane/designs/Tensor/src/pe.v:25$7 into $flatten\u_core0.\ROW[10].COL[1].u_pe.$add$/openlane/designs/Tensor/src/pe.v:25$8.
  creating $alu model for $macc $flatten\u_core0.\ROW[31].COL[0].u_pe.$add$/openlane/designs/Tensor/src/pe.v:25$8.
  creating $alu model for $macc $flatten\u_core0.\ROW[30].COL[0].u_pe.$add$/openlane/designs/Tensor/src/pe.v:25$8.
  creating $alu model for $macc $flatten\u_core0.\ROW[2].COL[0].u_pe.$add$/openlane/designs/Tensor/src/pe.v:25$8.
  creating $alu model for $macc $flatten\u_core0.\ROW[29].COL[0].u_pe.$add$/openlane/designs/Tensor/src/pe.v:25$8.
  creating $alu model for $macc $flatten\u_core0.\ROW[5].COL[0].u_pe.$add$/openlane/designs/Tensor/src/pe.v:25$8.
  creating $alu model for $macc $flatten\u_core0.\ROW[28].COL[0].u_pe.$add$/openlane/designs/Tensor/src/pe.v:25$8.
  creating $alu model for $macc $flatten\u_core0.\ROW[27].COL[0].u_pe.$add$/openlane/designs/Tensor/src/pe.v:25$8.
  creating $alu model for $macc $flatten\u_core0.\ROW[26].COL[0].u_pe.$add$/openlane/designs/Tensor/src/pe.v:25$8.
  creating $alu model for $macc $flatten\u_core0.\ROW[25].COL[0].u_pe.$add$/openlane/designs/Tensor/src/pe.v:25$8.
  creating $alu model for $macc $flatten\u_core0.\ROW[6].COL[0].u_pe.$add$/openlane/designs/Tensor/src/pe.v:25$8.
  creating $alu model for $macc $flatten\u_core0.\ROW[24].COL[0].u_pe.$add$/openlane/designs/Tensor/src/pe.v:25$8.
  creating $alu model for $macc $flatten\u_core0.\ROW[23].COL[0].u_pe.$add$/openlane/designs/Tensor/src/pe.v:25$8.
  creating $alu model for $macc $flatten\u_core0.\ROW[22].COL[0].u_pe.$add$/openlane/designs/Tensor/src/pe.v:25$8.
  creating $alu model for $macc $flatten\u_core0.\ROW[3].COL[0].u_pe.$add$/openlane/designs/Tensor/src/pe.v:25$8.
  creating $alu model for $macc $flatten\u_core0.\ROW[21].COL[0].u_pe.$add$/openlane/designs/Tensor/src/pe.v:25$8.
  creating $alu model for $macc $flatten\u_core0.\ROW[7].COL[0].u_pe.$add$/openlane/designs/Tensor/src/pe.v:25$8.
  creating $alu model for $macc $flatten\u_core0.\ROW[20].COL[0].u_pe.$add$/openlane/designs/Tensor/src/pe.v:25$8.
  creating $alu model for $macc $flatten\u_core0.\ROW[1].COL[0].u_pe.$add$/openlane/designs/Tensor/src/pe.v:25$8.
  creating $alu model for $macc $flatten\u_core0.\ROW[19].COL[0].u_pe.$add$/openlane/designs/Tensor/src/pe.v:25$8.
  creating $alu model for $macc $flatten\u_core0.\ROW[4].COL[0].u_pe.$add$/openlane/designs/Tensor/src/pe.v:25$8.
  creating $alu model for $macc $flatten\u_core0.\ROW[18].COL[0].u_pe.$add$/openlane/designs/Tensor/src/pe.v:25$8.
  creating $alu model for $macc $flatten\u_core0.\ROW[8].COL[0].u_pe.$add$/openlane/designs/Tensor/src/pe.v:25$8.
  creating $alu model for $macc $flatten\u_core0.\ROW[17].COL[0].u_pe.$add$/openlane/designs/Tensor/src/pe.v:25$8.
  creating $alu model for $macc $flatten\u_core0.\ROW[16].COL[0].u_pe.$add$/openlane/designs/Tensor/src/pe.v:25$8.
  creating $alu model for $macc $flatten\u_core0.\ROW[15].COL[0].u_pe.$add$/openlane/designs/Tensor/src/pe.v:25$8.
  creating $alu model for $macc $flatten\u_core0.\ROW[14].COL[0].u_pe.$add$/openlane/designs/Tensor/src/pe.v:25$8.
  creating $alu model for $macc $flatten\u_core0.\ROW[9].COL[0].u_pe.$add$/openlane/designs/Tensor/src/pe.v:25$8.
  creating $alu model for $macc $flatten\u_core0.\ROW[13].COL[0].u_pe.$add$/openlane/designs/Tensor/src/pe.v:25$8.
  creating $alu model for $macc $flatten\u_core0.\ROW[12].COL[0].u_pe.$add$/openlane/designs/Tensor/src/pe.v:25$8.
  creating $alu model for $macc $flatten\u_core0.\ROW[11].COL[0].u_pe.$add$/openlane/designs/Tensor/src/pe.v:25$8.
  creating $alu model for $macc $flatten\u_core0.\ROW[10].COL[0].u_pe.$add$/openlane/designs/Tensor/src/pe.v:25$8.
  creating $alu model for $macc $add$/openlane/designs/Tensor/src/chip_top.v:111$5.
  creating $macc cell for $flatten\u_core0.\ROW[5].COL[1].u_pe.$add$/openlane/designs/Tensor/src/pe.v:25$8: $auto$alumacc.cc:365:replace_macc$12396
  creating $macc cell for $flatten\u_core0.\ROW[6].COL[0].u_pe.$mul$/openlane/designs/Tensor/src/pe.v:25$7: $auto$alumacc.cc:365:replace_macc$12397
  creating $macc cell for $flatten\u_core0.\ROW[23].COL[1].u_pe.$add$/openlane/designs/Tensor/src/pe.v:25$8: $auto$alumacc.cc:365:replace_macc$12398
  creating $macc cell for $flatten\u_core0.\ROW[23].COL[0].u_pe.$mul$/openlane/designs/Tensor/src/pe.v:25$7: $auto$alumacc.cc:365:replace_macc$12399
  creating $macc cell for $flatten\u_core0.\ROW[3].COL[0].u_pe.$mul$/openlane/designs/Tensor/src/pe.v:25$7: $auto$alumacc.cc:365:replace_macc$12400
  creating $macc cell for $flatten\u_core0.\ROW[6].COL[1].u_pe.$add$/openlane/designs/Tensor/src/pe.v:25$8: $auto$alumacc.cc:365:replace_macc$12401
  creating $macc cell for $flatten\u_core0.\ROW[22].COL[1].u_pe.$add$/openlane/designs/Tensor/src/pe.v:25$8: $auto$alumacc.cc:365:replace_macc$12402
  creating $macc cell for $flatten\u_core0.\ROW[22].COL[0].u_pe.$mul$/openlane/designs/Tensor/src/pe.v:25$7: $auto$alumacc.cc:365:replace_macc$12403
  creating $macc cell for $flatten\u_core0.\ROW[27].COL[0].u_pe.$mul$/openlane/designs/Tensor/src/pe.v:25$7: $auto$alumacc.cc:365:replace_macc$12404
  creating $macc cell for $flatten\u_core0.\ROW[27].COL[1].u_pe.$add$/openlane/designs/Tensor/src/pe.v:25$8: $auto$alumacc.cc:365:replace_macc$12405
  creating $macc cell for $flatten\u_core0.\ROW[21].COL[1].u_pe.$add$/openlane/designs/Tensor/src/pe.v:25$8: $auto$alumacc.cc:365:replace_macc$12406
  creating $macc cell for $flatten\u_core0.\ROW[21].COL[0].u_pe.$mul$/openlane/designs/Tensor/src/pe.v:25$7: $auto$alumacc.cc:365:replace_macc$12407
  creating $macc cell for $flatten\u_core0.\ROW[5].COL[0].u_pe.$mul$/openlane/designs/Tensor/src/pe.v:25$7: $auto$alumacc.cc:365:replace_macc$12408
  creating $macc cell for $flatten\u_core0.\ROW[25].COL[1].u_pe.$add$/openlane/designs/Tensor/src/pe.v:25$8: $auto$alumacc.cc:365:replace_macc$12409
  creating $macc cell for $flatten\u_core0.\ROW[20].COL[1].u_pe.$add$/openlane/designs/Tensor/src/pe.v:25$8: $auto$alumacc.cc:365:replace_macc$12410
  creating $macc cell for $flatten\u_core0.\ROW[20].COL[0].u_pe.$mul$/openlane/designs/Tensor/src/pe.v:25$7: $auto$alumacc.cc:365:replace_macc$12411
  creating $macc cell for $flatten\u_core0.\ROW[28].COL[0].u_pe.$mul$/openlane/designs/Tensor/src/pe.v:25$7: $auto$alumacc.cc:365:replace_macc$12412
  creating $macc cell for $flatten\u_core0.\ROW[7].COL[0].u_pe.$mul$/openlane/designs/Tensor/src/pe.v:25$7: $auto$alumacc.cc:365:replace_macc$12413
  creating $macc cell for $flatten\u_core0.\ROW[1].COL[1].u_pe.$add$/openlane/designs/Tensor/src/pe.v:25$8: $auto$alumacc.cc:365:replace_macc$12414
  creating $macc cell for $flatten\u_core0.\ROW[1].COL[0].u_pe.$mul$/openlane/designs/Tensor/src/pe.v:25$7: $auto$alumacc.cc:365:replace_macc$12415
  creating $macc cell for $flatten\u_core0.\ROW[28].COL[1].u_pe.$add$/openlane/designs/Tensor/src/pe.v:25$8: $auto$alumacc.cc:365:replace_macc$12416
  creating $macc cell for $flatten\u_core0.\ROW[7].COL[1].u_pe.$add$/openlane/designs/Tensor/src/pe.v:25$8: $auto$alumacc.cc:365:replace_macc$12417
  creating $macc cell for $flatten\u_core0.\ROW[19].COL[1].u_pe.$add$/openlane/designs/Tensor/src/pe.v:25$8: $auto$alumacc.cc:365:replace_macc$12418
  creating $macc cell for $flatten\u_core0.\ROW[19].COL[0].u_pe.$mul$/openlane/designs/Tensor/src/pe.v:25$7: $auto$alumacc.cc:365:replace_macc$12419
  creating $macc cell for $flatten\u_core0.\ROW[25].COL[0].u_pe.$mul$/openlane/designs/Tensor/src/pe.v:25$7: $auto$alumacc.cc:365:replace_macc$12420
  creating $macc cell for $flatten\u_core0.\ROW[26].COL[0].u_pe.$mul$/openlane/designs/Tensor/src/pe.v:25$7: $auto$alumacc.cc:365:replace_macc$12421
  creating $macc cell for $flatten\u_core0.\ROW[18].COL[1].u_pe.$add$/openlane/designs/Tensor/src/pe.v:25$8: $auto$alumacc.cc:365:replace_macc$12422
  creating $macc cell for $flatten\u_core0.\ROW[18].COL[0].u_pe.$mul$/openlane/designs/Tensor/src/pe.v:25$7: $auto$alumacc.cc:365:replace_macc$12423
  creating $macc cell for $flatten\u_core0.\ROW[29].COL[0].u_pe.$mul$/openlane/designs/Tensor/src/pe.v:25$7: $auto$alumacc.cc:365:replace_macc$12424
  creating $macc cell for $flatten\u_core0.\ROW[29].COL[1].u_pe.$add$/openlane/designs/Tensor/src/pe.v:25$8: $auto$alumacc.cc:365:replace_macc$12425
  creating $macc cell for $flatten\u_core0.\ROW[17].COL[1].u_pe.$add$/openlane/designs/Tensor/src/pe.v:25$8: $auto$alumacc.cc:365:replace_macc$12426
  creating $macc cell for $flatten\u_core0.\ROW[17].COL[0].u_pe.$mul$/openlane/designs/Tensor/src/pe.v:25$7: $auto$alumacc.cc:365:replace_macc$12427
  creating $macc cell for $flatten\u_core0.\ROW[3].COL[1].u_pe.$add$/openlane/designs/Tensor/src/pe.v:25$8: $auto$alumacc.cc:365:replace_macc$12428
  creating $macc cell for $flatten\u_core0.\ROW[8].COL[0].u_pe.$mul$/openlane/designs/Tensor/src/pe.v:25$7: $auto$alumacc.cc:365:replace_macc$12429
  creating $macc cell for $flatten\u_core0.\ROW[16].COL[1].u_pe.$add$/openlane/designs/Tensor/src/pe.v:25$8: $auto$alumacc.cc:365:replace_macc$12430
  creating $macc cell for $flatten\u_core0.\ROW[16].COL[0].u_pe.$mul$/openlane/designs/Tensor/src/pe.v:25$7: $auto$alumacc.cc:365:replace_macc$12431
  creating $macc cell for $flatten\u_core0.\ROW[26].COL[1].u_pe.$add$/openlane/designs/Tensor/src/pe.v:25$8: $auto$alumacc.cc:365:replace_macc$12432
  creating $macc cell for $flatten\u_core0.\ROW[8].COL[1].u_pe.$add$/openlane/designs/Tensor/src/pe.v:25$8: $auto$alumacc.cc:365:replace_macc$12433
  creating $macc cell for $flatten\u_core0.\ROW[15].COL[1].u_pe.$add$/openlane/designs/Tensor/src/pe.v:25$8: $auto$alumacc.cc:365:replace_macc$12434
  creating $macc cell for $flatten\u_core0.\ROW[15].COL[0].u_pe.$mul$/openlane/designs/Tensor/src/pe.v:25$7: $auto$alumacc.cc:365:replace_macc$12435
  creating $macc cell for $flatten\u_core0.\ROW[2].COL[0].u_pe.$mul$/openlane/designs/Tensor/src/pe.v:25$7: $auto$alumacc.cc:365:replace_macc$12436
  creating $macc cell for $flatten\u_core0.\ROW[31].COL[1].u_pe.$add$/openlane/designs/Tensor/src/pe.v:25$8: $auto$alumacc.cc:365:replace_macc$12437
  creating $macc cell for $flatten\u_core0.\ROW[14].COL[1].u_pe.$add$/openlane/designs/Tensor/src/pe.v:25$8: $auto$alumacc.cc:365:replace_macc$12438
  creating $macc cell for $flatten\u_core0.\ROW[14].COL[0].u_pe.$mul$/openlane/designs/Tensor/src/pe.v:25$7: $auto$alumacc.cc:365:replace_macc$12439
  creating $macc cell for $flatten\u_core0.\ROW[2].COL[1].u_pe.$add$/openlane/designs/Tensor/src/pe.v:25$8: $auto$alumacc.cc:365:replace_macc$12440
  creating $macc cell for $flatten\u_core0.\ROW[4].COL[1].u_pe.$add$/openlane/designs/Tensor/src/pe.v:25$8: $auto$alumacc.cc:365:replace_macc$12441
  creating $macc cell for $flatten\u_core0.\ROW[13].COL[1].u_pe.$add$/openlane/designs/Tensor/src/pe.v:25$8: $auto$alumacc.cc:365:replace_macc$12442
  creating $macc cell for $flatten\u_core0.\ROW[13].COL[0].u_pe.$mul$/openlane/designs/Tensor/src/pe.v:25$7: $auto$alumacc.cc:365:replace_macc$12443
  creating $macc cell for $flatten\u_core0.\ROW[24].COL[1].u_pe.$add$/openlane/designs/Tensor/src/pe.v:25$8: $auto$alumacc.cc:365:replace_macc$12444
  creating $macc cell for $flatten\u_core0.\ROW[9].COL[0].u_pe.$mul$/openlane/designs/Tensor/src/pe.v:25$7: $auto$alumacc.cc:365:replace_macc$12445
  creating $macc cell for $flatten\u_core0.\ROW[12].COL[1].u_pe.$add$/openlane/designs/Tensor/src/pe.v:25$8: $auto$alumacc.cc:365:replace_macc$12446
  creating $macc cell for $flatten\u_core0.\ROW[12].COL[0].u_pe.$mul$/openlane/designs/Tensor/src/pe.v:25$7: $auto$alumacc.cc:365:replace_macc$12447
  creating $macc cell for $flatten\u_core0.\ROW[30].COL[0].u_pe.$mul$/openlane/designs/Tensor/src/pe.v:25$7: $auto$alumacc.cc:365:replace_macc$12448
  creating $macc cell for $flatten\u_core0.\ROW[9].COL[1].u_pe.$add$/openlane/designs/Tensor/src/pe.v:25$8: $auto$alumacc.cc:365:replace_macc$12449
  creating $macc cell for $flatten\u_core0.\ROW[11].COL[1].u_pe.$add$/openlane/designs/Tensor/src/pe.v:25$8: $auto$alumacc.cc:365:replace_macc$12450
  creating $macc cell for $flatten\u_core0.\ROW[11].COL[0].u_pe.$mul$/openlane/designs/Tensor/src/pe.v:25$7: $auto$alumacc.cc:365:replace_macc$12451
  creating $macc cell for $flatten\u_core0.\ROW[30].COL[1].u_pe.$add$/openlane/designs/Tensor/src/pe.v:25$8: $auto$alumacc.cc:365:replace_macc$12452
  creating $macc cell for $flatten\u_core0.\ROW[31].COL[0].u_pe.$mul$/openlane/designs/Tensor/src/pe.v:25$7: $auto$alumacc.cc:365:replace_macc$12453
  creating $macc cell for $flatten\u_core0.\ROW[10].COL[1].u_pe.$add$/openlane/designs/Tensor/src/pe.v:25$8: $auto$alumacc.cc:365:replace_macc$12454
  creating $macc cell for $flatten\u_core0.\ROW[10].COL[0].u_pe.$mul$/openlane/designs/Tensor/src/pe.v:25$7: $auto$alumacc.cc:365:replace_macc$12455
  creating $macc cell for $flatten\u_core0.\ROW[4].COL[0].u_pe.$mul$/openlane/designs/Tensor/src/pe.v:25$7: $auto$alumacc.cc:365:replace_macc$12456
  creating $macc cell for $flatten\u_core0.\ROW[0].COL[1].u_pe.$mul$/openlane/designs/Tensor/src/pe.v:25$7: $auto$alumacc.cc:365:replace_macc$12457
  creating $macc cell for $flatten\u_core0.\ROW[0].COL[0].u_pe.$mul$/openlane/designs/Tensor/src/pe.v:25$7: $auto$alumacc.cc:365:replace_macc$12458
  creating $macc cell for $flatten\u_core0.\ROW[24].COL[0].u_pe.$mul$/openlane/designs/Tensor/src/pe.v:25$7: $auto$alumacc.cc:365:replace_macc$12459
  creating $alu cell for $add$/openlane/designs/Tensor/src/chip_top.v:111$5: $auto$alumacc.cc:485:replace_alu$12460
  creating $alu cell for $flatten\u_core0.\ROW[10].COL[0].u_pe.$add$/openlane/designs/Tensor/src/pe.v:25$8: $auto$alumacc.cc:485:replace_alu$12463
  creating $alu cell for $flatten\u_core0.\ROW[11].COL[0].u_pe.$add$/openlane/designs/Tensor/src/pe.v:25$8: $auto$alumacc.cc:485:replace_alu$12466
  creating $alu cell for $flatten\u_core0.\ROW[12].COL[0].u_pe.$add$/openlane/designs/Tensor/src/pe.v:25$8: $auto$alumacc.cc:485:replace_alu$12469
  creating $alu cell for $flatten\u_core0.\ROW[13].COL[0].u_pe.$add$/openlane/designs/Tensor/src/pe.v:25$8: $auto$alumacc.cc:485:replace_alu$12472
  creating $alu cell for $flatten\u_core0.\ROW[9].COL[0].u_pe.$add$/openlane/designs/Tensor/src/pe.v:25$8: $auto$alumacc.cc:485:replace_alu$12475
  creating $alu cell for $flatten\u_core0.\ROW[14].COL[0].u_pe.$add$/openlane/designs/Tensor/src/pe.v:25$8: $auto$alumacc.cc:485:replace_alu$12478
  creating $alu cell for $flatten\u_core0.\ROW[15].COL[0].u_pe.$add$/openlane/designs/Tensor/src/pe.v:25$8: $auto$alumacc.cc:485:replace_alu$12481
  creating $alu cell for $flatten\u_core0.\ROW[16].COL[0].u_pe.$add$/openlane/designs/Tensor/src/pe.v:25$8: $auto$alumacc.cc:485:replace_alu$12484
  creating $alu cell for $flatten\u_core0.\ROW[17].COL[0].u_pe.$add$/openlane/designs/Tensor/src/pe.v:25$8: $auto$alumacc.cc:485:replace_alu$12487
  creating $alu cell for $flatten\u_core0.\ROW[8].COL[0].u_pe.$add$/openlane/designs/Tensor/src/pe.v:25$8: $auto$alumacc.cc:485:replace_alu$12490
  creating $alu cell for $flatten\u_core0.\ROW[18].COL[0].u_pe.$add$/openlane/designs/Tensor/src/pe.v:25$8: $auto$alumacc.cc:485:replace_alu$12493
  creating $alu cell for $flatten\u_core0.\ROW[4].COL[0].u_pe.$add$/openlane/designs/Tensor/src/pe.v:25$8: $auto$alumacc.cc:485:replace_alu$12496
  creating $alu cell for $flatten\u_core0.\ROW[19].COL[0].u_pe.$add$/openlane/designs/Tensor/src/pe.v:25$8: $auto$alumacc.cc:485:replace_alu$12499
  creating $alu cell for $flatten\u_core0.\ROW[1].COL[0].u_pe.$add$/openlane/designs/Tensor/src/pe.v:25$8: $auto$alumacc.cc:485:replace_alu$12502
  creating $alu cell for $flatten\u_core0.\ROW[20].COL[0].u_pe.$add$/openlane/designs/Tensor/src/pe.v:25$8: $auto$alumacc.cc:485:replace_alu$12505
  creating $alu cell for $flatten\u_core0.\ROW[7].COL[0].u_pe.$add$/openlane/designs/Tensor/src/pe.v:25$8: $auto$alumacc.cc:485:replace_alu$12508
  creating $alu cell for $flatten\u_core0.\ROW[21].COL[0].u_pe.$add$/openlane/designs/Tensor/src/pe.v:25$8: $auto$alumacc.cc:485:replace_alu$12511
  creating $alu cell for $flatten\u_core0.\ROW[3].COL[0].u_pe.$add$/openlane/designs/Tensor/src/pe.v:25$8: $auto$alumacc.cc:485:replace_alu$12514
  creating $alu cell for $flatten\u_core0.\ROW[22].COL[0].u_pe.$add$/openlane/designs/Tensor/src/pe.v:25$8: $auto$alumacc.cc:485:replace_alu$12517
  creating $alu cell for $flatten\u_core0.\ROW[23].COL[0].u_pe.$add$/openlane/designs/Tensor/src/pe.v:25$8: $auto$alumacc.cc:485:replace_alu$12520
  creating $alu cell for $flatten\u_core0.\ROW[24].COL[0].u_pe.$add$/openlane/designs/Tensor/src/pe.v:25$8: $auto$alumacc.cc:485:replace_alu$12523
  creating $alu cell for $flatten\u_core0.\ROW[6].COL[0].u_pe.$add$/openlane/designs/Tensor/src/pe.v:25$8: $auto$alumacc.cc:485:replace_alu$12526
  creating $alu cell for $flatten\u_core0.\ROW[25].COL[0].u_pe.$add$/openlane/designs/Tensor/src/pe.v:25$8: $auto$alumacc.cc:485:replace_alu$12529
  creating $alu cell for $flatten\u_core0.\ROW[26].COL[0].u_pe.$add$/openlane/designs/Tensor/src/pe.v:25$8: $auto$alumacc.cc:485:replace_alu$12532
  creating $alu cell for $flatten\u_core0.\ROW[27].COL[0].u_pe.$add$/openlane/designs/Tensor/src/pe.v:25$8: $auto$alumacc.cc:485:replace_alu$12535
  creating $alu cell for $flatten\u_core0.\ROW[28].COL[0].u_pe.$add$/openlane/designs/Tensor/src/pe.v:25$8: $auto$alumacc.cc:485:replace_alu$12538
  creating $alu cell for $flatten\u_core0.\ROW[5].COL[0].u_pe.$add$/openlane/designs/Tensor/src/pe.v:25$8: $auto$alumacc.cc:485:replace_alu$12541
  creating $alu cell for $flatten\u_core0.\ROW[29].COL[0].u_pe.$add$/openlane/designs/Tensor/src/pe.v:25$8: $auto$alumacc.cc:485:replace_alu$12544
  creating $alu cell for $flatten\u_core0.\ROW[2].COL[0].u_pe.$add$/openlane/designs/Tensor/src/pe.v:25$8: $auto$alumacc.cc:485:replace_alu$12547
  creating $alu cell for $flatten\u_core0.\ROW[30].COL[0].u_pe.$add$/openlane/designs/Tensor/src/pe.v:25$8: $auto$alumacc.cc:485:replace_alu$12550
  creating $alu cell for $flatten\u_core0.\ROW[31].COL[0].u_pe.$add$/openlane/designs/Tensor/src/pe.v:25$8: $auto$alumacc.cc:485:replace_alu$12553
  created 32 $alu and 64 $macc cells.

33. Executing SHARE pass (SAT-based resource sharing).
Found 31 cells in module chip_top that may be considered for resource sharing.
  Analyzing resource sharing options for $flatten\u_core0.\ROW[9].COL[1].u_pe.$mul$/openlane/designs/Tensor/src/pe.v:25$7 ($mul):
    Found cell that is never activated: $flatten\u_core0.\ROW[9].COL[1].u_pe.$mul$/openlane/designs/Tensor/src/pe.v:25$7
    Cell is never active. Sharing is pointless, we simply remove it.
  Analyzing resource sharing options for $flatten\u_core0.\ROW[8].COL[1].u_pe.$mul$/openlane/designs/Tensor/src/pe.v:25$7 ($mul):
    Found cell that is never activated: $flatten\u_core0.\ROW[8].COL[1].u_pe.$mul$/openlane/designs/Tensor/src/pe.v:25$7
    Cell is never active. Sharing is pointless, we simply remove it.
  Analyzing resource sharing options for $flatten\u_core0.\ROW[7].COL[1].u_pe.$mul$/openlane/designs/Tensor/src/pe.v:25$7 ($mul):
    Found cell that is never activated: $flatten\u_core0.\ROW[7].COL[1].u_pe.$mul$/openlane/designs/Tensor/src/pe.v:25$7
    Cell is never active. Sharing is pointless, we simply remove it.
  Analyzing resource sharing options for $flatten\u_core0.\ROW[6].COL[1].u_pe.$mul$/openlane/designs/Tensor/src/pe.v:25$7 ($mul):
    Found cell that is never activated: $flatten\u_core0.\ROW[6].COL[1].u_pe.$mul$/openlane/designs/Tensor/src/pe.v:25$7
    Cell is never active. Sharing is pointless, we simply remove it.
  Analyzing resource sharing options for $flatten\u_core0.\ROW[5].COL[1].u_pe.$mul$/openlane/designs/Tensor/src/pe.v:25$7 ($mul):
    Found cell that is never activated: $flatten\u_core0.\ROW[5].COL[1].u_pe.$mul$/openlane/designs/Tensor/src/pe.v:25$7
    Cell is never active. Sharing is pointless, we simply remove it.
  Analyzing resource sharing options for $flatten\u_core0.\ROW[4].COL[1].u_pe.$mul$/openlane/designs/Tensor/src/pe.v:25$7 ($mul):
    Found cell that is never activated: $flatten\u_core0.\ROW[4].COL[1].u_pe.$mul$/openlane/designs/Tensor/src/pe.v:25$7
    Cell is never active. Sharing is pointless, we simply remove it.
  Analyzing resource sharing options for $flatten\u_core0.\ROW[3].COL[1].u_pe.$mul$/openlane/designs/Tensor/src/pe.v:25$7 ($mul):
    Found cell that is never activated: $flatten\u_core0.\ROW[3].COL[1].u_pe.$mul$/openlane/designs/Tensor/src/pe.v:25$7
    Cell is never active. Sharing is pointless, we simply remove it.
  Analyzing resource sharing options for $flatten\u_core0.\ROW[31].COL[1].u_pe.$mul$/openlane/designs/Tensor/src/pe.v:25$7 ($mul):
    Found cell that is never activated: $flatten\u_core0.\ROW[31].COL[1].u_pe.$mul$/openlane/designs/Tensor/src/pe.v:25$7
    Cell is never active. Sharing is pointless, we simply remove it.
  Analyzing resource sharing options for $flatten\u_core0.\ROW[30].COL[1].u_pe.$mul$/openlane/designs/Tensor/src/pe.v:25$7 ($mul):
    Found cell that is never activated: $flatten\u_core0.\ROW[30].COL[1].u_pe.$mul$/openlane/designs/Tensor/src/pe.v:25$7
    Cell is never active. Sharing is pointless, we simply remove it.
  Analyzing resource sharing options for $flatten\u_core0.\ROW[2].COL[1].u_pe.$mul$/openlane/designs/Tensor/src/pe.v:25$7 ($mul):
    Found cell that is never activated: $flatten\u_core0.\ROW[2].COL[1].u_pe.$mul$/openlane/designs/Tensor/src/pe.v:25$7
    Cell is never active. Sharing is pointless, we simply remove it.
  Analyzing resource sharing options for $flatten\u_core0.\ROW[29].COL[1].u_pe.$mul$/openlane/designs/Tensor/src/pe.v:25$7 ($mul):
    Found cell that is never activated: $flatten\u_core0.\ROW[29].COL[1].u_pe.$mul$/openlane/designs/Tensor/src/pe.v:25$7
    Cell is never active. Sharing is pointless, we simply remove it.
  Analyzing resource sharing options for $flatten\u_core0.\ROW[28].COL[1].u_pe.$mul$/openlane/designs/Tensor/src/pe.v:25$7 ($mul):
    Found cell that is never activated: $flatten\u_core0.\ROW[28].COL[1].u_pe.$mul$/openlane/designs/Tensor/src/pe.v:25$7
    Cell is never active. Sharing is pointless, we simply remove it.
  Analyzing resource sharing options for $flatten\u_core0.\ROW[27].COL[1].u_pe.$mul$/openlane/designs/Tensor/src/pe.v:25$7 ($mul):
    Found cell that is never activated: $flatten\u_core0.\ROW[27].COL[1].u_pe.$mul$/openlane/designs/Tensor/src/pe.v:25$7
    Cell is never active. Sharing is pointless, we simply remove it.
  Analyzing resource sharing options for $flatten\u_core0.\ROW[26].COL[1].u_pe.$mul$/openlane/designs/Tensor/src/pe.v:25$7 ($mul):
    Found cell that is never activated: $flatten\u_core0.\ROW[26].COL[1].u_pe.$mul$/openlane/designs/Tensor/src/pe.v:25$7
    Cell is never active. Sharing is pointless, we simply remove it.
  Analyzing resource sharing options for $flatten\u_core0.\ROW[25].COL[1].u_pe.$mul$/openlane/designs/Tensor/src/pe.v:25$7 ($mul):
    Found cell that is never activated: $flatten\u_core0.\ROW[25].COL[1].u_pe.$mul$/openlane/designs/Tensor/src/pe.v:25$7
    Cell is never active. Sharing is pointless, we simply remove it.
  Analyzing resource sharing options for $flatten\u_core0.\ROW[24].COL[1].u_pe.$mul$/openlane/designs/Tensor/src/pe.v:25$7 ($mul):
    Found cell that is never activated: $flatten\u_core0.\ROW[24].COL[1].u_pe.$mul$/openlane/designs/Tensor/src/pe.v:25$7
    Cell is never active. Sharing is pointless, we simply remove it.
  Analyzing resource sharing options for $flatten\u_core0.\ROW[23].COL[1].u_pe.$mul$/openlane/designs/Tensor/src/pe.v:25$7 ($mul):
    Found cell that is never activated: $flatten\u_core0.\ROW[23].COL[1].u_pe.$mul$/openlane/designs/Tensor/src/pe.v:25$7
    Cell is never active. Sharing is pointless, we simply remove it.
  Analyzing resource sharing options for $flatten\u_core0.\ROW[22].COL[1].u_pe.$mul$/openlane/designs/Tensor/src/pe.v:25$7 ($mul):
    Found cell that is never activated: $flatten\u_core0.\ROW[22].COL[1].u_pe.$mul$/openlane/designs/Tensor/src/pe.v:25$7
    Cell is never active. Sharing is pointless, we simply remove it.
  Analyzing resource sharing options for $flatten\u_core0.\ROW[21].COL[1].u_pe.$mul$/openlane/designs/Tensor/src/pe.v:25$7 ($mul):
    Found cell that is never activated: $flatten\u_core0.\ROW[21].COL[1].u_pe.$mul$/openlane/designs/Tensor/src/pe.v:25$7
    Cell is never active. Sharing is pointless, we simply remove it.
  Analyzing resource sharing options for $flatten\u_core0.\ROW[20].COL[1].u_pe.$mul$/openlane/designs/Tensor/src/pe.v:25$7 ($mul):
    Found cell that is never activated: $flatten\u_core0.\ROW[20].COL[1].u_pe.$mul$/openlane/designs/Tensor/src/pe.v:25$7
    Cell is never active. Sharing is pointless, we simply remove it.
  Analyzing resource sharing options for $flatten\u_core0.\ROW[1].COL[1].u_pe.$mul$/openlane/designs/Tensor/src/pe.v:25$7 ($mul):
    Found cell that is never activated: $flatten\u_core0.\ROW[1].COL[1].u_pe.$mul$/openlane/designs/Tensor/src/pe.v:25$7
    Cell is never active. Sharing is pointless, we simply remove it.
  Analyzing resource sharing options for $flatten\u_core0.\ROW[19].COL[1].u_pe.$mul$/openlane/designs/Tensor/src/pe.v:25$7 ($mul):
    Found cell that is never activated: $flatten\u_core0.\ROW[19].COL[1].u_pe.$mul$/openlane/designs/Tensor/src/pe.v:25$7
    Cell is never active. Sharing is pointless, we simply remove it.
  Analyzing resource sharing options for $flatten\u_core0.\ROW[18].COL[1].u_pe.$mul$/openlane/designs/Tensor/src/pe.v:25$7 ($mul):
    Found cell that is never activated: $flatten\u_core0.\ROW[18].COL[1].u_pe.$mul$/openlane/designs/Tensor/src/pe.v:25$7
    Cell is never active. Sharing is pointless, we simply remove it.
  Analyzing resource sharing options for $flatten\u_core0.\ROW[17].COL[1].u_pe.$mul$/openlane/designs/Tensor/src/pe.v:25$7 ($mul):
    Found cell that is never activated: $flatten\u_core0.\ROW[17].COL[1].u_pe.$mul$/openlane/designs/Tensor/src/pe.v:25$7
    Cell is never active. Sharing is pointless, we simply remove it.
  Analyzing resource sharing options for $flatten\u_core0.\ROW[16].COL[1].u_pe.$mul$/openlane/designs/Tensor/src/pe.v:25$7 ($mul):
    Found cell that is never activated: $flatten\u_core0.\ROW[16].COL[1].u_pe.$mul$/openlane/designs/Tensor/src/pe.v:25$7
    Cell is never active. Sharing is pointless, we simply remove it.
  Analyzing resource sharing options for $flatten\u_core0.\ROW[15].COL[1].u_pe.$mul$/openlane/designs/Tensor/src/pe.v:25$7 ($mul):
    Found cell that is never activated: $flatten\u_core0.\ROW[15].COL[1].u_pe.$mul$/openlane/designs/Tensor/src/pe.v:25$7
    Cell is never active. Sharing is pointless, we simply remove it.
  Analyzing resource sharing options for $flatten\u_core0.\ROW[14].COL[1].u_pe.$mul$/openlane/designs/Tensor/src/pe.v:25$7 ($mul):
    Found cell that is never activated: $flatten\u_core0.\ROW[14].COL[1].u_pe.$mul$/openlane/designs/Tensor/src/pe.v:25$7
    Cell is never active. Sharing is pointless, we simply remove it.
  Analyzing resource sharing options for $flatten\u_core0.\ROW[13].COL[1].u_pe.$mul$/openlane/designs/Tensor/src/pe.v:25$7 ($mul):
    Found cell that is never activated: $flatten\u_core0.\ROW[13].COL[1].u_pe.$mul$/openlane/designs/Tensor/src/pe.v:25$7
    Cell is never active. Sharing is pointless, we simply remove it.
  Analyzing resource sharing options for $flatten\u_core0.\ROW[12].COL[1].u_pe.$mul$/openlane/designs/Tensor/src/pe.v:25$7 ($mul):
    Found cell that is never activated: $flatten\u_core0.\ROW[12].COL[1].u_pe.$mul$/openlane/designs/Tensor/src/pe.v:25$7
    Cell is never active. Sharing is pointless, we simply remove it.
  Analyzing resource sharing options for $flatten\u_core0.\ROW[11].COL[1].u_pe.$mul$/openlane/designs/Tensor/src/pe.v:25$7 ($mul):
    Found cell that is never activated: $flatten\u_core0.\ROW[11].COL[1].u_pe.$mul$/openlane/designs/Tensor/src/pe.v:25$7
    Cell is never active. Sharing is pointless, we simply remove it.
  Analyzing resource sharing options for $flatten\u_core0.\ROW[10].COL[1].u_pe.$mul$/openlane/designs/Tensor/src/pe.v:25$7 ($mul):
    Found cell that is never activated: $flatten\u_core0.\ROW[10].COL[1].u_pe.$mul$/openlane/designs/Tensor/src/pe.v:25$7
    Cell is never active. Sharing is pointless, we simply remove it.
Removing 31 cells in module chip_top:
  Removing cell $flatten\u_core0.\ROW[10].COL[1].u_pe.$mul$/openlane/designs/Tensor/src/pe.v:25$7 ($mul).
  Removing cell $flatten\u_core0.\ROW[11].COL[1].u_pe.$mul$/openlane/designs/Tensor/src/pe.v:25$7 ($mul).
  Removing cell $flatten\u_core0.\ROW[12].COL[1].u_pe.$mul$/openlane/designs/Tensor/src/pe.v:25$7 ($mul).
  Removing cell $flatten\u_core0.\ROW[13].COL[1].u_pe.$mul$/openlane/designs/Tensor/src/pe.v:25$7 ($mul).
  Removing cell $flatten\u_core0.\ROW[14].COL[1].u_pe.$mul$/openlane/designs/Tensor/src/pe.v:25$7 ($mul).
  Removing cell $flatten\u_core0.\ROW[15].COL[1].u_pe.$mul$/openlane/designs/Tensor/src/pe.v:25$7 ($mul).
  Removing cell $flatten\u_core0.\ROW[16].COL[1].u_pe.$mul$/openlane/designs/Tensor/src/pe.v:25$7 ($mul).
  Removing cell $flatten\u_core0.\ROW[17].COL[1].u_pe.$mul$/openlane/designs/Tensor/src/pe.v:25$7 ($mul).
  Removing cell $flatten\u_core0.\ROW[18].COL[1].u_pe.$mul$/openlane/designs/Tensor/src/pe.v:25$7 ($mul).
  Removing cell $flatten\u_core0.\ROW[19].COL[1].u_pe.$mul$/openlane/designs/Tensor/src/pe.v:25$7 ($mul).
  Removing cell $flatten\u_core0.\ROW[1].COL[1].u_pe.$mul$/openlane/designs/Tensor/src/pe.v:25$7 ($mul).
  Removing cell $flatten\u_core0.\ROW[20].COL[1].u_pe.$mul$/openlane/designs/Tensor/src/pe.v:25$7 ($mul).
  Removing cell $flatten\u_core0.\ROW[21].COL[1].u_pe.$mul$/openlane/designs/Tensor/src/pe.v:25$7 ($mul).
  Removing cell $flatten\u_core0.\ROW[22].COL[1].u_pe.$mul$/openlane/designs/Tensor/src/pe.v:25$7 ($mul).
  Removing cell $flatten\u_core0.\ROW[23].COL[1].u_pe.$mul$/openlane/designs/Tensor/src/pe.v:25$7 ($mul).
  Removing cell $flatten\u_core0.\ROW[24].COL[1].u_pe.$mul$/openlane/designs/Tensor/src/pe.v:25$7 ($mul).
  Removing cell $flatten\u_core0.\ROW[25].COL[1].u_pe.$mul$/openlane/designs/Tensor/src/pe.v:25$7 ($mul).
  Removing cell $flatten\u_core0.\ROW[26].COL[1].u_pe.$mul$/openlane/designs/Tensor/src/pe.v:25$7 ($mul).
  Removing cell $flatten\u_core0.\ROW[27].COL[1].u_pe.$mul$/openlane/designs/Tensor/src/pe.v:25$7 ($mul).
  Removing cell $flatten\u_core0.\ROW[28].COL[1].u_pe.$mul$/openlane/designs/Tensor/src/pe.v:25$7 ($mul).
  Removing cell $flatten\u_core0.\ROW[29].COL[1].u_pe.$mul$/openlane/designs/Tensor/src/pe.v:25$7 ($mul).
  Removing cell $flatten\u_core0.\ROW[2].COL[1].u_pe.$mul$/openlane/designs/Tensor/src/pe.v:25$7 ($mul).
  Removing cell $flatten\u_core0.\ROW[30].COL[1].u_pe.$mul$/openlane/designs/Tensor/src/pe.v:25$7 ($mul).
  Removing cell $flatten\u_core0.\ROW[31].COL[1].u_pe.$mul$/openlane/designs/Tensor/src/pe.v:25$7 ($mul).
  Removing cell $flatten\u_core0.\ROW[3].COL[1].u_pe.$mul$/openlane/designs/Tensor/src/pe.v:25$7 ($mul).
  Removing cell $flatten\u_core0.\ROW[4].COL[1].u_pe.$mul$/openlane/designs/Tensor/src/pe.v:25$7 ($mul).
  Removing cell $flatten\u_core0.\ROW[5].COL[1].u_pe.$mul$/openlane/designs/Tensor/src/pe.v:25$7 ($mul).
  Removing cell $flatten\u_core0.\ROW[6].COL[1].u_pe.$mul$/openlane/designs/Tensor/src/pe.v:25$7 ($mul).
  Removing cell $flatten\u_core0.\ROW[7].COL[1].u_pe.$mul$/openlane/designs/Tensor/src/pe.v:25$7 ($mul).
  Removing cell $flatten\u_core0.\ROW[8].COL[1].u_pe.$mul$/openlane/designs/Tensor/src/pe.v:25$7 ($mul).
  Removing cell $flatten\u_core0.\ROW[9].COL[1].u_pe.$mul$/openlane/designs/Tensor/src/pe.v:25$7 ($mul).

34. Executing OPT pass (performing simple optimizations).

34.1. Executing OPT_EXPR pass (perform const folding).
Optimizing module chip_top.

34.2. Executing OPT_MERGE pass (detect identical cells).
Finding identical cells in module `\chip_top'.
Removed a total of 0 cells.

34.3. Executing OPT_MUXTREE pass (detect dead branches in mux trees).
Running muxtree optimizer on module \chip_top..
  Creating internal representation of mux trees.
  No muxes found in this module.
Removed 0 multiplexer ports.

34.4. Executing OPT_REDUCE pass (consolidate $*mux and $reduce_* inputs).
  Optimizing cells in module \chip_top.
Performed a total of 0 changes.

34.5. Executing OPT_MERGE pass (detect identical cells).
Finding identical cells in module `\chip_top'.
Removed a total of 0 cells.

34.6. Executing OPT_DFF pass (perform DFF optimizations).
Setting constant 0-bit at position 16 on $flatten\u_core0.\ROW[0].COL[0].u_pe.$procdff$12301 ($adff) from module chip_top.
Setting constant 0-bit at position 17 on $flatten\u_core0.\ROW[0].COL[0].u_pe.$procdff$12301 ($adff) from module chip_top.
Setting constant 0-bit at position 18 on $flatten\u_core0.\ROW[0].COL[0].u_pe.$procdff$12301 ($adff) from module chip_top.
Setting constant 0-bit at position 19 on $flatten\u_core0.\ROW[0].COL[0].u_pe.$procdff$12301 ($adff) from module chip_top.

34.7. Executing OPT_CLEAN pass (remove unused cells and wires).
Finding unused cells or wires in module \chip_top..
Removed 0 unused cells and 31 unused wires.
<suppressed ~1 debug messages>

34.8. Executing OPT_EXPR pass (perform const folding).
Optimizing module chip_top.

34.9. Rerunning OPT passes. (Maybe there is more to do..)

34.10. Executing OPT_MUXTREE pass (detect dead branches in mux trees).
Running muxtree optimizer on module \chip_top..
  Creating internal representation of mux trees.
  No muxes found in this module.
Removed 0 multiplexer ports.

34.11. Executing OPT_REDUCE pass (consolidate $*mux and $reduce_* inputs).
  Optimizing cells in module \chip_top.
Performed a total of 0 changes.

34.12. Executing OPT_MERGE pass (detect identical cells).
Finding identical cells in module `\chip_top'.
Removed a total of 0 cells.

34.13. Executing OPT_DFF pass (perform DFF optimizations).

34.14. Executing OPT_CLEAN pass (remove unused cells and wires).
Finding unused cells or wires in module \chip_top..

34.15. Executing OPT_EXPR pass (perform const folding).
Optimizing module chip_top.

34.16. Finished OPT passes. (There is nothing left to do.)

35. Executing MEMORY pass.

35.1. Executing OPT_MEM pass (optimize memories).
Performed a total of 0 transformations.

35.2. Executing OPT_MEM_PRIORITY pass (removing unnecessary memory write priority relations).
Performed a total of 0 transformations.

35.3. Executing OPT_MEM_FEEDBACK pass (finding memory read-to-write feedback paths).

35.4. Executing MEMORY_BMUX2ROM pass (converting muxes to ROMs).

35.5. Executing MEMORY_DFF pass (merging $dff cells to $memrd).

35.6. Executing OPT_CLEAN pass (remove unused cells and wires).
Finding unused cells or wires in module \chip_top..

35.7. Executing MEMORY_SHARE pass (consolidating $memrd/$memwr cells).

35.8. Executing OPT_MEM_WIDEN pass (optimize memories where all ports are wide).
Performed a total of 0 transformations.

35.9. Executing OPT_CLEAN pass (remove unused cells and wires).
Finding unused cells or wires in module \chip_top..

35.10. Executing MEMORY_COLLECT pass (generating $mem cells).

36. Executing OPT_CLEAN pass (remove unused cells and wires).
Finding unused cells or wires in module \chip_top..

37. Executing OPT pass (performing simple optimizations).

37.1. Executing OPT_EXPR pass (perform const folding).
Optimizing module chip_top.
<suppressed ~207 debug messages>

37.2. Executing OPT_MERGE pass (detect identical cells).
Finding identical cells in module `\chip_top'.
Removed a total of 0 cells.

37.3. Executing OPT_DFF pass (perform DFF optimizations).

37.4. Executing OPT_CLEAN pass (remove unused cells and wires).
Finding unused cells or wires in module \chip_top..
Removed 0 unused cells and 3 unused wires.
<suppressed ~1 debug messages>

37.5. Finished fast OPT passes.

38. Executing MEMORY_MAP pass (converting memories to logic and flip-flops).

39. Executing OPT pass (performing simple optimizations).

39.1. Executing OPT_EXPR pass (perform const folding).
Optimizing module chip_top.

39.2. Executing OPT_MERGE pass (detect identical cells).
Finding identical cells in module `\chip_top'.
Removed a total of 0 cells.

39.3. Executing OPT_MUXTREE pass (detect dead branches in mux trees).
Running muxtree optimizer on module \chip_top..
  Creating internal representation of mux trees.
  No muxes found in this module.
Removed 0 multiplexer ports.

39.4. Executing OPT_REDUCE pass (consolidate $*mux and $reduce_* inputs).
  Optimizing cells in module \chip_top.
Performed a total of 0 changes.

39.5. Executing OPT_MERGE pass (detect identical cells).
Finding identical cells in module `\chip_top'.
Removed a total of 0 cells.

39.6. Executing OPT_SHARE pass.

39.7. Executing OPT_DFF pass (perform DFF optimizations).
Setting constant 0-bit at position 17 on $flatten\u_core0.\ROW[1].COL[0].u_pe.$procdff$12301 ($adff) from module chip_top.
Setting constant 0-bit at position 18 on $flatten\u_core0.\ROW[1].COL[0].u_pe.$procdff$12301 ($adff) from module chip_top.
Setting constant 0-bit at position 19 on $flatten\u_core0.\ROW[1].COL[0].u_pe.$procdff$12301 ($adff) from module chip_top.

39.8. Executing OPT_CLEAN pass (remove unused cells and wires).
Finding unused cells or wires in module \chip_top..

39.9. Executing OPT_EXPR pass (perform const folding).
Optimizing module chip_top.
<suppressed ~9 debug messages>

39.10. Rerunning OPT passes. (Maybe there is more to do..)

39.11. Executing OPT_MUXTREE pass (detect dead branches in mux trees).
Running muxtree optimizer on module \chip_top..
  Creating internal representation of mux trees.
  No muxes found in this module.
Removed 0 multiplexer ports.

39.12. Executing OPT_REDUCE pass (consolidate $*mux and $reduce_* inputs).
  Optimizing cells in module \chip_top.
Performed a total of 0 changes.

39.13. Executing OPT_MERGE pass (detect identical cells).
Finding identical cells in module `\chip_top'.
Removed a total of 0 cells.

39.14. Executing OPT_SHARE pass.

39.15. Executing OPT_DFF pass (perform DFF optimizations).

39.16. Executing OPT_CLEAN pass (remove unused cells and wires).
Finding unused cells or wires in module \chip_top..
Removed 0 unused cells and 2 unused wires.
<suppressed ~1 debug messages>

39.17. Executing OPT_EXPR pass (perform const folding).
Optimizing module chip_top.

39.18. Rerunning OPT passes. (Maybe there is more to do..)

39.19. Executing OPT_MUXTREE pass (detect dead branches in mux trees).
Running muxtree optimizer on module \chip_top..
  Creating internal representation of mux trees.
  No muxes found in this module.
Removed 0 multiplexer ports.

39.20. Executing OPT_REDUCE pass (consolidate $*mux and $reduce_* inputs).
  Optimizing cells in module \chip_top.
Performed a total of 0 changes.

39.21. Executing OPT_MERGE pass (detect identical cells).
Finding identical cells in module `\chip_top'.
Removed a total of 0 cells.

39.22. Executing OPT_SHARE pass.

39.23. Executing OPT_DFF pass (perform DFF optimizations).
Setting constant 0-bit at position 18 on $flatten\u_core0.\ROW[2].COL[0].u_pe.$procdff$12301 ($adff) from module chip_top.
Setting constant 0-bit at position 19 on $flatten\u_core0.\ROW[2].COL[0].u_pe.$procdff$12301 ($adff) from module chip_top.

39.24. Executing OPT_CLEAN pass (remove unused cells and wires).
Finding unused cells or wires in module \chip_top..

39.25. Executing OPT_EXPR pass (perform const folding).
Optimizing module chip_top.
<suppressed ~5 debug messages>

39.26. Rerunning OPT passes. (Maybe there is more to do..)

39.27. Executing OPT_MUXTREE pass (detect dead branches in mux trees).
Running muxtree optimizer on module \chip_top..
  Creating internal representation of mux trees.
  No muxes found in this module.
Removed 0 multiplexer ports.

39.28. Executing OPT_REDUCE pass (consolidate $*mux and $reduce_* inputs).
  Optimizing cells in module \chip_top.
Performed a total of 0 changes.

39.29. Executing OPT_MERGE pass (detect identical cells).
Finding identical cells in module `\chip_top'.
Removed a total of 0 cells.

39.30. Executing OPT_SHARE pass.

39.31. Executing OPT_DFF pass (perform DFF optimizations).

39.32. Executing OPT_CLEAN pass (remove unused cells and wires).
Finding unused cells or wires in module \chip_top..
Removed 0 unused cells and 1 unused wires.
<suppressed ~1 debug messages>

39.33. Executing OPT_EXPR pass (perform const folding).
Optimizing module chip_top.

39.34. Rerunning OPT passes. (Maybe there is more to do..)

39.35. Executing OPT_MUXTREE pass (detect dead branches in mux trees).
Running muxtree optimizer on module \chip_top..
  Creating internal representation of mux trees.
  No muxes found in this module.
Removed 0 multiplexer ports.

39.36. Executing OPT_REDUCE pass (consolidate $*mux and $reduce_* inputs).
  Optimizing cells in module \chip_top.
Performed a total of 0 changes.

39.37. Executing OPT_MERGE pass (detect identical cells).
Finding identical cells in module `\chip_top'.
Removed a total of 0 cells.

39.38. Executing OPT_SHARE pass.

39.39. Executing OPT_DFF pass (perform DFF optimizations).
Setting constant 0-bit at position 19 on $flatten\u_core0.\ROW[3].COL[0].u_pe.$procdff$12301 ($adff) from module chip_top.

39.40. Executing OPT_CLEAN pass (remove unused cells and wires).
Finding unused cells or wires in module \chip_top..

39.41. Executing OPT_EXPR pass (perform const folding).
Optimizing module chip_top.

39.42. Rerunning OPT passes. (Maybe there is more to do..)

39.43. Executing OPT_MUXTREE pass (detect dead branches in mux trees).
Running muxtree optimizer on module \chip_top..
  Creating internal representation of mux trees.
  No muxes found in this module.
Removed 0 multiplexer ports.

39.44. Executing OPT_REDUCE pass (consolidate $*mux and $reduce_* inputs).
  Optimizing cells in module \chip_top.
Performed a total of 0 changes.

39.45. Executing OPT_MERGE pass (detect identical cells).
Finding identical cells in module `\chip_top'.
Removed a total of 0 cells.

39.46. Executing OPT_SHARE pass.

39.47. Executing OPT_DFF pass (perform DFF optimizations).

39.48. Executing OPT_CLEAN pass (remove unused cells and wires).
Finding unused cells or wires in module \chip_top..

39.49. Executing OPT_EXPR pass (perform const folding).
Optimizing module chip_top.

39.50. Finished OPT passes. (There is nothing left to do.)

40. Executing TECHMAP pass (map to technology primitives).

40.1. Executing Verilog-2005 frontend: /build/bin/../share/yosys/techmap.v
Parsing Verilog input from `/build/bin/../share/yosys/techmap.v' to AST representation.
Generating RTLIL representation for module `\_90_simplemap_bool_ops'.
Generating RTLIL representation for module `\_90_simplemap_reduce_ops'.
Generating RTLIL representation for module `\_90_simplemap_logic_ops'.
Generating RTLIL representation for module `\_90_simplemap_compare_ops'.
Generating RTLIL representation for module `\_90_simplemap_various'.
Generating RTLIL representation for module `\_90_simplemap_registers'.
Generating RTLIL representation for module `\_90_shift_ops_shr_shl_sshl_sshr'.
Generating RTLIL representation for module `\_90_shift_shiftx'.
Generating RTLIL representation for module `\_90_fa'.
Generating RTLIL representation for module `\_90_lcu'.
Generating RTLIL representation for module `\_90_alu'.
Generating RTLIL representation for module `\_90_macc'.
Generating RTLIL representation for module `\_90_alumacc'.
Generating RTLIL representation for module `\$__div_mod_u'.
Generating RTLIL representation for module `\$__div_mod_trunc'.
Generating RTLIL representation for module `\_90_div'.
Generating RTLIL representation for module `\_90_mod'.
Generating RTLIL representation for module `\$__div_mod_floor'.
Generating RTLIL representation for module `\_90_divfloor'.
Generating RTLIL representation for module `\_90_modfloor'.
Generating RTLIL representation for module `\_90_pow'.
Generating RTLIL representation for module `\_90_pmux'.
Generating RTLIL representation for module `\_90_demux'.
Generating RTLIL representation for module `\_90_lut'.
Successfully finished Verilog frontend.

40.2. Continuing TECHMAP pass.
Using template $paramod$6fc37af1c109ae54e8aed83fcd995c12d378ce93\_90_alu for cells of type $alu.
Using extmapper simplemap for cells of type $dff.
Using template $paramod$3bb72ad0665cdca279bbc49ed6a39f403f16497f\_90_alu for cells of type $alu.
Using extmapper simplemap for cells of type $adff.
Using extmapper maccmap for cells of type $macc.
  add \u_core0.ROW[4].COL[1].u_pe.sum_out [11:0] (12 bits, unsigned)
  add \u_core0.ROW[13].COL[0].u_pe.a_out * \u_core0.ROW[4].COL[1].u_pe.b_out (8x8 bits, unsigned)
Using extmapper simplemap for cells of type $dffe.
  add \u_core0.ROW[13].COL[1].u_pe.sum_out [11:0] (12 bits, unsigned)
  add \u_core0.ROW[10].COL[0].u_pe.a_out * \u_core0.ROW[13].COL[1].u_pe.b_out (8x8 bits, unsigned)
  add \mem0_rdata_q [31:24] * \u_core0.ROW[30].COL[0].u_pe.b_out (8x8 bits, unsigned)
  add \u_core0.ROW[16].COL[1].u_pe.sum_out [11:0] (12 bits, unsigned)
  add \u_core0.ROW[13].COL[0].u_pe.a_out * \u_core0.ROW[16].COL[1].u_pe.b_out (8x8 bits, unsigned)
  add \u_core0.ROW[6].COL[1].u_pe.sum_out [11:0] (12 bits, unsigned)
  add \u_core0.ROW[11].COL[0].u_pe.a_out * \u_core0.ROW[6].COL[1].u_pe.b_out (8x8 bits, unsigned)
  add \u_core0.ROW[20].COL[1].u_pe.sum_out [11:0] (12 bits, unsigned)
  add \u_core0.ROW[13].COL[0].u_pe.a_out * \u_core0.ROW[20].COL[1].u_pe.b_out (8x8 bits, unsigned)
  add \u_core0.ROW[7].COL[1].u_pe.sum_out [11:0] (12 bits, unsigned)
  add \u_core0.ROW[0].COL[0].u_pe.a_out * \u_core0.ROW[7].COL[1].u_pe.b_out (8x8 bits, unsigned)
  add \u_core0.ROW[19].COL[1].u_pe.sum_out [11:0] (12 bits, unsigned)
  add \u_core0.ROW[0].COL[0].u_pe.a_out * \u_core0.ROW[19].COL[1].u_pe.b_out (8x8 bits, unsigned)
  add \mem0_rdata_q [15:8] * \u_core0.ROW[8].COL[0].u_pe.b_out (8x8 bits, unsigned)
  add \mem0_rdata_q [31:24] * \u_core0.ROW[22].COL[0].u_pe.b_out (8x8 bits, unsigned)
  add \mem0_rdata_q [23:16] * \u_core0.ROW[21].COL[0].u_pe.b_out (8x8 bits, unsigned)
  add \mem0_rdata_q [15:8] * \u_core0.ROW[20].COL[0].u_pe.b_out (8x8 bits, unsigned)
  add \mem0_rdata_q [7:0] * \u_core0.ROW[19].COL[0].u_pe.b_out (8x8 bits, unsigned)
  add \mem0_rdata_q [31:24] * \u_core0.ROW[18].COL[0].u_pe.b_out (8x8 bits, unsigned)
  add \mem0_rdata_q [23:16] * \u_core0.ROW[17].COL[0].u_pe.b_out (8x8 bits, unsigned)
  add \mem0_rdata_q [15:8] * \u_core0.ROW[16].COL[0].u_pe.b_out (8x8 bits, unsigned)
  add \mem0_rdata_q [7:0] * \u_core0.ROW[15].COL[0].u_pe.b_out (8x8 bits, unsigned)
  add \mem0_rdata_q [31:24] * \u_core0.ROW[14].COL[0].u_pe.b_out (8x8 bits, unsigned)
  add \mem0_rdata_q [23:16] * \u_core0.ROW[13].COL[0].u_pe.b_out (8x8 bits, unsigned)
  add \mem0_rdata_q [15:8] * \u_core0.ROW[12].COL[0].u_pe.b_out (8x8 bits, unsigned)
  add \mem0_rdata_q [7:0] * \u_core0.ROW[11].COL[0].u_pe.b_out (8x8 bits, unsigned)
  add \mem0_rdata_q [31:24] * \u_core0.ROW[10].COL[0].u_pe.b_out (8x8 bits, unsigned)
  add \mem0_rdata_q [23:16] * \u_core0.ROW[9].COL[0].u_pe.b_out (8x8 bits, unsigned)
  add \u_core0.ROW[10].COL[1].u_pe.sum_out [11:0] (12 bits, unsigned)
  add \u_core0.ROW[11].COL[0].u_pe.a_out * \u_core0.ROW[10].COL[1].u_pe.b_out (8x8 bits, unsigned)
  add \u_core0.ROW[14].COL[1].u_pe.sum_out [11:0] (12 bits, unsigned)
  add \u_core0.ROW[11].COL[0].u_pe.a_out * \u_core0.ROW[14].COL[1].u_pe.b_out (8x8 bits, unsigned)
  add \u_core0.ROW[18].COL[1].u_pe.sum_out [11:0] (12 bits, unsigned)
  add \u_core0.ROW[11].COL[0].u_pe.a_out * \u_core0.ROW[18].COL[1].u_pe.b_out (8x8 bits, unsigned)
  add \u_core0.ROW[21].COL[1].u_pe.sum_out [11:0] (12 bits, unsigned)
  add \u_core0.ROW[10].COL[0].u_pe.a_out * \u_core0.ROW[21].COL[1].u_pe.b_out (8x8 bits, unsigned)
  add \mem0_rdata_q [23:16] * \u_core0.ROW[5].COL[0].u_pe.b_out (8x8 bits, unsigned)
  add \u_core0.ROW[12].COL[1].u_pe.sum_out [11:0] (12 bits, unsigned)
  add \u_core0.ROW[13].COL[0].u_pe.a_out * \u_core0.ROW[12].COL[1].u_pe.b_out (8x8 bits, unsigned)
  add \mem0_rdata_q [7:0] * \u_core0.ROW[7].COL[0].u_pe.b_out (8x8 bits, unsigned)
  add \u_core0.ROW[3].COL[1].u_pe.sum_out [11:0] (12 bits, unsigned)
  add \u_core0.ROW[0].COL[0].u_pe.a_out * \u_core0.ROW[3].COL[1].u_pe.b_out (8x8 bits, unsigned)
Using template $paramod$4e6ee5eb737cf7428f8e246e911ae1dac9ae2979\_90_alu for cells of type $alu.
  add \mem0_rdata_q [15:8] * \u_core0.ROW[0].COL[0].u_pe.b_out (8x8 bits, unsigned)
Using template $paramod$12350b8c8422a70d10b7db4eaae1202a7148b784\_90_alu for cells of type $alu.
  add \u_core0.ROW[9].COL[1].u_pe.sum_out [11:0] (12 bits, unsigned)
  add \u_core0.ROW[10].COL[0].u_pe.a_out * \u_core0.ROW[9].COL[1].u_pe.b_out (8x8 bits, unsigned)
  add \u_core0.ROW[8].COL[1].u_pe.sum_out [11:0] (12 bits, unsigned)
  add \u_core0.ROW[13].COL[0].u_pe.a_out * \u_core0.ROW[8].COL[1].u_pe.b_out (8x8 bits, unsigned)
  add \u_core0.ROW[28].COL[1].u_pe.sum_out [11:0] (12 bits, unsigned)
  add \u_core0.ROW[13].COL[0].u_pe.a_out * \u_core0.ROW[28].COL[1].u_pe.b_out (8x8 bits, unsigned)
  add \mem0_rdata_q [31:24] * \u_core0.ROW[6].COL[0].u_pe.b_out (8x8 bits, unsigned)
  add \u_core0.ROW[26].COL[1].u_pe.sum_out [11:0] (12 bits, unsigned)
  add \u_core0.ROW[11].COL[0].u_pe.a_out * \u_core0.ROW[26].COL[1].u_pe.b_out (8x8 bits, unsigned)
  add \u_core0.ROW[17].COL[1].u_pe.sum_out [11:0] (12 bits, unsigned)
  add \u_core0.ROW[10].COL[0].u_pe.a_out * \u_core0.ROW[17].COL[1].u_pe.b_out (8x8 bits, unsigned)
  add \mem0_rdata_q [23:16] * \u_core0.ROW[25].COL[0].u_pe.b_out (8x8 bits, unsigned)
Using template $paramod$c3cd1564c35d873179656addd6052d7ea8b6d991\_90_alu for cells of type $alu.
  add \mem0_rdata_q [31:24] * \u_core0.ROW[2].COL[0].u_pe.b_out (8x8 bits, unsigned)
  add \mem0_rdata_q [31:24] * \u_core0.ROW[26].COL[0].u_pe.b_out (8x8 bits, unsigned)
  add \mem0_rdata_q [15:8] * \u_core0.ROW[4].COL[0].u_pe.b_out (8x8 bits, unsigned)
  add \mem0_rdata_q [7:0] * \u_core0.ROW[27].COL[0].u_pe.b_out (8x8 bits, unsigned)
  add \mem0_rdata_q [15:8] * \u_core0.ROW[24].COL[0].u_pe.b_out (8x8 bits, unsigned)
  add \mem0_rdata_q [15:8] * \u_core0.ROW[28].COL[0].u_pe.b_out (8x8 bits, unsigned)
  add \u_core0.ROW[2].COL[1].u_pe.sum_out [11:0] (12 bits, unsigned)
  add \u_core0.ROW[11].COL[0].u_pe.a_out * \u_core0.ROW[2].COL[1].u_pe.b_out (8x8 bits, unsigned)
  add \u_core0.ROW[25].COL[1].u_pe.sum_out [11:0] (12 bits, unsigned)
  add \u_core0.ROW[10].COL[0].u_pe.a_out * \u_core0.ROW[25].COL[1].u_pe.b_out (8x8 bits, unsigned)
  add \mem0_rdata_q [23:16] * \u_core0.ROW[1].COL[0].u_pe.b_out (8x8 bits, unsigned)
  add \u_core0.ROW[1].COL[1].u_pe.sum_out [11:0] (12 bits, unsigned)
  add \u_core0.ROW[10].COL[0].u_pe.a_out * \u_core0.ROW[1].COL[1].u_pe.b_out (8x8 bits, unsigned)
  add \u_core0.ROW[23].COL[1].u_pe.sum_out [11:0] (12 bits, unsigned)
  add \u_core0.ROW[0].COL[0].u_pe.a_out * \u_core0.ROW[23].COL[1].u_pe.b_out (8x8 bits, unsigned)
  add \mem0_rdata_q [23:16] * \u_core0.ROW[29].COL[0].u_pe.b_out (8x8 bits, unsigned)
  add \u_core0.ROW[29].COL[1].u_pe.sum_out [11:0] (12 bits, unsigned)
  add \u_core0.ROW[10].COL[0].u_pe.a_out * \u_core0.ROW[29].COL[1].u_pe.b_out (8x8 bits, unsigned)
  add \mem0_rdata_q [7:0] * \u_core0.ROW[3].COL[0].u_pe.b_out (8x8 bits, unsigned)
  add \u_core0.ROW[11].COL[1].u_pe.sum_out [11:0] (12 bits, unsigned)
  add \u_core0.ROW[0].COL[0].u_pe.a_out * \u_core0.ROW[11].COL[1].u_pe.b_out (8x8 bits, unsigned)
  add \u_core0.ROW[15].COL[1].u_pe.sum_out [11:0] (12 bits, unsigned)
  add \u_core0.ROW[0].COL[0].u_pe.a_out * \u_core0.ROW[15].COL[1].u_pe.b_out (8x8 bits, unsigned)
  add \u_core0.ROW[0].COL[1].u_pe.sum_out [11:0] (12 bits, unsigned)
  add \u_core0.ROW[13].COL[0].u_pe.a_out * \u_core0.ROW[0].COL[1].u_pe.b_out (8x8 bits, unsigned)
  add \u_core0.ROW[22].COL[1].u_pe.sum_out [11:0] (12 bits, unsigned)
  add \u_core0.ROW[11].COL[0].u_pe.a_out * \u_core0.ROW[22].COL[1].u_pe.b_out (8x8 bits, unsigned)
  add \u_core0.ROW[24].COL[1].u_pe.sum_out [11:0] (12 bits, unsigned)
  add \u_core0.ROW[13].COL[0].u_pe.a_out * \u_core0.ROW[24].COL[1].u_pe.b_out (8x8 bits, unsigned)
  add \u_core0.ROW[0].COL[0].u_pe.a_out * \mem1_rdata_q [15:8] (8x8 bits, unsigned)
  add \u_core0.ROW[5].COL[1].u_pe.sum_out [11:0] (12 bits, unsigned)
  add \u_core0.ROW[10].COL[0].u_pe.a_out * \u_core0.ROW[5].COL[1].u_pe.b_out (8x8 bits, unsigned)
  add \u_core0.ROW[30].COL[1].u_pe.sum_out [11:0] (12 bits, unsigned)
  add \u_core0.ROW[11].COL[0].u_pe.a_out * \u_core0.ROW[30].COL[1].u_pe.b_out (8x8 bits, unsigned)
  add \u_core0.ROW[27].COL[1].u_pe.sum_out [11:0] (12 bits, unsigned)
  add \u_core0.ROW[0].COL[0].u_pe.a_out * \u_core0.ROW[27].COL[1].u_pe.b_out (8x8 bits, unsigned)
  add \mem0_rdata_q [7:0] * \mem1_rdata_q [7:0] (8x8 bits, unsigned)
  add \mem0_rdata_q [7:0] * \u_core0.ROW[23].COL[0].u_pe.b_out (8x8 bits, unsigned)
Using extmapper simplemap for cells of type $and.
Using template $paramod\_90_fa\WIDTH=32'00000000000000000000000000001100 for cells of type $fa.
Using template $paramod$ee3d784672cdb1cb32d9a801a3af776716f16b74\_90_alu for cells of type $alu.
Using extmapper simplemap for cells of type $pos.
Using extmapper simplemap for cells of type $mux.
Using template $paramod\_90_lcu\WIDTH=32'00000000000000000000000000010010 for cells of type $lcu.
Using extmapper simplemap for cells of type $xor.
Using extmapper simplemap for cells of type $not.
Using template $paramod\_90_lcu\WIDTH=32'00000000000000000000000000010100 for cells of type $lcu.
Using template $paramod\_90_fa\WIDTH=32'00000000000000000000000000010000 for cells of type $fa.
Using template $paramod$6df0329addda9228fcc2546de2aaf14ad26c98e1\_90_alu for cells of type $alu.
Using template $paramod\_90_lcu\WIDTH=32'00000000000000000000000000010011 for cells of type $lcu.
Using template $paramod\_90_lcu\WIDTH=32'00000000000000000000000000010001 for cells of type $lcu.
Using template $paramod\_90_lcu\WIDTH=32'00000000000000000000000000001000 for cells of type $lcu.
Using extmapper simplemap for cells of type $or.
Using template $paramod\_90_lcu\WIDTH=32'00000000000000000000000000010000 for cells of type $lcu.
Using template $paramod\_90_lcu\WIDTH=32'00000000000000000000000000001100 for cells of type $lcu.
No more expansions possible.
<suppressed ~11195 debug messages>

41. Executing OPT pass (performing simple optimizations).

41.1. Executing OPT_EXPR pass (perform const folding).
Optimizing module chip_top.
<suppressed ~20470 debug messages>

41.2. Executing OPT_MERGE pass (detect identical cells).
Finding identical cells in module `\chip_top'.
<suppressed ~3 debug messages>
Removed a total of 1 cells.

41.3. Executing OPT_DFF pass (perform DFF optimizations).

41.4. Executing OPT_CLEAN pass (remove unused cells and wires).
Finding unused cells or wires in module \chip_top..
Removed 2455 unused cells and 7961 unused wires.
<suppressed ~2456 debug messages>

41.5. Finished fast OPT passes.

42. Executing ABC pass (technology mapping using ABC).

42.1. Extracting gate netlist of module `\chip_top' to `<abc-temp-dir>/input.blif'..
Extracted 26726 gates and 28292 wires to a netlist network with 1566 inputs and 1022 outputs.

42.1.1. Executing ABC.
Running ABC command: "<yosys-exe-dir>/yosys-abc" -s -f <abc-temp-dir>/abc.script 2>&1
ABC: ABC command line: "source <abc-temp-dir>/abc.script".
ABC: 
ABC: + read_blif <abc-temp-dir>/input.blif 
ABC: + read_library <abc-temp-dir>/stdcells.genlib 
ABC: Entered genlib library with 13 gates from file "<abc-temp-dir>/stdcells.genlib".
ABC: + strash 
ABC: + dretime 
ABC: + map 
ABC: + write_blif <abc-temp-dir>/output.blif 

42.1.2. Re-integrating ABC results.
ABC RESULTS:               NOT cells:      947
ABC RESULTS:              NAND cells:     1266
ABC RESULTS:               AND cells:     3819
ABC RESULTS:             ORNOT cells:     1068
ABC RESULTS:                OR cells:     2516
ABC RESULTS:               NOR cells:     1811
ABC RESULTS:            ANDNOT cells:     7344
ABC RESULTS:               XOR cells:     6339
ABC RESULTS:              XNOR cells:     2562
ABC RESULTS:        internal signals:    25704
ABC RESULTS:           input signals:     1566
ABC RESULTS:          output signals:     1022
Removing temp directory.

43. Executing OPT pass (performing simple optimizations).

43.1. Executing OPT_EXPR pass (perform const folding).
Optimizing module chip_top.

43.2. Executing OPT_MERGE pass (detect identical cells).
Finding identical cells in module `\chip_top'.
Removed a total of 0 cells.

43.3. Executing OPT_DFF pass (perform DFF optimizations).

43.4. Executing OPT_CLEAN pass (remove unused cells and wires).
Finding unused cells or wires in module \chip_top..
Removed 0 unused cells and 8440 unused wires.
<suppressed ~1 debug messages>

43.5. Finished fast OPT passes.

44. Executing HIERARCHY pass (managing design hierarchy).

44.1. Analyzing design hierarchy..
Top module:  \chip_top

44.2. Analyzing design hierarchy..
Top module:  \chip_top
Removed 0 unused modules.

45. Printing statistics.

=== chip_top ===

   Number of wires:              29621
   Number of wire bits:          43025
   Number of public wires:        2752
   Number of public wire bits:   13221
   Number of memories:               0
   Number of memory bits:            0
   Number of processes:              0
   Number of cells:              29306
     $_ANDNOT_                    7344
     $_AND_                       3819
     $_DFFE_PP_                     32
     $_DFF_PN0_                   1550
     $_DFF_PN1_                      1
     $_DFF_P_                       48
     $_NAND_                      1266
     $_NOR_                       1811
     $_NOT_                        947
     $_ORNOT_                     1068
     $_OR_                        2516
     $_XNOR_                      2562
     $_XOR_                       6339
     sky130_sram_1kbyte_1rw1r_32x256_8      3

46. Executing CHECK pass (checking for obvious problems).
Checking module chip_top...
Found and reported 0 problems.

47. Generating Graphviz representation of design.
Writing dot description to `/openlane/designs/Tensor/runs/PrePre-final_run/tmp/synthesis/post_techmap.dot'.
Dumping module chip_top to page 1.

48. Executing SHARE pass (SAT-based resource sharing).

49. Executing OPT pass (performing simple optimizations).

49.1. Executing OPT_EXPR pass (perform const folding).
Optimizing module chip_top.

49.2. Executing OPT_MERGE pass (detect identical cells).
Finding identical cells in module `\chip_top'.
Removed a total of 0 cells.

49.3. Executing OPT_MUXTREE pass (detect dead branches in mux trees).
Running muxtree optimizer on module \chip_top..
  Creating internal representation of mux trees.
  No muxes found in this module.
Removed 0 multiplexer ports.

49.4. Executing OPT_REDUCE pass (consolidate $*mux and $reduce_* inputs).
  Optimizing cells in module \chip_top.
Performed a total of 0 changes.

49.5. Executing OPT_MERGE pass (detect identical cells).
Finding identical cells in module `\chip_top'.
Removed a total of 0 cells.

49.6. Executing OPT_DFF pass (perform DFF optimizations).

49.7. Executing OPT_CLEAN pass (remove unused cells and wires).
Finding unused cells or wires in module \chip_top..

49.8. Executing OPT_EXPR pass (perform const folding).
Optimizing module chip_top.

49.9. Finished OPT passes. (There is nothing left to do.)

50. Executing OPT_CLEAN pass (remove unused cells and wires).
Finding unused cells or wires in module \chip_top..
Removed 0 unused cells and 2611 unused wires.
<suppressed ~2611 debug messages>

51. Printing statistics.

=== chip_top ===

   Number of wires:              27010
   Number of wire bits:          32295
   Number of public wires:         141
   Number of public wire bits:    2491
   Number of memories:               0
   Number of memory bits:            0
   Number of processes:              0
   Number of cells:              29306
     $_ANDNOT_                    7344
     $_AND_                       3819
     $_DFFE_PP_                     32
     $_DFF_PN0_                   1550
     $_DFF_PN1_                      1
     $_DFF_P_                       48
     $_NAND_                      1266
     $_NOR_                       1811
     $_NOT_                        947
     $_ORNOT_                     1068
     $_OR_                        2516
     $_XNOR_                      2562
     $_XOR_                       6339
     sky130_sram_1kbyte_1rw1r_32x256_8      3

mapping tbuf

52. Executing TECHMAP pass (map to technology primitives).

52.1. Executing Verilog-2005 frontend: /home/n0b0dy/.ciel/sky130A/libs.tech/openlane/sky130_fd_sc_hd/tribuff_map.v
Parsing Verilog input from `/home/n0b0dy/.ciel/sky130A/libs.tech/openlane/sky130_fd_sc_hd/tribuff_map.v' to AST representation.
Generating RTLIL representation for module `\$_TBUF_'.
Successfully finished Verilog frontend.

52.2. Continuing TECHMAP pass.
No more expansions possible.
<suppressed ~3 debug messages>

53. Executing SIMPLEMAP pass (map simple cells to gate primitives).

54. Executing TECHMAP pass (map to technology primitives).

54.1. Executing Verilog-2005 frontend: /home/n0b0dy/.ciel/sky130A/libs.tech/openlane/sky130_fd_sc_hd/latch_map.v
Parsing Verilog input from `/home/n0b0dy/.ciel/sky130A/libs.tech/openlane/sky130_fd_sc_hd/latch_map.v' to AST representation.
Generating RTLIL representation for module `\$_DLATCH_P_'.
Generating RTLIL representation for module `\$_DLATCH_N_'.
Successfully finished Verilog frontend.

54.2. Continuing TECHMAP pass.
No more expansions possible.
<suppressed ~4 debug messages>

55. Executing SIMPLEMAP pass (map simple cells to gate primitives).

56. Executing DFFLIBMAP pass (mapping DFF cells to sequential cells from liberty file).
  cell sky130_fd_sc_hd__dfxtp_2 (noninv, pins=3, area=21.27) is a direct match for cell type $_DFF_P_.
  cell sky130_fd_sc_hd__dfrtp_2 (noninv, pins=4, area=26.28) is a direct match for cell type $_DFF_PN0_.
  cell sky130_fd_sc_hd__dfstp_2 (noninv, pins=4, area=26.28) is a direct match for cell type $_DFF_PN1_.
  cell sky130_fd_sc_hd__dfbbn_2 (noninv, pins=6, area=35.03) is a direct match for cell type $_DFFSR_NNN_.
  final dff cell mappings:
    unmapped dff cell: $_DFF_N_
    \sky130_fd_sc_hd__dfxtp_2 _DFF_P_ (.CLK( C), .D( D), .Q( Q));
    unmapped dff cell: $_DFF_NN0_
    unmapped dff cell: $_DFF_NN1_
    unmapped dff cell: $_DFF_NP0_
    unmapped dff cell: $_DFF_NP1_
    \sky130_fd_sc_hd__dfrtp_2 _DFF_PN0_ (.CLK( C), .D( D), .Q( Q), .RESET_B( R));
    \sky130_fd_sc_hd__dfstp_2 _DFF_PN1_ (.CLK( C), .D( D), .Q( Q), .SET_B( R));
    unmapped dff cell: $_DFF_PP0_
    unmapped dff cell: $_DFF_PP1_
    \sky130_fd_sc_hd__dfbbn_2 _DFFSR_NNN_ (.CLK_N( C), .D( D), .Q( Q), .Q_N(~Q), .RESET_B( R), .SET_B( S));
    unmapped dff cell: $_DFFSR_NNP_
    unmapped dff cell: $_DFFSR_NPN_
    unmapped dff cell: $_DFFSR_NPP_
    unmapped dff cell: $_DFFSR_PNN_
    unmapped dff cell: $_DFFSR_PNP_
    unmapped dff cell: $_DFFSR_PPN_
    unmapped dff cell: $_DFFSR_PPP_

56.1. Executing DFFLEGALIZE pass (convert FFs to types supported by the target).
Mapping DFF cells in module `\chip_top':
  mapped 1550 $_DFF_PN0_ cells to \sky130_fd_sc_hd__dfrtp_2 cells.
  mapped 1 $_DFF_PN1_ cells to \sky130_fd_sc_hd__dfstp_2 cells.
  mapped 80 $_DFF_P_ cells to \sky130_fd_sc_hd__dfxtp_2 cells.

57. Printing statistics.

=== chip_top ===

   Number of wires:              27042
   Number of wire bits:          32327
   Number of public wires:         141
   Number of public wire bits:    2491
   Number of memories:               0
   Number of memory bits:            0
   Number of processes:              0
   Number of cells:              29338
     $_ANDNOT_                    7344
     $_AND_                       3819
     $_MUX_                         32
     $_NAND_                      1266
     $_NOR_                       1811
     $_NOT_                        947
     $_ORNOT_                     1068
     $_OR_                        2516
     $_XNOR_                      2562
     $_XOR_                       6339
     sky130_fd_sc_hd__dfrtp_2     1550
     sky130_fd_sc_hd__dfstp_2        1
     sky130_fd_sc_hd__dfxtp_2       80
     sky130_sram_1kbyte_1rw1r_32x256_8      3

[INFO]: USING STRATEGY DELAY 4

58. Executing ABC pass (technology mapping using ABC).

58.1. Extracting gate netlist of module `\chip_top' to `/tmp/yosys-abc-3e7DLc/input.blif'..
Extracted 27704 gates and 29335 wires to a netlist network with 1631 inputs and 1054 outputs.

58.1.1. Executing ABC.
Running ABC command: "/build/bin/yosys-abc" -s -f /tmp/yosys-abc-3e7DLc/abc.script 2>&1
ABC: ABC command line: "source /tmp/yosys-abc-3e7DLc/abc.script".
ABC: 
ABC: + read_blif /tmp/yosys-abc-3e7DLc/input.blif 
ABC: + read_lib -w /openlane/designs/Tensor/runs/PrePre-final_run/tmp/synthesis/trimmed.lib 
ABC: Parsing finished successfully.  Parsing time =     0.03 sec
ABC: Scl_LibertyReadGenlib() skipped sequential cell "sky130_fd_sc_hd__dfbbn_2".
ABC: Scl_LibertyReadGenlib() skipped sequential cell "sky130_fd_sc_hd__dfrbp_2".
ABC: Scl_LibertyReadGenlib() skipped sequential cell "sky130_fd_sc_hd__dfrtp_2".
ABC: Scl_LibertyReadGenlib() skipped sequential cell "sky130_fd_sc_hd__dfrtp_4".
ABC: Scl_LibertyReadGenlib() skipped sequential cell "sky130_fd_sc_hd__dfsbp_2".
ABC: Scl_LibertyReadGenlib() skipped sequential cell "sky130_fd_sc_hd__dfstp_2".
ABC: Scl_LibertyReadGenlib() skipped sequential cell "sky130_fd_sc_hd__dfstp_4".
ABC: Scl_LibertyReadGenlib() skipped sequential cell "sky130_fd_sc_hd__dfxbp_2".
ABC: Scl_LibertyReadGenlib() skipped sequential cell "sky130_fd_sc_hd__dfxtp_2".
ABC: Scl_LibertyReadGenlib() skipped sequential cell "sky130_fd_sc_hd__dfxtp_4".
ABC: Scl_LibertyReadGenlib() skipped sequential cell "sky130_fd_sc_hd__dlxtn_1".
ABC: Scl_LibertyReadGenlib() skipped sequential cell "sky130_fd_sc_hd__dlxtn_2".
ABC: Scl_LibertyReadGenlib() skipped sequential cell "sky130_fd_sc_hd__dlxtn_4".
ABC: Scl_LibertyReadGenlib() skipped sequential cell "sky130_fd_sc_hd__dlxtp_1".
ABC: Scl_LibertyReadGenlib() skipped three-state cell "sky130_fd_sc_hd__ebufn_2".
ABC: Scl_LibertyReadGenlib() skipped three-state cell "sky130_fd_sc_hd__ebufn_4".
ABC: Scl_LibertyReadGenlib() skipped three-state cell "sky130_fd_sc_hd__ebufn_8".
ABC: Library "sky130A_merged" from "/openlane/designs/Tensor/runs/PrePre-final_run/tmp/synthesis/trimmed.lib" has 176 cells (17 skipped: 14 seq; 3 tri-state; 0 no func; 0 dont_use).  Time =     0.05 sec
ABC: Memory =    9.55 MB. Time =     0.05 sec
ABC: Warning: Detected 2 multi-output gates (for example, "sky130_fd_sc_hd__fa_1").
ABC: + read_constr -v /openlane/designs/Tensor/runs/PrePre-final_run/tmp/synthesis/synthesis.sdc 
ABC: Setting driving cell to be "sky130_fd_sc_hd__buf_4".
ABC: Setting output load to be 33.442001.
ABC: + read_constr /openlane/designs/Tensor/runs/PrePre-final_run/tmp/synthesis/synthesis.sdc 
ABC: + &get -n 
ABC: + &st 
ABC: + &dch 
ABC: + &nf 
ABC: + &put 
ABC: + &get -n 
ABC: + &st 
ABC: + &syn2 
ABC: + &if -g -K 6 
ABC: + &synch2 
ABC: + &nf 
ABC: + &put 
ABC: + &get -n 
ABC: + &st 
ABC: + &syn2 
ABC: + &if -g -K 6 
ABC: + &synch2 
ABC: + &nf 
ABC: + &put 
ABC: + &get -n 
ABC: + &st 
ABC: + &syn2 
ABC: + &if -g -K 6 
ABC: + &synch2 
ABC: + &nf 
ABC: + &put 
ABC: + &get -n 
ABC: + &st 
ABC: + &syn2 
ABC: + &if -g -K 6 
ABC: + &synch2 
ABC: + &nf 
ABC: + &put 
ABC: + &get -n 
ABC: + &st 
ABC: + &syn2 
ABC: + &if -g -K 6 
ABC: + &synch2 
ABC: + &nf 
ABC: + &put 
ABC: + buffer -c -N 20 
ABC: + topo 
ABC: + stime -c 
ABC: WireLoad = "Small"  Gates =  27025 (  7.1 %)   Cap = 11.6 ff (  3.8 %)   Area =   293545.28 ( 93.8 %)   Delay =  6455.92 ps  (  0.3 %)               
ABC: + upsize -c 
ABC: + dnsize -c 
ABC: + 
ABC: + stime -p 
ABC: WireLoad = "none"  Gates =  27025 (  7.1 %)   Cap = 10.8 ff (  1.4 %)   Area =   268485.00 ( 93.5 %)   Delay =  5678.53 ps  (  6.3 %)               
ABC: Path  0 --     109 : 0    1 pi                        A =   0.00  Df =  24.5   -5.3 ps  S =  41.3 ps  Cin =  0.0 ff  Cout =   9.6 ff  Cmax =   0.0 ff  G =    0  
ABC: Path  1 --    4291 : 1   19 sky130_fd_sc_hd__buf_12   A =  20.02  Df = 181.6  -10.6 ps  S = 119.0 ps  Cin =  9.2 ff  Cout =  95.0 ff  Cmax =5000.0 ff  G = 1000  
ABC: Path  2 --   13625 : 2    1 sky130_fd_sc_hd__nand2_8  A =  20.02  Df = 246.8   -7.8 ps  S =  55.6 ps  Cin = 17.1 ff  Cout =  17.5 ff  Cmax = 933.8 ff  G =   98  
ABC: Path  3 --   13627 : 2    3 sky130_fd_sc_hd__xnor2_4  A =  27.53  Df = 430.4  -42.4 ps  S = 157.6 ps  Cin = 16.3 ff  Cout =  12.1 ff  Cmax = 211.5 ff  G =   70  
ABC: Path  4 --   13628 : 3    2 sky130_fd_sc_hd__mux2_4   A =  15.01  Df = 689.1  -17.9 ps  S =  52.1 ps  Cin =  3.2 ff  Cout =   5.2 ff  Cmax = 536.5 ff  G =  149  
ABC: Path  5 --   13632 : 4    2 sky130_fd_sc_hd__or4b_4   A =  13.76  Df =1206.4 -257.1 ps  S =  89.2 ps  Cin =  2.2 ff  Cout =   7.1 ff  Cmax = 533.8 ff  G =  312  
ABC: Path  6 --   13648 : 3    3 sky130_fd_sc_hd__and3_4   A =  11.26  Df =1396.9 -265.1 ps  S =  60.0 ps  Cin =  2.4 ff  Cout =   9.7 ff  Cmax = 532.8 ff  G =  370  
ABC: Path  7 --   13663 : 4    2 sky130_fd_sc_hd__a211o_2  A =  10.01  Df =1663.3 -144.2 ps  S =  53.7 ps  Cin =  2.4 ff  Cout =   4.9 ff  Cmax = 325.0 ff  G =  198  
ABC: Path  8 --   13700 : 5    4 sky130_fd_sc_hd__a221o_2  A =  11.26  Df =2109.3 -303.2 ps  S = 129.8 ps  Cin =  2.3 ff  Cout =  22.4 ff  Cmax = 299.4 ff  G =  924  
ABC: Path  9 --   13857 : 3    1 sky130_fd_sc_hd__and3_4   A =  11.26  Df =2272.0 -285.1 ps  S =  38.7 ps  Cin =  2.4 ff  Cout =   2.5 ff  Cmax = 532.8 ff  G =   97  
ABC: Path 10 --   13860 : 4    2 sky130_fd_sc_hd__o31a_2   A =  10.01  Df =2597.9 -428.9 ps  S =  61.9 ps  Cin =  2.3 ff  Cout =   6.8 ff  Cmax = 285.7 ff  G =  282  
ABC: Path 11 --   13951 : 5    1 sky130_fd_sc_hd__a41o_2   A =  11.26  Df =2805.7 -162.2 ps  S =  39.5 ps  Cin =  2.3 ff  Cout =   2.5 ff  Cmax = 325.0 ff  G =  101  
ABC: Path 12 --   13952 : 2    1 sky130_fd_sc_hd__nor2b_4  A =  13.76  Df =2918.4 -161.1 ps  S =  53.2 ps  Cin =  5.5 ff  Cout =   2.6 ff  Cmax = 254.5 ff  G =   44  
ABC: Path 13 --   13954 : 4    2 sky130_fd_sc_hd__or4b_4   A =  13.76  Df =3439.1  -67.0 ps  S = 112.6 ps  Cin =  2.2 ff  Cout =  19.3 ff  Cmax = 533.8 ff  G =  849  
ABC: Path 14 --   13973 : 2    4 sky130_fd_sc_hd__xnor2_4  A =  27.53  Df =3681.7 -141.1 ps  S = 205.2 ps  Cin = 16.3 ff  Cout =  19.3 ff  Cmax = 211.5 ff  G =  112  
ABC: Path 15 --   14006 : 4    1 sky130_fd_sc_hd__a2bb2o_4 A =  20.02  Df =4326.1 -139.3 ps  S =  35.2 ps  Cin =  4.6 ff  Cout =   5.0 ff  Cmax = 502.6 ff  G =  103  
ABC: Path 16 --   14007 : 3    4 sky130_fd_sc_hd__a21o_4   A =  15.01  Df =4547.4 -232.7 ps  S =  57.2 ps  Cin =  4.5 ff  Cout =  15.5 ff  Cmax = 568.6 ff  G =  327  
ABC: Path 17 --   14018 : 2    2 sky130_fd_sc_hd__or2_4    A =   8.76  Df =4796.1 -366.0 ps  S =  50.1 ps  Cin =  2.4 ff  Cout =   7.0 ff  Cmax = 514.5 ff  G =  281  
ABC: Path 18 --   14033 : 5    3 sky130_fd_sc_hd__a311o_2  A =  11.26  Df =5174.0 -562.5 ps  S =  69.6 ps  Cin =  2.3 ff  Cout =   8.8 ff  Cmax = 298.5 ff  G =  363  
ABC: Path 19 --   14035 : 2    1 sky130_fd_sc_hd__or2_4    A =   8.76  Df =5398.4 -682.1 ps  S =  42.3 ps  Cin =  2.4 ff  Cout =   2.6 ff  Cmax = 514.5 ff  G =  101  
ABC: Path 20 --   14036 : 2    1 sky130_fd_sc_hd__and2_4   A =   8.76  Df =5548.6 -140.6 ps  S =  37.6 ps  Cin =  2.4 ff  Cout =   4.9 ff  Cmax = 539.3 ff  G =  194  
ABC: Path 21 --   14037 : 1    1 sky130_fd_sc_hd__buf_6    A =  11.26  Df =5678.5 -148.9 ps  S =  77.4 ps  Cin =  4.6 ff  Cout =  33.4 ff  Cmax = 785.5 ff  G =  723  
ABC: Start-point = pi108 (\u_core0.A_inputs [228]).  End-point = po455 ($auto$alumacc.cc:485:replace_alu$12490.Y [17]).
ABC: + print_stats -m 
ABC: netlist                       : i/o = 1631/ 1054  lat =    0  nd = 27025  edge =  65799  area =268547.61  delay =28.00  lev = 28
ABC: + write_blif /tmp/yosys-abc-3e7DLc/output.blif 

58.1.2. Re-integrating ABC results.
ABC RESULTS:   sky130_fd_sc_hd__nand2_4 cells:        1
ABC RESULTS:   sky130_fd_sc_hd__inv_4 cells:        2
ABC RESULTS:   sky130_fd_sc_hd__nor4b_2 cells:        2
ABC RESULTS:   sky130_fd_sc_hd__nor4_2 cells:        2
ABC RESULTS:   sky130_fd_sc_hd__nand4bb_2 cells:        1
ABC RESULTS:   sky130_fd_sc_hd__buf_12 cells:        7
ABC RESULTS:   sky130_fd_sc_hd__buf_8 cells:        6
ABC RESULTS:   sky130_fd_sc_hd__a221oi_4 cells:        1
ABC RESULTS:   sky130_fd_sc_hd__o21ba_4 cells:        1
ABC RESULTS:   sky130_fd_sc_hd__o21a_4 cells:        2
ABC RESULTS:   sky130_fd_sc_hd__or3b_4 cells:        3
ABC RESULTS:   sky130_fd_sc_hd__nand4b_2 cells:        2
ABC RESULTS:   sky130_fd_sc_hd__nand2_8 cells:        1
ABC RESULTS:   sky130_fd_sc_hd__mux2_4 cells:        1
ABC RESULTS:   sky130_fd_sc_hd__and3_4 cells:        4
ABC RESULTS:   sky130_fd_sc_hd__nor2b_4 cells:        1
ABC RESULTS:   sky130_fd_sc_hd__or4b_4 cells:        4
ABC RESULTS:   sky130_fd_sc_hd__xnor2_4 cells:        2
ABC RESULTS:   sky130_fd_sc_hd__a2bb2o_4 cells:        1
ABC RESULTS:   sky130_fd_sc_hd__a21o_4 cells:        1
ABC RESULTS:   sky130_fd_sc_hd__or2_4 cells:        4
ABC RESULTS:   sky130_fd_sc_hd__and2_4 cells:        3
ABC RESULTS:   sky130_fd_sc_hd__o41a_2 cells:        5
ABC RESULTS:   sky130_fd_sc_hd__a32oi_2 cells:        8
ABC RESULTS:   sky130_fd_sc_hd__buf_6 cells:       70
ABC RESULTS:   sky130_fd_sc_hd__or4_4 cells:        6
ABC RESULTS:   sky130_fd_sc_hd__o32ai_2 cells:        1
ABC RESULTS:   sky130_fd_sc_hd__o311ai_2 cells:        4
ABC RESULTS:   sky130_fd_sc_hd__a2111oi_2 cells:        2
ABC RESULTS:   sky130_fd_sc_hd__a2111o_2 cells:       14
ABC RESULTS:   sky130_fd_sc_hd__a2bb2oi_2 cells:        1
ABC RESULTS:   sky130_fd_sc_hd__or3_4 cells:        5
ABC RESULTS:   sky130_fd_sc_hd__nand3b_2 cells:       34
ABC RESULTS:   sky130_fd_sc_hd__mux2_1 cells:        3
ABC RESULTS:   sky130_fd_sc_hd__buf_4 cells:       87
ABC RESULTS:   sky130_fd_sc_hd__o2bb2ai_2 cells:        4
ABC RESULTS:   sky130_fd_sc_hd__a41oi_2 cells:        2
ABC RESULTS:   sky130_fd_sc_hd__buf_2 cells:      243
ABC RESULTS:   sky130_fd_sc_hd__o2111ai_2 cells:        6
ABC RESULTS:   sky130_fd_sc_hd__o2111a_2 cells:       27
ABC RESULTS:   sky130_fd_sc_hd__nor3b_2 cells:        9
ABC RESULTS:   sky130_fd_sc_hd__or4bb_2 cells:        4
ABC RESULTS:   sky130_fd_sc_hd__a221oi_2 cells:       16
ABC RESULTS:   sky130_fd_sc_hd__nor2b_2 cells:       11
ABC RESULTS:   sky130_fd_sc_hd__o22ai_2 cells:       36
ABC RESULTS:   sky130_fd_sc_hd__and4bb_2 cells:       12
ABC RESULTS:   sky130_fd_sc_hd__or4_2 cells:       39
ABC RESULTS:   sky130_fd_sc_hd__nor3_2 cells:       47
ABC RESULTS:   sky130_fd_sc_hd__a41o_2 cells:       37
ABC RESULTS:   sky130_fd_sc_hd__a22oi_2 cells:       70
ABC RESULTS:   sky130_fd_sc_hd__o31ai_2 cells:       27
ABC RESULTS:   sky130_fd_sc_hd__a311oi_2 cells:        4
ABC RESULTS:   sky130_fd_sc_hd__a211oi_2 cells:       30
ABC RESULTS:   sky130_fd_sc_hd__nand4_2 cells:       93
ABC RESULTS:   sky130_fd_sc_hd__a311o_2 cells:       54
ABC RESULTS:   sky130_fd_sc_hd__o211a_2 cells:      202
ABC RESULTS:   sky130_fd_sc_hd__o311a_2 cells:       45
ABC RESULTS:   sky130_fd_sc_hd__o32a_2 cells:       58
ABC RESULTS:   sky130_fd_sc_hd__o221ai_2 cells:       14
ABC RESULTS:   sky130_fd_sc_hd__o211ai_2 cells:       47
ABC RESULTS:   sky130_fd_sc_hd__a221o_2 cells:       86
ABC RESULTS:   sky130_fd_sc_hd__or3b_2 cells:       73
ABC RESULTS:   sky130_fd_sc_hd__nand3_2 cells:      220
ABC RESULTS:   sky130_fd_sc_hd__o221a_2 cells:      117
ABC RESULTS:   sky130_fd_sc_hd__nand2b_2 cells:       13
ABC RESULTS:   sky130_fd_sc_hd__and4_2 cells:      122
ABC RESULTS:   sky130_fd_sc_hd__or4b_2 cells:       18
ABC RESULTS:   sky130_fd_sc_hd__and3b_2 cells:       63
ABC RESULTS:   sky130_fd_sc_hd__and4b_2 cells:       14
ABC RESULTS:   sky130_fd_sc_hd__o31a_2 cells:       57
ABC RESULTS:   sky130_fd_sc_hd__o2bb2a_2 cells:      107
ABC RESULTS:   sky130_fd_sc_hd__o22a_2 cells:      186
ABC RESULTS:   sky130_fd_sc_hd__a31oi_2 cells:       36
ABC RESULTS:   sky130_fd_sc_hd__o21ba_2 cells:      254
ABC RESULTS:   sky130_fd_sc_hd__a22o_2 cells:      332
ABC RESULTS:   sky130_fd_sc_hd__a21boi_2 cells:      140
ABC RESULTS:   sky130_fd_sc_hd__or3_2 cells:      124
ABC RESULTS:   sky130_fd_sc_hd__and2b_2 cells:      279
ABC RESULTS:   sky130_fd_sc_hd__o21a_2 cells:      984
ABC RESULTS:   sky130_fd_sc_hd__o21bai_2 cells:       97
ABC RESULTS:   sky130_fd_sc_hd__a211o_2 cells:      227
ABC RESULTS:   sky130_fd_sc_hd__or2b_2 cells:      287
ABC RESULTS:   sky130_fd_sc_hd__a31o_2 cells:      370
ABC RESULTS:   sky130_fd_sc_hd__and3_2 cells:      591
ABC RESULTS:   sky130_fd_sc_hd__nand2_2 cells:     4924
ABC RESULTS:   sky130_fd_sc_hd__or2_2 cells:      764
ABC RESULTS:   sky130_fd_sc_hd__a21bo_2 cells:      695
ABC RESULTS:   sky130_fd_sc_hd__a21oi_2 cells:      885
ABC RESULTS:   sky130_fd_sc_hd__and2_2 cells:      761
ABC RESULTS:   sky130_fd_sc_hd__nor2_2 cells:     1355
ABC RESULTS:   sky130_fd_sc_hd__xnor2_2 cells:     5125
ABC RESULTS:   sky130_fd_sc_hd__o21ai_2 cells:     1027
ABC RESULTS:   sky130_fd_sc_hd__a21o_2 cells:     1359
ABC RESULTS:   sky130_fd_sc_hd__a2bb2o_2 cells:      184
ABC RESULTS:   sky130_fd_sc_hd__a32o_2 cells:      232
ABC RESULTS:   sky130_fd_sc_hd__xor2_2 cells:     1587
ABC RESULTS:   sky130_fd_sc_hd__inv_2 cells:      795
ABC RESULTS:   sky130_fd_sc_hd__mux2_2 cells:      386
ABC RESULTS:   sky130_fd_sc_hd__buf_1 cells:      720
ABC RESULTS:        internal signals:    26650
ABC RESULTS:           input signals:     1631
ABC RESULTS:          output signals:     1054
Removing temp directory.

59. Executing SETUNDEF pass (replace undef values with defined constants).

60. Executing HILOMAP pass (mapping to constant drivers).

61. Executing SPLITNETS pass (splitting up multi-bit signals).

62. Executing OPT_CLEAN pass (remove unused cells and wires).
Finding unused cells or wires in module \chip_top..
Removed 421 unused cells and 32618 unused wires.
<suppressed ~1152 debug messages>

63. Executing INSBUF pass (insert buffer cells for connected wires).

64. Executing CHECK pass (checking for obvious problems).
Checking module chip_top...
Warning: Wire chip_top.$auto$hilomap.cc:39:hilomap_worker$121840 is used but has no driver.
Warning: Wire chip_top.$auto$hilomap.cc:39:hilomap_worker$121838 is used but has no driver.
Warning: Wire chip_top.$auto$hilomap.cc:39:hilomap_worker$121836 is used but has no driver.
Warning: Wire chip_top.$auto$hilomap.cc:39:hilomap_worker$121834 is used but has no driver.
Warning: Wire chip_top.\u_core0.ROW[31].COL[1].u_pe.sum_out[11] is used but has no driver.
Warning: Wire chip_top.\u_core0.ROW[31].COL[1].u_pe.sum_out[10] is used but has no driver.
Warning: Wire chip_top.\u_core0.ROW[31].COL[1].u_pe.sum_out[9] is used but has no driver.
Warning: Wire chip_top.\u_core0.ROW[31].COL[1].u_pe.sum_out[8] is used but has no driver.
Warning: Wire chip_top.\u_core0.ROW[31].COL[1].u_pe.sum_out[7] is used but has no driver.
Warning: Wire chip_top.\u_core0.ROW[31].COL[1].u_pe.sum_out[6] is used but has no driver.
Warning: Wire chip_top.\u_core0.ROW[31].COL[1].u_pe.sum_out[5] is used but has no driver.
Warning: Wire chip_top.\u_core0.ROW[31].COL[1].u_pe.sum_out[4] is used but has no driver.
Warning: Wire chip_top.\u_core0.ROW[31].COL[1].u_pe.sum_out[3] is used but has no driver.
Warning: Wire chip_top.\u_core0.ROW[31].COL[1].u_pe.sum_out[2] is used but has no driver.
Warning: Wire chip_top.\u_core0.ROW[31].COL[1].u_pe.sum_out[1] is used but has no driver.
Warning: Wire chip_top.\u_core0.ROW[31].COL[1].u_pe.sum_out[0] is used but has no driver.
Warning: Wire chip_top.\u_core0.ROW[31].COL[0].u_pe.sum_out[19] is used but has no driver.
Warning: Wire chip_top.\u_core0.ROW[31].COL[0].u_pe.sum_out[18] is used but has no driver.
Warning: Wire chip_top.\u_core0.ROW[31].COL[0].u_pe.sum_out[17] is used but has no driver.
Warning: Wire chip_top.\u_core0.ROW[31].COL[0].u_pe.sum_out[16] is used but has no driver.
Warning: Wire chip_top.\u_core0.ROW[31].COL[0].u_pe.sum_out[15] is used but has no driver.
Warning: Wire chip_top.\u_core0.ROW[31].COL[0].u_pe.sum_out[14] is used but has no driver.
Warning: Wire chip_top.\u_core0.ROW[31].COL[0].u_pe.sum_out[13] is used but has no driver.
Warning: Wire chip_top.\u_core0.ROW[31].COL[0].u_pe.sum_out[12] is used but has no driver.
Warning: Wire chip_top.\u_core0.ROW[31].COL[0].u_pe.sum_out[11] is used but has no driver.
Warning: Wire chip_top.\u_core0.ROW[31].COL[0].u_pe.sum_out[10] is used but has no driver.
Warning: Wire chip_top.\u_core0.ROW[31].COL[0].u_pe.sum_out[9] is used but has no driver.
Warning: Wire chip_top.\u_core0.ROW[31].COL[0].u_pe.sum_out[8] is used but has no driver.
Warning: Wire chip_top.\u_core0.ROW[31].COL[0].u_pe.sum_out[7] is used but has no driver.
Warning: Wire chip_top.\u_core0.ROW[31].COL[0].u_pe.sum_out[6] is used but has no driver.
Warning: Wire chip_top.\u_core0.ROW[31].COL[0].u_pe.sum_out[5] is used but has no driver.
Warning: Wire chip_top.\u_core0.ROW[31].COL[0].u_pe.sum_out[4] is used but has no driver.
Warning: Wire chip_top.\u_core0.ROW[31].COL[0].u_pe.sum_out[3] is used but has no driver.
Warning: Wire chip_top.\u_core0.ROW[31].COL[0].u_pe.sum_out[2] is used but has no driver.
Warning: Wire chip_top.\u_core0.ROW[31].COL[0].u_pe.sum_out[1] is used but has no driver.
Warning: Wire chip_top.\u_core0.ROW[31].COL[0].u_pe.sum_out[0] is used but has no driver.
Warning: Wire chip_top.$auto$hilomap.cc:39:hilomap_worker$121832 is used but has no driver.
Warning: Wire chip_top.$auto$hilomap.cc:39:hilomap_worker$121830 is used but has no driver.
Warning: Wire chip_top.$auto$hilomap.cc:39:hilomap_worker$121828 is used but has no driver.
Warning: Wire chip_top.$auto$hilomap.cc:39:hilomap_worker$121826 is used but has no driver.
Warning: Wire chip_top.$auto$hilomap.cc:39:hilomap_worker$121824 is used but has no driver.
Warning: Wire chip_top.$auto$hilomap.cc:39:hilomap_worker$121822 is used but has no driver.
Warning: Wire chip_top.$auto$hilomap.cc:39:hilomap_worker$121820 is used but has no driver.
Warning: Wire chip_top.$auto$hilomap.cc:39:hilomap_worker$121818 is used but has no driver.
Warning: Wire chip_top.\mem_wdata_a[31] is used but has no driver.
Warning: Wire chip_top.\mem_wdata_a[30] is used but has no driver.
Warning: Wire chip_top.\mem_wdata_a[29] is used but has no driver.
Warning: Wire chip_top.\mem_wdata_a[28] is used but has no driver.
Warning: Wire chip_top.\mem_wdata_a[27] is used but has no driver.
Warning: Wire chip_top.\mem_wdata_a[26] is used but has no driver.
Warning: Wire chip_top.\mem_wdata_a[25] is used but has no driver.
Warning: Wire chip_top.\mem_wdata_a[24] is used but has no driver.
Warning: Wire chip_top.\mem_wdata_a[23] is used but has no driver.
Warning: Wire chip_top.\mem_wdata_a[22] is used but has no driver.
Warning: Wire chip_top.\mem_wdata_a[21] is used but has no driver.
Warning: Wire chip_top.\mem_wdata_a[20] is used but has no driver.
Warning: Wire chip_top.\mem_wdata_a[19] is used but has no driver.
Warning: Wire chip_top.\mem_wdata_a[18] is used but has no driver.
Warning: Wire chip_top.\mem_wdata_a[17] is used but has no driver.
Warning: Wire chip_top.\mem_wdata_a[16] is used but has no driver.
Warning: Wire chip_top.\mem_wdata_a[15] is used but has no driver.
Warning: Wire chip_top.\mem_wdata_a[14] is used but has no driver.
Warning: Wire chip_top.\mem_wdata_a[13] is used but has no driver.
Warning: Wire chip_top.\mem_wdata_a[12] is used but has no driver.
Warning: Wire chip_top.\mem_wdata_a[11] is used but has no driver.
Warning: Wire chip_top.\mem_wdata_a[10] is used but has no driver.
Warning: Wire chip_top.\mem_wdata_a[9] is used but has no driver.
Warning: Wire chip_top.\mem_wdata_a[8] is used but has no driver.
Warning: Wire chip_top.\mem_wdata_a[7] is used but has no driver.
Warning: Wire chip_top.\mem_wdata_a[6] is used but has no driver.
Warning: Wire chip_top.\mem_wdata_a[5] is used but has no driver.
Warning: Wire chip_top.\mem_wdata_a[4] is used but has no driver.
Warning: Wire chip_top.\mem_wdata_a[3] is used but has no driver.
Warning: Wire chip_top.\mem_wdata_a[2] is used but has no driver.
Warning: Wire chip_top.\mem_wdata_a[1] is used but has no driver.
Warning: Wire chip_top.\mem_wdata_a[0] is used but has no driver.
Warning: Wire chip_top.\mem_csb_a is used but has no driver.
Warning: Wire chip_top.\mem_addr[7] is used but has no driver.
Warning: Wire chip_top.\mem_addr[6] is used but has no driver.
Warning: Wire chip_top.\mem_addr[5] is used but has no driver.
Warning: Wire chip_top.\mem_addr[4] is used but has no driver.
Warning: Wire chip_top.\mem_addr[3] is used but has no driver.
Warning: Wire chip_top.\mem_addr[2] is used but has no driver.
Warning: Wire chip_top.\mem_addr[1] is used but has no driver.
Warning: Wire chip_top.\mem_addr[0] is used but has no driver.
Found and reported 85 problems.

65. Printing statistics.

=== chip_top ===

   Number of wires:              28737
   Number of wire bits:          28799
   Number of public wires:        1699
   Number of public wire bits:    1761
   Number of memories:               0
   Number of memory bits:            0
   Number of processes:              0
   Number of cells:              28672
     sky130_fd_sc_hd__a2111o_2      14
     sky130_fd_sc_hd__a2111oi_2      2
     sky130_fd_sc_hd__a211o_2      227
     sky130_fd_sc_hd__a211oi_2      30
     sky130_fd_sc_hd__a21bo_2      695
     sky130_fd_sc_hd__a21boi_2     140
     sky130_fd_sc_hd__a21o_2      1359
     sky130_fd_sc_hd__a21o_4         1
     sky130_fd_sc_hd__a21oi_2      885
     sky130_fd_sc_hd__a221o_2       86
     sky130_fd_sc_hd__a221oi_2      16
     sky130_fd_sc_hd__a221oi_4       1
     sky130_fd_sc_hd__a22o_2       332
     sky130_fd_sc_hd__a22oi_2       70
     sky130_fd_sc_hd__a2bb2o_2     184
     sky130_fd_sc_hd__a2bb2o_4       1
     sky130_fd_sc_hd__a2bb2oi_2      1
     sky130_fd_sc_hd__a311o_2       54
     sky130_fd_sc_hd__a311oi_2       4
     sky130_fd_sc_hd__a31o_2       370
     sky130_fd_sc_hd__a31oi_2       36
     sky130_fd_sc_hd__a32o_2       232
     sky130_fd_sc_hd__a32oi_2        8
     sky130_fd_sc_hd__a41o_2        37
     sky130_fd_sc_hd__a41oi_2        2
     sky130_fd_sc_hd__and2_2       761
     sky130_fd_sc_hd__and2_4         3
     sky130_fd_sc_hd__and2b_2      279
     sky130_fd_sc_hd__and3_2       591
     sky130_fd_sc_hd__and3_4         4
     sky130_fd_sc_hd__and3b_2       63
     sky130_fd_sc_hd__and4_2       122
     sky130_fd_sc_hd__and4b_2       14
     sky130_fd_sc_hd__and4bb_2      12
     sky130_fd_sc_hd__buf_1        720
     sky130_fd_sc_hd__buf_12         7
     sky130_fd_sc_hd__buf_2        243
     sky130_fd_sc_hd__buf_4         87
     sky130_fd_sc_hd__buf_6         70
     sky130_fd_sc_hd__buf_8          6
     sky130_fd_sc_hd__conb_1        13
     sky130_fd_sc_hd__dfrtp_2     1550
     sky130_fd_sc_hd__dfstp_2        1
     sky130_fd_sc_hd__dfxtp_2       80
     sky130_fd_sc_hd__inv_2        795
     sky130_fd_sc_hd__inv_4          2
     sky130_fd_sc_hd__mux2_1         3
     sky130_fd_sc_hd__mux2_2       386
     sky130_fd_sc_hd__mux2_4         1
     sky130_fd_sc_hd__nand2_2     4924
     sky130_fd_sc_hd__nand2_4        1
     sky130_fd_sc_hd__nand2_8        1
     sky130_fd_sc_hd__nand2b_2      13
     sky130_fd_sc_hd__nand3_2      220
     sky130_fd_sc_hd__nand3b_2      34
     sky130_fd_sc_hd__nand4_2       93
     sky130_fd_sc_hd__nand4b_2       2
     sky130_fd_sc_hd__nand4bb_2      1
     sky130_fd_sc_hd__nor2_2      1355
     sky130_fd_sc_hd__nor2b_2       11
     sky130_fd_sc_hd__nor2b_4        1
     sky130_fd_sc_hd__nor3_2        47
     sky130_fd_sc_hd__nor3b_2        9
     sky130_fd_sc_hd__nor4_2         2
     sky130_fd_sc_hd__nor4b_2        2
     sky130_fd_sc_hd__o2111a_2      27
     sky130_fd_sc_hd__o2111ai_2      6
     sky130_fd_sc_hd__o211a_2      202
     sky130_fd_sc_hd__o211ai_2      47
     sky130_fd_sc_hd__o21a_2       984
     sky130_fd_sc_hd__o21a_4         2
     sky130_fd_sc_hd__o21ai_2     1027
     sky130_fd_sc_hd__o21ba_2      254
     sky130_fd_sc_hd__o21ba_4        1
     sky130_fd_sc_hd__o21bai_2      97
     sky130_fd_sc_hd__o221a_2      117
     sky130_fd_sc_hd__o221ai_2      14
     sky130_fd_sc_hd__o22a_2       186
     sky130_fd_sc_hd__o22ai_2       36
     sky130_fd_sc_hd__o2bb2a_2     107
     sky130_fd_sc_hd__o2bb2ai_2      4
     sky130_fd_sc_hd__o311a_2       45
     sky130_fd_sc_hd__o311ai_2       4
     sky130_fd_sc_hd__o31a_2        57
     sky130_fd_sc_hd__o31ai_2       27
     sky130_fd_sc_hd__o32a_2        58
     sky130_fd_sc_hd__o32ai_2        1
     sky130_fd_sc_hd__o41a_2         5
     sky130_fd_sc_hd__or2_2        764
     sky130_fd_sc_hd__or2_4          4
     sky130_fd_sc_hd__or2b_2       287
     sky130_fd_sc_hd__or3_2        124
     sky130_fd_sc_hd__or3_4          5
     sky130_fd_sc_hd__or3b_2        73
     sky130_fd_sc_hd__or3b_4         3
     sky130_fd_sc_hd__or4_2         39
     sky130_fd_sc_hd__or4_4          6
     sky130_fd_sc_hd__or4b_2        18
     sky130_fd_sc_hd__or4b_4         4
     sky130_fd_sc_hd__or4bb_2        4
     sky130_fd_sc_hd__xnor2_2     5125
     sky130_fd_sc_hd__xnor2_4        2
     sky130_fd_sc_hd__xor2_2      1587
     sky130_sram_1kbyte_1rw1r_32x256_8      3

   Area for cell type \sky130_sram_1kbyte_1rw1r_32x256_8 is unknown!

   Chip area for module '\chip_top': 310988.262400

66. Executing Verilog backend.
Dumping module `\chip_top'.

Warnings: 85 unique messages, 85 total
End of script. Logfile hash: 65dc7f95cf, CPU: user 18.06s system 0.24s, MEM: 178.51 MB peak
Yosys 0.30+48 (git sha1 14d50a176d5, gcc 8.3.1 -fPIC -Os)
Time spent: 69% 2x abc (40 sec), 6% 32x opt_clean (3 sec), ...
